identity,imagenum,fold,db_code,image_path,cache_filename,status
able_wanamakok,2,Asian_Females,CWF,able_wanamakok/002.jpg,,low_confidence
able_wanamakok,4,Asian_Females,CWF,able_wanamakok/004.jpg,,no_face
able_wanamakok,7,Asian_Females,CWF,able_wanamakok/007.jpg,able_wanamakok_0007.npy,ok
able_wanamakok,8,Asian_Females,CWF,able_wanamakok/008.jpg,,no_face
able_wanamakok,12,Asian_Females,CWF,able_wanamakok/012.jpg,able_wanamakok_0012.npy,ok
able_wanamakok,13,Asian_Females,CWF,able_wanamakok/013.jpg,,low_confidence
able_wanamakok,15,Asian_Females,CWF,able_wanamakok/015.jpg,able_wanamakok_0015.npy,ok
able_wanamakok,17,Asian_Females,CWF,able_wanamakok/017.jpg,,low_confidence
able_wanamakok,21,Asian_Females,CWF,able_wanamakok/021.jpg,,low_confidence
able_wanamakok,23,Asian_Females,CWF,able_wanamakok/023.jpg,,low_confidence
able_wanamakok,24,Asian_Females,CWF,able_wanamakok/024.jpg,able_wanamakok_0024.npy,ok
able_wanamakok,25,Asian_Females,CWF,able_wanamakok/025.jpg,able_wanamakok_0025.npy,ok
able_wanamakok,27,Asian_Females,CWF,able_wanamakok/027.jpg,able_wanamakok_0027.npy,ok
able_wanamakok,29,Asian_Females,CWF,able_wanamakok/029.jpg,able_wanamakok_0029.npy,ok
able_wanamakok,34,Asian_Females,CWF,able_wanamakok/034.jpg,,low_confidence
able_wanamakok,41,Asian_Females,CWF,able_wanamakok/041.jpg,able_wanamakok_0041.npy,ok
able_wanamakok,42,Asian_Females,CWF,able_wanamakok/042.jpg,able_wanamakok_0042.npy,ok
able_wanamakok,56,Asian_Females,CWF,able_wanamakok/056.jpg,able_wanamakok_0056.npy,ok
anna_maria_perez_de_tagle,19,Asian_Females,CWF,anna_maria_perez_de_tagle/019.jpg,,low_confidence
anna_maria_perez_de_tagle,23,Asian_Females,CWF,anna_maria_perez_de_tagle/023.jpg,,low_confidence
anna_maria_perez_de_tagle,33,Asian_Females,CWF,anna_maria_perez_de_tagle/033.jpg,,no_face
anna_maria_perez_de_tagle,41,Asian_Females,CWF,anna_maria_perez_de_tagle/041.jpg,,no_face
anna_maria_perez_de_tagle,49,Asian_Females,CWF,anna_maria_perez_de_tagle/049.jpg,,low_confidence
anna_maria_perez_de_tagle,54,Asian_Females,CWF,anna_maria_perez_de_tagle/054.jpg,,no_face
anna_maria_perez_de_tagle,64,Asian_Females,CWF,anna_maria_perez_de_tagle/064.jpg,,low_confidence
anna_maria_perez_de_tagle,66,Asian_Females,CWF,anna_maria_perez_de_tagle/066.jpg,,no_face
anna_maria_perez_de_tagle,72,Asian_Females,CWF,anna_maria_perez_de_tagle/072.jpg,,low_confidence
anna_maria_perez_de_tagle,82,Asian_Females,CWF,anna_maria_perez_de_tagle/082.jpg,anna_maria_perez_de_tagle_0082.npy,ok
anna_maria_perez_de_tagle,84,Asian_Females,CWF,anna_maria_perez_de_tagle/084.jpg,,no_face
anna_maria_perez_de_tagle,93,Asian_Females,CWF,anna_maria_perez_de_tagle/093.jpg,anna_maria_perez_de_tagle_0093.npy,ok
anna_maria_perez_de_tagle,94,Asian_Females,CWF,anna_maria_perez_de_tagle/094.jpg,,no_face
anna_maria_perez_de_tagle,100,Asian_Females,CWF,anna_maria_perez_de_tagle/100.jpg,,no_face
anna_maria_perez_de_tagle,101,Asian_Females,CWF,anna_maria_perez_de_tagle/101.jpg,,low_confidence
anna_maria_perez_de_tagle,105,Asian_Females,CWF,anna_maria_perez_de_tagle/105.jpg,,low_confidence
anna_maria_perez_de_tagle,108,Asian_Females,CWF,anna_maria_perez_de_tagle/108.jpg,,low_confidence
anna_maria_perez_de_tagle,109,Asian_Females,CWF,anna_maria_perez_de_tagle/109.jpg,,no_face
anna_tsuchiya,1,Asian_Females,CWF,anna_tsuchiya/001.jpg,anna_tsuchiya_0001.npy,ok
anna_tsuchiya,3,Asian_Females,CWF,anna_tsuchiya/003.jpg,anna_tsuchiya_0003.npy,ok
anna_tsuchiya,5,Asian_Females,CWF,anna_tsuchiya/005.jpg,anna_tsuchiya_0005.npy,ok
anna_tsuchiya,8,Asian_Females,CWF,anna_tsuchiya/008.jpg,,spoof_detected
anna_tsuchiya,14,Asian_Females,CWF,anna_tsuchiya/014.jpg,,low_confidence
anna_tsuchiya,15,Asian_Females,CWF,anna_tsuchiya/015.jpg,anna_tsuchiya_0015.npy,ok
anna_tsuchiya,16,Asian_Females,CWF,anna_tsuchiya/016.jpg,,low_confidence
anna_tsuchiya,18,Asian_Females,CWF,anna_tsuchiya/018.jpg,anna_tsuchiya_0018.npy,ok
anna_tsuchiya,19,Asian_Females,CWF,anna_tsuchiya/019.jpg,anna_tsuchiya_0019.npy,ok
anna_tsuchiya,20,Asian_Females,CWF,anna_tsuchiya/020.jpg,,spoof_detected
anna_tsuchiya,22,Asian_Females,CWF,anna_tsuchiya/022.jpg,,low_confidence
anna_tsuchiya,30,Asian_Females,CWF,anna_tsuchiya/030.jpg,,spoof_detected
anna_tsuchiya,31,Asian_Females,CWF,anna_tsuchiya/031.jpg,anna_tsuchiya_0031.npy,ok
anna_tsuchiya,42,Asian_Females,CWF,anna_tsuchiya/042.jpg,anna_tsuchiya_0042.npy,ok
anna_tsuchiya,43,Asian_Females,CWF,anna_tsuchiya/043.jpg,anna_tsuchiya_0043.npy,ok
anna_tsuchiya,44,Asian_Females,CWF,anna_tsuchiya/044.jpg,anna_tsuchiya_0044.npy,ok
anna_tsuchiya,50,Asian_Females,CWF,anna_tsuchiya/050.jpg,anna_tsuchiya_0050.npy,ok
anna_tsuchiya,57,Asian_Females,CWF,anna_tsuchiya/057.jpg,,spoof_detected
aubrey_anderson-emmons,1,Asian_Females,CWF,aubrey_anderson-emmons/001.jpg,aubrey_anderson-emmons_0001.npy,ok
aubrey_anderson-emmons,2,Asian_Females,CWF,aubrey_anderson-emmons/002.jpg,aubrey_anderson-emmons_0002.npy,ok
aubrey_anderson-emmons,10,Asian_Females,CWF,aubrey_anderson-emmons/010.jpg,,low_confidence
aubrey_anderson-emmons,11,Asian_Females,CWF,aubrey_anderson-emmons/011.jpg,,low_confidence
aubrey_anderson-emmons,14,Asian_Females,CWF,aubrey_anderson-emmons/014.jpg,aubrey_anderson-emmons_0014.npy,ok
aubrey_anderson-emmons,15,Asian_Females,CWF,aubrey_anderson-emmons/015.jpg,aubrey_anderson-emmons_0015.npy,ok
aubrey_anderson-emmons,20,Asian_Females,CWF,aubrey_anderson-emmons/020.jpg,,low_confidence
aubrey_anderson-emmons,21,Asian_Females,CWF,aubrey_anderson-emmons/021.jpg,,low_confidence
aubrey_anderson-emmons,29,Asian_Females,CWF,aubrey_anderson-emmons/029.jpg,aubrey_anderson-emmons_0029.npy,ok
aubrey_anderson-emmons,30,Asian_Females,CWF,aubrey_anderson-emmons/030.jpg,,low_confidence
aubrey_anderson-emmons,33,Asian_Females,CWF,aubrey_anderson-emmons/033.jpg,aubrey_anderson-emmons_0033.npy,ok
aubrey_anderson-emmons,35,Asian_Females,CWF,aubrey_anderson-emmons/035.jpg,,low_confidence
aubrey_anderson-emmons,38,Asian_Females,CWF,aubrey_anderson-emmons/038.jpg,,low_confidence
aubrey_anderson-emmons,41,Asian_Females,CWF,aubrey_anderson-emmons/041.jpg,,low_confidence
aubrey_anderson-emmons,45,Asian_Females,CWF,aubrey_anderson-emmons/045.jpg,,low_confidence
aubrey_anderson-emmons,50,Asian_Females,CWF,aubrey_anderson-emmons/050.jpg,,low_confidence
aubrey_anderson-emmons,52,Asian_Females,CWF,aubrey_anderson-emmons/052.jpg,,low_confidence
aubrey_anderson-emmons,53,Asian_Females,CWF,aubrey_anderson-emmons/053.jpg,,low_confidence
charlyne_yi,3,Asian_Females,VGGFace,charlyne_yi/00000003.jpg,,no_face
charlyne_yi,4,Asian_Females,VGGFace,charlyne_yi/00000004.jpg,,no_face
charlyne_yi,22,Asian_Females,VGGFace,charlyne_yi/00000022.jpg,,no_face
charlyne_yi,35,Asian_Females,VGGFace,charlyne_yi/00000035.jpg,,no_face
charlyne_yi,37,Asian_Females,VGGFace,charlyne_yi/00000037.jpg,,no_face
charlyne_yi,38,Asian_Females,VGGFace,charlyne_yi/00000038.jpg,,low_confidence
charlyne_yi,55,Asian_Females,VGGFace,charlyne_yi/00000055.jpg,,no_face
charlyne_yi,66,Asian_Females,VGGFace,charlyne_yi/00000066.jpg,,no_face
charlyne_yi,93,Asian_Females,VGGFace,charlyne_yi/00000093.jpg,,low_confidence
charlyne_yi,110,Asian_Females,VGGFace,charlyne_yi/00000110.jpg,,no_face
charlyne_yi,131,Asian_Females,VGGFace,charlyne_yi/00000131.jpg,,low_confidence
charlyne_yi,140,Asian_Females,VGGFace,charlyne_yi/00000140.jpg,,low_confidence
charlyne_yi,141,Asian_Females,VGGFace,charlyne_yi/00000141.jpg,,no_face
charlyne_yi,152,Asian_Females,VGGFace,charlyne_yi/00000152.jpg,,low_confidence
charlyne_yi,166,Asian_Females,VGGFace,charlyne_yi/00000166.jpg,,no_face
charlyne_yi,213,Asian_Females,VGGFace,charlyne_yi/00000213.jpg,,no_face
charlyne_yi,257,Asian_Females,VGGFace,charlyne_yi/00000257.jpg,,no_face
charlyne_yi,477,Asian_Females,VGGFace,charlyne_yi/00000477.jpg,,no_face
fala_chen,1,Asian_Females,CWF,fala_chen/001.jpg,,low_confidence
fala_chen,4,Asian_Females,CWF,fala_chen/004.jpg,,spoof_detected
fala_chen,10,Asian_Females,CWF,fala_chen/010.jpg,,low_confidence
fala_chen,12,Asian_Females,CWF,fala_chen/012.jpg,,no_face
fala_chen,14,Asian_Females,CWF,fala_chen/014.jpg,,low_confidence
fala_chen,18,Asian_Females,CWF,fala_chen/018.jpg,,no_face
fala_chen,20,Asian_Females,CWF,fala_chen/020.jpg,,low_confidence
fala_chen,22,Asian_Females,CWF,fala_chen/022.jpg,,low_confidence
fala_chen,47,Asian_Females,CWF,fala_chen/047.jpg,,low_confidence
fala_chen,54,Asian_Females,CWF,fala_chen/054.jpg,,low_confidence
fala_chen,56,Asian_Females,CWF,fala_chen/056.jpg,,low_confidence
fala_chen,58,Asian_Females,CWF,fala_chen/058.jpg,,no_face
fala_chen,62,Asian_Females,CWF,fala_chen/062.jpg,fala_chen_0062.npy,ok
fala_chen,63,Asian_Females,CWF,fala_chen/063.jpg,fala_chen_0063.npy,ok
fala_chen,69,Asian_Females,CWF,fala_chen/069.jpg,fala_chen_0069.npy,ok
fala_chen,70,Asian_Females,CWF,fala_chen/070.jpg,,low_confidence
fala_chen,73,Asian_Females,CWF,fala_chen/073.jpg,fala_chen_0073.npy,ok
fala_chen,74,Asian_Females,CWF,fala_chen/074.jpg,,low_confidence
fumino_kimura,0,Asian_Females,CWF,fumino_kimura/000.jpg,,no_face
fumino_kimura,4,Asian_Females,CWF,fumino_kimura/004.jpg,,no_face
fumino_kimura,6,Asian_Females,CWF,fumino_kimura/006.jpg,,no_face
fumino_kimura,7,Asian_Females,CWF,fumino_kimura/007.jpg,fumino_kimura_0007.npy,ok
fumino_kimura,16,Asian_Females,CWF,fumino_kimura/016.jpg,fumino_kimura_0016.npy,ok
fumino_kimura,21,Asian_Females,CWF,fumino_kimura/021.jpg,fumino_kimura_0021.npy,ok
fumino_kimura,22,Asian_Females,CWF,fumino_kimura/022.jpg,fumino_kimura_0022.npy,ok
fumino_kimura,23,Asian_Females,CWF,fumino_kimura/023.jpg,,no_face
fumino_kimura,28,Asian_Females,CWF,fumino_kimura/028.jpg,fumino_kimura_0028.npy,ok
fumino_kimura,42,Asian_Females,CWF,fumino_kimura/042.jpg,,no_face
fumino_kimura,47,Asian_Females,CWF,fumino_kimura/047.jpg,fumino_kimura_0047.npy,ok
fumino_kimura,49,Asian_Females,CWF,fumino_kimura/049.jpg,fumino_kimura_0049.npy,ok
fumino_kimura,54,Asian_Females,CWF,fumino_kimura/054.jpg,fumino_kimura_0054.npy,ok
fumino_kimura,55,Asian_Females,CWF,fumino_kimura/055.jpg,fumino_kimura_0055.npy,ok
fumino_kimura,56,Asian_Females,CWF,fumino_kimura/056.jpg,fumino_kimura_0056.npy,ok
fumino_kimura,61,Asian_Females,CWF,fumino_kimura/061.jpg,fumino_kimura_0061.npy,ok
fumino_kimura,62,Asian_Females,CWF,fumino_kimura/062.jpg,fumino_kimura_0062.npy,ok
fumino_kimura,64,Asian_Females,CWF,fumino_kimura/064.jpg,,low_confidence
gong_hyo_jin,0,Asian_Females,CWF,gong_hyo_jin/000.jpg,gong_hyo_jin_0000.npy,ok
gong_hyo_jin,1,Asian_Females,CWF,gong_hyo_jin/001.jpg,,spoof_detected
gong_hyo_jin,3,Asian_Females,CWF,gong_hyo_jin/003.jpg,gong_hyo_jin_0003.npy,ok
gong_hyo_jin,8,Asian_Females,CWF,gong_hyo_jin/008.jpg,gong_hyo_jin_0008.npy,ok
gong_hyo_jin,10,Asian_Females,CWF,gong_hyo_jin/010.jpg,gong_hyo_jin_0010.npy,ok
gong_hyo_jin,17,Asian_Females,CWF,gong_hyo_jin/017.jpg,gong_hyo_jin_0017.npy,ok
gong_hyo_jin,20,Asian_Females,CWF,gong_hyo_jin/020.jpg,gong_hyo_jin_0020.npy,ok
gong_hyo_jin,21,Asian_Females,CWF,gong_hyo_jin/021.jpg,gong_hyo_jin_0021.npy,ok
gong_hyo_jin,23,Asian_Females,CWF,gong_hyo_jin/023.jpg,gong_hyo_jin_0023.npy,ok
gong_hyo_jin,25,Asian_Females,CWF,gong_hyo_jin/025.jpg,gong_hyo_jin_0025.npy,ok
gong_hyo_jin,26,Asian_Females,CWF,gong_hyo_jin/026.jpg,gong_hyo_jin_0026.npy,ok
gong_hyo_jin,29,Asian_Females,CWF,gong_hyo_jin/029.jpg,gong_hyo_jin_0029.npy,ok
gong_hyo_jin,30,Asian_Females,CWF,gong_hyo_jin/030.jpg,gong_hyo_jin_0030.npy,ok
gong_hyo_jin,37,Asian_Females,CWF,gong_hyo_jin/037.jpg,gong_hyo_jin_0037.npy,ok
gong_hyo_jin,53,Asian_Females,CWF,gong_hyo_jin/053.jpg,gong_hyo_jin_0053.npy,ok
gong_hyo_jin,56,Asian_Females,CWF,gong_hyo_jin/056.jpg,gong_hyo_jin_0056.npy,ok
gong_hyo_jin,57,Asian_Females,CWF,gong_hyo_jin/057.jpg,gong_hyo_jin_0057.npy,ok
gong_hyo_jin,59,Asian_Females,CWF,gong_hyo_jin/059.jpg,gong_hyo_jin_0059.npy,ok
gong_seung_yeon,0,Asian_Females,CWF,gong_seung_yeon/000.jpg,gong_seung_yeon_0000.npy,ok
gong_seung_yeon,10,Asian_Females,CWF,gong_seung_yeon/010.jpg,,spoof_detected
gong_seung_yeon,12,Asian_Females,CWF,gong_seung_yeon/012.jpg,gong_seung_yeon_0012.npy,ok
gong_seung_yeon,17,Asian_Females,CWF,gong_seung_yeon/017.jpg,,spoof_detected
gong_seung_yeon,19,Asian_Females,CWF,gong_seung_yeon/019.jpg,gong_seung_yeon_0019.npy,ok
gong_seung_yeon,20,Asian_Females,CWF,gong_seung_yeon/020.jpg,gong_seung_yeon_0020.npy,ok
gong_seung_yeon,22,Asian_Females,CWF,gong_seung_yeon/022.jpg,gong_seung_yeon_0022.npy,ok
gong_seung_yeon,24,Asian_Females,CWF,gong_seung_yeon/024.jpg,gong_seung_yeon_0024.npy,ok
gong_seung_yeon,25,Asian_Females,CWF,gong_seung_yeon/025.jpg,gong_seung_yeon_0025.npy,ok
gong_seung_yeon,27,Asian_Females,CWF,gong_seung_yeon/027.jpg,gong_seung_yeon_0027.npy,ok
gong_seung_yeon,32,Asian_Females,CWF,gong_seung_yeon/032.jpg,gong_seung_yeon_0032.npy,ok
gong_seung_yeon,36,Asian_Females,CWF,gong_seung_yeon/036.jpg,gong_seung_yeon_0036.npy,ok
gong_seung_yeon,39,Asian_Females,CWF,gong_seung_yeon/039.jpg,gong_seung_yeon_0039.npy,ok
gong_seung_yeon,49,Asian_Females,CWF,gong_seung_yeon/049.jpg,gong_seung_yeon_0049.npy,ok
gong_seung_yeon,52,Asian_Females,CWF,gong_seung_yeon/052.jpg,gong_seung_yeon_0052.npy,ok
gong_seung_yeon,54,Asian_Females,CWF,gong_seung_yeon/054.jpg,gong_seung_yeon_0054.npy,ok
gong_seung_yeon,57,Asian_Females,CWF,gong_seung_yeon/057.jpg,gong_seung_yeon_0057.npy,ok
gong_seung_yeon,63,Asian_Females,CWF,gong_seung_yeon/063.jpg,gong_seung_yeon_0063.npy,ok
jinny_ng,0,Asian_Females,CWF,jinny_ng/000.jpg,,spoof_detected
jinny_ng,5,Asian_Females,CWF,jinny_ng/005.jpg,,spoof_detected
jinny_ng,6,Asian_Females,CWF,jinny_ng/006.jpg,,spoof_detected
jinny_ng,15,Asian_Females,CWF,jinny_ng/015.jpg,,spoof_detected
jinny_ng,20,Asian_Females,CWF,jinny_ng/020.jpg,jinny_ng_0020.npy,ok
jinny_ng,24,Asian_Females,CWF,jinny_ng/024.jpg,jinny_ng_0024.npy,ok
jinny_ng,27,Asian_Females,CWF,jinny_ng/027.jpg,jinny_ng_0027.npy,ok
jinny_ng,30,Asian_Females,CWF,jinny_ng/030.jpg,jinny_ng_0030.npy,ok
jinny_ng,31,Asian_Females,CWF,jinny_ng/031.jpg,,low_confidence
jinny_ng,39,Asian_Females,CWF,jinny_ng/039.jpg,,spoof_detected
jinny_ng,41,Asian_Females,CWF,jinny_ng/041.jpg,,no_face
jinny_ng,44,Asian_Females,CWF,jinny_ng/044.jpg,,spoof_detected
jinny_ng,48,Asian_Females,CWF,jinny_ng/048.jpg,jinny_ng_0048.npy,ok
jinny_ng,49,Asian_Females,CWF,jinny_ng/049.jpg,jinny_ng_0049.npy,ok
jinny_ng,55,Asian_Females,CWF,jinny_ng/055.jpg,jinny_ng_0055.npy,ok
jinny_ng,57,Asian_Females,CWF,jinny_ng/057.jpg,,spoof_detected
jinny_ng,60,Asian_Females,CWF,jinny_ng/060.jpg,,no_face
jinny_ng,65,Asian_Females,CWF,jinny_ng/065.jpg,,spoof_detected
jun_hasegawa,2,Asian_Females,CWF,jun_hasegawa/002.jpg,,no_face
jun_hasegawa,8,Asian_Females,CWF,jun_hasegawa/008.jpg,jun_hasegawa_0008.npy,ok
jun_hasegawa,9,Asian_Females,CWF,jun_hasegawa/009.jpg,,spoof_detected
jun_hasegawa,17,Asian_Females,CWF,jun_hasegawa/017.jpg,,spoof_detected
jun_hasegawa,18,Asian_Females,CWF,jun_hasegawa/018.jpg,jun_hasegawa_0018.npy,ok
jun_hasegawa,29,Asian_Females,CWF,jun_hasegawa/029.jpg,,low_confidence
jun_hasegawa,31,Asian_Females,CWF,jun_hasegawa/031.jpg,jun_hasegawa_0031.npy,ok
jun_hasegawa,32,Asian_Females,CWF,jun_hasegawa/032.jpg,,low_confidence
jun_hasegawa,34,Asian_Females,CWF,jun_hasegawa/034.jpg,jun_hasegawa_0034.npy,ok
jun_hasegawa,39,Asian_Females,CWF,jun_hasegawa/039.jpg,jun_hasegawa_0039.npy,ok
jun_hasegawa,42,Asian_Females,CWF,jun_hasegawa/042.jpg,,low_confidence
jun_hasegawa,43,Asian_Females,CWF,jun_hasegawa/043.jpg,,spoof_detected
jun_hasegawa,49,Asian_Females,CWF,jun_hasegawa/049.jpg,jun_hasegawa_0049.npy,ok
jun_hasegawa,50,Asian_Females,CWF,jun_hasegawa/050.jpg,jun_hasegawa_0050.npy,ok
jun_hasegawa,52,Asian_Females,CWF,jun_hasegawa/052.jpg,jun_hasegawa_0052.npy,ok
jun_hasegawa,56,Asian_Females,CWF,jun_hasegawa/056.jpg,jun_hasegawa_0056.npy,ok
jun_hasegawa,66,Asian_Females,CWF,jun_hasegawa/066.jpg,,no_face
jun_hasegawa,68,Asian_Females,CWF,jun_hasegawa/068.jpg,jun_hasegawa_0068.npy,ok
lee_jung_hyun,2,Asian_Females,CWF,lee_jung_hyun/002.jpg,lee_jung_hyun_0002.npy,ok
lee_jung_hyun,3,Asian_Females,CWF,lee_jung_hyun/003.jpg,,spoof_detected
lee_jung_hyun,10,Asian_Females,CWF,lee_jung_hyun/010.jpg,lee_jung_hyun_0010.npy,ok
lee_jung_hyun,13,Asian_Females,CWF,lee_jung_hyun/013.jpg,lee_jung_hyun_0013.npy,ok
lee_jung_hyun,15,Asian_Females,CWF,lee_jung_hyun/015.jpg,,spoof_detected
lee_jung_hyun,18,Asian_Females,CWF,lee_jung_hyun/018.jpg,lee_jung_hyun_0018.npy,ok
lee_jung_hyun,19,Asian_Females,CWF,lee_jung_hyun/019.jpg,,spoof_detected
lee_jung_hyun,24,Asian_Females,CWF,lee_jung_hyun/024.jpg,lee_jung_hyun_0024.npy,ok
lee_jung_hyun,26,Asian_Females,CWF,lee_jung_hyun/026.jpg,,spoof_detected
lee_jung_hyun,31,Asian_Females,CWF,lee_jung_hyun/031.jpg,lee_jung_hyun_0031.npy,ok
lee_jung_hyun,33,Asian_Females,CWF,lee_jung_hyun/033.jpg,lee_jung_hyun_0033.npy,ok
lee_jung_hyun,37,Asian_Females,CWF,lee_jung_hyun/037.jpg,lee_jung_hyun_0037.npy,ok
lee_jung_hyun,51,Asian_Females,CWF,lee_jung_hyun/051.jpg,lee_jung_hyun_0051.npy,ok
lee_jung_hyun,52,Asian_Females,CWF,lee_jung_hyun/052.jpg,lee_jung_hyun_0052.npy,ok
lee_jung_hyun,53,Asian_Females,CWF,lee_jung_hyun/053.jpg,,no_face
lee_jung_hyun,58,Asian_Females,CWF,lee_jung_hyun/058.jpg,lee_jung_hyun_0058.npy,ok
lee_jung_hyun,61,Asian_Females,CWF,lee_jung_hyun/061.jpg,,spoof_detected
lee_jung_hyun,67,Asian_Females,CWF,lee_jung_hyun/067.jpg,,spoof_detected
lee_young_ae,2,Asian_Females,CWF,lee_young_ae/002.jpg,lee_young_ae_0002.npy,ok
lee_young_ae,5,Asian_Females,CWF,lee_young_ae/005.jpg,lee_young_ae_0005.npy,ok
lee_young_ae,9,Asian_Females,CWF,lee_young_ae/009.jpg,lee_young_ae_0009.npy,ok
lee_young_ae,13,Asian_Females,CWF,lee_young_ae/013.jpg,lee_young_ae_0013.npy,ok
lee_young_ae,14,Asian_Females,CWF,lee_young_ae/014.jpg,lee_young_ae_0014.npy,ok
lee_young_ae,15,Asian_Females,CWF,lee_young_ae/015.jpg,lee_young_ae_0015.npy,ok
lee_young_ae,20,Asian_Females,CWF,lee_young_ae/020.jpg,lee_young_ae_0020.npy,ok
lee_young_ae,22,Asian_Females,CWF,lee_young_ae/022.jpg,lee_young_ae_0022.npy,ok
lee_young_ae,25,Asian_Females,CWF,lee_young_ae/025.jpg,lee_young_ae_0025.npy,ok
lee_young_ae,27,Asian_Females,CWF,lee_young_ae/027.jpg,lee_young_ae_0027.npy,ok
lee_young_ae,32,Asian_Females,CWF,lee_young_ae/032.jpg,,spoof_detected
lee_young_ae,45,Asian_Females,CWF,lee_young_ae/045.jpg,lee_young_ae_0045.npy,ok
lee_young_ae,51,Asian_Females,CWF,lee_young_ae/051.jpg,lee_young_ae_0051.npy,ok
lee_young_ae,56,Asian_Females,CWF,lee_young_ae/056.jpg,lee_young_ae_0056.npy,ok
lee_young_ae,59,Asian_Females,CWF,lee_young_ae/059.jpg,lee_young_ae_0059.npy,ok
lee_young_ae,60,Asian_Females,CWF,lee_young_ae/060.jpg,lee_young_ae_0060.npy,ok
lee_young_ae,62,Asian_Females,CWF,lee_young_ae/062.jpg,lee_young_ae_0062.npy,ok
lee_young_ae,64,Asian_Females,CWF,lee_young_ae/064.jpg,,spoof_detected
li_na_tennis,0,Asian_Females,CWF,li_na_tennis/000.jpg,,low_confidence
li_na_tennis,3,Asian_Females,CWF,li_na_tennis/003.jpg,li_na_tennis_0003.npy,ok
li_na_tennis,7,Asian_Females,CWF,li_na_tennis/007.jpg,li_na_tennis_0007.npy,ok
li_na_tennis,8,Asian_Females,CWF,li_na_tennis/008.jpg,li_na_tennis_0008.npy,ok
li_na_tennis,9,Asian_Females,CWF,li_na_tennis/009.jpg,li_na_tennis_0009.npy,ok
li_na_tennis,10,Asian_Females,CWF,li_na_tennis/010.jpg,li_na_tennis_0010.npy,ok
li_na_tennis,12,Asian_Females,CWF,li_na_tennis/012.jpg,li_na_tennis_0012.npy,ok
li_na_tennis,22,Asian_Females,CWF,li_na_tennis/022.jpg,li_na_tennis_0022.npy,ok
li_na_tennis,25,Asian_Females,CWF,li_na_tennis/025.jpg,li_na_tennis_0025.npy,ok
li_na_tennis,26,Asian_Females,CWF,li_na_tennis/026.jpg,li_na_tennis_0026.npy,ok
li_na_tennis,28,Asian_Females,CWF,li_na_tennis/028.jpg,li_na_tennis_0028.npy,ok
li_na_tennis,35,Asian_Females,CWF,li_na_tennis/035.jpg,li_na_tennis_0035.npy,ok
li_na_tennis,36,Asian_Females,CWF,li_na_tennis/036.jpg,li_na_tennis_0036.npy,ok
li_na_tennis,39,Asian_Females,CWF,li_na_tennis/039.jpg,,spoof_detected
li_na_tennis,41,Asian_Females,CWF,li_na_tennis/041.jpg,li_na_tennis_0041.npy,ok
li_na_tennis,43,Asian_Females,CWF,li_na_tennis/043.jpg,li_na_tennis_0043.npy,ok
li_na_tennis,53,Asian_Females,CWF,li_na_tennis/053.jpg,li_na_tennis_0053.npy,ok
li_na_tennis,56,Asian_Females,CWF,li_na_tennis/056.jpg,li_na_tennis_0056.npy,ok
li_yuchun,3,Asian_Females,CWF,li_yuchun/003.jpg,li_yuchun_0003.npy,ok
li_yuchun,6,Asian_Females,CWF,li_yuchun/006.jpg,li_yuchun_0006.npy,ok
li_yuchun,8,Asian_Females,CWF,li_yuchun/008.jpg,,spoof_detected
li_yuchun,11,Asian_Females,CWF,li_yuchun/011.jpg,li_yuchun_0011.npy,ok
li_yuchun,14,Asian_Females,CWF,li_yuchun/014.jpg,li_yuchun_0014.npy,ok
li_yuchun,18,Asian_Females,CWF,li_yuchun/018.jpg,li_yuchun_0018.npy,ok
li_yuchun,22,Asian_Females,CWF,li_yuchun/022.jpg,,low_confidence
li_yuchun,32,Asian_Females,CWF,li_yuchun/032.jpg,li_yuchun_0032.npy,ok
li_yuchun,34,Asian_Females,CWF,li_yuchun/034.jpg,li_yuchun_0034.npy,ok
li_yuchun,47,Asian_Females,CWF,li_yuchun/047.jpg,li_yuchun_0047.npy,ok
li_yuchun,48,Asian_Females,CWF,li_yuchun/048.jpg,li_yuchun_0048.npy,ok
li_yuchun,52,Asian_Females,CWF,li_yuchun/052.jpg,li_yuchun_0052.npy,ok
li_yuchun,55,Asian_Females,CWF,li_yuchun/055.jpg,li_yuchun_0055.npy,ok
li_yuchun,57,Asian_Females,CWF,li_yuchun/057.jpg,li_yuchun_0057.npy,ok
li_yuchun,62,Asian_Females,CWF,li_yuchun/062.jpg,,low_confidence
li_yuchun,63,Asian_Females,CWF,li_yuchun/063.jpg,li_yuchun_0063.npy,ok
li_yuchun,64,Asian_Females,CWF,li_yuchun/064.jpg,li_yuchun_0064.npy,ok
li_yuchun,69,Asian_Females,CWF,li_yuchun/069.jpg,li_yuchun_0069.npy,ok
lucy_liu,1,Asian_Females,CWF,lucy_liu/001.jpg,lucy_liu_0001.npy,ok
lucy_liu,4,Asian_Females,CWF,lucy_liu/004.jpg,lucy_liu_0004.npy,ok
lucy_liu,8,Asian_Females,CWF,lucy_liu/008.jpg,lucy_liu_0008.npy,ok
lucy_liu,13,Asian_Females,CWF,lucy_liu/013.jpg,lucy_liu_0013.npy,ok
lucy_liu,34,Asian_Females,CWF,lucy_liu/034.jpg,,low_confidence
lucy_liu,38,Asian_Females,CWF,lucy_liu/038.jpg,lucy_liu_0038.npy,ok
lucy_liu,39,Asian_Females,CWF,lucy_liu/039.jpg,lucy_liu_0039.npy,ok
lucy_liu,44,Asian_Females,CWF,lucy_liu/044.jpg,lucy_liu_0044.npy,ok
lucy_liu,48,Asian_Females,CWF,lucy_liu/048.jpg,lucy_liu_0048.npy,ok
lucy_liu,54,Asian_Females,CWF,lucy_liu/054.jpg,lucy_liu_0054.npy,ok
lucy_liu,56,Asian_Females,CWF,lucy_liu/056.jpg,lucy_liu_0056.npy,ok
lucy_liu,57,Asian_Females,CWF,lucy_liu/057.jpg,lucy_liu_0057.npy,ok
lucy_liu,60,Asian_Females,CWF,lucy_liu/060.jpg,,spoof_detected
lucy_liu,64,Asian_Females,CWF,lucy_liu/064.jpg,lucy_liu_0064.npy,ok
lucy_liu,66,Asian_Females,CWF,lucy_liu/066.jpg,,spoof_detected
lucy_liu,67,Asian_Females,CWF,lucy_liu/067.jpg,,no_face
lucy_liu,70,Asian_Females,CWF,lucy_liu/070.jpg,lucy_liu_0070.npy,ok
lucy_liu,71,Asian_Females,CWF,lucy_liu/071.jpg,lucy_liu_0071.npy,ok
maggie_q,18,Asian_Females,CWF,maggie_q/018.jpg,maggie_q_0018.npy,ok
maggie_q,121,Asian_Females,CWF,maggie_q/121.jpg,,low_confidence
maggie_q,138,Asian_Females,CWF,maggie_q/138.jpg,,low_confidence
maggie_q,171,Asian_Females,CWF,maggie_q/171.jpg,,no_face
maggie_q,180,Asian_Females,CWF,maggie_q/180.jpg,,low_confidence
maggie_q,188,Asian_Females,CWF,maggie_q/188.jpg,,no_face
maggie_q,193,Asian_Females,CWF,maggie_q/193.jpg,maggie_q_0193.npy,ok
maggie_q,204,Asian_Females,CWF,maggie_q/204.jpg,,no_face
maggie_q,210,Asian_Females,CWF,maggie_q/210.jpg,maggie_q_0210.npy,ok
maggie_q,240,Asian_Females,CWF,maggie_q/240.jpg,maggie_q_0240.npy,ok
maggie_q,242,Asian_Females,CWF,maggie_q/242.jpg,,no_face
maggie_q,246,Asian_Females,CWF,maggie_q/246.jpg,,low_confidence
maggie_q,265,Asian_Females,CWF,maggie_q/265.jpg,,low_confidence
maggie_q,268,Asian_Females,CWF,maggie_q/268.jpg,,low_confidence
maggie_q,281,Asian_Females,CWF,maggie_q/281.jpg,maggie_q_0281.npy,ok
maggie_q,289,Asian_Females,CWF,maggie_q/289.jpg,maggie_q_0289.npy,ok
maggie_q,307,Asian_Females,CWF,maggie_q/307.jpg,,low_confidence
maggie_q,309,Asian_Females,CWF,maggie_q/309.jpg,,low_confidence
marmee_cosico,15,Asian_Females,CWF,marmee_cosico/015.jpg,,no_face
marmee_cosico,17,Asian_Females,CWF,marmee_cosico/017.jpg,,low_confidence
marmee_cosico,20,Asian_Females,CWF,marmee_cosico/020.jpg,,spoof_detected
marmee_cosico,28,Asian_Females,CWF,marmee_cosico/028.jpg,marmee_cosico_0028.npy,ok
marmee_cosico,37,Asian_Females,CWF,marmee_cosico/037.jpg,,low_confidence
marmee_cosico,39,Asian_Females,CWF,marmee_cosico/039.jpg,,low_confidence
marmee_cosico,40,Asian_Females,CWF,marmee_cosico/040.jpg,,no_face
marmee_cosico,41,Asian_Females,CWF,marmee_cosico/041.jpg,marmee_cosico_0041.npy,ok
marmee_cosico,49,Asian_Females,CWF,marmee_cosico/049.jpg,,low_confidence
marmee_cosico,52,Asian_Females,CWF,marmee_cosico/052.jpg,,low_confidence
marmee_cosico,62,Asian_Females,CWF,marmee_cosico/062.jpg,marmee_cosico_0062.npy,ok
marmee_cosico,63,Asian_Females,CWF,marmee_cosico/063.jpg,marmee_cosico_0063.npy,ok
marmee_cosico,64,Asian_Females,CWF,marmee_cosico/064.jpg,,low_confidence
marmee_cosico,70,Asian_Females,CWF,marmee_cosico/070.jpg,,low_confidence
marmee_cosico,72,Asian_Females,CWF,marmee_cosico/072.jpg,,low_confidence
marmee_cosico,79,Asian_Females,CWF,marmee_cosico/079.jpg,marmee_cosico_0079.npy,ok
marmee_cosico,80,Asian_Females,CWF,marmee_cosico/080.jpg,,low_confidence
marmee_cosico,86,Asian_Females,CWF,marmee_cosico/086.jpg,,low_confidence
maureen_mendoza,2,Asian_Females,CWF,maureen_mendoza/002.jpg,,low_confidence
maureen_mendoza,3,Asian_Females,CWF,maureen_mendoza/003.jpg,,spoof_detected
maureen_mendoza,6,Asian_Females,CWF,maureen_mendoza/006.jpg,maureen_mendoza_0006.npy,ok
maureen_mendoza,7,Asian_Females,CWF,maureen_mendoza/007.jpg,maureen_mendoza_0007.npy,ok
maureen_mendoza,9,Asian_Females,CWF,maureen_mendoza/009.jpg,,spoof_detected
maureen_mendoza,15,Asian_Females,CWF,maureen_mendoza/015.jpg,,low_confidence
maureen_mendoza,18,Asian_Females,CWF,maureen_mendoza/018.jpg,,low_confidence
maureen_mendoza,19,Asian_Females,CWF,maureen_mendoza/019.jpg,,spoof_detected
maureen_mendoza,26,Asian_Females,CWF,maureen_mendoza/026.jpg,,low_confidence
maureen_mendoza,28,Asian_Females,CWF,maureen_mendoza/028.jpg,maureen_mendoza_0028.npy,ok
maureen_mendoza,36,Asian_Females,CWF,maureen_mendoza/036.jpg,,spoof_detected
maureen_mendoza,37,Asian_Females,CWF,maureen_mendoza/037.jpg,,low_confidence
maureen_mendoza,38,Asian_Females,CWF,maureen_mendoza/038.jpg,,spoof_detected
maureen_mendoza,39,Asian_Females,CWF,maureen_mendoza/039.jpg,,spoof_detected
maureen_mendoza,49,Asian_Females,CWF,maureen_mendoza/049.jpg,,low_confidence
maureen_mendoza,51,Asian_Females,CWF,maureen_mendoza/051.jpg,,spoof_detected
maureen_mendoza,60,Asian_Females,CWF,maureen_mendoza/060.jpg,,spoof_detected
maureen_mendoza,61,Asian_Females,CWF,maureen_mendoza/061.jpg,,low_confidence
mika_nakashima,3,Asian_Females,CWF,mika_nakashima/003.jpg,mika_nakashima_0003.npy,ok
mika_nakashima,6,Asian_Females,CWF,mika_nakashima/006.jpg,mika_nakashima_0006.npy,ok
mika_nakashima,11,Asian_Females,CWF,mika_nakashima/011.jpg,,no_face
mika_nakashima,12,Asian_Females,CWF,mika_nakashima/012.jpg,mika_nakashima_0012.npy,ok
mika_nakashima,16,Asian_Females,CWF,mika_nakashima/016.jpg,mika_nakashima_0016.npy,ok
mika_nakashima,21,Asian_Females,CWF,mika_nakashima/021.jpg,mika_nakashima_0021.npy,ok
mika_nakashima,24,Asian_Females,CWF,mika_nakashima/024.jpg,,no_face
mika_nakashima,32,Asian_Females,CWF,mika_nakashima/032.jpg,mika_nakashima_0032.npy,ok
mika_nakashima,33,Asian_Females,CWF,mika_nakashima/033.jpg,mika_nakashima_0033.npy,ok
mika_nakashima,36,Asian_Females,CWF,mika_nakashima/036.jpg,,spoof_detected
mika_nakashima,37,Asian_Females,CWF,mika_nakashima/037.jpg,mika_nakashima_0037.npy,ok
mika_nakashima,45,Asian_Females,CWF,mika_nakashima/045.jpg,mika_nakashima_0045.npy,ok
mika_nakashima,48,Asian_Females,CWF,mika_nakashima/048.jpg,,low_confidence
mika_nakashima,53,Asian_Females,CWF,mika_nakashima/053.jpg,mika_nakashima_0053.npy,ok
mika_nakashima,56,Asian_Females,CWF,mika_nakashima/056.jpg,,no_face
mika_nakashima,64,Asian_Females,CWF,mika_nakashima/064.jpg,mika_nakashima_0064.npy,ok
mika_nakashima,66,Asian_Females,CWF,mika_nakashima/066.jpg,mika_nakashima_0066.npy,ok
mika_nakashima,67,Asian_Females,CWF,mika_nakashima/067.jpg,mika_nakashima_0067.npy,ok
ming_xi,9,Asian_Females,CWF,ming_xi/009.jpg,ming_xi_0009.npy,ok
ming_xi,17,Asian_Females,CWF,ming_xi/017.jpg,ming_xi_0017.npy,ok
ming_xi,18,Asian_Females,CWF,ming_xi/018.jpg,,spoof_detected
ming_xi,19,Asian_Females,CWF,ming_xi/019.jpg,ming_xi_0019.npy,ok
ming_xi,20,Asian_Females,CWF,ming_xi/020.jpg,,low_confidence
ming_xi,24,Asian_Females,CWF,ming_xi/024.jpg,ming_xi_0024.npy,ok
ming_xi,26,Asian_Females,CWF,ming_xi/026.jpg,ming_xi_0026.npy,ok
ming_xi,31,Asian_Females,CWF,ming_xi/031.jpg,ming_xi_0031.npy,ok
ming_xi,37,Asian_Females,CWF,ming_xi/037.jpg,ming_xi_0037.npy,ok
ming_xi,40,Asian_Females,CWF,ming_xi/040.jpg,ming_xi_0040.npy,ok
ming_xi,44,Asian_Females,CWF,ming_xi/044.jpg,,no_face
ming_xi,48,Asian_Females,CWF,ming_xi/048.jpg,ming_xi_0048.npy,ok
ming_xi,50,Asian_Females,CWF,ming_xi/050.jpg,ming_xi_0050.npy,ok
ming_xi,52,Asian_Females,CWF,ming_xi/052.jpg,ming_xi_0052.npy,ok
ming_xi,55,Asian_Females,CWF,ming_xi/055.jpg,ming_xi_0055.npy,ok
ming_xi,62,Asian_Females,CWF,ming_xi/062.jpg,ming_xi_0062.npy,ok
ming_xi,67,Asian_Females,CWF,ming_xi/067.jpg,ming_xi_0067.npy,ok
ming_xi,70,Asian_Females,CWF,ming_xi/070.jpg,,low_confidence
minori_chihara,4,Asian_Females,CWF,minori_chihara/004.jpg,,spoof_detected
minori_chihara,5,Asian_Females,CWF,minori_chihara/005.jpg,,spoof_detected
minori_chihara,7,Asian_Females,CWF,minori_chihara/007.jpg,,spoof_detected
minori_chihara,16,Asian_Females,CWF,minori_chihara/016.jpg,,spoof_detected
minori_chihara,19,Asian_Females,CWF,minori_chihara/019.jpg,minori_chihara_0019.npy,ok
minori_chihara,22,Asian_Females,CWF,minori_chihara/022.jpg,,spoof_detected
minori_chihara,26,Asian_Females,CWF,minori_chihara/026.jpg,,no_face
minori_chihara,31,Asian_Females,CWF,minori_chihara/031.jpg,minori_chihara_0031.npy,ok
minori_chihara,34,Asian_Females,CWF,minori_chihara/034.jpg,,low_confidence
minori_chihara,35,Asian_Females,CWF,minori_chihara/035.jpg,,spoof_detected
minori_chihara,36,Asian_Females,CWF,minori_chihara/036.jpg,minori_chihara_0036.npy,ok
minori_chihara,39,Asian_Females,CWF,minori_chihara/039.jpg,minori_chihara_0039.npy,ok
minori_chihara,43,Asian_Females,CWF,minori_chihara/043.jpg,minori_chihara_0043.npy,ok
minori_chihara,44,Asian_Females,CWF,minori_chihara/044.jpg,minori_chihara_0044.npy,ok
minori_chihara,46,Asian_Females,CWF,minori_chihara/046.jpg,minori_chihara_0046.npy,ok
minori_chihara,47,Asian_Females,CWF,minori_chihara/047.jpg,,spoof_detected
minori_chihara,49,Asian_Females,CWF,minori_chihara/049.jpg,minori_chihara_0049.npy,ok
minori_chihara,52,Asian_Females,CWF,minori_chihara/052.jpg,minori_chihara_0052.npy,ok
moametal,2,Asian_Females,CWF,moametal/002.jpg,moametal_0002.npy,ok
moametal,11,Asian_Females,CWF,moametal/011.jpg,moametal_0011.npy,ok
moametal,21,Asian_Females,CWF,moametal/021.jpg,,low_confidence
moametal,26,Asian_Females,CWF,moametal/026.jpg,,spoof_detected
moametal,31,Asian_Females,CWF,moametal/031.jpg,moametal_0031.npy,ok
moametal,33,Asian_Females,CWF,moametal/033.jpg,,low_confidence
moametal,34,Asian_Females,CWF,moametal/034.jpg,moametal_0034.npy,ok
moametal,41,Asian_Females,CWF,moametal/041.jpg,,spoof_detected
moametal,42,Asian_Females,CWF,moametal/042.jpg,moametal_0042.npy,ok
moametal,43,Asian_Females,CWF,moametal/043.jpg,moametal_0043.npy,ok
moametal,45,Asian_Females,CWF,moametal/045.jpg,moametal_0045.npy,ok
moametal,47,Asian_Females,CWF,moametal/047.jpg,,low_confidence
moametal,48,Asian_Females,CWF,moametal/048.jpg,,spoof_detected
moametal,49,Asian_Females,CWF,moametal/049.jpg,moametal_0049.npy,ok
moametal,50,Asian_Females,CWF,moametal/050.jpg,,no_face
moametal,51,Asian_Females,CWF,moametal/051.jpg,,no_face
moametal,55,Asian_Females,CWF,moametal/055.jpg,moametal_0055.npy,ok
moametal,56,Asian_Females,CWF,moametal/056.jpg,moametal_0056.npy,ok
momoe_yamaguchi,32,Asian_Females,CWF,momoe_yamaguchi/032.jpg,momoe_yamaguchi_0032.npy,ok
momoe_yamaguchi,38,Asian_Females,CWF,momoe_yamaguchi/038.jpg,momoe_yamaguchi_0038.npy,ok
momoe_yamaguchi,42,Asian_Females,CWF,momoe_yamaguchi/042.jpg,momoe_yamaguchi_0042.npy,ok
puff_guo,5,Asian_Females,CWF,puff_guo/005.jpg,puff_guo_0005.npy,ok
puff_guo,7,Asian_Females,CWF,puff_guo/007.jpg,puff_guo_0007.npy,ok
puff_guo,8,Asian_Females,CWF,puff_guo/008.jpg,puff_guo_0008.npy,ok
puff_guo,9,Asian_Females,CWF,puff_guo/009.jpg,puff_guo_0009.npy,ok
puff_guo,10,Asian_Females,CWF,puff_guo/010.jpg,puff_guo_0010.npy,ok
puff_guo,13,Asian_Females,CWF,puff_guo/013.jpg,puff_guo_0013.npy,ok
puff_guo,16,Asian_Females,CWF,puff_guo/016.jpg,,no_face
puff_guo,25,Asian_Females,CWF,puff_guo/025.jpg,puff_guo_0025.npy,ok
puff_guo,30,Asian_Females,CWF,puff_guo/030.jpg,,spoof_detected
puff_guo,31,Asian_Females,CWF,puff_guo/031.jpg,,no_face
puff_guo,33,Asian_Females,CWF,puff_guo/033.jpg,puff_guo_0033.npy,ok
puff_guo,34,Asian_Females,CWF,puff_guo/034.jpg,,no_face
puff_guo,35,Asian_Females,CWF,puff_guo/035.jpg,,low_confidence
puff_guo,36,Asian_Females,CWF,puff_guo/036.jpg,puff_guo_0036.npy,ok
puff_guo,41,Asian_Females,CWF,puff_guo/041.jpg,puff_guo_0041.npy,ok
puff_guo,43,Asian_Females,CWF,puff_guo/043.jpg,puff_guo_0043.npy,ok
puff_guo,50,Asian_Females,CWF,puff_guo/050.jpg,puff_guo_0050.npy,ok
puff_guo,52,Asian_Females,CWF,puff_guo/052.jpg,puff_guo_0052.npy,ok
shin_min_a,7,Asian_Females,CWF,shin_min_a/007.jpg,shin_min_a_0007.npy,ok
shin_min_a,8,Asian_Females,CWF,shin_min_a/008.jpg,shin_min_a_0008.npy,ok
shin_min_a,14,Asian_Females,CWF,shin_min_a/014.jpg,,spoof_detected
shin_min_a,17,Asian_Females,CWF,shin_min_a/017.jpg,shin_min_a_0017.npy,ok
shin_min_a,22,Asian_Females,CWF,shin_min_a/022.jpg,shin_min_a_0022.npy,ok
shin_min_a,25,Asian_Females,CWF,shin_min_a/025.jpg,shin_min_a_0025.npy,ok
shin_min_a,32,Asian_Females,CWF,shin_min_a/032.jpg,shin_min_a_0032.npy,ok
shin_min_a,33,Asian_Females,CWF,shin_min_a/033.jpg,shin_min_a_0033.npy,ok
shin_min_a,34,Asian_Females,CWF,shin_min_a/034.jpg,shin_min_a_0034.npy,ok
shin_min_a,41,Asian_Females,CWF,shin_min_a/041.jpg,shin_min_a_0041.npy,ok
shin_min_a,44,Asian_Females,CWF,shin_min_a/044.jpg,shin_min_a_0044.npy,ok
shin_min_a,52,Asian_Females,CWF,shin_min_a/052.jpg,shin_min_a_0052.npy,ok
shin_min_a,56,Asian_Females,CWF,shin_min_a/056.jpg,shin_min_a_0056.npy,ok
shin_min_a,57,Asian_Females,CWF,shin_min_a/057.jpg,,spoof_detected
shin_min_a,60,Asian_Females,CWF,shin_min_a/060.jpg,shin_min_a_0060.npy,ok
shin_min_a,61,Asian_Females,CWF,shin_min_a/061.jpg,shin_min_a_0061.npy,ok
shin_min_a,62,Asian_Females,CWF,shin_min_a/062.jpg,shin_min_a_0062.npy,ok
shin_min_a,64,Asian_Females,CWF,shin_min_a/064.jpg,,spoof_detected
sumetal,0,Asian_Females,CWF,sumetal/000.jpg,,spoof_detected
sumetal,1,Asian_Females,CWF,sumetal/001.jpg,sumetal_0001.npy,ok
sumetal,10,Asian_Females,CWF,sumetal/010.jpg,sumetal_0010.npy,ok
sumetal,12,Asian_Females,CWF,sumetal/012.jpg,sumetal_0012.npy,ok
sumetal,13,Asian_Females,CWF,sumetal/013.jpg,sumetal_0013.npy,ok
sumetal,16,Asian_Females,CWF,sumetal/016.jpg,sumetal_0016.npy,ok
sumetal,27,Asian_Females,CWF,sumetal/027.jpg,,spoof_detected
sumetal,28,Asian_Females,CWF,sumetal/028.jpg,sumetal_0028.npy,ok
sumetal,30,Asian_Females,CWF,sumetal/030.jpg,,spoof_detected
sumetal,33,Asian_Females,CWF,sumetal/033.jpg,sumetal_0033.npy,ok
sumetal,36,Asian_Females,CWF,sumetal/036.jpg,,spoof_detected
sumetal,40,Asian_Females,CWF,sumetal/040.jpg,sumetal_0040.npy,ok
sumetal,44,Asian_Females,CWF,sumetal/044.jpg,,low_confidence
sumetal,47,Asian_Females,CWF,sumetal/047.jpg,sumetal_0047.npy,ok
sumetal,51,Asian_Females,CWF,sumetal/051.jpg,sumetal_0051.npy,ok
sumetal,54,Asian_Females,CWF,sumetal/054.jpg,sumetal_0054.npy,ok
sumetal,55,Asian_Females,CWF,sumetal/055.jpg,sumetal_0055.npy,ok
sumetal,56,Asian_Females,CWF,sumetal/056.jpg,sumetal_0056.npy,ok
tila_tequila,12,Asian_Females,CWF,tila_tequila/012.jpg,,low_confidence
tila_tequila,909,Asian_Females,CWF,tila_tequila/909.jpg,tila_tequila_0909.npy,ok
tila_tequila,911,Asian_Females,CWF,tila_tequila/911.jpg,tila_tequila_0911.npy,ok
tila_tequila,915,Asian_Females,CWF,tila_tequila/915.jpg,tila_tequila_0915.npy,ok
tila_tequila,918,Asian_Females,CWF,tila_tequila/918.jpg,tila_tequila_0918.npy,ok
tila_tequila,924,Asian_Females,CWF,tila_tequila/924.jpg,tila_tequila_0924.npy,ok
tila_tequila,926,Asian_Females,CWF,tila_tequila/926.jpg,tila_tequila_0926.npy,ok
tila_tequila,932,Asian_Females,CWF,tila_tequila/932.jpg,tila_tequila_0932.npy,ok
tila_tequila,935,Asian_Females,CWF,tila_tequila/935.jpg,tila_tequila_0935.npy,ok
tila_tequila,939,Asian_Females,CWF,tila_tequila/939.jpg,tila_tequila_0939.npy,ok
tila_tequila,946,Asian_Females,CWF,tila_tequila/946.jpg,tila_tequila_0946.npy,ok
tila_tequila,948,Asian_Females,CWF,tila_tequila/948.jpg,,spoof_detected
tila_tequila,950,Asian_Females,CWF,tila_tequila/950.jpg,tila_tequila_0950.npy,ok
tila_tequila,951,Asian_Females,CWF,tila_tequila/951.jpg,tila_tequila_0951.npy,ok
tila_tequila,955,Asian_Females,CWF,tila_tequila/955.jpg,tila_tequila_0955.npy,ok
tila_tequila,958,Asian_Females,CWF,tila_tequila/958.jpg,tila_tequila_0958.npy,ok
tila_tequila,959,Asian_Females,CWF,tila_tequila/959.jpg,tila_tequila_0959.npy,ok
tila_tequila,964,Asian_Females,CWF,tila_tequila/964.jpg,tila_tequila_0964.npy,ok
tina_q_nguyen,1,Asian_Females,CWF,tina_q_nguyen/001.jpg,,low_confidence
tina_q_nguyen,2,Asian_Females,CWF,tina_q_nguyen/002.jpg,,low_confidence
tina_q_nguyen,3,Asian_Females,CWF,tina_q_nguyen/003.jpg,,low_confidence
tina_q_nguyen,14,Asian_Females,CWF,tina_q_nguyen/014.jpg,,low_confidence
tina_q_nguyen,22,Asian_Females,CWF,tina_q_nguyen/022.jpg,,no_face
tina_q_nguyen,30,Asian_Females,CWF,tina_q_nguyen/030.jpg,,low_confidence
tina_q_nguyen,32,Asian_Females,CWF,tina_q_nguyen/032.jpg,,no_face
tina_q_nguyen,33,Asian_Females,CWF,tina_q_nguyen/033.jpg,,low_confidence
tina_q_nguyen,34,Asian_Females,CWF,tina_q_nguyen/034.jpg,,no_face
tina_q_nguyen,37,Asian_Females,CWF,tina_q_nguyen/037.jpg,,low_confidence
tina_q_nguyen,39,Asian_Females,CWF,tina_q_nguyen/039.jpg,,low_confidence
tina_q_nguyen,47,Asian_Females,CWF,tina_q_nguyen/047.jpg,,low_confidence
tina_q_nguyen,51,Asian_Females,CWF,tina_q_nguyen/051.jpg,,low_confidence
tina_q_nguyen,53,Asian_Females,CWF,tina_q_nguyen/053.jpg,,no_face
tina_q_nguyen,56,Asian_Females,CWF,tina_q_nguyen/056.jpg,tina_q_nguyen_0056.npy,ok
tina_q_nguyen,58,Asian_Females,CWF,tina_q_nguyen/058.jpg,,no_face
tina_q_nguyen,68,Asian_Females,CWF,tina_q_nguyen/068.jpg,,low_confidence
tina_q_nguyen,74,Asian_Females,CWF,tina_q_nguyen/074.jpg,,low_confidence
vivian_wu,1,Asian_Females,CWF,vivian_wu/001.jpg,,low_confidence
vivian_wu,2,Asian_Females,CWF,vivian_wu/002.jpg,,low_confidence
vivian_wu,3,Asian_Females,CWF,vivian_wu/003.jpg,,low_confidence
vivian_wu,4,Asian_Females,CWF,vivian_wu/004.jpg,,low_confidence
vivian_wu,5,Asian_Females,CWF,vivian_wu/005.jpg,,no_face
vivian_wu,6,Asian_Females,CWF,vivian_wu/006.jpg,,low_confidence
vivian_wu,7,Asian_Females,CWF,vivian_wu/007.jpg,,low_confidence
vivian_wu,8,Asian_Females,CWF,vivian_wu/008.jpg,,low_confidence
vivian_wu,9,Asian_Females,CWF,vivian_wu/009.jpg,,low_confidence
vivian_wu,10,Asian_Females,CWF,vivian_wu/010.jpg,,no_face
vivian_wu,11,Asian_Females,CWF,vivian_wu/011.jpg,vivian_wu_0011.npy,ok
vivian_wu,12,Asian_Females,CWF,vivian_wu/012.jpg,vivian_wu_0012.npy,ok
vivian_wu,13,Asian_Females,CWF,vivian_wu/013.jpg,vivian_wu_0013.npy,ok
vivian_wu,14,Asian_Females,CWF,vivian_wu/014.jpg,,low_confidence
vivian_wu,15,Asian_Females,CWF,vivian_wu/015.jpg,,low_confidence
vivian_wu,16,Asian_Females,CWF,vivian_wu/016.jpg,,low_confidence
vivian_wu,17,Asian_Females,CWF,vivian_wu/017.jpg,,no_face
vivian_wu,18,Asian_Females,CWF,vivian_wu/018.jpg,,low_confidence
xu_jinglei,1,Asian_Females,CWF,xu_jinglei/001.jpg,xu_jinglei_0001.npy,ok
xu_jinglei,11,Asian_Females,CWF,xu_jinglei/011.jpg,xu_jinglei_0011.npy,ok
xu_jinglei,12,Asian_Females,CWF,xu_jinglei/012.jpg,xu_jinglei_0012.npy,ok
xu_jinglei,15,Asian_Females,CWF,xu_jinglei/015.jpg,xu_jinglei_0015.npy,ok
xu_jinglei,16,Asian_Females,CWF,xu_jinglei/016.jpg,xu_jinglei_0016.npy,ok
xu_jinglei,24,Asian_Females,CWF,xu_jinglei/024.jpg,,low_confidence
xu_jinglei,30,Asian_Females,CWF,xu_jinglei/030.jpg,xu_jinglei_0030.npy,ok
xu_jinglei,33,Asian_Females,CWF,xu_jinglei/033.jpg,,low_confidence
xu_jinglei,34,Asian_Females,CWF,xu_jinglei/034.jpg,xu_jinglei_0034.npy,ok
xu_jinglei,36,Asian_Females,CWF,xu_jinglei/036.jpg,xu_jinglei_0036.npy,ok
xu_jinglei,37,Asian_Females,CWF,xu_jinglei/037.jpg,xu_jinglei_0037.npy,ok
xu_jinglei,41,Asian_Females,CWF,xu_jinglei/041.jpg,xu_jinglei_0041.npy,ok
xu_jinglei,45,Asian_Females,CWF,xu_jinglei/045.jpg,,low_confidence
xu_jinglei,52,Asian_Females,CWF,xu_jinglei/052.jpg,,spoof_detected
xu_jinglei,55,Asian_Females,CWF,xu_jinglei/055.jpg,,spoof_detected
xu_jinglei,58,Asian_Females,CWF,xu_jinglei/058.jpg,xu_jinglei_0058.npy,ok
xu_jinglei,59,Asian_Females,CWF,xu_jinglei/059.jpg,,spoof_detected
xu_jinglei,61,Asian_Females,CWF,xu_jinglei/061.jpg,xu_jinglei_0061.npy,ok
zhou_xun,0,Asian_Females,CWF,zhou_xun/000.jpg,zhou_xun_0000.npy,ok
zhou_xun,1,Asian_Females,CWF,zhou_xun/001.jpg,zhou_xun_0001.npy,ok
zhou_xun,3,Asian_Females,CWF,zhou_xun/003.jpg,zhou_xun_0003.npy,ok
zhou_xun,6,Asian_Females,CWF,zhou_xun/006.jpg,,no_face
zhou_xun,10,Asian_Females,CWF,zhou_xun/010.jpg,zhou_xun_0010.npy,ok
zhou_xun,11,Asian_Females,CWF,zhou_xun/011.jpg,zhou_xun_0011.npy,ok
zhou_xun,13,Asian_Females,CWF,zhou_xun/013.jpg,zhou_xun_0013.npy,ok
zhou_xun,20,Asian_Females,CWF,zhou_xun/020.jpg,,spoof_detected
zhou_xun,21,Asian_Females,CWF,zhou_xun/021.jpg,zhou_xun_0021.npy,ok
zhou_xun,22,Asian_Females,CWF,zhou_xun/022.jpg,zhou_xun_0022.npy,ok
zhou_xun,29,Asian_Females,CWF,zhou_xun/029.jpg,zhou_xun_0029.npy,ok
zhou_xun,31,Asian_Females,CWF,zhou_xun/031.jpg,zhou_xun_0031.npy,ok
zhou_xun,34,Asian_Females,CWF,zhou_xun/034.jpg,,spoof_detected
zhou_xun,36,Asian_Females,CWF,zhou_xun/036.jpg,zhou_xun_0036.npy,ok
zhou_xun,38,Asian_Females,CWF,zhou_xun/038.jpg,zhou_xun_0038.npy,ok
zhou_xun,44,Asian_Females,CWF,zhou_xun/044.jpg,zhou_xun_0044.npy,ok
zhou_xun,53,Asian_Females,CWF,zhou_xun/053.jpg,zhou_xun_0053.npy,ok
zhou_xun,57,Asian_Females,CWF,zhou_xun/057.jpg,zhou_xun_0057.npy,ok
aaron_yoo,17,Asian_Males,CWF,aaron_yoo/017.jpg,aaron_yoo_0017.npy,ok
aaron_yoo,24,Asian_Males,CWF,aaron_yoo/024.jpg,,low_confidence
aaron_yoo,45,Asian_Males,CWF,aaron_yoo/045.jpg,aaron_yoo_0045.npy,ok
aaron_yoo,63,Asian_Males,VGGFace,aaron_yoo/00000063.jpg,,no_face
aaron_yoo,80,Asian_Males,VGGFace,aaron_yoo/00000080.jpg,,no_face
aaron_yoo,92,Asian_Males,VGGFace,aaron_yoo/00000092.jpg,,low_confidence
aaron_yoo,106,Asian_Males,VGGFace,aaron_yoo/00000106.jpg,aaron_yoo_0106.npy,ok
aaron_yoo,114,Asian_Males,VGGFace,aaron_yoo/00000114.jpg,,no_face
aaron_yoo,149,Asian_Males,VGGFace,aaron_yoo/00000149.jpg,,low_confidence
aaron_yoo,156,Asian_Males,VGGFace,aaron_yoo/00000156.jpg,,low_confidence
aaron_yoo,185,Asian_Males,VGGFace,aaron_yoo/00000185.jpg,,no_face
aaron_yoo,226,Asian_Males,VGGFace,aaron_yoo/00000226.jpg,,low_confidence
aaron_yoo,326,Asian_Males,VGGFace,aaron_yoo/00000326.jpg,,no_face
aaron_yoo,347,Asian_Males,VGGFace,aaron_yoo/00000347.jpg,,no_face
aaron_yoo,371,Asian_Males,VGGFace,aaron_yoo/00000371.jpg,aaron_yoo_0371.npy,ok
aaron_yoo,461,Asian_Males,VGGFace,aaron_yoo/00000461.jpg,,low_confidence
aaron_yoo,535,Asian_Males,VGGFace,aaron_yoo/00000535.jpg,,no_face
aaron_yoo,640,Asian_Males,VGGFace,aaron_yoo/00000640.jpg,,low_confidence
bang_yong_guk,1,Asian_Males,CWF,bang_yong_guk/001.jpg,bang_yong_guk_0001.npy,ok
bang_yong_guk,4,Asian_Males,CWF,bang_yong_guk/004.jpg,bang_yong_guk_0004.npy,ok
bang_yong_guk,5,Asian_Males,CWF,bang_yong_guk/005.jpg,,low_confidence
bang_yong_guk,10,Asian_Males,CWF,bang_yong_guk/010.jpg,bang_yong_guk_0010.npy,ok
bang_yong_guk,14,Asian_Males,CWF,bang_yong_guk/014.jpg,,spoof_detected
bang_yong_guk,20,Asian_Males,CWF,bang_yong_guk/020.jpg,bang_yong_guk_0020.npy,ok
bang_yong_guk,23,Asian_Males,CWF,bang_yong_guk/023.jpg,,spoof_detected
bang_yong_guk,24,Asian_Males,CWF,bang_yong_guk/024.jpg,,spoof_detected
bang_yong_guk,34,Asian_Males,CWF,bang_yong_guk/034.jpg,,spoof_detected
bang_yong_guk,37,Asian_Males,CWF,bang_yong_guk/037.jpg,bang_yong_guk_0037.npy,ok
bang_yong_guk,40,Asian_Males,CWF,bang_yong_guk/040.jpg,,spoof_detected
bang_yong_guk,42,Asian_Males,CWF,bang_yong_guk/042.jpg,bang_yong_guk_0042.npy,ok
bang_yong_guk,43,Asian_Males,CWF,bang_yong_guk/043.jpg,bang_yong_guk_0043.npy,ok
bang_yong_guk,44,Asian_Males,CWF,bang_yong_guk/044.jpg,bang_yong_guk_0044.npy,ok
bang_yong_guk,46,Asian_Males,CWF,bang_yong_guk/046.jpg,bang_yong_guk_0046.npy,ok
bang_yong_guk,48,Asian_Males,CWF,bang_yong_guk/048.jpg,,spoof_detected
bang_yong_guk,50,Asian_Males,CWF,bang_yong_guk/050.jpg,,spoof_detected
bang_yong_guk,52,Asian_Males,CWF,bang_yong_guk/052.jpg,,spoof_detected
big_bang_g-dragon,1,Asian_Males,CWF,big_bang_g-dragon/001.jpg,big_bang_g-dragon_0001.npy,ok
big_bang_g-dragon,6,Asian_Males,CWF,big_bang_g-dragon/006.jpg,big_bang_g-dragon_0006.npy,ok
big_bang_g-dragon,7,Asian_Males,CWF,big_bang_g-dragon/007.jpg,big_bang_g-dragon_0007.npy,ok
big_bang_g-dragon,12,Asian_Males,CWF,big_bang_g-dragon/012.jpg,big_bang_g-dragon_0012.npy,ok
big_bang_g-dragon,13,Asian_Males,CWF,big_bang_g-dragon/013.jpg,big_bang_g-dragon_0013.npy,ok
big_bang_g-dragon,17,Asian_Males,CWF,big_bang_g-dragon/017.jpg,big_bang_g-dragon_0017.npy,ok
big_bang_g-dragon,28,Asian_Males,CWF,big_bang_g-dragon/028.jpg,big_bang_g-dragon_0028.npy,ok
big_bang_g-dragon,35,Asian_Males,CWF,big_bang_g-dragon/035.jpg,big_bang_g-dragon_0035.npy,ok
big_bang_g-dragon,36,Asian_Males,CWF,big_bang_g-dragon/036.jpg,,spoof_detected
big_bang_g-dragon,37,Asian_Males,CWF,big_bang_g-dragon/037.jpg,big_bang_g-dragon_0037.npy,ok
big_bang_g-dragon,41,Asian_Males,CWF,big_bang_g-dragon/041.jpg,,spoof_detected
big_bang_g-dragon,44,Asian_Males,CWF,big_bang_g-dragon/044.jpg,,low_confidence
big_bang_g-dragon,46,Asian_Males,CWF,big_bang_g-dragon/046.jpg,big_bang_g-dragon_0046.npy,ok
big_bang_g-dragon,47,Asian_Males,CWF,big_bang_g-dragon/047.jpg,,spoof_detected
big_bang_g-dragon,48,Asian_Males,CWF,big_bang_g-dragon/048.jpg,big_bang_g-dragon_0048.npy,ok
big_bang_g-dragon,49,Asian_Males,CWF,big_bang_g-dragon/049.jpg,big_bang_g-dragon_0049.npy,ok
big_bang_g-dragon,50,Asian_Males,CWF,big_bang_g-dragon/050.jpg,big_bang_g-dragon_0050.npy,ok
big_bang_g-dragon,51,Asian_Males,CWF,big_bang_g-dragon/051.jpg,big_bang_g-dragon_0051.npy,ok
brandon_soo_hoo,7,Asian_Males,CWF,brandon_soo_hoo/007.jpg,,no_face
brandon_soo_hoo,11,Asian_Males,CWF,brandon_soo_hoo/011.jpg,,low_confidence
brandon_soo_hoo,16,Asian_Males,CWF,brandon_soo_hoo/016.jpg,brandon_soo_hoo_0016.npy,ok
brandon_soo_hoo,17,Asian_Males,CWF,brandon_soo_hoo/017.jpg,brandon_soo_hoo_0017.npy,ok
brandon_soo_hoo,22,Asian_Males,CWF,brandon_soo_hoo/022.jpg,brandon_soo_hoo_0022.npy,ok
brandon_soo_hoo,23,Asian_Males,CWF,brandon_soo_hoo/023.jpg,brandon_soo_hoo_0023.npy,ok
brandon_soo_hoo,25,Asian_Males,CWF,brandon_soo_hoo/025.jpg,,low_confidence
brandon_soo_hoo,27,Asian_Males,CWF,brandon_soo_hoo/027.jpg,,low_confidence
brandon_soo_hoo,30,Asian_Males,CWF,brandon_soo_hoo/030.jpg,,low_confidence
brandon_soo_hoo,32,Asian_Males,CWF,brandon_soo_hoo/032.jpg,,low_confidence
brandon_soo_hoo,42,Asian_Males,CWF,brandon_soo_hoo/042.jpg,,spoof_detected
brandon_soo_hoo,43,Asian_Males,CWF,brandon_soo_hoo/043.jpg,,spoof_detected
brandon_soo_hoo,46,Asian_Males,CWF,brandon_soo_hoo/046.jpg,,low_confidence
brandon_soo_hoo,47,Asian_Males,CWF,brandon_soo_hoo/047.jpg,,low_confidence
brandon_soo_hoo,48,Asian_Males,CWF,brandon_soo_hoo/048.jpg,,low_confidence
brandon_soo_hoo,49,Asian_Males,CWF,brandon_soo_hoo/049.jpg,,no_face
brandon_soo_hoo,50,Asian_Males,CWF,brandon_soo_hoo/050.jpg,,low_confidence
brandon_soo_hoo,51,Asian_Males,CWF,brandon_soo_hoo/051.jpg,,low_confidence
cha_seung_won,6,Asian_Males,CWF,cha_seung_won/006.jpg,cha_seung_won_0006.npy,ok
cha_seung_won,8,Asian_Males,CWF,cha_seung_won/008.jpg,cha_seung_won_0008.npy,ok
cha_seung_won,13,Asian_Males,CWF,cha_seung_won/013.jpg,cha_seung_won_0013.npy,ok
cha_seung_won,19,Asian_Males,CWF,cha_seung_won/019.jpg,cha_seung_won_0019.npy,ok
cha_seung_won,21,Asian_Males,CWF,cha_seung_won/021.jpg,cha_seung_won_0021.npy,ok
cha_seung_won,22,Asian_Males,CWF,cha_seung_won/022.jpg,,spoof_detected
cha_seung_won,23,Asian_Males,CWF,cha_seung_won/023.jpg,cha_seung_won_0023.npy,ok
cha_seung_won,28,Asian_Males,CWF,cha_seung_won/028.jpg,cha_seung_won_0028.npy,ok
cha_seung_won,29,Asian_Males,CWF,cha_seung_won/029.jpg,cha_seung_won_0029.npy,ok
cha_seung_won,33,Asian_Males,CWF,cha_seung_won/033.jpg,cha_seung_won_0033.npy,ok
cha_seung_won,38,Asian_Males,CWF,cha_seung_won/038.jpg,,no_face
cha_seung_won,40,Asian_Males,CWF,cha_seung_won/040.jpg,cha_seung_won_0040.npy,ok
cha_seung_won,44,Asian_Males,CWF,cha_seung_won/044.jpg,cha_seung_won_0044.npy,ok
cha_seung_won,45,Asian_Males,CWF,cha_seung_won/045.jpg,,spoof_detected
cha_seung_won,52,Asian_Males,CWF,cha_seung_won/052.jpg,cha_seung_won_0052.npy,ok
cha_seung_won,53,Asian_Males,CWF,cha_seung_won/053.jpg,cha_seung_won_0053.npy,ok
cha_seung_won,54,Asian_Males,CWF,cha_seung_won/054.jpg,,low_confidence
cha_seung_won,55,Asian_Males,CWF,cha_seung_won/055.jpg,,spoof_detected
chanyeol,3,Asian_Males,CWF,chanyeol/003.jpg,chanyeol_0003.npy,ok
chanyeol,4,Asian_Males,CWF,chanyeol/004.jpg,chanyeol_0004.npy,ok
chanyeol,9,Asian_Males,CWF,chanyeol/009.jpg,,spoof_detected
chanyeol,13,Asian_Males,CWF,chanyeol/013.jpg,,spoof_detected
chanyeol,15,Asian_Males,CWF,chanyeol/015.jpg,chanyeol_0015.npy,ok
chanyeol,19,Asian_Males,CWF,chanyeol/019.jpg,,spoof_detected
chanyeol,28,Asian_Males,CWF,chanyeol/028.jpg,chanyeol_0028.npy,ok
chanyeol,29,Asian_Males,CWF,chanyeol/029.jpg,chanyeol_0029.npy,ok
chanyeol,30,Asian_Males,CWF,chanyeol/030.jpg,chanyeol_0030.npy,ok
chanyeol,33,Asian_Males,CWF,chanyeol/033.jpg,,spoof_detected
chanyeol,36,Asian_Males,CWF,chanyeol/036.jpg,chanyeol_0036.npy,ok
chanyeol,37,Asian_Males,CWF,chanyeol/037.jpg,chanyeol_0037.npy,ok
chanyeol,38,Asian_Males,CWF,chanyeol/038.jpg,chanyeol_0038.npy,ok
chanyeol,49,Asian_Males,CWF,chanyeol/049.jpg,chanyeol_0049.npy,ok
chanyeol,58,Asian_Males,CWF,chanyeol/058.jpg,chanyeol_0058.npy,ok
chanyeol,59,Asian_Males,CWF,chanyeol/059.jpg,chanyeol_0059.npy,ok
chanyeol,60,Asian_Males,CWF,chanyeol/060.jpg,chanyeol_0060.npy,ok
chanyeol,70,Asian_Males,CWF,chanyeol/070.jpg,chanyeol_0070.npy,ok
chin_han,6,Asian_Males,CWF,chin_han/006.jpg,chin_han_0006.npy,ok
chin_han,7,Asian_Males,CWF,chin_han/007.jpg,,low_confidence
chin_han,25,Asian_Males,CWF,chin_han/025.jpg,chin_han_0025.npy,ok
chin_han,3,Asian_Males,VGGFace,chin_han/00000003.jpg,chin_han_0003.npy,ok
chin_han,5,Asian_Males,VGGFace,chin_han/00000005.jpg,,low_confidence
chin_han,44,Asian_Males,VGGFace,chin_han/00000044.jpg,chin_han_0044.npy,ok
chin_han,58,Asian_Males,VGGFace,chin_han/00000058.jpg,chin_han_0058.npy,ok
chin_han,69,Asian_Males,VGGFace,chin_han/00000069.jpg,chin_han_0069.npy,ok
chin_han,161,Asian_Males,VGGFace,chin_han/00000161.jpg,,no_face
chin_han,195,Asian_Males,VGGFace,chin_han/00000195.jpg,,no_face
chin_han,204,Asian_Males,VGGFace,chin_han/00000204.jpg,,low_confidence
chin_han,260,Asian_Males,VGGFace,chin_han/00000260.jpg,,low_confidence
chin_han,261,Asian_Males,VGGFace,chin_han/00000261.jpg,,low_confidence
chin_han,265,Asian_Males,VGGFace,chin_han/00000265.jpg,,low_confidence
chin_han,298,Asian_Males,VGGFace,chin_han/00000298.jpg,chin_han_0298.npy,ok
chin_han,304,Asian_Males,VGGFace,chin_han/00000304.jpg,,low_confidence
chin_han,562,Asian_Males,VGGFace,chin_han/00000562.jpg,,low_confidence
chin_han,730,Asian_Males,VGGFace,chin_han/00000730.jpg,,low_confidence
craig_fong,7,Asian_Males,CWF,craig_fong/007.jpg,craig_fong_0007.npy,ok
craig_fong,17,Asian_Males,CWF,craig_fong/017.jpg,,low_confidence
craig_fong,19,Asian_Males,CWF,craig_fong/019.jpg,craig_fong_0019.npy,ok
craig_fong,21,Asian_Males,CWF,craig_fong/021.jpg,,spoof_detected
craig_fong,23,Asian_Males,CWF,craig_fong/023.jpg,,low_confidence
craig_fong,24,Asian_Males,CWF,craig_fong/024.jpg,craig_fong_0024.npy,ok
craig_fong,29,Asian_Males,CWF,craig_fong/029.jpg,,spoof_detected
craig_fong,31,Asian_Males,CWF,craig_fong/031.jpg,craig_fong_0031.npy,ok
craig_fong,38,Asian_Males,CWF,craig_fong/038.jpg,,low_confidence
craig_fong,42,Asian_Males,CWF,craig_fong/042.jpg,craig_fong_0042.npy,ok
craig_fong,44,Asian_Males,CWF,craig_fong/044.jpg,,spoof_detected
craig_fong,56,Asian_Males,CWF,craig_fong/056.jpg,,low_confidence
craig_fong,58,Asian_Males,CWF,craig_fong/058.jpg,craig_fong_0058.npy,ok
craig_fong,59,Asian_Males,CWF,craig_fong/059.jpg,,spoof_detected
craig_fong,60,Asian_Males,CWF,craig_fong/060.jpg,craig_fong_0060.npy,ok
craig_fong,67,Asian_Males,CWF,craig_fong/067.jpg,,low_confidence
craig_fong,75,Asian_Males,CWF,craig_fong/075.jpg,craig_fong_0075.npy,ok
craig_fong,78,Asian_Males,CWF,craig_fong/078.jpg,craig_fong_0078.npy,ok
daniel_henney,0,Asian_Males,CWF,daniel_henney/000.jpg,daniel_henney_0000.npy,ok
daniel_henney,6,Asian_Males,CWF,daniel_henney/006.jpg,daniel_henney_0006.npy,ok
daniel_henney,7,Asian_Males,CWF,daniel_henney/007.jpg,daniel_henney_0007.npy,ok
daniel_henney,8,Asian_Males,CWF,daniel_henney/008.jpg,daniel_henney_0008.npy,ok
daniel_henney,9,Asian_Males,CWF,daniel_henney/009.jpg,daniel_henney_0009.npy,ok
daniel_henney,11,Asian_Males,CWF,daniel_henney/011.jpg,daniel_henney_0011.npy,ok
daniel_henney,13,Asian_Males,CWF,daniel_henney/013.jpg,daniel_henney_0013.npy,ok
daniel_henney,15,Asian_Males,CWF,daniel_henney/015.jpg,daniel_henney_0015.npy,ok
daniel_henney,21,Asian_Males,CWF,daniel_henney/021.jpg,,no_face
daniel_henney,29,Asian_Males,CWF,daniel_henney/029.jpg,daniel_henney_0029.npy,ok
daniel_henney,36,Asian_Males,CWF,daniel_henney/036.jpg,daniel_henney_0036.npy,ok
daniel_henney,37,Asian_Males,CWF,daniel_henney/037.jpg,daniel_henney_0037.npy,ok
daniel_henney,42,Asian_Males,CWF,daniel_henney/042.jpg,daniel_henney_0042.npy,ok
daniel_henney,48,Asian_Males,CWF,daniel_henney/048.jpg,daniel_henney_0048.npy,ok
daniel_henney,53,Asian_Males,CWF,daniel_henney/053.jpg,daniel_henney_0053.npy,ok
daniel_henney,54,Asian_Males,CWF,daniel_henney/054.jpg,daniel_henney_0054.npy,ok
daniel_henney,55,Asian_Males,CWF,daniel_henney/055.jpg,daniel_henney_0055.npy,ok
daniel_henney,56,Asian_Males,CWF,daniel_henney/056.jpg,daniel_henney_0056.npy,ok
godfrey_gao,2,Asian_Males,CWF,godfrey_gao/002.jpg,godfrey_gao_0002.npy,ok
godfrey_gao,4,Asian_Males,CWF,godfrey_gao/004.jpg,godfrey_gao_0004.npy,ok
godfrey_gao,7,Asian_Males,CWF,godfrey_gao/007.jpg,godfrey_gao_0007.npy,ok
godfrey_gao,10,Asian_Males,CWF,godfrey_gao/010.jpg,godfrey_gao_0010.npy,ok
godfrey_gao,11,Asian_Males,CWF,godfrey_gao/011.jpg,godfrey_gao_0011.npy,ok
godfrey_gao,12,Asian_Males,CWF,godfrey_gao/012.jpg,godfrey_gao_0012.npy,ok
godfrey_gao,16,Asian_Males,CWF,godfrey_gao/016.jpg,,low_confidence
godfrey_gao,21,Asian_Males,CWF,godfrey_gao/021.jpg,,spoof_detected
godfrey_gao,23,Asian_Males,CWF,godfrey_gao/023.jpg,godfrey_gao_0023.npy,ok
godfrey_gao,25,Asian_Males,CWF,godfrey_gao/025.jpg,,no_face
godfrey_gao,30,Asian_Males,CWF,godfrey_gao/030.jpg,godfrey_gao_0030.npy,ok
godfrey_gao,33,Asian_Males,CWF,godfrey_gao/033.jpg,godfrey_gao_0033.npy,ok
godfrey_gao,34,Asian_Males,CWF,godfrey_gao/034.jpg,godfrey_gao_0034.npy,ok
godfrey_gao,38,Asian_Males,CWF,godfrey_gao/038.jpg,godfrey_gao_0038.npy,ok
godfrey_gao,39,Asian_Males,CWF,godfrey_gao/039.jpg,godfrey_gao_0039.npy,ok
godfrey_gao,41,Asian_Males,CWF,godfrey_gao/041.jpg,godfrey_gao_0041.npy,ok
godfrey_gao,46,Asian_Males,CWF,godfrey_gao/046.jpg,godfrey_gao_0046.npy,ok
godfrey_gao,49,Asian_Males,CWF,godfrey_gao/049.jpg,,spoof_detected
hiroki_narimiya,5,Asian_Males,CWF,hiroki_narimiya/005.jpg,hiroki_narimiya_0005.npy,ok
hiroki_narimiya,9,Asian_Males,CWF,hiroki_narimiya/009.jpg,hiroki_narimiya_0009.npy,ok
hiroki_narimiya,17,Asian_Males,CWF,hiroki_narimiya/017.jpg,hiroki_narimiya_0017.npy,ok
hiroki_narimiya,18,Asian_Males,CWF,hiroki_narimiya/018.jpg,,spoof_detected
hiroki_narimiya,24,Asian_Males,CWF,hiroki_narimiya/024.jpg,hiroki_narimiya_0024.npy,ok
hiroki_narimiya,26,Asian_Males,CWF,hiroki_narimiya/026.jpg,hiroki_narimiya_0026.npy,ok
hiroki_narimiya,31,Asian_Males,CWF,hiroki_narimiya/031.jpg,hiroki_narimiya_0031.npy,ok
hiroki_narimiya,39,Asian_Males,CWF,hiroki_narimiya/039.jpg,hiroki_narimiya_0039.npy,ok
hiroki_narimiya,44,Asian_Males,CWF,hiroki_narimiya/044.jpg,,spoof_detected
hiroki_narimiya,51,Asian_Males,CWF,hiroki_narimiya/051.jpg,hiroki_narimiya_0051.npy,ok
hiroki_narimiya,53,Asian_Males,CWF,hiroki_narimiya/053.jpg,hiroki_narimiya_0053.npy,ok
hiroki_narimiya,55,Asian_Males,CWF,hiroki_narimiya/055.jpg,hiroki_narimiya_0055.npy,ok
hiroki_narimiya,58,Asian_Males,CWF,hiroki_narimiya/058.jpg,hiroki_narimiya_0058.npy,ok
hiroki_narimiya,71,Asian_Males,CWF,hiroki_narimiya/071.jpg,,spoof_detected
hiroki_narimiya,72,Asian_Males,CWF,hiroki_narimiya/072.jpg,,spoof_detected
hiroki_narimiya,74,Asian_Males,CWF,hiroki_narimiya/074.jpg,hiroki_narimiya_0074.npy,ok
hiroki_narimiya,76,Asian_Males,CWF,hiroki_narimiya/076.jpg,hiroki_narimiya_0076.npy,ok
hiroki_narimiya,77,Asian_Males,CWF,hiroki_narimiya/077.jpg,hiroki_narimiya_0077.npy,ok
hua_chenyu,0,Asian_Males,CWF,hua_chenyu/000.jpg,,low_confidence
hua_chenyu,9,Asian_Males,CWF,hua_chenyu/009.jpg,hua_chenyu_0009.npy,ok
hua_chenyu,10,Asian_Males,CWF,hua_chenyu/010.jpg,hua_chenyu_0010.npy,ok
hua_chenyu,18,Asian_Males,CWF,hua_chenyu/018.jpg,hua_chenyu_0018.npy,ok
hua_chenyu,21,Asian_Males,CWF,hua_chenyu/021.jpg,,spoof_detected
hua_chenyu,25,Asian_Males,CWF,hua_chenyu/025.jpg,,spoof_detected
hua_chenyu,26,Asian_Males,CWF,hua_chenyu/026.jpg,hua_chenyu_0026.npy,ok
hua_chenyu,29,Asian_Males,CWF,hua_chenyu/029.jpg,hua_chenyu_0029.npy,ok
hua_chenyu,30,Asian_Males,CWF,hua_chenyu/030.jpg,hua_chenyu_0030.npy,ok
hua_chenyu,31,Asian_Males,CWF,hua_chenyu/031.jpg,hua_chenyu_0031.npy,ok
hua_chenyu,33,Asian_Males,CWF,hua_chenyu/033.jpg,,spoof_detected
hua_chenyu,34,Asian_Males,CWF,hua_chenyu/034.jpg,hua_chenyu_0034.npy,ok
hua_chenyu,36,Asian_Males,CWF,hua_chenyu/036.jpg,hua_chenyu_0036.npy,ok
hua_chenyu,40,Asian_Males,CWF,hua_chenyu/040.jpg,hua_chenyu_0040.npy,ok
hua_chenyu,42,Asian_Males,CWF,hua_chenyu/042.jpg,hua_chenyu_0042.npy,ok
hua_chenyu,43,Asian_Males,CWF,hua_chenyu/043.jpg,hua_chenyu_0043.npy,ok
hua_chenyu,47,Asian_Males,CWF,hua_chenyu/047.jpg,,no_face
hua_chenyu,49,Asian_Males,CWF,hua_chenyu/049.jpg,hua_chenyu_0049.npy,ok
huang_xiaoming,1,Asian_Males,CWF,huang_xiaoming/001.jpg,huang_xiaoming_0001.npy,ok
huang_xiaoming,3,Asian_Males,CWF,huang_xiaoming/003.jpg,huang_xiaoming_0003.npy,ok
huang_xiaoming,4,Asian_Males,CWF,huang_xiaoming/004.jpg,huang_xiaoming_0004.npy,ok
huang_xiaoming,6,Asian_Males,CWF,huang_xiaoming/006.jpg,huang_xiaoming_0006.npy,ok
huang_xiaoming,9,Asian_Males,CWF,huang_xiaoming/009.jpg,huang_xiaoming_0009.npy,ok
huang_xiaoming,11,Asian_Males,CWF,huang_xiaoming/011.jpg,huang_xiaoming_0011.npy,ok
huang_xiaoming,12,Asian_Males,CWF,huang_xiaoming/012.jpg,huang_xiaoming_0012.npy,ok
huang_xiaoming,16,Asian_Males,CWF,huang_xiaoming/016.jpg,,spoof_detected
huang_xiaoming,17,Asian_Males,CWF,huang_xiaoming/017.jpg,huang_xiaoming_0017.npy,ok
huang_xiaoming,20,Asian_Males,CWF,huang_xiaoming/020.jpg,huang_xiaoming_0020.npy,ok
huang_xiaoming,22,Asian_Males,CWF,huang_xiaoming/022.jpg,huang_xiaoming_0022.npy,ok
huang_xiaoming,25,Asian_Males,CWF,huang_xiaoming/025.jpg,huang_xiaoming_0025.npy,ok
huang_xiaoming,26,Asian_Males,CWF,huang_xiaoming/026.jpg,huang_xiaoming_0026.npy,ok
huang_xiaoming,32,Asian_Males,CWF,huang_xiaoming/032.jpg,huang_xiaoming_0032.npy,ok
huang_xiaoming,37,Asian_Males,CWF,huang_xiaoming/037.jpg,huang_xiaoming_0037.npy,ok
huang_xiaoming,48,Asian_Males,CWF,huang_xiaoming/048.jpg,,spoof_detected
huang_xiaoming,63,Asian_Males,CWF,huang_xiaoming/063.jpg,,low_confidence
huang_xiaoming,68,Asian_Males,CWF,huang_xiaoming/068.jpg,huang_xiaoming_0068.npy,ok
jack_ma,34,Asian_Males,VGGFace,jack_ma/00000034.jpg,,no_face
jack_ma,58,Asian_Males,VGGFace,jack_ma/00000058.jpg,,no_face
jack_ma,65,Asian_Males,VGGFace,jack_ma/00000065.jpg,,no_face
jack_ma,115,Asian_Males,VGGFace,jack_ma/00000115.jpg,,no_face
jack_ma,149,Asian_Males,VGGFace,jack_ma/00000149.jpg,,no_face
jack_ma,155,Asian_Males,VGGFace,jack_ma/00000155.jpg,,low_confidence
jack_ma,207,Asian_Males,VGGFace,jack_ma/00000207.jpg,jack_ma_0207.npy,ok
jack_ma,218,Asian_Males,VGGFace,jack_ma/00000218.jpg,,no_face
jack_ma,223,Asian_Males,VGGFace,jack_ma/00000223.jpg,jack_ma_0223.npy,ok
jack_ma,248,Asian_Males,VGGFace,jack_ma/00000248.jpg,,low_confidence
jack_ma,275,Asian_Males,VGGFace,jack_ma/00000275.jpg,,low_confidence
jack_ma,289,Asian_Males,VGGFace,jack_ma/00000289.jpg,jack_ma_0289.npy,ok
jack_ma,293,Asian_Males,VGGFace,jack_ma/00000293.jpg,,no_face
jack_ma,304,Asian_Males,VGGFace,jack_ma/00000304.jpg,,no_face
jack_ma,328,Asian_Males,VGGFace,jack_ma/00000328.jpg,jack_ma_0328.npy,ok
jack_ma,353,Asian_Males,VGGFace,jack_ma/00000353.jpg,,low_confidence
jack_ma,366,Asian_Males,VGGFace,jack_ma/00000366.jpg,,no_face
jack_ma,422,Asian_Males,VGGFace,jack_ma/00000422.jpg,jack_ma_0422.npy,ok
jaejoong,0,Asian_Males,CWF,jaejoong/000.jpg,jaejoong_0000.npy,ok
jaejoong,6,Asian_Males,CWF,jaejoong/006.jpg,jaejoong_0006.npy,ok
jaejoong,9,Asian_Males,CWF,jaejoong/009.jpg,jaejoong_0009.npy,ok
jaejoong,11,Asian_Males,CWF,jaejoong/011.jpg,jaejoong_0011.npy,ok
jaejoong,18,Asian_Males,CWF,jaejoong/018.jpg,,low_confidence
jaejoong,21,Asian_Males,CWF,jaejoong/021.jpg,jaejoong_0021.npy,ok
jaejoong,32,Asian_Males,CWF,jaejoong/032.jpg,jaejoong_0032.npy,ok
jaejoong,40,Asian_Males,CWF,jaejoong/040.jpg,jaejoong_0040.npy,ok
jaejoong,43,Asian_Males,CWF,jaejoong/043.jpg,jaejoong_0043.npy,ok
jaejoong,46,Asian_Males,CWF,jaejoong/046.jpg,jaejoong_0046.npy,ok
jaejoong,47,Asian_Males,CWF,jaejoong/047.jpg,jaejoong_0047.npy,ok
jaejoong,51,Asian_Males,CWF,jaejoong/051.jpg,jaejoong_0051.npy,ok
jaejoong,54,Asian_Males,CWF,jaejoong/054.jpg,jaejoong_0054.npy,ok
jaejoong,56,Asian_Males,CWF,jaejoong/056.jpg,jaejoong_0056.npy,ok
jaejoong,57,Asian_Males,CWF,jaejoong/057.jpg,jaejoong_0057.npy,ok
jaejoong,61,Asian_Males,CWF,jaejoong/061.jpg,jaejoong_0061.npy,ok
jaejoong,63,Asian_Males,CWF,jaejoong/063.jpg,jaejoong_0063.npy,ok
jaejoong,67,Asian_Males,CWF,jaejoong/067.jpg,,spoof_detected
jang_keun_suk,1,Asian_Males,CWF,jang_keun_suk/001.jpg,,spoof_detected
jang_keun_suk,6,Asian_Males,CWF,jang_keun_suk/006.jpg,jang_keun_suk_0006.npy,ok
jang_keun_suk,7,Asian_Males,CWF,jang_keun_suk/007.jpg,jang_keun_suk_0007.npy,ok
jang_keun_suk,9,Asian_Males,CWF,jang_keun_suk/009.jpg,,no_face
jang_keun_suk,12,Asian_Males,CWF,jang_keun_suk/012.jpg,jang_keun_suk_0012.npy,ok
jang_keun_suk,13,Asian_Males,CWF,jang_keun_suk/013.jpg,jang_keun_suk_0013.npy,ok
jang_keun_suk,15,Asian_Males,CWF,jang_keun_suk/015.jpg,jang_keun_suk_0015.npy,ok
jang_keun_suk,22,Asian_Males,CWF,jang_keun_suk/022.jpg,,spoof_detected
jang_keun_suk,26,Asian_Males,CWF,jang_keun_suk/026.jpg,jang_keun_suk_0026.npy,ok
jang_keun_suk,28,Asian_Males,CWF,jang_keun_suk/028.jpg,jang_keun_suk_0028.npy,ok
jang_keun_suk,45,Asian_Males,CWF,jang_keun_suk/045.jpg,jang_keun_suk_0045.npy,ok
jang_keun_suk,46,Asian_Males,CWF,jang_keun_suk/046.jpg,jang_keun_suk_0046.npy,ok
jang_keun_suk,49,Asian_Males,CWF,jang_keun_suk/049.jpg,jang_keun_suk_0049.npy,ok
jang_keun_suk,51,Asian_Males,CWF,jang_keun_suk/051.jpg,jang_keun_suk_0051.npy,ok
jang_keun_suk,52,Asian_Males,CWF,jang_keun_suk/052.jpg,jang_keun_suk_0052.npy,ok
jang_keun_suk,54,Asian_Males,CWF,jang_keun_suk/054.jpg,,spoof_detected
jang_keun_suk,58,Asian_Males,CWF,jang_keun_suk/058.jpg,jang_keun_suk_0058.npy,ok
jang_keun_suk,60,Asian_Males,CWF,jang_keun_suk/060.jpg,jang_keun_suk_0060.npy,ok
jet_li,4,Asian_Males,VGGFace,jet_li/00000004.jpg,jet_li_0004.npy,ok
jet_li,50,Asian_Males,VGGFace,jet_li/00000050.jpg,,no_face
jet_li,56,Asian_Males,VGGFace,jet_li/00000056.jpg,jet_li_0056.npy,ok
jet_li,78,Asian_Males,VGGFace,jet_li/00000078.jpg,,no_face
jet_li,79,Asian_Males,VGGFace,jet_li/00000079.jpg,,no_face
jet_li,101,Asian_Males,VGGFace,jet_li/00000101.jpg,,no_face
jet_li,125,Asian_Males,VGGFace,jet_li/00000125.jpg,jet_li_0125.npy,ok
jet_li,127,Asian_Males,VGGFace,jet_li/00000127.jpg,jet_li_0127.npy,ok
jet_li,168,Asian_Males,VGGFace,jet_li/00000168.jpg,,no_face
jet_li,194,Asian_Males,VGGFace,jet_li/00000194.jpg,,low_confidence
jet_li,222,Asian_Males,VGGFace,jet_li/00000222.jpg,,no_face
jet_li,224,Asian_Males,VGGFace,jet_li/00000224.jpg,,low_confidence
jet_li,335,Asian_Males,VGGFace,jet_li/00000335.jpg,,low_confidence
jet_li,336,Asian_Males,VGGFace,jet_li/00000336.jpg,,no_face
jet_li,343,Asian_Males,VGGFace,jet_li/00000343.jpg,,low_confidence
jet_li,634,Asian_Males,VGGFace,jet_li/00000634.jpg,,low_confidence
jet_li,838,Asian_Males,VGGFace,jet_li/00000838.jpg,,low_confidence
jet_li,977,Asian_Males,VGGFace,jet_li/00000977.jpg,,no_face
ji_chang_wook,2,Asian_Males,CWF,ji_chang_wook/002.jpg,ji_chang_wook_0002.npy,ok
ji_chang_wook,5,Asian_Males,CWF,ji_chang_wook/005.jpg,ji_chang_wook_0005.npy,ok
ji_chang_wook,7,Asian_Males,CWF,ji_chang_wook/007.jpg,ji_chang_wook_0007.npy,ok
ji_chang_wook,10,Asian_Males,CWF,ji_chang_wook/010.jpg,,low_confidence
ji_chang_wook,16,Asian_Males,CWF,ji_chang_wook/016.jpg,ji_chang_wook_0016.npy,ok
ji_chang_wook,21,Asian_Males,CWF,ji_chang_wook/021.jpg,,no_face
ji_chang_wook,24,Asian_Males,CWF,ji_chang_wook/024.jpg,ji_chang_wook_0024.npy,ok
ji_chang_wook,29,Asian_Males,CWF,ji_chang_wook/029.jpg,,spoof_detected
ji_chang_wook,30,Asian_Males,CWF,ji_chang_wook/030.jpg,ji_chang_wook_0030.npy,ok
ji_chang_wook,37,Asian_Males,CWF,ji_chang_wook/037.jpg,ji_chang_wook_0037.npy,ok
ji_chang_wook,38,Asian_Males,CWF,ji_chang_wook/038.jpg,ji_chang_wook_0038.npy,ok
ji_chang_wook,42,Asian_Males,CWF,ji_chang_wook/042.jpg,ji_chang_wook_0042.npy,ok
ji_chang_wook,46,Asian_Males,CWF,ji_chang_wook/046.jpg,ji_chang_wook_0046.npy,ok
ji_chang_wook,47,Asian_Males,CWF,ji_chang_wook/047.jpg,ji_chang_wook_0047.npy,ok
ji_chang_wook,49,Asian_Males,CWF,ji_chang_wook/049.jpg,,low_confidence
ji_chang_wook,50,Asian_Males,CWF,ji_chang_wook/050.jpg,ji_chang_wook_0050.npy,ok
ji_chang_wook,54,Asian_Males,CWF,ji_chang_wook/054.jpg,,no_face
ji_chang_wook,59,Asian_Males,CWF,ji_chang_wook/059.jpg,ji_chang_wook_0059.npy,ok
jian,1,Asian_Males,CWF,jian/001.jpg,,low_confidence
jian,6,Asian_Males,CWF,jian/006.jpg,jian_0006.npy,ok
jian,9,Asian_Males,CWF,jian/009.jpg,,low_confidence
jian,10,Asian_Males,CWF,jian/010.jpg,jian_0010.npy,ok
jian,11,Asian_Males,CWF,jian/011.jpg,jian_0011.npy,ok
jian,13,Asian_Males,CWF,jian/013.jpg,jian_0013.npy,ok
jian,25,Asian_Males,CWF,jian/025.jpg,jian_0025.npy,ok
jian,26,Asian_Males,CWF,jian/026.jpg,,low_confidence
jian,27,Asian_Males,CWF,jian/027.jpg,jian_0027.npy,ok
jian,28,Asian_Males,CWF,jian/028.jpg,jian_0028.npy,ok
jian,37,Asian_Males,CWF,jian/037.jpg,jian_0037.npy,ok
jian,47,Asian_Males,CWF,jian/047.jpg,jian_0047.npy,ok
jian,52,Asian_Males,CWF,jian/052.jpg,,low_confidence
jian,53,Asian_Males,CWF,jian/053.jpg,jian_0053.npy,ok
jian,58,Asian_Males,CWF,jian/058.jpg,,low_confidence
jian,63,Asian_Males,CWF,jian/063.jpg,,spoof_detected
jian,74,Asian_Males,CWF,jian/074.jpg,,low_confidence
jian,75,Asian_Males,CWF,jian/075.jpg,,no_face
john_woo,1,Asian_Males,CWF,john_woo/001.jpg,john_woo_0001.npy,ok
john_woo,2,Asian_Males,CWF,john_woo/002.jpg,,low_confidence
john_woo,5,Asian_Males,CWF,john_woo/005.jpg,,low_confidence
john_woo,6,Asian_Males,CWF,john_woo/006.jpg,,low_confidence
john_woo,7,Asian_Males,CWF,john_woo/007.jpg,,low_confidence
john_woo,8,Asian_Males,CWF,john_woo/008.jpg,,low_confidence
john_woo,9,Asian_Males,CWF,john_woo/009.jpg,john_woo_0009.npy,ok
john_woo,10,Asian_Males,CWF,john_woo/010.jpg,,low_confidence
john_woo,12,Asian_Males,CWF,john_woo/012.jpg,,low_confidence
john_woo,13,Asian_Males,CWF,john_woo/013.jpg,,low_confidence
john_woo,14,Asian_Males,CWF,john_woo/014.jpg,,low_confidence
john_woo,15,Asian_Males,CWF,john_woo/015.jpg,,low_confidence
john_woo,16,Asian_Males,CWF,john_woo/016.jpg,john_woo_0016.npy,ok
john_woo,17,Asian_Males,CWF,john_woo/017.jpg,john_woo_0017.npy,ok
john_woo,18,Asian_Males,CWF,john_woo/018.jpg,,low_confidence
john_woo,19,Asian_Males,CWF,john_woo/019.jpg,john_woo_0019.npy,ok
john_woo,21,Asian_Males,CWF,john_woo/021.jpg,,low_confidence
john_woo,22,Asian_Males,CWF,john_woo/022.jpg,,low_confidence
joo_jin_mo,0,Asian_Males,CWF,joo_jin_mo/000.jpg,joo_jin_mo_0000.npy,ok
joo_jin_mo,8,Asian_Males,CWF,joo_jin_mo/008.jpg,joo_jin_mo_0008.npy,ok
joo_jin_mo,16,Asian_Males,CWF,joo_jin_mo/016.jpg,joo_jin_mo_0016.npy,ok
joo_jin_mo,20,Asian_Males,CWF,joo_jin_mo/020.jpg,joo_jin_mo_0020.npy,ok
joo_jin_mo,24,Asian_Males,CWF,joo_jin_mo/024.jpg,joo_jin_mo_0024.npy,ok
joo_jin_mo,28,Asian_Males,CWF,joo_jin_mo/028.jpg,joo_jin_mo_0028.npy,ok
joo_jin_mo,29,Asian_Males,CWF,joo_jin_mo/029.jpg,joo_jin_mo_0029.npy,ok
joo_jin_mo,32,Asian_Males,CWF,joo_jin_mo/032.jpg,joo_jin_mo_0032.npy,ok
joo_jin_mo,35,Asian_Males,CWF,joo_jin_mo/035.jpg,,low_confidence
joo_jin_mo,36,Asian_Males,CWF,joo_jin_mo/036.jpg,joo_jin_mo_0036.npy,ok
joo_jin_mo,38,Asian_Males,CWF,joo_jin_mo/038.jpg,joo_jin_mo_0038.npy,ok
joo_jin_mo,39,Asian_Males,CWF,joo_jin_mo/039.jpg,joo_jin_mo_0039.npy,ok
joo_jin_mo,42,Asian_Males,CWF,joo_jin_mo/042.jpg,joo_jin_mo_0042.npy,ok
joo_jin_mo,44,Asian_Males,CWF,joo_jin_mo/044.jpg,joo_jin_mo_0044.npy,ok
joo_jin_mo,45,Asian_Males,CWF,joo_jin_mo/045.jpg,joo_jin_mo_0045.npy,ok
joo_jin_mo,47,Asian_Males,CWF,joo_jin_mo/047.jpg,,no_face
joo_jin_mo,55,Asian_Males,CWF,joo_jin_mo/055.jpg,joo_jin_mo_0055.npy,ok
joo_jin_mo,58,Asian_Males,CWF,joo_jin_mo/058.jpg,joo_jin_mo_0058.npy,ok
jung_woo_sung,0,Asian_Males,CWF,jung_woo_sung/000.jpg,jung_woo_sung_0000.npy,ok
jung_woo_sung,6,Asian_Males,CWF,jung_woo_sung/006.jpg,jung_woo_sung_0006.npy,ok
jung_woo_sung,11,Asian_Males,CWF,jung_woo_sung/011.jpg,jung_woo_sung_0011.npy,ok
jung_woo_sung,15,Asian_Males,CWF,jung_woo_sung/015.jpg,jung_woo_sung_0015.npy,ok
jung_woo_sung,17,Asian_Males,CWF,jung_woo_sung/017.jpg,jung_woo_sung_0017.npy,ok
jung_woo_sung,18,Asian_Males,CWF,jung_woo_sung/018.jpg,,spoof_detected
jung_woo_sung,20,Asian_Males,CWF,jung_woo_sung/020.jpg,jung_woo_sung_0020.npy,ok
jung_woo_sung,22,Asian_Males,CWF,jung_woo_sung/022.jpg,jung_woo_sung_0022.npy,ok
jung_woo_sung,25,Asian_Males,CWF,jung_woo_sung/025.jpg,jung_woo_sung_0025.npy,ok
jung_woo_sung,26,Asian_Males,CWF,jung_woo_sung/026.jpg,jung_woo_sung_0026.npy,ok
jung_woo_sung,32,Asian_Males,CWF,jung_woo_sung/032.jpg,jung_woo_sung_0032.npy,ok
jung_woo_sung,33,Asian_Males,CWF,jung_woo_sung/033.jpg,jung_woo_sung_0033.npy,ok
jung_woo_sung,34,Asian_Males,CWF,jung_woo_sung/034.jpg,jung_woo_sung_0034.npy,ok
jung_woo_sung,36,Asian_Males,CWF,jung_woo_sung/036.jpg,jung_woo_sung_0036.npy,ok
jung_woo_sung,41,Asian_Males,CWF,jung_woo_sung/041.jpg,jung_woo_sung_0041.npy,ok
jung_woo_sung,43,Asian_Males,CWF,jung_woo_sung/043.jpg,jung_woo_sung_0043.npy,ok
jung_woo_sung,49,Asian_Males,CWF,jung_woo_sung/049.jpg,jung_woo_sung_0049.npy,ok
jung_woo_sung,54,Asian_Males,CWF,jung_woo_sung/054.jpg,jung_woo_sung_0054.npy,ok
jung_yong_hwa,1,Asian_Males,CWF,jung_yong_hwa/001.jpg,jung_yong_hwa_0001.npy,ok
jung_yong_hwa,4,Asian_Males,CWF,jung_yong_hwa/004.jpg,jung_yong_hwa_0004.npy,ok
jung_yong_hwa,5,Asian_Males,CWF,jung_yong_hwa/005.jpg,,low_confidence
jung_yong_hwa,13,Asian_Males,CWF,jung_yong_hwa/013.jpg,jung_yong_hwa_0013.npy,ok
jung_yong_hwa,21,Asian_Males,CWF,jung_yong_hwa/021.jpg,,spoof_detected
jung_yong_hwa,27,Asian_Males,CWF,jung_yong_hwa/027.jpg,jung_yong_hwa_0027.npy,ok
jung_yong_hwa,28,Asian_Males,CWF,jung_yong_hwa/028.jpg,jung_yong_hwa_0028.npy,ok
jung_yong_hwa,29,Asian_Males,CWF,jung_yong_hwa/029.jpg,jung_yong_hwa_0029.npy,ok
jung_yong_hwa,30,Asian_Males,CWF,jung_yong_hwa/030.jpg,jung_yong_hwa_0030.npy,ok
jung_yong_hwa,31,Asian_Males,CWF,jung_yong_hwa/031.jpg,,low_confidence
jung_yong_hwa,33,Asian_Males,CWF,jung_yong_hwa/033.jpg,jung_yong_hwa_0033.npy,ok
jung_yong_hwa,34,Asian_Males,CWF,jung_yong_hwa/034.jpg,,spoof_detected
jung_yong_hwa,37,Asian_Males,CWF,jung_yong_hwa/037.jpg,jung_yong_hwa_0037.npy,ok
jung_yong_hwa,38,Asian_Males,CWF,jung_yong_hwa/038.jpg,jung_yong_hwa_0038.npy,ok
jung_yong_hwa,42,Asian_Males,CWF,jung_yong_hwa/042.jpg,jung_yong_hwa_0042.npy,ok
jung_yong_hwa,44,Asian_Males,CWF,jung_yong_hwa/044.jpg,,spoof_detected
jung_yong_hwa,45,Asian_Males,CWF,jung_yong_hwa/045.jpg,jung_yong_hwa_0045.npy,ok
jung_yong_hwa,47,Asian_Males,CWF,jung_yong_hwa/047.jpg,,low_confidence
kanata_hongo,2,Asian_Males,CWF,kanata_hongo/002.jpg,,low_confidence
kanata_hongo,6,Asian_Males,CWF,kanata_hongo/006.jpg,,spoof_detected
kanata_hongo,8,Asian_Males,CWF,kanata_hongo/008.jpg,kanata_hongo_0008.npy,ok
kanata_hongo,10,Asian_Males,CWF,kanata_hongo/010.jpg,kanata_hongo_0010.npy,ok
kanata_hongo,18,Asian_Males,CWF,kanata_hongo/018.jpg,kanata_hongo_0018.npy,ok
kanata_hongo,22,Asian_Males,CWF,kanata_hongo/022.jpg,kanata_hongo_0022.npy,ok
kanata_hongo,25,Asian_Males,CWF,kanata_hongo/025.jpg,,low_confidence
kanata_hongo,28,Asian_Males,CWF,kanata_hongo/028.jpg,kanata_hongo_0028.npy,ok
kanata_hongo,32,Asian_Males,CWF,kanata_hongo/032.jpg,kanata_hongo_0032.npy,ok
kanata_hongo,35,Asian_Males,CWF,kanata_hongo/035.jpg,,no_face
kanata_hongo,37,Asian_Males,CWF,kanata_hongo/037.jpg,,spoof_detected
kanata_hongo,39,Asian_Males,CWF,kanata_hongo/039.jpg,kanata_hongo_0039.npy,ok
kanata_hongo,43,Asian_Males,CWF,kanata_hongo/043.jpg,kanata_hongo_0043.npy,ok
kanata_hongo,45,Asian_Males,CWF,kanata_hongo/045.jpg,kanata_hongo_0045.npy,ok
kanata_hongo,46,Asian_Males,CWF,kanata_hongo/046.jpg,,spoof_detected
kanata_hongo,49,Asian_Males,CWF,kanata_hongo/049.jpg,kanata_hongo_0049.npy,ok
kanata_hongo,53,Asian_Males,CWF,kanata_hongo/053.jpg,kanata_hongo_0053.npy,ok
kanata_hongo,57,Asian_Males,CWF,kanata_hongo/057.jpg,,low_confidence
kazuya_kamenashi,1,Asian_Males,CWF,kazuya_kamenashi/001.jpg,,spoof_detected
kazuya_kamenashi,5,Asian_Males,CWF,kazuya_kamenashi/005.jpg,kazuya_kamenashi_0005.npy,ok
kazuya_kamenashi,6,Asian_Males,CWF,kazuya_kamenashi/006.jpg,kazuya_kamenashi_0006.npy,ok
kazuya_kamenashi,7,Asian_Males,CWF,kazuya_kamenashi/007.jpg,kazuya_kamenashi_0007.npy,ok
kazuya_kamenashi,9,Asian_Males,CWF,kazuya_kamenashi/009.jpg,kazuya_kamenashi_0009.npy,ok
kazuya_kamenashi,15,Asian_Males,CWF,kazuya_kamenashi/015.jpg,kazuya_kamenashi_0015.npy,ok
kazuya_kamenashi,19,Asian_Males,CWF,kazuya_kamenashi/019.jpg,,spoof_detected
kazuya_kamenashi,23,Asian_Males,CWF,kazuya_kamenashi/023.jpg,,spoof_detected
kazuya_kamenashi,25,Asian_Males,CWF,kazuya_kamenashi/025.jpg,kazuya_kamenashi_0025.npy,ok
kazuya_kamenashi,31,Asian_Males,CWF,kazuya_kamenashi/031.jpg,kazuya_kamenashi_0031.npy,ok
kazuya_kamenashi,42,Asian_Males,CWF,kazuya_kamenashi/042.jpg,kazuya_kamenashi_0042.npy,ok
kazuya_kamenashi,46,Asian_Males,CWF,kazuya_kamenashi/046.jpg,,spoof_detected
kazuya_kamenashi,47,Asian_Males,CWF,kazuya_kamenashi/047.jpg,kazuya_kamenashi_0047.npy,ok
kazuya_kamenashi,50,Asian_Males,CWF,kazuya_kamenashi/050.jpg,kazuya_kamenashi_0050.npy,ok
kazuya_kamenashi,51,Asian_Males,CWF,kazuya_kamenashi/051.jpg,,spoof_detected
kazuya_kamenashi,52,Asian_Males,CWF,kazuya_kamenashi/052.jpg,kazuya_kamenashi_0052.npy,ok
kazuya_kamenashi,54,Asian_Males,CWF,kazuya_kamenashi/054.jpg,kazuya_kamenashi_0054.npy,ok
kazuya_kamenashi,61,Asian_Males,CWF,kazuya_kamenashi/061.jpg,kazuya_kamenashi_0061.npy,ok
kris_wu,6,Asian_Males,CWF,kris_wu/006.jpg,,spoof_detected
kris_wu,7,Asian_Males,CWF,kris_wu/007.jpg,kris_wu_0007.npy,ok
kris_wu,8,Asian_Males,CWF,kris_wu/008.jpg,,spoof_detected
kris_wu,14,Asian_Males,CWF,kris_wu/014.jpg,kris_wu_0014.npy,ok
kris_wu,21,Asian_Males,CWF,kris_wu/021.jpg,,low_confidence
kris_wu,22,Asian_Males,CWF,kris_wu/022.jpg,kris_wu_0022.npy,ok
kris_wu,23,Asian_Males,CWF,kris_wu/023.jpg,kris_wu_0023.npy,ok
kris_wu,28,Asian_Males,CWF,kris_wu/028.jpg,kris_wu_0028.npy,ok
kris_wu,29,Asian_Males,CWF,kris_wu/029.jpg,,spoof_detected
kris_wu,31,Asian_Males,CWF,kris_wu/031.jpg,kris_wu_0031.npy,ok
kris_wu,37,Asian_Males,CWF,kris_wu/037.jpg,,spoof_detected
kris_wu,38,Asian_Males,CWF,kris_wu/038.jpg,kris_wu_0038.npy,ok
kris_wu,47,Asian_Males,CWF,kris_wu/047.jpg,kris_wu_0047.npy,ok
kris_wu,48,Asian_Males,CWF,kris_wu/048.jpg,kris_wu_0048.npy,ok
kris_wu,52,Asian_Males,CWF,kris_wu/052.jpg,kris_wu_0052.npy,ok
kris_wu,54,Asian_Males,CWF,kris_wu/054.jpg,kris_wu_0054.npy,ok
kris_wu,55,Asian_Males,CWF,kris_wu/055.jpg,kris_wu_0055.npy,ok
kris_wu,56,Asian_Males,CWF,kris_wu/056.jpg,kris_wu_0056.npy,ok
lee_dong_hae,0,Asian_Males,CWF,lee_dong_hae/000.jpg,,spoof_detected
lee_dong_hae,4,Asian_Males,CWF,lee_dong_hae/004.jpg,,spoof_detected
lee_dong_hae,9,Asian_Males,CWF,lee_dong_hae/009.jpg,,low_confidence
lee_dong_hae,17,Asian_Males,CWF,lee_dong_hae/017.jpg,lee_dong_hae_0017.npy,ok
lee_dong_hae,20,Asian_Males,CWF,lee_dong_hae/020.jpg,lee_dong_hae_0020.npy,ok
lee_dong_hae,24,Asian_Males,CWF,lee_dong_hae/024.jpg,lee_dong_hae_0024.npy,ok
lee_dong_hae,25,Asian_Males,CWF,lee_dong_hae/025.jpg,lee_dong_hae_0025.npy,ok
lee_dong_hae,27,Asian_Males,CWF,lee_dong_hae/027.jpg,lee_dong_hae_0027.npy,ok
lee_dong_hae,29,Asian_Males,CWF,lee_dong_hae/029.jpg,lee_dong_hae_0029.npy,ok
lee_dong_hae,32,Asian_Males,CWF,lee_dong_hae/032.jpg,lee_dong_hae_0032.npy,ok
lee_dong_hae,33,Asian_Males,CWF,lee_dong_hae/033.jpg,lee_dong_hae_0033.npy,ok
lee_dong_hae,34,Asian_Males,CWF,lee_dong_hae/034.jpg,lee_dong_hae_0034.npy,ok
lee_dong_hae,36,Asian_Males,CWF,lee_dong_hae/036.jpg,,spoof_detected
lee_dong_hae,53,Asian_Males,CWF,lee_dong_hae/053.jpg,lee_dong_hae_0053.npy,ok
lee_dong_hae,57,Asian_Males,CWF,lee_dong_hae/057.jpg,lee_dong_hae_0057.npy,ok
lee_dong_hae,59,Asian_Males,CWF,lee_dong_hae/059.jpg,lee_dong_hae_0059.npy,ok
lee_dong_hae,63,Asian_Males,CWF,lee_dong_hae/063.jpg,lee_dong_hae_0063.npy,ok
lee_dong_hae,67,Asian_Males,CWF,lee_dong_hae/067.jpg,lee_dong_hae_0067.npy,ok
lee_joon-gi,24,Asian_Males,CWF,lee_joon-gi/024.jpg,lee_joon-gi_0024.npy,ok
lee_joon-gi,26,Asian_Males,CWF,lee_joon-gi/026.jpg,lee_joon-gi_0026.npy,ok
mark_dacascos,1,Asian_Males,CWF,mark_dacascos/001.jpg,,low_confidence
mark_dacascos,4,Asian_Males,CWF,mark_dacascos/004.jpg,,no_face
mark_dacascos,7,Asian_Males,CWF,mark_dacascos/007.jpg,,low_confidence
mark_dacascos,9,Asian_Males,CWF,mark_dacascos/009.jpg,,low_confidence
mark_dacascos,22,Asian_Males,CWF,mark_dacascos/022.jpg,mark_dacascos_0022.npy,ok
mark_dacascos,39,Asian_Males,CWF,mark_dacascos/039.jpg,,low_confidence
mark_dacascos,902,Asian_Males,CWF,mark_dacascos/902.jpg,mark_dacascos_0902.npy,ok
mark_dacascos,908,Asian_Males,CWF,mark_dacascos/908.jpg,,no_face
mark_dacascos,909,Asian_Males,CWF,mark_dacascos/909.jpg,mark_dacascos_0909.npy,ok
mark_dacascos,915,Asian_Males,CWF,mark_dacascos/915.jpg,mark_dacascos_0915.npy,ok
mark_dacascos,918,Asian_Males,CWF,mark_dacascos/918.jpg,,spoof_detected
mark_dacascos,920,Asian_Males,CWF,mark_dacascos/920.jpg,mark_dacascos_0920.npy,ok
mark_dacascos,924,Asian_Males,CWF,mark_dacascos/924.jpg,,no_face
mark_dacascos,928,Asian_Males,CWF,mark_dacascos/928.jpg,mark_dacascos_0928.npy,ok
mark_dacascos,944,Asian_Males,CWF,mark_dacascos/944.jpg,mark_dacascos_0944.npy,ok
mark_dacascos,954,Asian_Males,CWF,mark_dacascos/954.jpg,mark_dacascos_0954.npy,ok
mark_dacascos,960,Asian_Males,CWF,mark_dacascos/960.jpg,mark_dacascos_0960.npy,ok
mark_dacascos,961,Asian_Males,CWF,mark_dacascos/961.jpg,mark_dacascos_0961.npy,ok
park_ji_sung,5,Asian_Males,CWF,park_ji_sung/005.jpg,park_ji_sung_0005.npy,ok
park_ji_sung,8,Asian_Males,CWF,park_ji_sung/008.jpg,park_ji_sung_0008.npy,ok
park_ji_sung,9,Asian_Males,CWF,park_ji_sung/009.jpg,park_ji_sung_0009.npy,ok
park_ji_sung,11,Asian_Males,CWF,park_ji_sung/011.jpg,park_ji_sung_0011.npy,ok
park_ji_sung,14,Asian_Males,CWF,park_ji_sung/014.jpg,park_ji_sung_0014.npy,ok
park_ji_sung,16,Asian_Males,CWF,park_ji_sung/016.jpg,park_ji_sung_0016.npy,ok
park_ji_sung,17,Asian_Males,CWF,park_ji_sung/017.jpg,park_ji_sung_0017.npy,ok
park_ji_sung,18,Asian_Males,CWF,park_ji_sung/018.jpg,park_ji_sung_0018.npy,ok
park_ji_sung,26,Asian_Males,CWF,park_ji_sung/026.jpg,park_ji_sung_0026.npy,ok
park_ji_sung,31,Asian_Males,CWF,park_ji_sung/031.jpg,,low_confidence
park_ji_sung,32,Asian_Males,CWF,park_ji_sung/032.jpg,park_ji_sung_0032.npy,ok
park_ji_sung,40,Asian_Males,CWF,park_ji_sung/040.jpg,park_ji_sung_0040.npy,ok
park_ji_sung,45,Asian_Males,CWF,park_ji_sung/045.jpg,,spoof_detected
park_ji_sung,48,Asian_Males,CWF,park_ji_sung/048.jpg,park_ji_sung_0048.npy,ok
park_ji_sung,50,Asian_Males,CWF,park_ji_sung/050.jpg,park_ji_sung_0050.npy,ok
park_ji_sung,58,Asian_Males,CWF,park_ji_sung/058.jpg,park_ji_sung_0058.npy,ok
park_ji_sung,64,Asian_Males,CWF,park_ji_sung/064.jpg,,spoof_detected
park_ji_sung,65,Asian_Males,CWF,park_ji_sung/065.jpg,,low_confidence
reggie_lee,1,Asian_Males,VGGFace,reggie_lee/00000001.jpg,,low_confidence
reggie_lee,3,Asian_Males,VGGFace,reggie_lee/00000003.jpg,,no_face
reggie_lee,9,Asian_Males,VGGFace,reggie_lee/00000009.jpg,,no_face
reggie_lee,11,Asian_Males,VGGFace,reggie_lee/00000011.jpg,,no_face
reggie_lee,14,Asian_Males,VGGFace,reggie_lee/00000014.jpg,,no_face
reggie_lee,17,Asian_Males,VGGFace,reggie_lee/00000017.jpg,,low_confidence
reggie_lee,19,Asian_Males,VGGFace,reggie_lee/00000019.jpg,,no_face
reggie_lee,24,Asian_Males,VGGFace,reggie_lee/00000024.jpg,,no_face
reggie_lee,39,Asian_Males,VGGFace,reggie_lee/00000039.jpg,,low_confidence
reggie_lee,41,Asian_Males,VGGFace,reggie_lee/00000041.jpg,reggie_lee_0041.npy,ok
reggie_lee,56,Asian_Males,VGGFace,reggie_lee/00000056.jpg,,low_confidence
reggie_lee,61,Asian_Males,VGGFace,reggie_lee/00000061.jpg,,no_face
reggie_lee,62,Asian_Males,VGGFace,reggie_lee/00000062.jpg,reggie_lee_0062.npy,ok
reggie_lee,84,Asian_Males,VGGFace,reggie_lee/00000084.jpg,,no_face
reggie_lee,111,Asian_Males,VGGFace,reggie_lee/00000111.jpg,,no_face
reggie_lee,228,Asian_Males,VGGFace,reggie_lee/00000228.jpg,,low_confidence
reggie_lee,245,Asian_Males,VGGFace,reggie_lee/00000245.jpg,reggie_lee_0245.npy,ok
reggie_lee,528,Asian_Males,VGGFace,reggie_lee/00000528.jpg,reggie_lee_0528.npy,ok
robin_shou,92,Asian_Males,VGGFace,robin_shou/00000092.jpg,,low_confidence
robin_shou,97,Asian_Males,VGGFace,robin_shou/00000097.jpg,robin_shou_0097.npy,ok
robin_shou,103,Asian_Males,VGGFace,robin_shou/00000103.jpg,,low_confidence
robin_shou,127,Asian_Males,VGGFace,robin_shou/00000127.jpg,,low_confidence
robin_shou,135,Asian_Males,VGGFace,robin_shou/00000135.jpg,,low_confidence
robin_shou,148,Asian_Males,VGGFace,robin_shou/00000148.jpg,,low_confidence
robin_shou,184,Asian_Males,VGGFace,robin_shou/00000184.jpg,,no_face
robin_shou,202,Asian_Males,VGGFace,robin_shou/00000202.jpg,,no_face
robin_shou,206,Asian_Males,VGGFace,robin_shou/00000206.jpg,,no_face
robin_shou,227,Asian_Males,VGGFace,robin_shou/00000227.jpg,,low_confidence
robin_shou,277,Asian_Males,VGGFace,robin_shou/00000277.jpg,,low_confidence
robin_shou,316,Asian_Males,VGGFace,robin_shou/00000316.jpg,,no_face
robin_shou,489,Asian_Males,VGGFace,robin_shou/00000489.jpg,robin_shou_0489.npy,ok
robin_shou,502,Asian_Males,VGGFace,robin_shou/00000502.jpg,,no_face
robin_shou,619,Asian_Males,VGGFace,robin_shou/00000619.jpg,,no_face
robin_shou,834,Asian_Males,VGGFace,robin_shou/00000834.jpg,,low_confidence
robin_shou,841,Asian_Males,VGGFace,robin_shou/00000841.jpg,,no_face
robin_shou,954,Asian_Males,VGGFace,robin_shou/00000954.jpg,,no_face
ron_yuan,21,Asian_Males,CWF,ron_yuan/021.jpg,,low_confidence
ron_yuan,27,Asian_Males,CWF,ron_yuan/027.jpg,,low_confidence
ron_yuan,29,Asian_Males,CWF,ron_yuan/029.jpg,,low_confidence
ron_yuan,30,Asian_Males,CWF,ron_yuan/030.jpg,,low_confidence
ron_yuan,31,Asian_Males,CWF,ron_yuan/031.jpg,ron_yuan_0031.npy,ok
ron_yuan,33,Asian_Males,CWF,ron_yuan/033.jpg,,low_confidence
ron_yuan,35,Asian_Males,CWF,ron_yuan/035.jpg,,low_confidence
ron_yuan,44,Asian_Males,CWF,ron_yuan/044.jpg,,low_confidence
ron_yuan,46,Asian_Males,CWF,ron_yuan/046.jpg,,no_face
ron_yuan,47,Asian_Males,CWF,ron_yuan/047.jpg,,low_confidence
ron_yuan,53,Asian_Males,CWF,ron_yuan/053.jpg,ron_yuan_0053.npy,ok
ron_yuan,56,Asian_Males,CWF,ron_yuan/056.jpg,ron_yuan_0056.npy,ok
ron_yuan,58,Asian_Males,CWF,ron_yuan/058.jpg,ron_yuan_0058.npy,ok
ron_yuan,62,Asian_Males,CWF,ron_yuan/062.jpg,ron_yuan_0062.npy,ok
ron_yuan,64,Asian_Males,CWF,ron_yuan/064.jpg,,low_confidence
ron_yuan,67,Asian_Males,CWF,ron_yuan/067.jpg,,spoof_detected
ron_yuan,70,Asian_Males,CWF,ron_yuan/070.jpg,,low_confidence
ron_yuan,71,Asian_Males,CWF,ron_yuan/071.jpg,,low_confidence
ryosuke_yamada,32,Asian_Males,CWF,ryosuke_yamada/032.jpg,,spoof_detected
ryosuke_yamada,50,Asian_Males,CWF,ryosuke_yamada/050.jpg,ryosuke_yamada_0050.npy,ok
scott_takeda,2,Asian_Males,CWF,scott_takeda/002.jpg,,low_confidence
scott_takeda,6,Asian_Males,CWF,scott_takeda/006.jpg,scott_takeda_0006.npy,ok
scott_takeda,10,Asian_Males,CWF,scott_takeda/010.jpg,,low_confidence
scott_takeda,11,Asian_Males,CWF,scott_takeda/011.jpg,scott_takeda_0011.npy,ok
scott_takeda,12,Asian_Males,CWF,scott_takeda/012.jpg,,low_confidence
scott_takeda,14,Asian_Males,CWF,scott_takeda/014.jpg,scott_takeda_0014.npy,ok
scott_takeda,17,Asian_Males,CWF,scott_takeda/017.jpg,scott_takeda_0017.npy,ok
scott_takeda,19,Asian_Males,CWF,scott_takeda/019.jpg,,spoof_detected
scott_takeda,904,Asian_Males,CWF,scott_takeda/904.jpg,scott_takeda_0904.npy,ok
scott_takeda,909,Asian_Males,CWF,scott_takeda/909.jpg,scott_takeda_0909.npy,ok
scott_takeda,910,Asian_Males,CWF,scott_takeda/910.jpg,scott_takeda_0910.npy,ok
scott_takeda,915,Asian_Males,CWF,scott_takeda/915.jpg,scott_takeda_0915.npy,ok
scott_takeda,916,Asian_Males,CWF,scott_takeda/916.jpg,scott_takeda_0916.npy,ok
scott_takeda,918,Asian_Males,CWF,scott_takeda/918.jpg,scott_takeda_0918.npy,ok
scott_takeda,919,Asian_Males,CWF,scott_takeda/919.jpg,,low_confidence
scott_takeda,922,Asian_Males,CWF,scott_takeda/922.jpg,scott_takeda_0922.npy,ok
scott_takeda,923,Asian_Males,CWF,scott_takeda/923.jpg,scott_takeda_0923.npy,ok
scott_takeda,925,Asian_Males,CWF,scott_takeda/925.jpg,scott_takeda_0925.npy,ok
shun_oguri,1,Asian_Males,CWF,shun_oguri/001.jpg,shun_oguri_0001.npy,ok
shun_oguri,5,Asian_Males,CWF,shun_oguri/005.jpg,shun_oguri_0005.npy,ok
shun_oguri,6,Asian_Males,CWF,shun_oguri/006.jpg,shun_oguri_0006.npy,ok
shun_oguri,10,Asian_Males,CWF,shun_oguri/010.jpg,shun_oguri_0010.npy,ok
shun_oguri,12,Asian_Males,CWF,shun_oguri/012.jpg,shun_oguri_0012.npy,ok
shun_oguri,14,Asian_Males,CWF,shun_oguri/014.jpg,,spoof_detected
shun_oguri,25,Asian_Males,CWF,shun_oguri/025.jpg,,low_confidence
shun_oguri,33,Asian_Males,CWF,shun_oguri/033.jpg,shun_oguri_0033.npy,ok
shun_oguri,35,Asian_Males,CWF,shun_oguri/035.jpg,shun_oguri_0035.npy,ok
shun_oguri,39,Asian_Males,CWF,shun_oguri/039.jpg,,spoof_detected
shun_oguri,41,Asian_Males,CWF,shun_oguri/041.jpg,shun_oguri_0041.npy,ok
shun_oguri,46,Asian_Males,CWF,shun_oguri/046.jpg,shun_oguri_0046.npy,ok
shun_oguri,51,Asian_Males,CWF,shun_oguri/051.jpg,shun_oguri_0051.npy,ok
shun_oguri,59,Asian_Males,CWF,shun_oguri/059.jpg,shun_oguri_0059.npy,ok
shun_oguri,64,Asian_Males,CWF,shun_oguri/064.jpg,shun_oguri_0064.npy,ok
shun_oguri,65,Asian_Males,CWF,shun_oguri/065.jpg,,spoof_detected
shun_oguri,70,Asian_Males,CWF,shun_oguri/070.jpg,shun_oguri_0070.npy,ok
shun_oguri,79,Asian_Males,CWF,shun_oguri/079.jpg,shun_oguri_0079.npy,ok
song_joong_ki,5,Asian_Males,CWF,song_joong_ki/005.jpg,song_joong_ki_0005.npy,ok
song_joong_ki,8,Asian_Males,CWF,song_joong_ki/008.jpg,song_joong_ki_0008.npy,ok
song_joong_ki,11,Asian_Males,CWF,song_joong_ki/011.jpg,song_joong_ki_0011.npy,ok
song_joong_ki,13,Asian_Males,CWF,song_joong_ki/013.jpg,song_joong_ki_0013.npy,ok
song_joong_ki,18,Asian_Males,CWF,song_joong_ki/018.jpg,song_joong_ki_0018.npy,ok
song_joong_ki,19,Asian_Males,CWF,song_joong_ki/019.jpg,song_joong_ki_0019.npy,ok
song_joong_ki,26,Asian_Males,CWF,song_joong_ki/026.jpg,song_joong_ki_0026.npy,ok
song_joong_ki,28,Asian_Males,CWF,song_joong_ki/028.jpg,song_joong_ki_0028.npy,ok
song_joong_ki,29,Asian_Males,CWF,song_joong_ki/029.jpg,song_joong_ki_0029.npy,ok
song_joong_ki,30,Asian_Males,CWF,song_joong_ki/030.jpg,song_joong_ki_0030.npy,ok
song_joong_ki,33,Asian_Males,CWF,song_joong_ki/033.jpg,song_joong_ki_0033.npy,ok
song_joong_ki,34,Asian_Males,CWF,song_joong_ki/034.jpg,,low_confidence
song_joong_ki,36,Asian_Males,CWF,song_joong_ki/036.jpg,,spoof_detected
song_joong_ki,39,Asian_Males,CWF,song_joong_ki/039.jpg,song_joong_ki_0039.npy,ok
song_joong_ki,41,Asian_Males,CWF,song_joong_ki/041.jpg,song_joong_ki_0041.npy,ok
song_joong_ki,42,Asian_Males,CWF,song_joong_ki/042.jpg,song_joong_ki_0042.npy,ok
song_joong_ki,52,Asian_Males,CWF,song_joong_ki/052.jpg,song_joong_ki_0052.npy,ok
song_joong_ki,56,Asian_Males,CWF,song_joong_ki/056.jpg,song_joong_ki_0056.npy,ok
stephen_chow,2,Asian_Males,CWF,stephen_chow/002.jpg,,no_face
stephen_chow,4,Asian_Males,CWF,stephen_chow/004.jpg,,low_confidence
stephen_chow,5,Asian_Males,CWF,stephen_chow/005.jpg,,spoof_detected
stephen_chow,7,Asian_Males,CWF,stephen_chow/007.jpg,,low_confidence
stephen_chow,10,Asian_Males,CWF,stephen_chow/010.jpg,,low_confidence
stephen_chow,11,Asian_Males,CWF,stephen_chow/011.jpg,,no_face
steven_yeun,2,Asian_Males,VGGFace,steven_yeun/00000002.jpg,,no_face
steven_yeun,68,Asian_Males,VGGFace,steven_yeun/00000068.jpg,,no_face
steven_yeun,82,Asian_Males,VGGFace,steven_yeun/00000082.jpg,,no_face
steven_yeun,97,Asian_Males,VGGFace,steven_yeun/00000097.jpg,,low_confidence
steven_yeun,149,Asian_Males,VGGFace,steven_yeun/00000149.jpg,,no_face
steven_yeun,192,Asian_Males,VGGFace,steven_yeun/00000192.jpg,,no_face
steven_yeun,210,Asian_Males,VGGFace,steven_yeun/00000210.jpg,,no_face
steven_yeun,214,Asian_Males,VGGFace,steven_yeun/00000214.jpg,,low_confidence
steven_yeun,261,Asian_Males,VGGFace,steven_yeun/00000261.jpg,steven_yeun_0261.npy,ok
steven_yeun,262,Asian_Males,VGGFace,steven_yeun/00000262.jpg,,low_confidence
steven_yeun,269,Asian_Males,VGGFace,steven_yeun/00000269.jpg,steven_yeun_0269.npy,ok
steven_yeun,270,Asian_Males,VGGFace,steven_yeun/00000270.jpg,,low_confidence
steven_yeun,297,Asian_Males,VGGFace,steven_yeun/00000297.jpg,steven_yeun_0297.npy,ok
steven_yeun,327,Asian_Males,VGGFace,steven_yeun/00000327.jpg,,low_confidence
steven_yeun,328,Asian_Males,VGGFace,steven_yeun/00000328.jpg,,low_confidence
steven_yeun,494,Asian_Males,VGGFace,steven_yeun/00000494.jpg,,no_face
steven_yeun,595,Asian_Males,VGGFace,steven_yeun/00000595.jpg,,low_confidence
steven_yeun,752,Asian_Males,VGGFace,steven_yeun/00000752.jpg,,low_confidence
sung_kang,3,Asian_Males,VGGFace,sung_kang/00000003.jpg,,no_face
sung_kang,6,Asian_Males,VGGFace,sung_kang/00000006.jpg,,low_confidence
sung_kang,23,Asian_Males,VGGFace,sung_kang/00000023.jpg,,no_face
sung_kang,36,Asian_Males,VGGFace,sung_kang/00000036.jpg,,low_confidence
sung_kang,37,Asian_Males,VGGFace,sung_kang/00000037.jpg,,low_confidence
sung_kang,52,Asian_Males,VGGFace,sung_kang/00000052.jpg,sung_kang_0052.npy,ok
sung_kang,58,Asian_Males,VGGFace,sung_kang/00000058.jpg,,no_face
sung_kang,102,Asian_Males,VGGFace,sung_kang/00000102.jpg,,no_face
sung_kang,107,Asian_Males,VGGFace,sung_kang/00000107.jpg,,no_face
sung_kang,244,Asian_Males,VGGFace,sung_kang/00000244.jpg,,no_face
sung_kang,293,Asian_Males,VGGFace,sung_kang/00000293.jpg,,no_face
sung_kang,359,Asian_Males,VGGFace,sung_kang/00000359.jpg,,no_face
sung_kang,371,Asian_Males,VGGFace,sung_kang/00000371.jpg,,no_face
sung_kang,584,Asian_Males,VGGFace,sung_kang/00000584.jpg,,no_face
sung_kang,716,Asian_Males,VGGFace,sung_kang/00000716.jpg,,no_face
sung_kang,734,Asian_Males,VGGFace,sung_kang/00000734.jpg,,low_confidence
sung_kang,868,Asian_Males,VGGFace,sung_kang/00000868.jpg,,no_face
sung_kang,871,Asian_Males,VGGFace,sung_kang/00000871.jpg,,low_confidence
teppei_koike,2,Asian_Males,CWF,teppei_koike/002.jpg,,spoof_detected
teppei_koike,6,Asian_Males,CWF,teppei_koike/006.jpg,teppei_koike_0006.npy,ok
teppei_koike,7,Asian_Males,CWF,teppei_koike/007.jpg,teppei_koike_0007.npy,ok
teppei_koike,16,Asian_Males,CWF,teppei_koike/016.jpg,teppei_koike_0016.npy,ok
teppei_koike,18,Asian_Males,CWF,teppei_koike/018.jpg,,low_confidence
teppei_koike,25,Asian_Males,CWF,teppei_koike/025.jpg,teppei_koike_0025.npy,ok
teppei_koike,28,Asian_Males,CWF,teppei_koike/028.jpg,teppei_koike_0028.npy,ok
teppei_koike,30,Asian_Males,CWF,teppei_koike/030.jpg,teppei_koike_0030.npy,ok
teppei_koike,32,Asian_Males,CWF,teppei_koike/032.jpg,teppei_koike_0032.npy,ok
teppei_koike,39,Asian_Males,CWF,teppei_koike/039.jpg,,spoof_detected
teppei_koike,42,Asian_Males,CWF,teppei_koike/042.jpg,teppei_koike_0042.npy,ok
teppei_koike,45,Asian_Males,CWF,teppei_koike/045.jpg,teppei_koike_0045.npy,ok
teppei_koike,47,Asian_Males,CWF,teppei_koike/047.jpg,teppei_koike_0047.npy,ok
teppei_koike,48,Asian_Males,CWF,teppei_koike/048.jpg,teppei_koike_0048.npy,ok
teppei_koike,49,Asian_Males,CWF,teppei_koike/049.jpg,teppei_koike_0049.npy,ok
teppei_koike,53,Asian_Males,CWF,teppei_koike/053.jpg,teppei_koike_0053.npy,ok
teppei_koike,58,Asian_Males,CWF,teppei_koike/058.jpg,,no_face
teppei_koike,63,Asian_Males,CWF,teppei_koike/063.jpg,teppei_koike_0063.npy,ok
toma_ikuta,0,Asian_Males,CWF,toma_ikuta/000.jpg,,no_face
toma_ikuta,4,Asian_Males,CWF,toma_ikuta/004.jpg,,spoof_detected
toma_ikuta,6,Asian_Males,CWF,toma_ikuta/006.jpg,,low_confidence
toma_ikuta,7,Asian_Males,CWF,toma_ikuta/007.jpg,toma_ikuta_0007.npy,ok
toma_ikuta,10,Asian_Males,CWF,toma_ikuta/010.jpg,toma_ikuta_0010.npy,ok
toma_ikuta,20,Asian_Males,CWF,toma_ikuta/020.jpg,,spoof_detected
toma_ikuta,22,Asian_Males,CWF,toma_ikuta/022.jpg,toma_ikuta_0022.npy,ok
toma_ikuta,31,Asian_Males,CWF,toma_ikuta/031.jpg,,spoof_detected
toma_ikuta,39,Asian_Males,CWF,toma_ikuta/039.jpg,toma_ikuta_0039.npy,ok
toma_ikuta,45,Asian_Males,CWF,toma_ikuta/045.jpg,,no_face
toma_ikuta,48,Asian_Males,CWF,toma_ikuta/048.jpg,toma_ikuta_0048.npy,ok
toma_ikuta,54,Asian_Males,CWF,toma_ikuta/054.jpg,,spoof_detected
toma_ikuta,62,Asian_Males,CWF,toma_ikuta/062.jpg,,no_face
toma_ikuta,64,Asian_Males,CWF,toma_ikuta/064.jpg,toma_ikuta_0064.npy,ok
toma_ikuta,66,Asian_Males,CWF,toma_ikuta/066.jpg,,spoof_detected
toma_ikuta,74,Asian_Males,CWF,toma_ikuta/074.jpg,toma_ikuta_0074.npy,ok
toma_ikuta,75,Asian_Males,CWF,toma_ikuta/075.jpg,toma_ikuta_0075.npy,ok
toma_ikuta,81,Asian_Males,CWF,toma_ikuta/081.jpg,toma_ikuta_0081.npy,ok
tony_chiu_wai_leung,1,Asian_Males,CWF,tony_chiu_wai_leung/001.jpg,,low_confidence
tony_chiu_wai_leung,2,Asian_Males,CWF,tony_chiu_wai_leung/002.jpg,,low_confidence
tony_chiu_wai_leung,4,Asian_Males,CWF,tony_chiu_wai_leung/004.jpg,tony_chiu_wai_leung_0004.npy,ok
tony_chiu_wai_leung,6,Asian_Males,CWF,tony_chiu_wai_leung/006.jpg,tony_chiu_wai_leung_0006.npy,ok
tony_chiu_wai_leung,7,Asian_Males,CWF,tony_chiu_wai_leung/007.jpg,tony_chiu_wai_leung_0007.npy,ok
tony_chiu_wai_leung,10,Asian_Males,CWF,tony_chiu_wai_leung/010.jpg,,no_face
tony_chiu_wai_leung,11,Asian_Males,CWF,tony_chiu_wai_leung/011.jpg,,low_confidence
tony_chiu_wai_leung,12,Asian_Males,CWF,tony_chiu_wai_leung/012.jpg,tony_chiu_wai_leung_0012.npy,ok
tony_chiu_wai_leung,15,Asian_Males,CWF,tony_chiu_wai_leung/015.jpg,,low_confidence
tony_chiu_wai_leung,16,Asian_Males,CWF,tony_chiu_wai_leung/016.jpg,,low_confidence
tony_chiu_wai_leung,17,Asian_Males,CWF,tony_chiu_wai_leung/017.jpg,tony_chiu_wai_leung_0017.npy,ok
tony_chiu_wai_leung,20,Asian_Males,CWF,tony_chiu_wai_leung/020.jpg,tony_chiu_wai_leung_0020.npy,ok
tony_chiu_wai_leung,21,Asian_Males,CWF,tony_chiu_wai_leung/021.jpg,tony_chiu_wai_leung_0021.npy,ok
tony_chiu_wai_leung,23,Asian_Males,CWF,tony_chiu_wai_leung/023.jpg,tony_chiu_wai_leung_0023.npy,ok
tony_chiu_wai_leung,24,Asian_Males,CWF,tony_chiu_wai_leung/024.jpg,,no_face
tony_chiu_wai_leung,25,Asian_Males,CWF,tony_chiu_wai_leung/025.jpg,tony_chiu_wai_leung_0025.npy,ok
tony_chiu_wai_leung,26,Asian_Males,CWF,tony_chiu_wai_leung/026.jpg,,low_confidence
tony_chiu_wai_leung,28,Asian_Males,CWF,tony_chiu_wai_leung/028.jpg,tony_chiu_wai_leung_0028.npy,ok
tony_jaa,3,Asian_Males,CWF,tony_jaa/003.jpg,,low_confidence
tony_jaa,4,Asian_Males,CWF,tony_jaa/004.jpg,tony_jaa_0004.npy,ok
tony_jaa,8,Asian_Males,CWF,tony_jaa/008.jpg,tony_jaa_0008.npy,ok
tony_jaa,11,Asian_Males,CWF,tony_jaa/011.jpg,tony_jaa_0011.npy,ok
tony_jaa,12,Asian_Males,CWF,tony_jaa/012.jpg,tony_jaa_0012.npy,ok
tony_jaa,17,Asian_Males,CWF,tony_jaa/017.jpg,tony_jaa_0017.npy,ok
tony_jaa,20,Asian_Males,CWF,tony_jaa/020.jpg,tony_jaa_0020.npy,ok
tony_jaa,22,Asian_Males,CWF,tony_jaa/022.jpg,tony_jaa_0022.npy,ok
tony_jaa,23,Asian_Males,CWF,tony_jaa/023.jpg,tony_jaa_0023.npy,ok
tony_jaa,24,Asian_Males,CWF,tony_jaa/024.jpg,tony_jaa_0024.npy,ok
tony_jaa,29,Asian_Males,CWF,tony_jaa/029.jpg,,low_confidence
tony_jaa,31,Asian_Males,CWF,tony_jaa/031.jpg,tony_jaa_0031.npy,ok
tony_jaa,33,Asian_Males,CWF,tony_jaa/033.jpg,tony_jaa_0033.npy,ok
tony_jaa,40,Asian_Males,CWF,tony_jaa/040.jpg,,low_confidence
tony_jaa,43,Asian_Males,CWF,tony_jaa/043.jpg,tony_jaa_0043.npy,ok
tony_jaa,45,Asian_Males,CWF,tony_jaa/045.jpg,tony_jaa_0045.npy,ok
tony_jaa,51,Asian_Males,CWF,tony_jaa/051.jpg,,low_confidence
tony_jaa,54,Asian_Males,CWF,tony_jaa/054.jpg,tony_jaa_0054.npy,ok
will_yun_lee,5,Asian_Males,CWF,will_yun_lee/005.jpg,,no_face
will_yun_lee,12,Asian_Males,CWF,will_yun_lee/012.jpg,,low_confidence
will_yun_lee,54,Asian_Males,VGGFace,will_yun_lee/00000054.jpg,,no_face
will_yun_lee,72,Asian_Males,VGGFace,will_yun_lee/00000072.jpg,,no_face
will_yun_lee,79,Asian_Males,VGGFace,will_yun_lee/00000079.jpg,will_yun_lee_0079.npy,ok
will_yun_lee,346,Asian_Males,VGGFace,will_yun_lee/00000346.jpg,,low_confidence
will_yun_lee,347,Asian_Males,VGGFace,will_yun_lee/00000347.jpg,,no_face
will_yun_lee,417,Asian_Males,VGGFace,will_yun_lee/00000417.jpg,,no_face
will_yun_lee,490,Asian_Males,VGGFace,will_yun_lee/00000490.jpg,will_yun_lee_0490.npy,ok
will_yun_lee,510,Asian_Males,VGGFace,will_yun_lee/00000510.jpg,will_yun_lee_0510.npy,ok
will_yun_lee,570,Asian_Males,VGGFace,will_yun_lee/00000570.jpg,will_yun_lee_0570.npy,ok
will_yun_lee,581,Asian_Males,VGGFace,will_yun_lee/00000581.jpg,,low_confidence
will_yun_lee,598,Asian_Males,VGGFace,will_yun_lee/00000598.jpg,,low_confidence
will_yun_lee,669,Asian_Males,VGGFace,will_yun_lee/00000669.jpg,will_yun_lee_0669.npy,ok
will_yun_lee,864,Asian_Males,VGGFace,will_yun_lee/00000864.jpg,,low_confidence
will_yun_lee,908,Asian_Males,VGGFace,will_yun_lee/00000908.jpg,,spoof_detected
will_yun_lee,920,Asian_Males,VGGFace,will_yun_lee/00000920.jpg,will_yun_lee_0920.npy,ok
will_yun_lee,933,Asian_Males,VGGFace,will_yun_lee/00000933.jpg,,no_face
yannus_sufandi,1,Asian_Males,CWF,yannus_sufandi/001.jpg,,no_face
yannus_sufandi,4,Asian_Males,CWF,yannus_sufandi/004.jpg,,low_confidence
yannus_sufandi,7,Asian_Males,CWF,yannus_sufandi/007.jpg,yannus_sufandi_0007.npy,ok
yannus_sufandi,8,Asian_Males,CWF,yannus_sufandi/008.jpg,,low_confidence
yannus_sufandi,9,Asian_Males,CWF,yannus_sufandi/009.jpg,,low_confidence
yannus_sufandi,14,Asian_Males,CWF,yannus_sufandi/014.jpg,,low_confidence
yannus_sufandi,16,Asian_Males,CWF,yannus_sufandi/016.jpg,yannus_sufandi_0016.npy,ok
yannus_sufandi,26,Asian_Males,CWF,yannus_sufandi/026.jpg,,low_confidence
yannus_sufandi,28,Asian_Males,CWF,yannus_sufandi/028.jpg,,low_confidence
yannus_sufandi,30,Asian_Males,CWF,yannus_sufandi/030.jpg,,low_confidence
yannus_sufandi,35,Asian_Males,CWF,yannus_sufandi/035.jpg,,low_confidence
yannus_sufandi,36,Asian_Males,CWF,yannus_sufandi/036.jpg,,low_confidence
yannus_sufandi,43,Asian_Males,CWF,yannus_sufandi/043.jpg,,low_confidence
yannus_sufandi,48,Asian_Males,CWF,yannus_sufandi/048.jpg,,low_confidence
yannus_sufandi,52,Asian_Males,CWF,yannus_sufandi/052.jpg,,no_face
yannus_sufandi,53,Asian_Males,CWF,yannus_sufandi/053.jpg,,low_confidence
yannus_sufandi,55,Asian_Males,CWF,yannus_sufandi/055.jpg,yannus_sufandi_0055.npy,ok
yannus_sufandi,58,Asian_Males,CWF,yannus_sufandi/058.jpg,,low_confidence
yao_ming,1,Asian_Males,CWF,yao_ming/001.jpg,yao_ming_0001.npy,ok
yao_ming,3,Asian_Males,CWF,yao_ming/003.jpg,yao_ming_0003.npy,ok
yao_ming,4,Asian_Males,CWF,yao_ming/004.jpg,yao_ming_0004.npy,ok
yao_ming,5,Asian_Males,CWF,yao_ming/005.jpg,yao_ming_0005.npy,ok
yao_ming,6,Asian_Males,CWF,yao_ming/006.jpg,,low_confidence
yao_ming,7,Asian_Males,CWF,yao_ming/007.jpg,yao_ming_0007.npy,ok
yao_ming,9,Asian_Males,CWF,yao_ming/009.jpg,yao_ming_0009.npy,ok
yao_ming,10,Asian_Males,CWF,yao_ming/010.jpg,,low_confidence
yao_ming,11,Asian_Males,CWF,yao_ming/011.jpg,yao_ming_0011.npy,ok
yao_ming,12,Asian_Males,CWF,yao_ming/012.jpg,yao_ming_0012.npy,ok
yao_ming,17,Asian_Males,CWF,yao_ming/017.jpg,yao_ming_0017.npy,ok
yao_ming,19,Asian_Males,CWF,yao_ming/019.jpg,yao_ming_0019.npy,ok
yao_ming,20,Asian_Males,CWF,yao_ming/020.jpg,,no_face
yao_ming,22,Asian_Males,CWF,yao_ming/022.jpg,yao_ming_0022.npy,ok
yao_ming,23,Asian_Males,CWF,yao_ming/023.jpg,yao_ming_0023.npy,ok
yao_ming,33,Asian_Males,CWF,yao_ming/033.jpg,yao_ming_0033.npy,ok
yao_ming,36,Asian_Males,CWF,yao_ming/036.jpg,yao_ming_0036.npy,ok
yao_ming,38,Asian_Males,CWF,yao_ming/038.jpg,yao_ming_0038.npy,ok
ye_liu,1,Asian_Males,CWF,ye_liu/001.jpg,ye_liu_0001.npy,ok
ye_liu,2,Asian_Males,CWF,ye_liu/002.jpg,ye_liu_0002.npy,ok
ye_liu,3,Asian_Males,CWF,ye_liu/003.jpg,,low_confidence
ye_liu,5,Asian_Males,CWF,ye_liu/005.jpg,,low_confidence
ye_liu,6,Asian_Males,CWF,ye_liu/006.jpg,ye_liu_0006.npy,ok
ye_liu,7,Asian_Males,CWF,ye_liu/007.jpg,ye_liu_0007.npy,ok
ye_liu,8,Asian_Males,CWF,ye_liu/008.jpg,,low_confidence
ye_liu,11,Asian_Males,CWF,ye_liu/011.jpg,,no_face
ye_liu,12,Asian_Males,CWF,ye_liu/012.jpg,ye_liu_0012.npy,ok
ye_liu,15,Asian_Males,CWF,ye_liu/015.jpg,,low_confidence
ye_liu,16,Asian_Males,CWF,ye_liu/016.jpg,,low_confidence
ye_liu,17,Asian_Males,CWF,ye_liu/017.jpg,,low_confidence
ye_liu,18,Asian_Males,CWF,ye_liu/018.jpg,ye_liu_0018.npy,ok
ye_liu,21,Asian_Males,CWF,ye_liu/021.jpg,,low_confidence
ye_liu,24,Asian_Males,CWF,ye_liu/024.jpg,ye_liu_0024.npy,ok
ye_liu,27,Asian_Males,CWF,ye_liu/027.jpg,,low_confidence
ye_liu,28,Asian_Males,CWF,ye_liu/028.jpg,,spoof_detected
ye_liu,29,Asian_Males,CWF,ye_liu/029.jpg,ye_liu_0029.npy,ok
yoo_ah_in,1,Asian_Males,CWF,yoo_ah_in/001.jpg,yoo_ah_in_0001.npy,ok
yoo_ah_in,2,Asian_Males,CWF,yoo_ah_in/002.jpg,,spoof_detected
yoo_ah_in,3,Asian_Males,CWF,yoo_ah_in/003.jpg,yoo_ah_in_0003.npy,ok
yoo_ah_in,8,Asian_Males,CWF,yoo_ah_in/008.jpg,yoo_ah_in_0008.npy,ok
yoo_ah_in,15,Asian_Males,CWF,yoo_ah_in/015.jpg,yoo_ah_in_0015.npy,ok
yoo_ah_in,18,Asian_Males,CWF,yoo_ah_in/018.jpg,yoo_ah_in_0018.npy,ok
yoo_ah_in,19,Asian_Males,CWF,yoo_ah_in/019.jpg,,no_face
yoo_ah_in,21,Asian_Males,CWF,yoo_ah_in/021.jpg,yoo_ah_in_0021.npy,ok
yoo_ah_in,22,Asian_Males,CWF,yoo_ah_in/022.jpg,yoo_ah_in_0022.npy,ok
yoo_ah_in,27,Asian_Males,CWF,yoo_ah_in/027.jpg,yoo_ah_in_0027.npy,ok
yoo_ah_in,28,Asian_Males,CWF,yoo_ah_in/028.jpg,yoo_ah_in_0028.npy,ok
yoo_ah_in,31,Asian_Males,CWF,yoo_ah_in/031.jpg,yoo_ah_in_0031.npy,ok
yoo_ah_in,38,Asian_Males,CWF,yoo_ah_in/038.jpg,yoo_ah_in_0038.npy,ok
yoo_ah_in,43,Asian_Males,CWF,yoo_ah_in/043.jpg,,spoof_detected
yoo_ah_in,44,Asian_Males,CWF,yoo_ah_in/044.jpg,yoo_ah_in_0044.npy,ok
yoo_ah_in,48,Asian_Males,CWF,yoo_ah_in/048.jpg,yoo_ah_in_0048.npy,ok
yoo_ah_in,50,Asian_Males,CWF,yoo_ah_in/050.jpg,yoo_ah_in_0050.npy,ok
yoo_ah_in,51,Asian_Males,CWF,yoo_ah_in/051.jpg,,spoof_detected
young_man_kang,1,Asian_Males,CWF,young_man_kang/001.jpg,,no_face
young_man_kang,9,Asian_Males,CWF,young_man_kang/009.jpg,young_man_kang_0009.npy,ok
young_man_kang,10,Asian_Males,CWF,young_man_kang/010.jpg,young_man_kang_0010.npy,ok
young_man_kang,12,Asian_Males,CWF,young_man_kang/012.jpg,young_man_kang_0012.npy,ok
young_man_kang,15,Asian_Males,CWF,young_man_kang/015.jpg,,no_face
young_man_kang,21,Asian_Males,CWF,young_man_kang/021.jpg,,low_confidence
young_man_kang,22,Asian_Males,CWF,young_man_kang/022.jpg,young_man_kang_0022.npy,ok
young_man_kang,23,Asian_Males,CWF,young_man_kang/023.jpg,,low_confidence
young_man_kang,24,Asian_Males,CWF,young_man_kang/024.jpg,young_man_kang_0024.npy,ok
young_man_kang,27,Asian_Males,CWF,young_man_kang/027.jpg,young_man_kang_0027.npy,ok
young_man_kang,30,Asian_Males,CWF,young_man_kang/030.jpg,young_man_kang_0030.npy,ok
young_man_kang,32,Asian_Males,CWF,young_man_kang/032.jpg,,spoof_detected
young_man_kang,38,Asian_Males,CWF,young_man_kang/038.jpg,,low_confidence
young_man_kang,49,Asian_Males,CWF,young_man_kang/049.jpg,young_man_kang_0049.npy,ok
young_man_kang,54,Asian_Males,CWF,young_man_kang/054.jpg,,spoof_detected
young_man_kang,55,Asian_Males,CWF,young_man_kang/055.jpg,young_man_kang_0055.npy,ok
young_man_kang,58,Asian_Males,CWF,young_man_kang/058.jpg,,spoof_detected
young_man_kang,66,Asian_Males,CWF,young_man_kang/066.jpg,young_man_kang_0066.npy,ok
yun-fat_chow,8,Asian_Males,VGGFace,yun-fat_chow/00000008.jpg,yun-fat_chow_0008.npy,ok
yun-fat_chow,16,Asian_Males,VGGFace,yun-fat_chow/00000016.jpg,yun-fat_chow_0016.npy,ok
yun-fat_chow,50,Asian_Males,VGGFace,yun-fat_chow/00000050.jpg,yun-fat_chow_0050.npy,ok
yun-fat_chow,88,Asian_Males,VGGFace,yun-fat_chow/00000088.jpg,,no_face
yun-fat_chow,89,Asian_Males,VGGFace,yun-fat_chow/00000089.jpg,,low_confidence
yun-fat_chow,114,Asian_Males,VGGFace,yun-fat_chow/00000114.jpg,,low_confidence
yun-fat_chow,116,Asian_Males,VGGFace,yun-fat_chow/00000116.jpg,,no_face
yun-fat_chow,135,Asian_Males,VGGFace,yun-fat_chow/00000135.jpg,,spoof_detected
yun-fat_chow,161,Asian_Males,VGGFace,yun-fat_chow/00000161.jpg,,low_confidence
yun-fat_chow,198,Asian_Males,VGGFace,yun-fat_chow/00000198.jpg,,no_face
yun-fat_chow,199,Asian_Males,VGGFace,yun-fat_chow/00000199.jpg,,low_confidence
yun-fat_chow,200,Asian_Males,VGGFace,yun-fat_chow/00000200.jpg,yun-fat_chow_0200.npy,ok
yun-fat_chow,253,Asian_Males,VGGFace,yun-fat_chow/00000253.jpg,,no_face
yun-fat_chow,305,Asian_Males,VGGFace,yun-fat_chow/00000305.jpg,,low_confidence
yun-fat_chow,308,Asian_Males,VGGFace,yun-fat_chow/00000308.jpg,,no_face
yun-fat_chow,335,Asian_Males,VGGFace,yun-fat_chow/00000335.jpg,,low_confidence
yun-fat_chow,336,Asian_Males,VGGFace,yun-fat_chow/00000336.jpg,,no_face
yun-fat_chow,358,Asian_Males,VGGFace,yun-fat_chow/00000358.jpg,yun-fat_chow_0358.npy,ok
aisha_tyler,6,Black_Females,CWF,aisha_tyler/006.jpg,,low_confidence
aisha_tyler,10,Black_Females,CWF,aisha_tyler/010.jpg,,low_confidence
aisha_tyler,14,Black_Females,CWF,aisha_tyler/014.jpg,,low_confidence
aisha_tyler,25,Black_Females,CWF,aisha_tyler/025.jpg,aisha_tyler_0025.npy,ok
aisha_tyler,29,Black_Females,CWF,aisha_tyler/029.jpg,aisha_tyler_0029.npy,ok
aisha_tyler,36,Black_Females,CWF,aisha_tyler/036.jpg,,low_confidence
aisha_tyler,44,Black_Females,CWF,aisha_tyler/044.jpg,aisha_tyler_0044.npy,ok
aisha_tyler,45,Black_Females,CWF,aisha_tyler/045.jpg,,low_confidence
aisha_tyler,47,Black_Females,CWF,aisha_tyler/047.jpg,,low_confidence
aisha_tyler,49,Black_Females,CWF,aisha_tyler/049.jpg,aisha_tyler_0049.npy,ok
aisha_tyler,61,Black_Females,CWF,aisha_tyler/061.jpg,aisha_tyler_0061.npy,ok
aisha_tyler,91,Black_Females,CWF,aisha_tyler/091.jpg,,no_face
aisha_tyler,92,Black_Females,CWF,aisha_tyler/092.jpg,aisha_tyler_0092.npy,ok
aisha_tyler,115,Black_Females,CWF,aisha_tyler/115.jpg,,low_confidence
aisha_tyler,128,Black_Females,CWF,aisha_tyler/128.jpg,aisha_tyler_0128.npy,ok
aisha_tyler,155,Black_Females,CWF,aisha_tyler/155.jpg,,no_face
aisha_tyler,158,Black_Females,CWF,aisha_tyler/158.jpg,,no_face
aisha_tyler,159,Black_Females,CWF,aisha_tyler/159.jpg,aisha_tyler_0159.npy,ok
alfre_woodard,8,Black_Females,CWF,alfre_woodard/008.jpg,,low_confidence
alfre_woodard,11,Black_Females,CWF,alfre_woodard/011.jpg,,low_confidence
alfre_woodard,24,Black_Females,CWF,alfre_woodard/024.jpg,,low_confidence
alfre_woodard,49,Black_Females,CWF,alfre_woodard/049.jpg,,no_face
alfre_woodard,53,Black_Females,CWF,alfre_woodard/053.jpg,,low_confidence
alfre_woodard,70,Black_Females,CWF,alfre_woodard/070.jpg,,no_face
alfre_woodard,78,Black_Females,CWF,alfre_woodard/078.jpg,,low_confidence
alfre_woodard,81,Black_Females,CWF,alfre_woodard/081.jpg,,low_confidence
alfre_woodard,89,Black_Females,CWF,alfre_woodard/089.jpg,,low_confidence
alfre_woodard,94,Black_Females,CWF,alfre_woodard/094.jpg,alfre_woodard_0094.npy,ok
alfre_woodard,103,Black_Females,CWF,alfre_woodard/103.jpg,alfre_woodard_0103.npy,ok
alfre_woodard,105,Black_Females,CWF,alfre_woodard/105.jpg,alfre_woodard_0105.npy,ok
alfre_woodard,113,Black_Females,CWF,alfre_woodard/113.jpg,alfre_woodard_0113.npy,ok
alfre_woodard,120,Black_Females,CWF,alfre_woodard/120.jpg,,no_face
alfre_woodard,124,Black_Females,CWF,alfre_woodard/124.jpg,,low_confidence
alfre_woodard,127,Black_Females,CWF,alfre_woodard/127.jpg,,low_confidence
alfre_woodard,132,Black_Females,CWF,alfre_woodard/132.jpg,alfre_woodard_0132.npy,ok
alfre_woodard,154,Black_Females,CWF,alfre_woodard/154.jpg,alfre_woodard_0154.npy,ok
amanda_brugel,7,Black_Females,CWF,amanda_brugel/007.jpg,amanda_brugel_0007.npy,ok
amanda_brugel,11,Black_Females,CWF,amanda_brugel/011.jpg,,low_confidence
amanda_brugel,15,Black_Females,CWF,amanda_brugel/015.jpg,,no_face
amanda_brugel,17,Black_Females,CWF,amanda_brugel/017.jpg,,low_confidence
amanda_brugel,20,Black_Females,CWF,amanda_brugel/020.jpg,,low_confidence
amanda_brugel,22,Black_Females,CWF,amanda_brugel/022.jpg,,no_face
amanda_brugel,23,Black_Females,CWF,amanda_brugel/023.jpg,,no_face
amanda_brugel,26,Black_Females,CWF,amanda_brugel/026.jpg,amanda_brugel_0026.npy,ok
amanda_brugel,32,Black_Females,CWF,amanda_brugel/032.jpg,,no_face
amanda_brugel,34,Black_Females,CWF,amanda_brugel/034.jpg,,low_confidence
amanda_brugel,35,Black_Females,CWF,amanda_brugel/035.jpg,,low_confidence
amanda_brugel,38,Black_Females,CWF,amanda_brugel/038.jpg,,low_confidence
amanda_brugel,43,Black_Females,CWF,amanda_brugel/043.jpg,amanda_brugel_0043.npy,ok
amanda_brugel,44,Black_Females,CWF,amanda_brugel/044.jpg,,low_confidence
amanda_brugel,45,Black_Females,CWF,amanda_brugel/045.jpg,,low_confidence
amanda_brugel,46,Black_Females,CWF,amanda_brugel/046.jpg,,low_confidence
amanda_brugel,47,Black_Females,CWF,amanda_brugel/047.jpg,,no_face
amanda_brugel,50,Black_Females,CWF,amanda_brugel/050.jpg,,low_confidence
amber_riley,18,Black_Females,CWF,amber_riley/018.jpg,,low_confidence
amber_riley,20,Black_Females,CWF,amber_riley/020.jpg,,low_confidence
amber_riley,25,Black_Females,CWF,amber_riley/025.jpg,,no_face
amber_riley,26,Black_Females,CWF,amber_riley/026.jpg,,no_face
amber_riley,39,Black_Females,CWF,amber_riley/039.jpg,,no_face
amber_riley,40,Black_Females,CWF,amber_riley/040.jpg,,no_face
amber_riley,42,Black_Females,CWF,amber_riley/042.jpg,,low_confidence
amber_riley,48,Black_Females,CWF,amber_riley/048.jpg,,low_confidence
amber_riley,52,Black_Females,CWF,amber_riley/052.jpg,,low_confidence
amber_riley,64,Black_Females,CWF,amber_riley/064.jpg,,no_face
amber_riley,80,Black_Females,CWF,amber_riley/080.jpg,amber_riley_0080.npy,ok
amber_riley,86,Black_Females,CWF,amber_riley/086.jpg,,no_face
amber_riley,91,Black_Females,CWF,amber_riley/091.jpg,amber_riley_0091.npy,ok
amber_riley,97,Black_Females,CWF,amber_riley/097.jpg,,low_confidence
amber_riley,98,Black_Females,CWF,amber_riley/098.jpg,,low_confidence
amber_riley,99,Black_Females,CWF,amber_riley/099.jpg,,low_confidence
amber_riley,102,Black_Females,CWF,amber_riley/102.jpg,amber_riley_0102.npy,ok
amber_riley,118,Black_Females,CWF,amber_riley/118.jpg,amber_riley_0118.npy,ok
audra_mcdonald,2,Black_Females,CWF,audra_mcdonald/002.jpg,,no_face
audra_mcdonald,11,Black_Females,CWF,audra_mcdonald/011.jpg,,low_confidence
audra_mcdonald,17,Black_Females,CWF,audra_mcdonald/017.jpg,,low_confidence
audra_mcdonald,22,Black_Females,CWF,audra_mcdonald/022.jpg,audra_mcdonald_0022.npy,ok
audra_mcdonald,24,Black_Females,CWF,audra_mcdonald/024.jpg,,no_face
audra_mcdonald,27,Black_Females,CWF,audra_mcdonald/027.jpg,audra_mcdonald_0027.npy,ok
audra_mcdonald,31,Black_Females,CWF,audra_mcdonald/031.jpg,,low_confidence
audra_mcdonald,33,Black_Females,CWF,audra_mcdonald/033.jpg,,low_confidence
audra_mcdonald,34,Black_Females,CWF,audra_mcdonald/034.jpg,,no_face
audra_mcdonald,36,Black_Females,CWF,audra_mcdonald/036.jpg,,low_confidence
audra_mcdonald,38,Black_Females,CWF,audra_mcdonald/038.jpg,audra_mcdonald_0038.npy,ok
audra_mcdonald,44,Black_Females,CWF,audra_mcdonald/044.jpg,audra_mcdonald_0044.npy,ok
audra_mcdonald,55,Black_Females,CWF,audra_mcdonald/055.jpg,audra_mcdonald_0055.npy,ok
audra_mcdonald,56,Black_Females,CWF,audra_mcdonald/056.jpg,,low_confidence
audra_mcdonald,60,Black_Females,CWF,audra_mcdonald/060.jpg,audra_mcdonald_0060.npy,ok
audra_mcdonald,61,Black_Females,CWF,audra_mcdonald/061.jpg,,no_face
audra_mcdonald,65,Black_Females,CWF,audra_mcdonald/065.jpg,,no_face
audra_mcdonald,66,Black_Females,CWF,audra_mcdonald/066.jpg,,low_confidence
chandra_wilson,2,Black_Females,CWF,chandra_wilson/002.jpg,,no_face
chandra_wilson,8,Black_Females,CWF,chandra_wilson/008.jpg,chandra_wilson_0008.npy,ok
chandra_wilson,17,Black_Females,CWF,chandra_wilson/017.jpg,,low_confidence
chandra_wilson,18,Black_Females,CWF,chandra_wilson/018.jpg,chandra_wilson_0018.npy,ok
chandra_wilson,44,Black_Females,CWF,chandra_wilson/044.jpg,,low_confidence
chandra_wilson,66,Black_Females,CWF,chandra_wilson/066.jpg,,low_confidence
chandra_wilson,70,Black_Females,CWF,chandra_wilson/070.jpg,chandra_wilson_0070.npy,ok
chandra_wilson,74,Black_Females,CWF,chandra_wilson/074.jpg,,no_face
chandra_wilson,82,Black_Females,CWF,chandra_wilson/082.jpg,,no_face
chandra_wilson,91,Black_Females,CWF,chandra_wilson/091.jpg,,spoof_detected
chandra_wilson,94,Black_Females,CWF,chandra_wilson/094.jpg,,low_confidence
chandra_wilson,102,Black_Females,CWF,chandra_wilson/102.jpg,,low_confidence
chandra_wilson,108,Black_Females,CWF,chandra_wilson/108.jpg,chandra_wilson_0108.npy,ok
chandra_wilson,109,Black_Females,CWF,chandra_wilson/109.jpg,chandra_wilson_0109.npy,ok
chandra_wilson,123,Black_Females,CWF,chandra_wilson/123.jpg,,low_confidence
chandra_wilson,130,Black_Females,CWF,chandra_wilson/130.jpg,chandra_wilson_0130.npy,ok
chandra_wilson,139,Black_Females,CWF,chandra_wilson/139.jpg,,low_confidence
chandra_wilson,141,Black_Females,CWF,chandra_wilson/141.jpg,,low_confidence
christina_milian,5,Black_Females,CWF,christina_milian/005.jpg,,low_confidence
christina_milian,7,Black_Females,CWF,christina_milian/007.jpg,christina_milian_0007.npy,ok
christina_milian,14,Black_Females,CWF,christina_milian/014.jpg,,low_confidence
christina_milian,20,Black_Females,CWF,christina_milian/020.jpg,,low_confidence
christina_milian,23,Black_Females,CWF,christina_milian/023.jpg,,low_confidence
christina_milian,34,Black_Females,CWF,christina_milian/034.jpg,,no_face
christina_milian,38,Black_Females,CWF,christina_milian/038.jpg,,low_confidence
christina_milian,50,Black_Females,CWF,christina_milian/050.jpg,,no_face
christina_milian,64,Black_Females,CWF,christina_milian/064.jpg,,low_confidence
christina_milian,67,Black_Females,CWF,christina_milian/067.jpg,,low_confidence
christina_milian,72,Black_Females,CWF,christina_milian/072.jpg,,no_face
christina_milian,76,Black_Females,CWF,christina_milian/076.jpg,,low_confidence
christina_milian,81,Black_Females,CWF,christina_milian/081.jpg,christina_milian_0081.npy,ok
christina_milian,85,Black_Females,CWF,christina_milian/085.jpg,,low_confidence
christina_milian,90,Black_Females,CWF,christina_milian/090.jpg,,low_confidence
christina_milian,92,Black_Females,CWF,christina_milian/092.jpg,,low_confidence
christina_milian,94,Black_Females,CWF,christina_milian/094.jpg,,low_confidence
christina_milian,100,Black_Females,CWF,christina_milian/100.jpg,,spoof_detected
claudia_jordan,1,Black_Females,CWF,claudia_jordan/001.jpg,claudia_jordan_0001.npy,ok
claudia_jordan,5,Black_Females,CWF,claudia_jordan/005.jpg,claudia_jordan_0005.npy,ok
claudia_jordan,9,Black_Females,CWF,claudia_jordan/009.jpg,,low_confidence
claudia_jordan,23,Black_Females,CWF,claudia_jordan/023.jpg,claudia_jordan_0023.npy,ok
claudia_jordan,24,Black_Females,CWF,claudia_jordan/024.jpg,,low_confidence
claudia_jordan,25,Black_Females,CWF,claudia_jordan/025.jpg,,low_confidence
claudia_jordan,28,Black_Females,CWF,claudia_jordan/028.jpg,,no_face
claudia_jordan,29,Black_Females,CWF,claudia_jordan/029.jpg,claudia_jordan_0029.npy,ok
claudia_jordan,32,Black_Females,CWF,claudia_jordan/032.jpg,claudia_jordan_0032.npy,ok
claudia_jordan,34,Black_Females,CWF,claudia_jordan/034.jpg,,low_confidence
claudia_jordan,35,Black_Females,CWF,claudia_jordan/035.jpg,,low_confidence
claudia_jordan,39,Black_Females,CWF,claudia_jordan/039.jpg,claudia_jordan_0039.npy,ok
claudia_jordan,44,Black_Females,CWF,claudia_jordan/044.jpg,,low_confidence
claudia_jordan,46,Black_Females,CWF,claudia_jordan/046.jpg,,low_confidence
claudia_jordan,47,Black_Females,CWF,claudia_jordan/047.jpg,claudia_jordan_0047.npy,ok
claudia_jordan,51,Black_Females,CWF,claudia_jordan/051.jpg,,no_face
claudia_jordan,54,Black_Females,CWF,claudia_jordan/054.jpg,,low_confidence
claudia_jordan,55,Black_Females,CWF,claudia_jordan/055.jpg,,low_confidence
denyce_lawton,1,Black_Females,CWF,denyce_lawton/001.jpg,,low_confidence
denyce_lawton,2,Black_Females,CWF,denyce_lawton/002.jpg,denyce_lawton_0002.npy,ok
denyce_lawton,9,Black_Females,CWF,denyce_lawton/009.jpg,,no_face
denyce_lawton,13,Black_Females,CWF,denyce_lawton/013.jpg,denyce_lawton_0013.npy,ok
denyce_lawton,19,Black_Females,CWF,denyce_lawton/019.jpg,,no_face
denyce_lawton,21,Black_Females,CWF,denyce_lawton/021.jpg,,low_confidence
denyce_lawton,22,Black_Females,CWF,denyce_lawton/022.jpg,,no_face
denyce_lawton,24,Black_Females,CWF,denyce_lawton/024.jpg,,low_confidence
denyce_lawton,30,Black_Females,CWF,denyce_lawton/030.jpg,,low_confidence
denyce_lawton,32,Black_Females,CWF,denyce_lawton/032.jpg,,low_confidence
denyce_lawton,34,Black_Females,CWF,denyce_lawton/034.jpg,denyce_lawton_0034.npy,ok
denyce_lawton,36,Black_Females,CWF,denyce_lawton/036.jpg,,low_confidence
denyce_lawton,45,Black_Females,CWF,denyce_lawton/045.jpg,,no_face
denyce_lawton,54,Black_Females,CWF,denyce_lawton/054.jpg,,no_face
denyce_lawton,58,Black_Females,CWF,denyce_lawton/058.jpg,denyce_lawton_0058.npy,ok
denyce_lawton,71,Black_Females,CWF,denyce_lawton/071.jpg,,no_face
denyce_lawton,76,Black_Females,CWF,denyce_lawton/076.jpg,,low_confidence
denyce_lawton,95,Black_Females,CWF,denyce_lawton/095.jpg,denyce_lawton_0095.npy,ok
drew_sidora,13,Black_Females,CWF,drew_sidora/013.jpg,,no_face
elise_neal,3,Black_Females,CWF,elise_neal/003.jpg,,no_face
elise_neal,4,Black_Females,CWF,elise_neal/004.jpg,,low_confidence
elise_neal,10,Black_Females,CWF,elise_neal/010.jpg,,no_face
elise_neal,14,Black_Females,CWF,elise_neal/014.jpg,,low_confidence
elise_neal,16,Black_Females,CWF,elise_neal/016.jpg,,low_confidence
elise_neal,18,Black_Females,CWF,elise_neal/018.jpg,,no_face
elise_neal,36,Black_Females,CWF,elise_neal/036.jpg,,no_face
elise_neal,41,Black_Females,CWF,elise_neal/041.jpg,,low_confidence
elise_neal,46,Black_Females,CWF,elise_neal/046.jpg,,low_confidence
elise_neal,48,Black_Females,CWF,elise_neal/048.jpg,,low_confidence
elise_neal,58,Black_Females,CWF,elise_neal/058.jpg,,low_confidence
elise_neal,67,Black_Females,CWF,elise_neal/067.jpg,,no_face
elise_neal,71,Black_Females,CWF,elise_neal/071.jpg,,no_face
elise_neal,80,Black_Females,CWF,elise_neal/080.jpg,elise_neal_0080.npy,ok
elise_neal,81,Black_Females,CWF,elise_neal/081.jpg,,low_confidence
elise_neal,84,Black_Females,CWF,elise_neal/084.jpg,,low_confidence
elise_neal,87,Black_Females,CWF,elise_neal/087.jpg,,low_confidence
elise_neal,89,Black_Females,CWF,elise_neal/089.jpg,,no_face
eva_marcille,2,Black_Females,CWF,eva_marcille/002.jpg,,low_confidence
eva_marcille,3,Black_Females,CWF,eva_marcille/003.jpg,,low_confidence
eva_marcille,11,Black_Females,CWF,eva_marcille/011.jpg,eva_marcille_0011.npy,ok
eva_marcille,14,Black_Females,CWF,eva_marcille/014.jpg,eva_marcille_0014.npy,ok
eva_marcille,15,Black_Females,CWF,eva_marcille/015.jpg,,low_confidence
eva_marcille,22,Black_Females,CWF,eva_marcille/022.jpg,,low_confidence
eva_marcille,25,Black_Females,CWF,eva_marcille/025.jpg,eva_marcille_0025.npy,ok
eva_marcille,26,Black_Females,CWF,eva_marcille/026.jpg,,low_confidence
eva_marcille,29,Black_Females,CWF,eva_marcille/029.jpg,eva_marcille_0029.npy,ok
eva_marcille,30,Black_Females,CWF,eva_marcille/030.jpg,,low_confidence
eva_marcille,31,Black_Females,CWF,eva_marcille/031.jpg,,low_confidence
eva_marcille,33,Black_Females,CWF,eva_marcille/033.jpg,,low_confidence
eva_marcille,34,Black_Females,CWF,eva_marcille/034.jpg,,low_confidence
eva_marcille,36,Black_Females,CWF,eva_marcille/036.jpg,,low_confidence
eva_marcille,37,Black_Females,CWF,eva_marcille/037.jpg,,low_confidence
eva_marcille,38,Black_Females,CWF,eva_marcille/038.jpg,,low_confidence
eva_marcille,45,Black_Females,CWF,eva_marcille/045.jpg,eva_marcille_0045.npy,ok
eva_marcille,49,Black_Females,CWF,eva_marcille/049.jpg,,low_confidence
fumi_desalu-vold,1,Black_Females,CWF,fumi_desalu-vold/001.jpg,fumi_desalu-vold_0001.npy,ok
fumi_desalu-vold,4,Black_Females,CWF,fumi_desalu-vold/004.jpg,fumi_desalu-vold_0004.npy,ok
fumi_desalu-vold,9,Black_Females,CWF,fumi_desalu-vold/009.jpg,,low_confidence
fumi_desalu-vold,10,Black_Females,CWF,fumi_desalu-vold/010.jpg,fumi_desalu-vold_0010.npy,ok
fumi_desalu-vold,18,Black_Females,CWF,fumi_desalu-vold/018.jpg,,low_confidence
fumi_desalu-vold,20,Black_Females,CWF,fumi_desalu-vold/020.jpg,,low_confidence
fumi_desalu-vold,24,Black_Females,CWF,fumi_desalu-vold/024.jpg,,no_face
fumi_desalu-vold,27,Black_Females,CWF,fumi_desalu-vold/027.jpg,,no_face
fumi_desalu-vold,28,Black_Females,CWF,fumi_desalu-vold/028.jpg,,no_face
fumi_desalu-vold,29,Black_Females,CWF,fumi_desalu-vold/029.jpg,,low_confidence
fumi_desalu-vold,33,Black_Females,CWF,fumi_desalu-vold/033.jpg,,low_confidence
fumi_desalu-vold,34,Black_Females,CWF,fumi_desalu-vold/034.jpg,,no_face
fumi_desalu-vold,37,Black_Females,CWF,fumi_desalu-vold/037.jpg,,no_face
fumi_desalu-vold,39,Black_Females,CWF,fumi_desalu-vold/039.jpg,,spoof_detected
fumi_desalu-vold,48,Black_Females,CWF,fumi_desalu-vold/048.jpg,,no_face
fumi_desalu-vold,62,Black_Females,CWF,fumi_desalu-vold/062.jpg,,low_confidence
fumi_desalu-vold,64,Black_Females,CWF,fumi_desalu-vold/064.jpg,,low_confidence
fumi_desalu-vold,65,Black_Females,CWF,fumi_desalu-vold/065.jpg,,low_confidence
gabourey_sidibe,4,Black_Females,CWF,gabourey_sidibe/004.jpg,,no_face
gabourey_sidibe,18,Black_Females,CWF,gabourey_sidibe/018.jpg,,no_face
gabourey_sidibe,30,Black_Females,CWF,gabourey_sidibe/030.jpg,,no_face
gabourey_sidibe,34,Black_Females,CWF,gabourey_sidibe/034.jpg,,low_confidence
gabourey_sidibe,37,Black_Females,CWF,gabourey_sidibe/037.jpg,gabourey_sidibe_0037.npy,ok
gabourey_sidibe,39,Black_Females,CWF,gabourey_sidibe/039.jpg,,no_face
gabourey_sidibe,63,Black_Females,CWF,gabourey_sidibe/063.jpg,,low_confidence
gabourey_sidibe,79,Black_Females,CWF,gabourey_sidibe/079.jpg,,low_confidence
gabourey_sidibe,82,Black_Females,CWF,gabourey_sidibe/082.jpg,,low_confidence
gabourey_sidibe,85,Black_Females,CWF,gabourey_sidibe/085.jpg,,low_confidence
gabourey_sidibe,87,Black_Females,CWF,gabourey_sidibe/087.jpg,,low_confidence
gabourey_sidibe,91,Black_Females,CWF,gabourey_sidibe/091.jpg,gabourey_sidibe_0091.npy,ok
gabourey_sidibe,126,Black_Females,CWF,gabourey_sidibe/126.jpg,,low_confidence
gabourey_sidibe,129,Black_Females,CWF,gabourey_sidibe/129.jpg,gabourey_sidibe_0129.npy,ok
gabourey_sidibe,140,Black_Females,CWF,gabourey_sidibe/140.jpg,,low_confidence
gabourey_sidibe,145,Black_Females,CWF,gabourey_sidibe/145.jpg,,no_face
gabourey_sidibe,152,Black_Females,CWF,gabourey_sidibe/152.jpg,gabourey_sidibe_0152.npy,ok
gabourey_sidibe,155,Black_Females,CWF,gabourey_sidibe/155.jpg,,low_confidence
gloria_reuben,2,Black_Females,CWF,gloria_reuben/002.jpg,gloria_reuben_0002.npy,ok
gloria_reuben,7,Black_Females,CWF,gloria_reuben/007.jpg,,no_face
gloria_reuben,8,Black_Females,CWF,gloria_reuben/008.jpg,,low_confidence
gloria_reuben,9,Black_Females,CWF,gloria_reuben/009.jpg,,low_confidence
gloria_reuben,17,Black_Females,CWF,gloria_reuben/017.jpg,gloria_reuben_0017.npy,ok
gloria_reuben,19,Black_Females,CWF,gloria_reuben/019.jpg,gloria_reuben_0019.npy,ok
gloria_reuben,21,Black_Females,CWF,gloria_reuben/021.jpg,gloria_reuben_0021.npy,ok
gloria_reuben,25,Black_Females,CWF,gloria_reuben/025.jpg,,low_confidence
gloria_reuben,27,Black_Females,CWF,gloria_reuben/027.jpg,gloria_reuben_0027.npy,ok
gloria_reuben,32,Black_Females,CWF,gloria_reuben/032.jpg,,low_confidence
gloria_reuben,35,Black_Females,CWF,gloria_reuben/035.jpg,,low_confidence
gloria_reuben,38,Black_Females,CWF,gloria_reuben/038.jpg,,low_confidence
gloria_reuben,39,Black_Females,CWF,gloria_reuben/039.jpg,gloria_reuben_0039.npy,ok
gloria_reuben,44,Black_Females,CWF,gloria_reuben/044.jpg,,no_face
gloria_reuben,48,Black_Females,CWF,gloria_reuben/048.jpg,gloria_reuben_0048.npy,ok
gloria_reuben,51,Black_Females,CWF,gloria_reuben/051.jpg,,no_face
gloria_reuben,53,Black_Females,CWF,gloria_reuben/053.jpg,gloria_reuben_0053.npy,ok
gloria_reuben,57,Black_Females,CWF,gloria_reuben/057.jpg,gloria_reuben_0057.npy,ok
imani_t_williams,1,Black_Females,CWF,imani_t_williams/001.jpg,imani_t_williams_0001.npy,ok
imani_t_williams,8,Black_Females,CWF,imani_t_williams/008.jpg,,low_confidence
imani_t_williams,10,Black_Females,CWF,imani_t_williams/010.jpg,,low_confidence
imani_t_williams,16,Black_Females,CWF,imani_t_williams/016.jpg,,spoof_detected
imani_t_williams,20,Black_Females,CWF,imani_t_williams/020.jpg,,no_face
imani_t_williams,26,Black_Females,CWF,imani_t_williams/026.jpg,imani_t_williams_0026.npy,ok
imani_t_williams,29,Black_Females,CWF,imani_t_williams/029.jpg,,low_confidence
imani_t_williams,31,Black_Females,CWF,imani_t_williams/031.jpg,,no_face
imani_t_williams,33,Black_Females,CWF,imani_t_williams/033.jpg,,low_confidence
imani_t_williams,36,Black_Females,CWF,imani_t_williams/036.jpg,,low_confidence
imani_t_williams,37,Black_Females,CWF,imani_t_williams/037.jpg,,low_confidence
imani_t_williams,46,Black_Females,CWF,imani_t_williams/046.jpg,,low_confidence
imani_t_williams,48,Black_Females,CWF,imani_t_williams/048.jpg,,low_confidence
imani_t_williams,49,Black_Females,CWF,imani_t_williams/049.jpg,,low_confidence
imani_t_williams,54,Black_Females,CWF,imani_t_williams/054.jpg,,spoof_detected
imani_t_williams,56,Black_Females,CWF,imani_t_williams/056.jpg,,no_face
imani_t_williams,59,Black_Females,CWF,imani_t_williams/059.jpg,imani_t_williams_0059.npy,ok
imani_t_williams,64,Black_Females,CWF,imani_t_williams/064.jpg,,no_face
jaida-iman_benjamin,1,Black_Females,CWF,jaida-iman_benjamin/001.jpg,,low_confidence
jaida-iman_benjamin,4,Black_Females,CWF,jaida-iman_benjamin/004.jpg,,low_confidence
jaida-iman_benjamin,6,Black_Females,CWF,jaida-iman_benjamin/006.jpg,,low_confidence
jaida-iman_benjamin,12,Black_Females,CWF,jaida-iman_benjamin/012.jpg,,no_face
jaida-iman_benjamin,13,Black_Females,CWF,jaida-iman_benjamin/013.jpg,,low_confidence
jaida-iman_benjamin,15,Black_Females,CWF,jaida-iman_benjamin/015.jpg,,low_confidence
jaida-iman_benjamin,18,Black_Females,CWF,jaida-iman_benjamin/018.jpg,jaida-iman_benjamin_0018.npy,ok
jaida-iman_benjamin,21,Black_Females,CWF,jaida-iman_benjamin/021.jpg,,spoof_detected
jaida-iman_benjamin,22,Black_Females,CWF,jaida-iman_benjamin/022.jpg,,no_face
jaida-iman_benjamin,23,Black_Females,CWF,jaida-iman_benjamin/023.jpg,,low_confidence
jaida-iman_benjamin,33,Black_Females,CWF,jaida-iman_benjamin/033.jpg,,low_confidence
jaida-iman_benjamin,47,Black_Females,CWF,jaida-iman_benjamin/047.jpg,,no_face
jaida-iman_benjamin,57,Black_Females,CWF,jaida-iman_benjamin/057.jpg,,low_confidence
jaida-iman_benjamin,63,Black_Females,CWF,jaida-iman_benjamin/063.jpg,,no_face
jaida-iman_benjamin,68,Black_Females,CWF,jaida-iman_benjamin/068.jpg,,low_confidence
jaida-iman_benjamin,73,Black_Females,CWF,jaida-iman_benjamin/073.jpg,,low_confidence
jaida-iman_benjamin,76,Black_Females,CWF,jaida-iman_benjamin/076.jpg,,low_confidence
jaida-iman_benjamin,77,Black_Females,CWF,jaida-iman_benjamin/077.jpg,jaida-iman_benjamin_0077.npy,ok
jordin_sparks,8,Black_Females,CWF,jordin_sparks/008.jpg,jordin_sparks_0008.npy,ok
jordin_sparks,16,Black_Females,CWF,jordin_sparks/016.jpg,,low_confidence
jordin_sparks,27,Black_Females,CWF,jordin_sparks/027.jpg,jordin_sparks_0027.npy,ok
jordin_sparks,35,Black_Females,CWF,jordin_sparks/035.jpg,,low_confidence
jordin_sparks,38,Black_Females,CWF,jordin_sparks/038.jpg,jordin_sparks_0038.npy,ok
jordin_sparks,45,Black_Females,CWF,jordin_sparks/045.jpg,,no_face
jordin_sparks,52,Black_Females,CWF,jordin_sparks/052.jpg,,low_confidence
jordin_sparks,54,Black_Females,CWF,jordin_sparks/054.jpg,,spoof_detected
jordin_sparks,58,Black_Females,CWF,jordin_sparks/058.jpg,jordin_sparks_0058.npy,ok
jordin_sparks,74,Black_Females,CWF,jordin_sparks/074.jpg,,low_confidence
jordin_sparks,78,Black_Females,CWF,jordin_sparks/078.jpg,,no_face
jordin_sparks,97,Black_Females,CWF,jordin_sparks/097.jpg,jordin_sparks_0097.npy,ok
jordin_sparks,103,Black_Females,CWF,jordin_sparks/103.jpg,,low_confidence
jordin_sparks,107,Black_Females,CWF,jordin_sparks/107.jpg,jordin_sparks_0107.npy,ok
jordin_sparks,120,Black_Females,CWF,jordin_sparks/120.jpg,jordin_sparks_0120.npy,ok
jordin_sparks,131,Black_Females,CWF,jordin_sparks/131.jpg,jordin_sparks_0131.npy,ok
jordin_sparks,150,Black_Females,CWF,jordin_sparks/150.jpg,,low_confidence
jordin_sparks,155,Black_Females,CWF,jordin_sparks/155.jpg,jordin_sparks_0155.npy,ok
judith_shekoni,1,Black_Females,CWF,judith_shekoni/001.jpg,judith_shekoni_0001.npy,ok
judith_shekoni,3,Black_Females,CWF,judith_shekoni/003.jpg,,low_confidence
judith_shekoni,4,Black_Females,CWF,judith_shekoni/004.jpg,,no_face
judith_shekoni,5,Black_Females,CWF,judith_shekoni/005.jpg,,no_face
judith_shekoni,8,Black_Females,CWF,judith_shekoni/008.jpg,,no_face
judith_shekoni,11,Black_Females,CWF,judith_shekoni/011.jpg,,no_face
judith_shekoni,20,Black_Females,CWF,judith_shekoni/020.jpg,judith_shekoni_0020.npy,ok
judith_shekoni,22,Black_Females,CWF,judith_shekoni/022.jpg,,low_confidence
judith_shekoni,34,Black_Females,CWF,judith_shekoni/034.jpg,,low_confidence
judith_shekoni,41,Black_Females,CWF,judith_shekoni/041.jpg,,no_face
judith_shekoni,43,Black_Females,CWF,judith_shekoni/043.jpg,,low_confidence
judith_shekoni,49,Black_Females,CWF,judith_shekoni/049.jpg,,no_face
judith_shekoni,51,Black_Females,CWF,judith_shekoni/051.jpg,,no_face
judith_shekoni,53,Black_Females,CWF,judith_shekoni/053.jpg,,no_face
judith_shekoni,54,Black_Females,CWF,judith_shekoni/054.jpg,,no_face
judith_shekoni,55,Black_Females,CWF,judith_shekoni/055.jpg,,low_confidence
judith_shekoni,60,Black_Females,CWF,judith_shekoni/060.jpg,judith_shekoni_0060.npy,ok
judith_shekoni,64,Black_Females,CWF,judith_shekoni/064.jpg,,low_confidence
jurnee_smollett-bell,2,Black_Females,CWF,jurnee_smollett-bell/002.jpg,,no_face
jurnee_smollett-bell,3,Black_Females,CWF,jurnee_smollett-bell/003.jpg,jurnee_smollett-bell_0003.npy,ok
jurnee_smollett-bell,6,Black_Females,CWF,jurnee_smollett-bell/006.jpg,,low_confidence
jurnee_smollett-bell,13,Black_Females,CWF,jurnee_smollett-bell/013.jpg,,low_confidence
jurnee_smollett-bell,18,Black_Females,CWF,jurnee_smollett-bell/018.jpg,,low_confidence
jurnee_smollett-bell,20,Black_Females,CWF,jurnee_smollett-bell/020.jpg,,low_confidence
jurnee_smollett-bell,32,Black_Females,CWF,jurnee_smollett-bell/032.jpg,,low_confidence
jurnee_smollett-bell,34,Black_Females,CWF,jurnee_smollett-bell/034.jpg,,low_confidence
jurnee_smollett-bell,39,Black_Females,CWF,jurnee_smollett-bell/039.jpg,,low_confidence
jurnee_smollett-bell,41,Black_Females,CWF,jurnee_smollett-bell/041.jpg,jurnee_smollett-bell_0041.npy,ok
jurnee_smollett-bell,43,Black_Females,CWF,jurnee_smollett-bell/043.jpg,,low_confidence
jurnee_smollett-bell,46,Black_Females,CWF,jurnee_smollett-bell/046.jpg,jurnee_smollett-bell_0046.npy,ok
jurnee_smollett-bell,47,Black_Females,CWF,jurnee_smollett-bell/047.jpg,jurnee_smollett-bell_0047.npy,ok
jurnee_smollett-bell,51,Black_Females,CWF,jurnee_smollett-bell/051.jpg,jurnee_smollett-bell_0051.npy,ok
jurnee_smollett-bell,53,Black_Females,CWF,jurnee_smollett-bell/053.jpg,,low_confidence
jurnee_smollett-bell,61,Black_Females,CWF,jurnee_smollett-bell/061.jpg,,low_confidence
jurnee_smollett-bell,64,Black_Females,CWF,jurnee_smollett-bell/064.jpg,,low_confidence
jurnee_smollett-bell,68,Black_Females,CWF,jurnee_smollett-bell/068.jpg,,low_confidence
kat_graham,17,Black_Females,CWF,kat_graham/017.jpg,,no_face
kat_graham,34,Black_Females,CWF,kat_graham/034.jpg,,low_confidence
kat_graham,36,Black_Females,CWF,kat_graham/036.jpg,kat_graham_0036.npy,ok
kat_graham,37,Black_Females,CWF,kat_graham/037.jpg,kat_graham_0037.npy,ok
kat_graham,42,Black_Females,CWF,kat_graham/042.jpg,kat_graham_0042.npy,ok
kat_graham,44,Black_Females,CWF,kat_graham/044.jpg,,low_confidence
kat_graham,48,Black_Females,CWF,kat_graham/048.jpg,,no_face
kat_graham,50,Black_Females,CWF,kat_graham/050.jpg,,low_confidence
kat_graham,54,Black_Females,CWF,kat_graham/054.jpg,,low_confidence
kat_graham,59,Black_Females,CWF,kat_graham/059.jpg,,low_confidence
kat_graham,89,Black_Females,CWF,kat_graham/089.jpg,,low_confidence
kat_graham,92,Black_Females,CWF,kat_graham/092.jpg,,no_face
kat_graham,95,Black_Females,CWF,kat_graham/095.jpg,,spoof_detected
kat_graham,107,Black_Females,CWF,kat_graham/107.jpg,,low_confidence
kat_graham,108,Black_Females,CWF,kat_graham/108.jpg,kat_graham_0108.npy,ok
kat_graham,123,Black_Females,CWF,kat_graham/123.jpg,,low_confidence
kat_graham,137,Black_Females,CWF,kat_graham/137.jpg,,low_confidence
kat_graham,138,Black_Females,CWF,kat_graham/138.jpg,,no_face
kim_fields,4,Black_Females,CWF,kim_fields/004.jpg,,low_confidence
kim_fields,7,Black_Females,CWF,kim_fields/007.jpg,kim_fields_0007.npy,ok
kim_fields,13,Black_Females,CWF,kim_fields/013.jpg,,low_confidence
kim_fields,14,Black_Females,CWF,kim_fields/014.jpg,,low_confidence
kim_fields,15,Black_Females,CWF,kim_fields/015.jpg,,spoof_detected
kim_fields,16,Black_Females,CWF,kim_fields/016.jpg,,low_confidence
kim_fields,17,Black_Females,CWF,kim_fields/017.jpg,,low_confidence
kim_fields,19,Black_Females,CWF,kim_fields/019.jpg,kim_fields_0019.npy,ok
kim_fields,22,Black_Females,CWF,kim_fields/022.jpg,,low_confidence
kim_fields,26,Black_Females,CWF,kim_fields/026.jpg,,low_confidence
kim_fields,28,Black_Females,CWF,kim_fields/028.jpg,,low_confidence
kim_fields,29,Black_Females,CWF,kim_fields/029.jpg,,low_confidence
kim_fields,37,Black_Females,CWF,kim_fields/037.jpg,kim_fields_0037.npy,ok
kim_fields,40,Black_Females,CWF,kim_fields/040.jpg,,no_face
kim_fields,41,Black_Females,CWF,kim_fields/041.jpg,,spoof_detected
kim_fields,44,Black_Females,CWF,kim_fields/044.jpg,,no_face
kim_fields,48,Black_Females,CWF,kim_fields/048.jpg,,low_confidence
kim_fields,51,Black_Females,CWF,kim_fields/051.jpg,kim_fields_0051.npy,ok
la_la_anthony,3,Black_Females,CWF,la_la_anthony/003.jpg,,low_confidence
la_la_anthony,7,Black_Females,CWF,la_la_anthony/007.jpg,,low_confidence
la_la_anthony,8,Black_Females,CWF,la_la_anthony/008.jpg,,no_face
la_la_anthony,16,Black_Females,CWF,la_la_anthony/016.jpg,,low_confidence
la_la_anthony,17,Black_Females,CWF,la_la_anthony/017.jpg,la_la_anthony_0017.npy,ok
la_la_anthony,19,Black_Females,CWF,la_la_anthony/019.jpg,la_la_anthony_0019.npy,ok
la_la_anthony,23,Black_Females,CWF,la_la_anthony/023.jpg,,low_confidence
la_la_anthony,27,Black_Females,CWF,la_la_anthony/027.jpg,,low_confidence
la_la_anthony,30,Black_Females,CWF,la_la_anthony/030.jpg,,no_face
la_la_anthony,31,Black_Females,CWF,la_la_anthony/031.jpg,la_la_anthony_0031.npy,ok
la_la_anthony,33,Black_Females,CWF,la_la_anthony/033.jpg,la_la_anthony_0033.npy,ok
la_la_anthony,37,Black_Females,CWF,la_la_anthony/037.jpg,,low_confidence
la_la_anthony,38,Black_Females,CWF,la_la_anthony/038.jpg,,low_confidence
la_la_anthony,47,Black_Females,CWF,la_la_anthony/047.jpg,,low_confidence
la_la_anthony,55,Black_Females,CWF,la_la_anthony/055.jpg,la_la_anthony_0055.npy,ok
la_la_anthony,58,Black_Females,CWF,la_la_anthony/058.jpg,la_la_anthony_0058.npy,ok
la_la_anthony,68,Black_Females,CWF,la_la_anthony/068.jpg,la_la_anthony_0068.npy,ok
la_la_anthony,70,Black_Females,CWF,la_la_anthony/070.jpg,,low_confidence
lakisha_jones,26,Black_Females,CWF,lakisha_jones/026.jpg,lakisha_jones_0026.npy,ok
levona_lewis,4,Black_Females,CWF,levona_lewis/004.jpg,,no_face
levona_lewis,12,Black_Females,CWF,levona_lewis/012.jpg,,low_confidence
levona_lewis,13,Black_Females,CWF,levona_lewis/013.jpg,,low_confidence
levona_lewis,25,Black_Females,CWF,levona_lewis/025.jpg,,low_confidence
levona_lewis,57,Black_Females,CWF,levona_lewis/057.jpg,,no_face
levona_lewis,60,Black_Females,CWF,levona_lewis/060.jpg,levona_lewis_0060.npy,ok
levona_lewis,63,Black_Females,CWF,levona_lewis/063.jpg,,low_confidence
levona_lewis,64,Black_Females,CWF,levona_lewis/064.jpg,levona_lewis_0064.npy,ok
levona_lewis,65,Black_Females,CWF,levona_lewis/065.jpg,,low_confidence
levona_lewis,70,Black_Females,CWF,levona_lewis/070.jpg,,low_confidence
lupita_nyong'o,18,Black_Females,CWF,lupita_nyong'o/018.jpg,,low_confidence
lupita_nyong'o,21,Black_Females,CWF,lupita_nyong'o/021.jpg,lupita_nyong'o_0021.npy,ok
lupita_nyong'o,22,Black_Females,CWF,lupita_nyong'o/022.jpg,,low_confidence
lupita_nyong'o,30,Black_Females,CWF,lupita_nyong'o/030.jpg,,low_confidence
lupita_nyong'o,35,Black_Females,CWF,lupita_nyong'o/035.jpg,lupita_nyong'o_0035.npy,ok
lupita_nyong'o,38,Black_Females,CWF,lupita_nyong'o/038.jpg,,no_face
lupita_nyong'o,39,Black_Females,CWF,lupita_nyong'o/039.jpg,,low_confidence
lupita_nyong'o,42,Black_Females,CWF,lupita_nyong'o/042.jpg,lupita_nyong'o_0042.npy,ok
lupita_nyong'o,48,Black_Females,CWF,lupita_nyong'o/048.jpg,,low_confidence
lupita_nyong'o,61,Black_Females,CWF,lupita_nyong'o/061.jpg,lupita_nyong'o_0061.npy,ok
lupita_nyong'o,74,Black_Females,CWF,lupita_nyong'o/074.jpg,,low_confidence
lupita_nyong'o,77,Black_Females,CWF,lupita_nyong'o/077.jpg,,low_confidence
lupita_nyong'o,82,Black_Females,CWF,lupita_nyong'o/082.jpg,lupita_nyong'o_0082.npy,ok
lupita_nyong'o,84,Black_Females,CWF,lupita_nyong'o/084.jpg,,low_confidence
lupita_nyong'o,95,Black_Females,CWF,lupita_nyong'o/095.jpg,,no_face
lupita_nyong'o,119,Black_Females,CWF,lupita_nyong'o/119.jpg,,low_confidence
lupita_nyong'o,122,Black_Females,CWF,lupita_nyong'o/122.jpg,lupita_nyong'o_0122.npy,ok
lupita_nyong'o,139,Black_Females,CWF,lupita_nyong'o/139.jpg,,low_confidence
meagan_good,7,Black_Females,CWF,meagan_good/007.jpg,,low_confidence
meagan_good,22,Black_Females,CWF,meagan_good/022.jpg,,low_confidence
meagan_good,26,Black_Females,CWF,meagan_good/026.jpg,,low_confidence
meagan_good,27,Black_Females,CWF,meagan_good/027.jpg,meagan_good_0027.npy,ok
meagan_good,34,Black_Females,CWF,meagan_good/034.jpg,,low_confidence
meagan_good,45,Black_Females,CWF,meagan_good/045.jpg,,low_confidence
meagan_good,50,Black_Females,CWF,meagan_good/050.jpg,,low_confidence
meagan_good,58,Black_Females,CWF,meagan_good/058.jpg,,low_confidence
meagan_good,59,Black_Females,CWF,meagan_good/059.jpg,,low_confidence
meagan_good,65,Black_Females,CWF,meagan_good/065.jpg,meagan_good_0065.npy,ok
meagan_good,69,Black_Females,CWF,meagan_good/069.jpg,,low_confidence
meagan_good,72,Black_Females,CWF,meagan_good/072.jpg,,low_confidence
meagan_good,76,Black_Females,CWF,meagan_good/076.jpg,,low_confidence
meagan_good,85,Black_Females,CWF,meagan_good/085.jpg,,low_confidence
meagan_good,101,Black_Females,CWF,meagan_good/101.jpg,,low_confidence
meagan_good,108,Black_Females,CWF,meagan_good/108.jpg,meagan_good_0108.npy,ok
meagan_good,115,Black_Females,CWF,meagan_good/115.jpg,,no_face
meagan_good,124,Black_Females,CWF,meagan_good/124.jpg,,low_confidence
megalyn_echikunwoke,2,Black_Females,CWF,megalyn_echikunwoke/002.jpg,megalyn_echikunwoke_0002.npy,ok
megalyn_echikunwoke,4,Black_Females,CWF,megalyn_echikunwoke/004.jpg,,no_face
megalyn_echikunwoke,6,Black_Females,CWF,megalyn_echikunwoke/006.jpg,megalyn_echikunwoke_0006.npy,ok
megalyn_echikunwoke,8,Black_Females,CWF,megalyn_echikunwoke/008.jpg,megalyn_echikunwoke_0008.npy,ok
megalyn_echikunwoke,15,Black_Females,CWF,megalyn_echikunwoke/015.jpg,,low_confidence
megalyn_echikunwoke,21,Black_Females,CWF,megalyn_echikunwoke/021.jpg,megalyn_echikunwoke_0021.npy,ok
megalyn_echikunwoke,23,Black_Females,CWF,megalyn_echikunwoke/023.jpg,,no_face
megalyn_echikunwoke,32,Black_Females,CWF,megalyn_echikunwoke/032.jpg,megalyn_echikunwoke_0032.npy,ok
megalyn_echikunwoke,35,Black_Females,CWF,megalyn_echikunwoke/035.jpg,,no_face
megalyn_echikunwoke,37,Black_Females,CWF,megalyn_echikunwoke/037.jpg,,no_face
megalyn_echikunwoke,39,Black_Females,CWF,megalyn_echikunwoke/039.jpg,,no_face
megalyn_echikunwoke,41,Black_Females,CWF,megalyn_echikunwoke/041.jpg,,low_confidence
megalyn_echikunwoke,43,Black_Females,CWF,megalyn_echikunwoke/043.jpg,megalyn_echikunwoke_0043.npy,ok
megalyn_echikunwoke,48,Black_Females,CWF,megalyn_echikunwoke/048.jpg,megalyn_echikunwoke_0048.npy,ok
megalyn_echikunwoke,55,Black_Females,CWF,megalyn_echikunwoke/055.jpg,,low_confidence
megalyn_echikunwoke,57,Black_Females,CWF,megalyn_echikunwoke/057.jpg,,low_confidence
megalyn_echikunwoke,58,Black_Females,CWF,megalyn_echikunwoke/058.jpg,,no_face
megalyn_echikunwoke,59,Black_Females,CWF,megalyn_echikunwoke/059.jpg,,no_face
mo'nique,23,Black_Females,CWF,mo'nique/023.jpg,mo'nique_0023.npy,ok
mo'nique,25,Black_Females,CWF,mo'nique/025.jpg,mo'nique_0025.npy,ok
mo'nique,29,Black_Females,CWF,mo'nique/029.jpg,,no_face
mo'nique,34,Black_Females,CWF,mo'nique/034.jpg,,no_face
mo'nique,36,Black_Females,CWF,mo'nique/036.jpg,,no_face
mo'nique,38,Black_Females,CWF,mo'nique/038.jpg,mo'nique_0038.npy,ok
mo'nique,45,Black_Females,CWF,mo'nique/045.jpg,,no_face
mo'nique,48,Black_Females,CWF,mo'nique/048.jpg,,low_confidence
mo'nique,51,Black_Females,CWF,mo'nique/051.jpg,,low_confidence
mo'nique,52,Black_Females,CWF,mo'nique/052.jpg,,no_face
mo'nique,67,Black_Females,CWF,mo'nique/067.jpg,,low_confidence
mo'nique,74,Black_Females,CWF,mo'nique/074.jpg,,low_confidence
mo'nique,78,Black_Females,CWF,mo'nique/078.jpg,,low_confidence
mo'nique,80,Black_Females,CWF,mo'nique/080.jpg,mo'nique_0080.npy,ok
mo'nique,93,Black_Females,CWF,mo'nique/093.jpg,mo'nique_0093.npy,ok
mo'nique,99,Black_Females,CWF,mo'nique/099.jpg,,low_confidence
mo'nique,103,Black_Females,CWF,mo'nique/103.jpg,mo'nique_0103.npy,ok
mo'nique,104,Black_Females,CWF,mo'nique/104.jpg,,low_confidence
monique_coleman,2,Black_Females,CWF,monique_coleman/002.jpg,,no_face
monique_coleman,15,Black_Females,CWF,monique_coleman/015.jpg,monique_coleman_0015.npy,ok
monique_coleman,16,Black_Females,CWF,monique_coleman/016.jpg,,no_face
monique_coleman,18,Black_Females,CWF,monique_coleman/018.jpg,,no_face
monique_coleman,21,Black_Females,CWF,monique_coleman/021.jpg,,no_face
monique_coleman,23,Black_Females,CWF,monique_coleman/023.jpg,monique_coleman_0023.npy,ok
monique_coleman,28,Black_Females,CWF,monique_coleman/028.jpg,,low_confidence
monique_coleman,29,Black_Females,CWF,monique_coleman/029.jpg,,low_confidence
monique_coleman,40,Black_Females,CWF,monique_coleman/040.jpg,monique_coleman_0040.npy,ok
monique_coleman,44,Black_Females,CWF,monique_coleman/044.jpg,,no_face
monique_coleman,45,Black_Females,CWF,monique_coleman/045.jpg,monique_coleman_0045.npy,ok
monique_coleman,47,Black_Females,CWF,monique_coleman/047.jpg,,no_face
monique_coleman,48,Black_Females,CWF,monique_coleman/048.jpg,monique_coleman_0048.npy,ok
monique_coleman,54,Black_Females,CWF,monique_coleman/054.jpg,,low_confidence
monique_coleman,56,Black_Females,CWF,monique_coleman/056.jpg,,no_face
monique_coleman,60,Black_Females,CWF,monique_coleman/060.jpg,,no_face
monique_coleman,63,Black_Females,CWF,monique_coleman/063.jpg,,no_face
monique_coleman,64,Black_Females,CWF,monique_coleman/064.jpg,,no_face
namaiya_cunningham,2,Black_Females,CWF,namaiya_cunningham/002.jpg,,low_confidence
namaiya_cunningham,3,Black_Females,CWF,namaiya_cunningham/003.jpg,,low_confidence
namaiya_cunningham,5,Black_Females,CWF,namaiya_cunningham/005.jpg,,low_confidence
namaiya_cunningham,6,Black_Females,CWF,namaiya_cunningham/006.jpg,,low_confidence
namaiya_cunningham,12,Black_Females,CWF,namaiya_cunningham/012.jpg,namaiya_cunningham_0012.npy,ok
namaiya_cunningham,15,Black_Females,CWF,namaiya_cunningham/015.jpg,,low_confidence
namaiya_cunningham,16,Black_Females,CWF,namaiya_cunningham/016.jpg,,spoof_detected
namaiya_cunningham,18,Black_Females,CWF,namaiya_cunningham/018.jpg,,low_confidence
namaiya_cunningham,21,Black_Females,CWF,namaiya_cunningham/021.jpg,namaiya_cunningham_0021.npy,ok
namaiya_cunningham,26,Black_Females,CWF,namaiya_cunningham/026.jpg,,low_confidence
namaiya_cunningham,29,Black_Females,CWF,namaiya_cunningham/029.jpg,namaiya_cunningham_0029.npy,ok
namaiya_cunningham,31,Black_Females,CWF,namaiya_cunningham/031.jpg,,low_confidence
namaiya_cunningham,34,Black_Females,CWF,namaiya_cunningham/034.jpg,,low_confidence
namaiya_cunningham,36,Black_Females,CWF,namaiya_cunningham/036.jpg,,low_confidence
namaiya_cunningham,41,Black_Females,CWF,namaiya_cunningham/041.jpg,,low_confidence
namaiya_cunningham,44,Black_Females,CWF,namaiya_cunningham/044.jpg,namaiya_cunningham_0044.npy,ok
namaiya_cunningham,49,Black_Females,CWF,namaiya_cunningham/049.jpg,,low_confidence
namaiya_cunningham,51,Black_Females,CWF,namaiya_cunningham/051.jpg,namaiya_cunningham_0051.npy,ok
nicki_minaj,2,Black_Females,CWF,nicki_minaj/002.jpg,,low_confidence
nicki_minaj,3,Black_Females,CWF,nicki_minaj/003.jpg,,low_confidence
nicki_minaj,11,Black_Females,CWF,nicki_minaj/011.jpg,,low_confidence
nicki_minaj,14,Black_Females,CWF,nicki_minaj/014.jpg,,no_face
nicki_minaj,15,Black_Females,CWF,nicki_minaj/015.jpg,nicki_minaj_0015.npy,ok
nicki_minaj,20,Black_Females,CWF,nicki_minaj/020.jpg,,no_face
nicki_minaj,21,Black_Females,CWF,nicki_minaj/021.jpg,,low_confidence
nicki_minaj,23,Black_Females,CWF,nicki_minaj/023.jpg,,low_confidence
nicki_minaj,27,Black_Females,CWF,nicki_minaj/027.jpg,,low_confidence
nicki_minaj,30,Black_Females,CWF,nicki_minaj/030.jpg,,low_confidence
nicki_minaj,33,Black_Females,CWF,nicki_minaj/033.jpg,,no_face
nicki_minaj,36,Black_Females,CWF,nicki_minaj/036.jpg,nicki_minaj_0036.npy,ok
nicki_minaj,38,Black_Females,CWF,nicki_minaj/038.jpg,,no_face
nicki_minaj,42,Black_Females,CWF,nicki_minaj/042.jpg,,no_face
nicki_minaj,43,Black_Females,CWF,nicki_minaj/043.jpg,,no_face
nicki_minaj,44,Black_Females,CWF,nicki_minaj/044.jpg,,low_confidence
nicki_minaj,45,Black_Females,CWF,nicki_minaj/045.jpg,nicki_minaj_0045.npy,ok
nicki_minaj,50,Black_Females,CWF,nicki_minaj/050.jpg,,no_face
nikki_storm,4,Black_Females,CWF,nikki_storm/004.jpg,,no_face
nikki_storm,5,Black_Females,CWF,nikki_storm/005.jpg,,low_confidence
nikki_storm,10,Black_Females,CWF,nikki_storm/010.jpg,,low_confidence
nikki_storm,12,Black_Females,CWF,nikki_storm/012.jpg,,no_face
nikki_storm,13,Black_Females,CWF,nikki_storm/013.jpg,,low_confidence
nikki_storm,15,Black_Females,CWF,nikki_storm/015.jpg,nikki_storm_0015.npy,ok
nikki_storm,22,Black_Females,CWF,nikki_storm/022.jpg,,low_confidence
nikki_storm,25,Black_Females,CWF,nikki_storm/025.jpg,,low_confidence
nikki_storm,31,Black_Females,CWF,nikki_storm/031.jpg,nikki_storm_0031.npy,ok
nikki_storm,35,Black_Females,CWF,nikki_storm/035.jpg,,no_face
nikki_storm,38,Black_Females,CWF,nikki_storm/038.jpg,,no_face
nikki_storm,44,Black_Females,CWF,nikki_storm/044.jpg,,no_face
nikki_storm,46,Black_Females,CWF,nikki_storm/046.jpg,,low_confidence
nikki_storm,48,Black_Females,CWF,nikki_storm/048.jpg,,no_face
nikki_storm,57,Black_Females,CWF,nikki_storm/057.jpg,nikki_storm_0057.npy,ok
nikki_storm,59,Black_Females,CWF,nikki_storm/059.jpg,,low_confidence
nikki_storm,60,Black_Females,CWF,nikki_storm/060.jpg,,no_face
nikki_storm,64,Black_Females,CWF,nikki_storm/064.jpg,,low_confidence
octavia_spencer,23,Black_Females,CWF,octavia_spencer/023.jpg,,low_confidence
octavia_spencer,32,Black_Females,CWF,octavia_spencer/032.jpg,,low_confidence
octavia_spencer,40,Black_Females,CWF,octavia_spencer/040.jpg,,no_face
octavia_spencer,46,Black_Females,CWF,octavia_spencer/046.jpg,octavia_spencer_0046.npy,ok
octavia_spencer,51,Black_Females,CWF,octavia_spencer/051.jpg,,low_confidence
octavia_spencer,59,Black_Females,CWF,octavia_spencer/059.jpg,,low_confidence
octavia_spencer,60,Black_Females,CWF,octavia_spencer/060.jpg,,low_confidence
octavia_spencer,61,Black_Females,CWF,octavia_spencer/061.jpg,,low_confidence
octavia_spencer,63,Black_Females,CWF,octavia_spencer/063.jpg,,low_confidence
octavia_spencer,83,Black_Females,CWF,octavia_spencer/083.jpg,,low_confidence
octavia_spencer,94,Black_Females,CWF,octavia_spencer/094.jpg,octavia_spencer_0094.npy,ok
octavia_spencer,101,Black_Females,CWF,octavia_spencer/101.jpg,octavia_spencer_0101.npy,ok
octavia_spencer,115,Black_Females,CWF,octavia_spencer/115.jpg,,low_confidence
octavia_spencer,120,Black_Females,CWF,octavia_spencer/120.jpg,,low_confidence
octavia_spencer,124,Black_Females,CWF,octavia_spencer/124.jpg,,low_confidence
octavia_spencer,156,Black_Females,CWF,octavia_spencer/156.jpg,,low_confidence
octavia_spencer,162,Black_Females,CWF,octavia_spencer/162.jpg,,low_confidence
octavia_spencer,168,Black_Females,CWF,octavia_spencer/168.jpg,,no_face
pam_grier,15,Black_Females,CWF,pam_grier/015.jpg,,spoof_detected
pam_grier,21,Black_Females,CWF,pam_grier/021.jpg,,spoof_detected
pam_grier,23,Black_Females,CWF,pam_grier/023.jpg,,spoof_detected
pam_grier,28,Black_Females,CWF,pam_grier/028.jpg,,low_confidence
pam_grier,30,Black_Females,CWF,pam_grier/030.jpg,,low_confidence
pam_grier,43,Black_Females,CWF,pam_grier/043.jpg,,low_confidence
pam_grier,48,Black_Females,CWF,pam_grier/048.jpg,,low_confidence
pam_grier,50,Black_Females,CWF,pam_grier/050.jpg,,low_confidence
pam_grier,55,Black_Females,CWF,pam_grier/055.jpg,pam_grier_0055.npy,ok
pam_grier,62,Black_Females,CWF,pam_grier/062.jpg,pam_grier_0062.npy,ok
pam_grier,64,Black_Females,CWF,pam_grier/064.jpg,,spoof_detected
pam_grier,65,Black_Females,CWF,pam_grier/065.jpg,pam_grier_0065.npy,ok
pam_grier,66,Black_Females,CWF,pam_grier/066.jpg,,low_confidence
pam_grier,68,Black_Females,CWF,pam_grier/068.jpg,,low_confidence
pam_grier,78,Black_Females,CWF,pam_grier/078.jpg,pam_grier_0078.npy,ok
pam_grier,96,Black_Females,CWF,pam_grier/096.jpg,,low_confidence
pam_grier,97,Black_Females,CWF,pam_grier/097.jpg,,low_confidence
pam_grier,103,Black_Females,CWF,pam_grier/103.jpg,,low_confidence
pamella_d'pella,3,Black_Females,CWF,pamella_d'pella/003.jpg,,spoof_detected
pamella_d'pella,4,Black_Females,CWF,pamella_d'pella/004.jpg,,low_confidence
pamella_d'pella,5,Black_Females,CWF,pamella_d'pella/005.jpg,,low_confidence
pamella_d'pella,11,Black_Females,CWF,pamella_d'pella/011.jpg,,spoof_detected
pamella_d'pella,15,Black_Females,CWF,pamella_d'pella/015.jpg,pamella_d'pella_0015.npy,ok
pamella_d'pella,27,Black_Females,CWF,pamella_d'pella/027.jpg,,low_confidence
pamella_d'pella,40,Black_Females,CWF,pamella_d'pella/040.jpg,,low_confidence
pamella_d'pella,52,Black_Females,CWF,pamella_d'pella/052.jpg,pamella_d'pella_0052.npy,ok
pamella_d'pella,55,Black_Females,CWF,pamella_d'pella/055.jpg,,low_confidence
pamella_d'pella,76,Black_Females,CWF,pamella_d'pella/076.jpg,pamella_d'pella_0076.npy,ok
pamella_d'pella,78,Black_Females,CWF,pamella_d'pella/078.jpg,,spoof_detected
pamella_d'pella,85,Black_Females,CWF,pamella_d'pella/085.jpg,,low_confidence
pamella_d'pella,88,Black_Females,CWF,pamella_d'pella/088.jpg,,low_confidence
pamella_d'pella,89,Black_Females,CWF,pamella_d'pella/089.jpg,,low_confidence
pamella_d'pella,96,Black_Females,CWF,pamella_d'pella/096.jpg,pamella_d'pella_0096.npy,ok
pamella_d'pella,98,Black_Females,CWF,pamella_d'pella/098.jpg,,no_face
pamella_d'pella,99,Black_Females,CWF,pamella_d'pella/099.jpg,pamella_d'pella_0099.npy,ok
pamella_d'pella,104,Black_Females,CWF,pamella_d'pella/104.jpg,,spoof_detected
regina_hall,2,Black_Females,CWF,regina_hall/002.jpg,regina_hall_0002.npy,ok
regina_hall,5,Black_Females,CWF,regina_hall/005.jpg,regina_hall_0005.npy,ok
regina_hall,7,Black_Females,CWF,regina_hall/007.jpg,regina_hall_0007.npy,ok
regina_hall,9,Black_Females,CWF,regina_hall/009.jpg,,no_face
regina_hall,12,Black_Females,CWF,regina_hall/012.jpg,,low_confidence
regina_hall,15,Black_Females,CWF,regina_hall/015.jpg,,no_face
regina_hall,16,Black_Females,CWF,regina_hall/016.jpg,,low_confidence
regina_hall,17,Black_Females,CWF,regina_hall/017.jpg,,low_confidence
regina_hall,24,Black_Females,CWF,regina_hall/024.jpg,regina_hall_0024.npy,ok
regina_hall,29,Black_Females,CWF,regina_hall/029.jpg,,low_confidence
regina_hall,32,Black_Females,CWF,regina_hall/032.jpg,regina_hall_0032.npy,ok
regina_hall,35,Black_Females,CWF,regina_hall/035.jpg,,no_face
regina_hall,36,Black_Females,CWF,regina_hall/036.jpg,regina_hall_0036.npy,ok
regina_hall,37,Black_Females,CWF,regina_hall/037.jpg,regina_hall_0037.npy,ok
regina_hall,43,Black_Females,CWF,regina_hall/043.jpg,,low_confidence
regina_hall,45,Black_Females,CWF,regina_hall/045.jpg,,low_confidence
regina_hall,46,Black_Females,CWF,regina_hall/046.jpg,regina_hall_0046.npy,ok
regina_hall,50,Black_Females,CWF,regina_hall/050.jpg,regina_hall_0050.npy,ok
retta,9,Black_Females,VGGFace,retta/00000009.jpg,,no_face
retta,19,Black_Females,VGGFace,retta/00000019.jpg,,no_face
retta,47,Black_Females,VGGFace,retta/00000047.jpg,retta_0047.npy,ok
retta,48,Black_Females,VGGFace,retta/00000048.jpg,,no_face
retta,67,Black_Females,VGGFace,retta/00000067.jpg,,low_confidence
retta,132,Black_Females,VGGFace,retta/00000132.jpg,,no_face
retta,163,Black_Females,VGGFace,retta/00000163.jpg,,no_face
retta,179,Black_Females,VGGFace,retta/00000179.jpg,,no_face
retta,203,Black_Females,VGGFace,retta/00000203.jpg,,no_face
retta,218,Black_Females,VGGFace,retta/00000218.jpg,,no_face
retta,226,Black_Females,VGGFace,retta/00000226.jpg,retta_0226.npy,ok
retta,263,Black_Females,VGGFace,retta/00000263.jpg,,no_face
retta,298,Black_Females,VGGFace,retta/00000298.jpg,,no_face
retta,315,Black_Females,VGGFace,retta/00000315.jpg,,no_face
retta,414,Black_Females,VGGFace,retta/00000414.jpg,retta_0414.npy,ok
retta,467,Black_Females,VGGFace,retta/00000467.jpg,,no_face
retta,692,Black_Females,VGGFace,retta/00000692.jpg,,no_face
retta,764,Black_Females,VGGFace,retta/00000764.jpg,,no_face
rihanna,6,Black_Females,CWF,rihanna/006.jpg,,low_confidence
rihanna,12,Black_Females,CWF,rihanna/012.jpg,,no_face
rihanna,52,Black_Females,CWF,rihanna/052.jpg,,low_confidence
rihanna,56,Black_Females,CWF,rihanna/056.jpg,,no_face
rihanna,67,Black_Females,CWF,rihanna/067.jpg,,low_confidence
rihanna,76,Black_Females,CWF,rihanna/076.jpg,,low_confidence
rihanna,106,Black_Females,CWF,rihanna/106.jpg,,low_confidence
rihanna,109,Black_Females,CWF,rihanna/109.jpg,rihanna_0109.npy,ok
rihanna,117,Black_Females,CWF,rihanna/117.jpg,,no_face
rihanna,155,Black_Females,CWF,rihanna/155.jpg,,low_confidence
rihanna,170,Black_Females,CWF,rihanna/170.jpg,rihanna_0170.npy,ok
rihanna,173,Black_Females,CWF,rihanna/173.jpg,rihanna_0173.npy,ok
rihanna,272,Black_Females,CWF,rihanna/272.jpg,,low_confidence
rihanna,295,Black_Females,CWF,rihanna/295.jpg,,no_face
rihanna,306,Black_Females,CWF,rihanna/306.jpg,,low_confidence
rihanna,319,Black_Females,CWF,rihanna/319.jpg,,low_confidence
rihanna,330,Black_Females,CWF,rihanna/330.jpg,rihanna_0330.npy,ok
rihanna,346,Black_Females,CWF,rihanna/346.jpg,,spoof_detected
rutina_wesley,15,Black_Females,CWF,rutina_wesley/015.jpg,,no_face
rutina_wesley,24,Black_Females,CWF,rutina_wesley/024.jpg,,no_face
rutina_wesley,27,Black_Females,CWF,rutina_wesley/027.jpg,,no_face
rutina_wesley,35,Black_Females,CWF,rutina_wesley/035.jpg,,low_confidence
rutina_wesley,37,Black_Females,CWF,rutina_wesley/037.jpg,,no_face
rutina_wesley,39,Black_Females,CWF,rutina_wesley/039.jpg,rutina_wesley_0039.npy,ok
rutina_wesley,43,Black_Females,CWF,rutina_wesley/043.jpg,,low_confidence
rutina_wesley,48,Black_Females,CWF,rutina_wesley/048.jpg,,no_face
rutina_wesley,53,Black_Females,CWF,rutina_wesley/053.jpg,,no_face
rutina_wesley,56,Black_Females,CWF,rutina_wesley/056.jpg,,no_face
rutina_wesley,60,Black_Females,CWF,rutina_wesley/060.jpg,rutina_wesley_0060.npy,ok
rutina_wesley,63,Black_Females,CWF,rutina_wesley/063.jpg,,no_face
rutina_wesley,64,Black_Females,CWF,rutina_wesley/064.jpg,,low_confidence
rutina_wesley,73,Black_Females,CWF,rutina_wesley/073.jpg,,no_face
rutina_wesley,75,Black_Females,CWF,rutina_wesley/075.jpg,,low_confidence
rutina_wesley,76,Black_Females,CWF,rutina_wesley/076.jpg,,low_confidence
rutina_wesley,77,Black_Females,CWF,rutina_wesley/077.jpg,,low_confidence
rutina_wesley,78,Black_Females,CWF,rutina_wesley/078.jpg,,low_confidence
s_epatha_merkerson,3,Black_Females,CWF,s_epatha_merkerson/003.jpg,s_epatha_merkerson_0003.npy,ok
s_epatha_merkerson,12,Black_Females,CWF,s_epatha_merkerson/012.jpg,,low_confidence
s_epatha_merkerson,15,Black_Females,CWF,s_epatha_merkerson/015.jpg,,low_confidence
s_epatha_merkerson,16,Black_Females,CWF,s_epatha_merkerson/016.jpg,,low_confidence
s_epatha_merkerson,18,Black_Females,CWF,s_epatha_merkerson/018.jpg,,low_confidence
s_epatha_merkerson,24,Black_Females,CWF,s_epatha_merkerson/024.jpg,,no_face
s_epatha_merkerson,28,Black_Females,CWF,s_epatha_merkerson/028.jpg,s_epatha_merkerson_0028.npy,ok
s_epatha_merkerson,29,Black_Females,CWF,s_epatha_merkerson/029.jpg,,low_confidence
s_epatha_merkerson,30,Black_Females,CWF,s_epatha_merkerson/030.jpg,s_epatha_merkerson_0030.npy,ok
s_epatha_merkerson,32,Black_Females,CWF,s_epatha_merkerson/032.jpg,,low_confidence
s_epatha_merkerson,33,Black_Females,CWF,s_epatha_merkerson/033.jpg,,low_confidence
s_epatha_merkerson,37,Black_Females,CWF,s_epatha_merkerson/037.jpg,,low_confidence
s_epatha_merkerson,47,Black_Females,CWF,s_epatha_merkerson/047.jpg,,low_confidence
s_epatha_merkerson,49,Black_Females,CWF,s_epatha_merkerson/049.jpg,,low_confidence
s_epatha_merkerson,50,Black_Females,CWF,s_epatha_merkerson/050.jpg,,low_confidence
s_epatha_merkerson,54,Black_Females,CWF,s_epatha_merkerson/054.jpg,s_epatha_merkerson_0054.npy,ok
s_epatha_merkerson,55,Black_Females,CWF,s_epatha_merkerson/055.jpg,,low_confidence
s_epatha_merkerson,58,Black_Females,CWF,s_epatha_merkerson/058.jpg,,low_confidence
sanaa_lathan,20,Black_Females,CWF,sanaa_lathan/020.jpg,sanaa_lathan_0020.npy,ok
sanaa_lathan,24,Black_Females,CWF,sanaa_lathan/024.jpg,,low_confidence
sanaa_lathan,27,Black_Females,CWF,sanaa_lathan/027.jpg,,low_confidence
sanaa_lathan,49,Black_Females,CWF,sanaa_lathan/049.jpg,sanaa_lathan_0049.npy,ok
sanaa_lathan,51,Black_Females,CWF,sanaa_lathan/051.jpg,,low_confidence
sanaa_lathan,52,Black_Females,CWF,sanaa_lathan/052.jpg,sanaa_lathan_0052.npy,ok
sanaa_lathan,54,Black_Females,CWF,sanaa_lathan/054.jpg,sanaa_lathan_0054.npy,ok
sanaa_lathan,58,Black_Females,CWF,sanaa_lathan/058.jpg,,low_confidence
sanaa_lathan,62,Black_Females,CWF,sanaa_lathan/062.jpg,sanaa_lathan_0062.npy,ok
sanaa_lathan,66,Black_Females,CWF,sanaa_lathan/066.jpg,,no_face
sanaa_lathan,70,Black_Females,CWF,sanaa_lathan/070.jpg,,no_face
sanaa_lathan,75,Black_Females,CWF,sanaa_lathan/075.jpg,,low_confidence
sanaa_lathan,109,Black_Females,CWF,sanaa_lathan/109.jpg,sanaa_lathan_0109.npy,ok
sanaa_lathan,115,Black_Females,CWF,sanaa_lathan/115.jpg,,low_confidence
sanaa_lathan,116,Black_Females,CWF,sanaa_lathan/116.jpg,sanaa_lathan_0116.npy,ok
sanaa_lathan,118,Black_Females,CWF,sanaa_lathan/118.jpg,sanaa_lathan_0118.npy,ok
sanaa_lathan,123,Black_Females,CWF,sanaa_lathan/123.jpg,,low_confidence
sanaa_lathan,135,Black_Females,CWF,sanaa_lathan/135.jpg,,no_face
selita_ebanks,8,Black_Females,CWF,selita_ebanks/008.jpg,,low_confidence
selita_ebanks,10,Black_Females,CWF,selita_ebanks/010.jpg,,low_confidence
selita_ebanks,12,Black_Females,CWF,selita_ebanks/012.jpg,selita_ebanks_0012.npy,ok
selita_ebanks,14,Black_Females,CWF,selita_ebanks/014.jpg,selita_ebanks_0014.npy,ok
selita_ebanks,15,Black_Females,CWF,selita_ebanks/015.jpg,,low_confidence
selita_ebanks,26,Black_Females,CWF,selita_ebanks/026.jpg,selita_ebanks_0026.npy,ok
selita_ebanks,28,Black_Females,CWF,selita_ebanks/028.jpg,,no_face
selita_ebanks,29,Black_Females,CWF,selita_ebanks/029.jpg,selita_ebanks_0029.npy,ok
selita_ebanks,35,Black_Females,CWF,selita_ebanks/035.jpg,,no_face
selita_ebanks,45,Black_Females,CWF,selita_ebanks/045.jpg,,low_confidence
selita_ebanks,51,Black_Females,CWF,selita_ebanks/051.jpg,selita_ebanks_0051.npy,ok
selita_ebanks,52,Black_Females,CWF,selita_ebanks/052.jpg,selita_ebanks_0052.npy,ok
selita_ebanks,56,Black_Females,CWF,selita_ebanks/056.jpg,selita_ebanks_0056.npy,ok
selita_ebanks,57,Black_Females,CWF,selita_ebanks/057.jpg,,low_confidence
selita_ebanks,59,Black_Females,CWF,selita_ebanks/059.jpg,,low_confidence
selita_ebanks,62,Black_Females,CWF,selita_ebanks/062.jpg,selita_ebanks_0062.npy,ok
selita_ebanks,68,Black_Females,CWF,selita_ebanks/068.jpg,,low_confidence
selita_ebanks,72,Black_Females,CWF,selita_ebanks/072.jpg,,no_face
sharon_leal,13,Black_Females,CWF,sharon_leal/013.jpg,,low_confidence
sharon_leal,14,Black_Females,CWF,sharon_leal/014.jpg,sharon_leal_0014.npy,ok
sharon_leal,15,Black_Females,CWF,sharon_leal/015.jpg,,low_confidence
sharon_leal,17,Black_Females,CWF,sharon_leal/017.jpg,,low_confidence
sharon_leal,18,Black_Females,CWF,sharon_leal/018.jpg,sharon_leal_0018.npy,ok
sharon_leal,25,Black_Females,CWF,sharon_leal/025.jpg,,low_confidence
sharon_leal,33,Black_Females,CWF,sharon_leal/033.jpg,,low_confidence
sharon_leal,36,Black_Females,CWF,sharon_leal/036.jpg,,low_confidence
sharon_leal,41,Black_Females,CWF,sharon_leal/041.jpg,,low_confidence
sharon_leal,47,Black_Females,CWF,sharon_leal/047.jpg,,low_confidence
sharon_leal,48,Black_Females,CWF,sharon_leal/048.jpg,,no_face
sharon_leal,89,Black_Females,CWF,sharon_leal/089.jpg,sharon_leal_0089.npy,ok
sharon_leal,98,Black_Females,CWF,sharon_leal/098.jpg,,low_confidence
sharon_leal,102,Black_Females,CWF,sharon_leal/102.jpg,,no_face
sharon_leal,109,Black_Females,CWF,sharon_leal/109.jpg,,low_confidence
sharon_leal,118,Black_Females,CWF,sharon_leal/118.jpg,,low_confidence
sharon_leal,120,Black_Females,CWF,sharon_leal/120.jpg,,low_confidence
sharon_leal,133,Black_Females,CWF,sharon_leal/133.jpg,,no_face
shauna_chin,3,Black_Females,CWF,shauna_chin/003.jpg,,low_confidence
shauna_chin,4,Black_Females,CWF,shauna_chin/004.jpg,shauna_chin_0004.npy,ok
shauna_chin,5,Black_Females,CWF,shauna_chin/005.jpg,,low_confidence
shauna_chin,7,Black_Females,CWF,shauna_chin/007.jpg,shauna_chin_0007.npy,ok
shauna_chin,13,Black_Females,CWF,shauna_chin/013.jpg,,low_confidence
shauna_chin,18,Black_Females,CWF,shauna_chin/018.jpg,shauna_chin_0018.npy,ok
shauna_chin,20,Black_Females,CWF,shauna_chin/020.jpg,,no_face
shauna_chin,21,Black_Females,CWF,shauna_chin/021.jpg,shauna_chin_0021.npy,ok
shauna_chin,30,Black_Females,CWF,shauna_chin/030.jpg,shauna_chin_0030.npy,ok
shauna_chin,35,Black_Females,CWF,shauna_chin/035.jpg,,low_confidence
shauna_chin,36,Black_Females,CWF,shauna_chin/036.jpg,shauna_chin_0036.npy,ok
shauna_chin,40,Black_Females,CWF,shauna_chin/040.jpg,,no_face
shauna_chin,41,Black_Females,CWF,shauna_chin/041.jpg,,low_confidence
shauna_chin,44,Black_Females,CWF,shauna_chin/044.jpg,,low_confidence
shauna_chin,50,Black_Females,CWF,shauna_chin/050.jpg,,no_face
shauna_chin,51,Black_Females,CWF,shauna_chin/051.jpg,,low_confidence
shauna_chin,52,Black_Females,CWF,shauna_chin/052.jpg,,no_face
shauna_chin,53,Black_Females,CWF,shauna_chin/053.jpg,shauna_chin_0053.npy,ok
tamala_jones,1,Black_Females,CWF,tamala_jones/001.jpg,,spoof_detected
tamala_jones,4,Black_Females,CWF,tamala_jones/004.jpg,,low_confidence
tamala_jones,10,Black_Females,CWF,tamala_jones/010.jpg,,low_confidence
tamala_jones,14,Black_Females,CWF,tamala_jones/014.jpg,tamala_jones_0014.npy,ok
tamala_jones,16,Black_Females,CWF,tamala_jones/016.jpg,tamala_jones_0016.npy,ok
tamala_jones,19,Black_Females,CWF,tamala_jones/019.jpg,,low_confidence
tamala_jones,23,Black_Females,CWF,tamala_jones/023.jpg,,low_confidence
tamala_jones,26,Black_Females,CWF,tamala_jones/026.jpg,,low_confidence
tamala_jones,34,Black_Females,CWF,tamala_jones/034.jpg,tamala_jones_0034.npy,ok
tamala_jones,38,Black_Females,CWF,tamala_jones/038.jpg,,low_confidence
tamala_jones,43,Black_Females,CWF,tamala_jones/043.jpg,tamala_jones_0043.npy,ok
tamala_jones,49,Black_Females,CWF,tamala_jones/049.jpg,,low_confidence
tamala_jones,50,Black_Females,CWF,tamala_jones/050.jpg,tamala_jones_0050.npy,ok
tamala_jones,55,Black_Females,CWF,tamala_jones/055.jpg,,low_confidence
tamala_jones,59,Black_Females,CWF,tamala_jones/059.jpg,tamala_jones_0059.npy,ok
tamala_jones,60,Black_Females,CWF,tamala_jones/060.jpg,tamala_jones_0060.npy,ok
tamala_jones,66,Black_Females,CWF,tamala_jones/066.jpg,,low_confidence
tamala_jones,67,Black_Females,CWF,tamala_jones/067.jpg,tamala_jones_0067.npy,ok
tasha_smith,1,Black_Females,CWF,tasha_smith/001.jpg,,no_face
tasha_smith,2,Black_Females,CWF,tasha_smith/002.jpg,,no_face
tasha_smith,3,Black_Females,CWF,tasha_smith/003.jpg,,low_confidence
tasha_smith,5,Black_Females,CWF,tasha_smith/005.jpg,,low_confidence
tasha_smith,6,Black_Females,CWF,tasha_smith/006.jpg,,no_face
tasha_smith,7,Black_Females,CWF,tasha_smith/007.jpg,,low_confidence
tasha_smith,8,Black_Females,CWF,tasha_smith/008.jpg,,low_confidence
tasha_smith,10,Black_Females,CWF,tasha_smith/010.jpg,,low_confidence
tasha_smith,12,Black_Females,CWF,tasha_smith/012.jpg,,no_face
tasha_smith,13,Black_Females,CWF,tasha_smith/013.jpg,,no_face
tasha_smith,14,Black_Females,CWF,tasha_smith/014.jpg,tasha_smith_0014.npy,ok
tasha_smith,15,Black_Females,CWF,tasha_smith/015.jpg,,low_confidence
tasha_smith,16,Black_Females,CWF,tasha_smith/016.jpg,,low_confidence
tasha_smith,18,Black_Females,CWF,tasha_smith/018.jpg,,low_confidence
tasha_smith,20,Black_Females,CWF,tasha_smith/020.jpg,tasha_smith_0020.npy,ok
tasha_smith,21,Black_Females,CWF,tasha_smith/021.jpg,,low_confidence
tasha_smith,22,Black_Females,CWF,tasha_smith/022.jpg,,low_confidence
tasha_smith,24,Black_Females,CWF,tasha_smith/024.jpg,tasha_smith_0024.npy,ok
tatyana_ali,5,Black_Females,CWF,tatyana_ali/005.jpg,,low_confidence
tatyana_ali,6,Black_Females,CWF,tatyana_ali/006.jpg,,low_confidence
tatyana_ali,10,Black_Females,CWF,tatyana_ali/010.jpg,,no_face
tatyana_ali,12,Black_Females,CWF,tatyana_ali/012.jpg,,low_confidence
tatyana_ali,13,Black_Females,CWF,tatyana_ali/013.jpg,tatyana_ali_0013.npy,ok
tatyana_ali,15,Black_Females,CWF,tatyana_ali/015.jpg,tatyana_ali_0015.npy,ok
tatyana_ali,16,Black_Females,CWF,tatyana_ali/016.jpg,,low_confidence
tatyana_ali,18,Black_Females,CWF,tatyana_ali/018.jpg,,low_confidence
tatyana_ali,20,Black_Females,CWF,tatyana_ali/020.jpg,tatyana_ali_0020.npy,ok
tatyana_ali,21,Black_Females,CWF,tatyana_ali/021.jpg,tatyana_ali_0021.npy,ok
tatyana_ali,24,Black_Females,CWF,tatyana_ali/024.jpg,,spoof_detected
tatyana_ali,28,Black_Females,CWF,tatyana_ali/028.jpg,tatyana_ali_0028.npy,ok
tatyana_ali,29,Black_Females,CWF,tatyana_ali/029.jpg,,low_confidence
tatyana_ali,35,Black_Females,CWF,tatyana_ali/035.jpg,tatyana_ali_0035.npy,ok
tatyana_ali,40,Black_Females,CWF,tatyana_ali/040.jpg,,low_confidence
tatyana_ali,41,Black_Females,CWF,tatyana_ali/041.jpg,tatyana_ali_0041.npy,ok
tatyana_ali,48,Black_Females,CWF,tatyana_ali/048.jpg,,low_confidence
tatyana_ali,49,Black_Females,CWF,tatyana_ali/049.jpg,tatyana_ali_0049.npy,ok
thandie_newton,3,Black_Females,CWF,thandie_newton/003.jpg,,low_confidence
thandie_newton,16,Black_Females,CWF,thandie_newton/016.jpg,,no_face
thandie_newton,24,Black_Females,CWF,thandie_newton/024.jpg,,spoof_detected
thandie_newton,26,Black_Females,CWF,thandie_newton/026.jpg,thandie_newton_0026.npy,ok
thandie_newton,31,Black_Females,CWF,thandie_newton/031.jpg,thandie_newton_0031.npy,ok
thandie_newton,44,Black_Females,CWF,thandie_newton/044.jpg,,no_face
thandie_newton,49,Black_Females,CWF,thandie_newton/049.jpg,,low_confidence
thandie_newton,50,Black_Females,CWF,thandie_newton/050.jpg,,low_confidence
thandie_newton,51,Black_Females,CWF,thandie_newton/051.jpg,thandie_newton_0051.npy,ok
thandie_newton,66,Black_Females,CWF,thandie_newton/066.jpg,thandie_newton_0066.npy,ok
thandie_newton,69,Black_Females,CWF,thandie_newton/069.jpg,,no_face
thandie_newton,70,Black_Females,CWF,thandie_newton/070.jpg,,low_confidence
thandie_newton,101,Black_Females,CWF,thandie_newton/101.jpg,,no_face
thandie_newton,103,Black_Females,CWF,thandie_newton/103.jpg,thandie_newton_0103.npy,ok
thandie_newton,113,Black_Females,CWF,thandie_newton/113.jpg,,low_confidence
thandie_newton,135,Black_Females,CWF,thandie_newton/135.jpg,,low_confidence
thandie_newton,146,Black_Females,CWF,thandie_newton/146.jpg,thandie_newton_0146.npy,ok
thandie_newton,166,Black_Females,CWF,thandie_newton/166.jpg,thandie_newton_0166.npy,ok
theresa_randle,3,Black_Females,VGGFace,theresa_randle/00000003.jpg,,no_face
theresa_randle,23,Black_Females,VGGFace,theresa_randle/00000023.jpg,,low_confidence
theresa_randle,64,Black_Females,VGGFace,theresa_randle/00000064.jpg,,low_confidence
theresa_randle,79,Black_Females,VGGFace,theresa_randle/00000079.jpg,,no_face
theresa_randle,117,Black_Females,VGGFace,theresa_randle/00000117.jpg,,no_face
theresa_randle,139,Black_Females,VGGFace,theresa_randle/00000139.jpg,,no_face
theresa_randle,155,Black_Females,VGGFace,theresa_randle/00000155.jpg,,no_face
theresa_randle,156,Black_Females,VGGFace,theresa_randle/00000156.jpg,,low_confidence
theresa_randle,189,Black_Females,VGGFace,theresa_randle/00000189.jpg,,no_face
theresa_randle,212,Black_Females,VGGFace,theresa_randle/00000212.jpg,,low_confidence
theresa_randle,274,Black_Females,VGGFace,theresa_randle/00000274.jpg,,spoof_detected
theresa_randle,301,Black_Females,VGGFace,theresa_randle/00000301.jpg,,no_face
theresa_randle,306,Black_Females,VGGFace,theresa_randle/00000306.jpg,,no_face
theresa_randle,357,Black_Females,VGGFace,theresa_randle/00000357.jpg,,no_face
theresa_randle,672,Black_Females,VGGFace,theresa_randle/00000672.jpg,,no_face
theresa_randle,765,Black_Females,VGGFace,theresa_randle/00000765.jpg,theresa_randle_0765.npy,ok
theresa_randle,789,Black_Females,VGGFace,theresa_randle/00000789.jpg,,no_face
theresa_randle,996,Black_Females,VGGFace,theresa_randle/00000996.jpg,,low_confidence
tichina_arnold,6,Black_Females,CWF,tichina_arnold/006.jpg,,no_face
tichina_arnold,10,Black_Females,CWF,tichina_arnold/010.jpg,tichina_arnold_0010.npy,ok
tichina_arnold,14,Black_Females,CWF,tichina_arnold/014.jpg,,low_confidence
tichina_arnold,21,Black_Females,CWF,tichina_arnold/021.jpg,,low_confidence
tichina_arnold,22,Black_Females,CWF,tichina_arnold/022.jpg,,low_confidence
tichina_arnold,32,Black_Females,CWF,tichina_arnold/032.jpg,,low_confidence
tichina_arnold,35,Black_Females,CWF,tichina_arnold/035.jpg,,low_confidence
tichina_arnold,38,Black_Females,CWF,tichina_arnold/038.jpg,tichina_arnold_0038.npy,ok
tichina_arnold,39,Black_Females,CWF,tichina_arnold/039.jpg,,no_face
tichina_arnold,41,Black_Females,CWF,tichina_arnold/041.jpg,,no_face
tichina_arnold,45,Black_Females,CWF,tichina_arnold/045.jpg,,low_confidence
tichina_arnold,46,Black_Females,CWF,tichina_arnold/046.jpg,,low_confidence
tichina_arnold,47,Black_Females,CWF,tichina_arnold/047.jpg,tichina_arnold_0047.npy,ok
tichina_arnold,48,Black_Females,CWF,tichina_arnold/048.jpg,,no_face
tichina_arnold,54,Black_Females,CWF,tichina_arnold/054.jpg,,low_confidence
tichina_arnold,61,Black_Females,CWF,tichina_arnold/061.jpg,tichina_arnold_0061.npy,ok
tichina_arnold,65,Black_Females,CWF,tichina_arnold/065.jpg,,low_confidence
tichina_arnold,71,Black_Females,CWF,tichina_arnold/071.jpg,,low_confidence
trina_mcgee,4,Black_Females,CWF,trina_mcgee/004.jpg,,no_face
trina_mcgee,13,Black_Females,CWF,trina_mcgee/013.jpg,,low_confidence
trina_mcgee,18,Black_Females,CWF,trina_mcgee/018.jpg,,low_confidence
trina_mcgee,20,Black_Females,CWF,trina_mcgee/020.jpg,trina_mcgee_0020.npy,ok
trina_mcgee,28,Black_Females,CWF,trina_mcgee/028.jpg,,low_confidence
trina_mcgee,34,Black_Females,CWF,trina_mcgee/034.jpg,,low_confidence
trina_mcgee,39,Black_Females,CWF,trina_mcgee/039.jpg,,low_confidence
trina_mcgee,41,Black_Females,CWF,trina_mcgee/041.jpg,,low_confidence
trina_mcgee,42,Black_Females,CWF,trina_mcgee/042.jpg,,low_confidence
trina_mcgee,43,Black_Females,CWF,trina_mcgee/043.jpg,,low_confidence
trina_mcgee,44,Black_Females,CWF,trina_mcgee/044.jpg,,low_confidence
trina_mcgee,45,Black_Females,CWF,trina_mcgee/045.jpg,,low_confidence
trina_mcgee,57,Black_Females,CWF,trina_mcgee/057.jpg,,no_face
trina_mcgee,62,Black_Females,CWF,trina_mcgee/062.jpg,,low_confidence
trina_mcgee,65,Black_Females,CWF,trina_mcgee/065.jpg,,no_face
trina_mcgee,66,Black_Females,CWF,trina_mcgee/066.jpg,,low_confidence
trina_mcgee,67,Black_Females,CWF,trina_mcgee/067.jpg,,low_confidence
trina_mcgee,71,Black_Females,CWF,trina_mcgee/071.jpg,,no_face
veronica_webb,1,Black_Females,CWF,veronica_webb/001.jpg,veronica_webb_0001.npy,ok
veronica_webb,6,Black_Females,CWF,veronica_webb/006.jpg,,no_face
veronica_webb,8,Black_Females,CWF,veronica_webb/008.jpg,,no_face
veronica_webb,9,Black_Females,CWF,veronica_webb/009.jpg,,no_face
veronica_webb,10,Black_Females,CWF,veronica_webb/010.jpg,veronica_webb_0010.npy,ok
veronica_webb,11,Black_Females,CWF,veronica_webb/011.jpg,,no_face
veronica_webb,15,Black_Females,CWF,veronica_webb/015.jpg,,no_face
veronica_webb,17,Black_Females,CWF,veronica_webb/017.jpg,,no_face
veronica_webb,20,Black_Females,CWF,veronica_webb/020.jpg,,low_confidence
veronica_webb,22,Black_Females,CWF,veronica_webb/022.jpg,veronica_webb_0022.npy,ok
veronica_webb,23,Black_Females,CWF,veronica_webb/023.jpg,,spoof_detected
veronica_webb,27,Black_Females,CWF,veronica_webb/027.jpg,,spoof_detected
veronica_webb,28,Black_Females,CWF,veronica_webb/028.jpg,,no_face
veronica_webb,36,Black_Females,CWF,veronica_webb/036.jpg,veronica_webb_0036.npy,ok
veronica_webb,43,Black_Females,CWF,veronica_webb/043.jpg,veronica_webb_0043.npy,ok
veronica_webb,46,Black_Females,CWF,veronica_webb/046.jpg,,no_face
veronica_webb,47,Black_Females,CWF,veronica_webb/047.jpg,,spoof_detected
veronica_webb,52,Black_Females,CWF,veronica_webb/052.jpg,,no_face
wanda_sykes,1,Black_Females,CWF,wanda_sykes/001.jpg,wanda_sykes_0001.npy,ok
wanda_sykes,5,Black_Females,CWF,wanda_sykes/005.jpg,wanda_sykes_0005.npy,ok
wanda_sykes,11,Black_Females,CWF,wanda_sykes/011.jpg,,low_confidence
wanda_sykes,21,Black_Females,CWF,wanda_sykes/021.jpg,,spoof_detected
wanda_sykes,22,Black_Females,CWF,wanda_sykes/022.jpg,,low_confidence
wanda_sykes,27,Black_Females,CWF,wanda_sykes/027.jpg,,no_face
wanda_sykes,28,Black_Females,CWF,wanda_sykes/028.jpg,,low_confidence
wanda_sykes,31,Black_Females,CWF,wanda_sykes/031.jpg,wanda_sykes_0031.npy,ok
wanda_sykes,35,Black_Females,CWF,wanda_sykes/035.jpg,,low_confidence
wanda_sykes,46,Black_Females,CWF,wanda_sykes/046.jpg,wanda_sykes_0046.npy,ok
wanda_sykes,49,Black_Females,CWF,wanda_sykes/049.jpg,,low_confidence
wanda_sykes,54,Black_Females,CWF,wanda_sykes/054.jpg,,low_confidence
wanda_sykes,55,Black_Females,CWF,wanda_sykes/055.jpg,,low_confidence
wanda_sykes,56,Black_Females,CWF,wanda_sykes/056.jpg,wanda_sykes_0056.npy,ok
wanda_sykes,57,Black_Females,CWF,wanda_sykes/057.jpg,,no_face
wanda_sykes,58,Black_Females,CWF,wanda_sykes/058.jpg,,no_face
wanda_sykes,59,Black_Females,CWF,wanda_sykes/059.jpg,wanda_sykes_0059.npy,ok
wanda_sykes,61,Black_Females,CWF,wanda_sykes/061.jpg,,low_confidence
whitney_houston,3,Black_Females,CWF,whitney_houston/003.jpg,,low_confidence
whitney_houston,9,Black_Females,CWF,whitney_houston/009.jpg,,spoof_detected
whitney_houston,17,Black_Females,CWF,whitney_houston/017.jpg,,low_confidence
whitney_houston,23,Black_Females,CWF,whitney_houston/023.jpg,,no_face
whitney_houston,29,Black_Females,CWF,whitney_houston/029.jpg,,low_confidence
whitney_houston,30,Black_Females,CWF,whitney_houston/030.jpg,,low_confidence
whitney_houston,32,Black_Females,CWF,whitney_houston/032.jpg,,low_confidence
whitney_houston,33,Black_Females,CWF,whitney_houston/033.jpg,whitney_houston_0033.npy,ok
whitney_houston,41,Black_Females,CWF,whitney_houston/041.jpg,,no_face
whitney_houston,45,Black_Females,CWF,whitney_houston/045.jpg,,low_confidence
whitney_houston,52,Black_Females,CWF,whitney_houston/052.jpg,,no_face
whitney_houston,89,Black_Females,CWF,whitney_houston/089.jpg,,no_face
whitney_houston,91,Black_Females,CWF,whitney_houston/091.jpg,,no_face
whitney_houston,95,Black_Females,CWF,whitney_houston/095.jpg,,no_face
whitney_houston,102,Black_Females,CWF,whitney_houston/102.jpg,,low_confidence
whitney_houston,107,Black_Females,CWF,whitney_houston/107.jpg,whitney_houston_0107.npy,ok
whitney_houston,113,Black_Females,CWF,whitney_houston/113.jpg,whitney_houston_0113.npy,ok
whitney_houston,115,Black_Females,CWF,whitney_houston/115.jpg,,no_face
yvette_nicole_brown,15,Black_Females,CWF,yvette_nicole_brown/015.jpg,yvette_nicole_brown_0015.npy,ok
yvette_nicole_brown,20,Black_Females,CWF,yvette_nicole_brown/020.jpg,yvette_nicole_brown_0020.npy,ok
yvette_nicole_brown,41,Black_Females,CWF,yvette_nicole_brown/041.jpg,yvette_nicole_brown_0041.npy,ok
yvette_nicole_brown,44,Black_Females,CWF,yvette_nicole_brown/044.jpg,yvette_nicole_brown_0044.npy,ok
yvette_nicole_brown,45,Black_Females,CWF,yvette_nicole_brown/045.jpg,yvette_nicole_brown_0045.npy,ok
yvette_nicole_brown,47,Black_Females,CWF,yvette_nicole_brown/047.jpg,,low_confidence
yvette_nicole_brown,55,Black_Females,CWF,yvette_nicole_brown/055.jpg,yvette_nicole_brown_0055.npy,ok
yvette_nicole_brown,63,Black_Females,CWF,yvette_nicole_brown/063.jpg,,no_face
yvette_nicole_brown,74,Black_Females,CWF,yvette_nicole_brown/074.jpg,yvette_nicole_brown_0074.npy,ok
yvette_nicole_brown,75,Black_Females,CWF,yvette_nicole_brown/075.jpg,,low_confidence
yvette_nicole_brown,82,Black_Females,CWF,yvette_nicole_brown/082.jpg,yvette_nicole_brown_0082.npy,ok
yvette_nicole_brown,88,Black_Females,CWF,yvette_nicole_brown/088.jpg,yvette_nicole_brown_0088.npy,ok
yvette_nicole_brown,96,Black_Females,CWF,yvette_nicole_brown/096.jpg,yvette_nicole_brown_0096.npy,ok
yvette_nicole_brown,99,Black_Females,CWF,yvette_nicole_brown/099.jpg,yvette_nicole_brown_0099.npy,ok
yvette_nicole_brown,113,Black_Females,CWF,yvette_nicole_brown/113.jpg,,low_confidence
yvette_nicole_brown,122,Black_Females,CWF,yvette_nicole_brown/122.jpg,yvette_nicole_brown_0122.npy,ok
yvette_nicole_brown,129,Black_Females,CWF,yvette_nicole_brown/129.jpg,,no_face
yvette_nicole_brown,146,Black_Females,CWF,yvette_nicole_brown/146.jpg,,low_confidence
zoe_kravitz,4,Black_Females,CWF,zoe_kravitz/004.jpg,,low_confidence
zoe_kravitz,12,Black_Females,CWF,zoe_kravitz/012.jpg,,no_face
zoe_kravitz,13,Black_Females,CWF,zoe_kravitz/013.jpg,,low_confidence
zoe_kravitz,15,Black_Females,CWF,zoe_kravitz/015.jpg,,low_confidence
zoe_kravitz,17,Black_Females,CWF,zoe_kravitz/017.jpg,,low_confidence
zoe_kravitz,19,Black_Females,CWF,zoe_kravitz/019.jpg,,low_confidence
zoe_kravitz,24,Black_Females,CWF,zoe_kravitz/024.jpg,,no_face
zoe_kravitz,26,Black_Females,CWF,zoe_kravitz/026.jpg,,low_confidence
zoe_kravitz,32,Black_Females,CWF,zoe_kravitz/032.jpg,,no_face
zoe_kravitz,44,Black_Females,CWF,zoe_kravitz/044.jpg,,low_confidence
zoe_kravitz,50,Black_Females,CWF,zoe_kravitz/050.jpg,zoe_kravitz_0050.npy,ok
zoe_kravitz,61,Black_Females,CWF,zoe_kravitz/061.jpg,zoe_kravitz_0061.npy,ok
zoe_kravitz,64,Black_Females,CWF,zoe_kravitz/064.jpg,zoe_kravitz_0064.npy,ok
zoe_kravitz,67,Black_Females,CWF,zoe_kravitz/067.jpg,,no_face
zoe_kravitz,71,Black_Females,CWF,zoe_kravitz/071.jpg,,low_confidence
zoe_kravitz,77,Black_Females,CWF,zoe_kravitz/077.jpg,zoe_kravitz_0077.npy,ok
zoe_kravitz,83,Black_Females,CWF,zoe_kravitz/083.jpg,zoe_kravitz_0083.npy,ok
zoe_kravitz,103,Black_Females,CWF,zoe_kravitz/103.jpg,zoe_kravitz_0103.npy,ok
50_cent,17,Black_Males,CWF,50_cent/017.jpg,,no_face
50_cent,20,Black_Males,CWF,50_cent/020.jpg,50_cent_0020.npy,ok
50_cent,22,Black_Males,CWF,50_cent/022.jpg,,no_face
50_cent,25,Black_Males,CWF,50_cent/025.jpg,50_cent_0025.npy,ok
50_cent,30,Black_Males,CWF,50_cent/030.jpg,,no_face
50_cent,41,Black_Males,CWF,50_cent/041.jpg,,low_confidence
50_cent,46,Black_Males,CWF,50_cent/046.jpg,,low_confidence
50_cent,55,Black_Males,CWF,50_cent/055.jpg,50_cent_0055.npy,ok
50_cent,66,Black_Males,CWF,50_cent/066.jpg,,low_confidence
50_cent,67,Black_Males,CWF,50_cent/067.jpg,50_cent_0067.npy,ok
50_cent,73,Black_Males,CWF,50_cent/073.jpg,50_cent_0073.npy,ok
50_cent,77,Black_Males,CWF,50_cent/077.jpg,,low_confidence
50_cent,78,Black_Males,CWF,50_cent/078.jpg,,no_face
50_cent,101,Black_Males,CWF,50_cent/101.jpg,,low_confidence
50_cent,104,Black_Males,CWF,50_cent/104.jpg,50_cent_0104.npy,ok
50_cent,110,Black_Males,CWF,50_cent/110.jpg,,no_face
50_cent,116,Black_Males,CWF,50_cent/116.jpg,,low_confidence
50_cent,128,Black_Males,CWF,50_cent/128.jpg,,no_face
aldis_hodge,4,Black_Males,CWF,aldis_hodge/004.jpg,aldis_hodge_0004.npy,ok
aldis_hodge,9,Black_Males,CWF,aldis_hodge/009.jpg,,no_face
aldis_hodge,10,Black_Males,CWF,aldis_hodge/010.jpg,,low_confidence
aldis_hodge,11,Black_Males,CWF,aldis_hodge/011.jpg,,low_confidence
aldis_hodge,16,Black_Males,CWF,aldis_hodge/016.jpg,aldis_hodge_0016.npy,ok
aldis_hodge,19,Black_Males,CWF,aldis_hodge/019.jpg,,low_confidence
aldis_hodge,40,Black_Males,CWF,aldis_hodge/040.jpg,aldis_hodge_0040.npy,ok
aldis_hodge,21,Black_Males,CWF,aldis_hodge/021.jpg,aldis_hodge_0021.npy,ok
aldis_hodge,25,Black_Males,CWF,aldis_hodge/025.jpg,aldis_hodge_0025.npy,ok
aldis_hodge,26,Black_Males,CWF,aldis_hodge/026.jpg,aldis_hodge_0026.npy,ok
aldis_hodge,28,Black_Males,CWF,aldis_hodge/028.jpg,aldis_hodge_0028.npy,ok
aldis_hodge,31,Black_Males,CWF,aldis_hodge/031.jpg,aldis_hodge_0031.npy,ok
aldis_hodge,32,Black_Males,CWF,aldis_hodge/032.jpg,aldis_hodge_0032.npy,ok
aldis_hodge,35,Black_Males,CWF,aldis_hodge/035.jpg,,low_confidence
aldis_hodge,37,Black_Males,CWF,aldis_hodge/037.jpg,,low_confidence
aldis_hodge,38,Black_Males,CWF,aldis_hodge/038.jpg,,low_confidence
aldis_hodge,44,Black_Males,CWF,aldis_hodge/044.jpg,,low_confidence
aldis_hodge,58,Black_Males,CWF,aldis_hodge/058.jpg,,low_confidence
andre_braugher,1,Black_Males,CWF,andre_braugher/001.jpg,andre_braugher_0001.npy,ok
andre_braugher,9,Black_Males,CWF,andre_braugher/009.jpg,,low_confidence
andre_braugher,13,Black_Males,CWF,andre_braugher/013.jpg,andre_braugher_0013.npy,ok
andre_braugher,21,Black_Males,CWF,andre_braugher/021.jpg,andre_braugher_0021.npy,ok
andre_braugher,22,Black_Males,CWF,andre_braugher/022.jpg,,low_confidence
andre_braugher,26,Black_Males,CWF,andre_braugher/026.jpg,,low_confidence
andre_braugher,31,Black_Males,CWF,andre_braugher/031.jpg,andre_braugher_0031.npy,ok
andre_braugher,44,Black_Males,CWF,andre_braugher/044.jpg,,low_confidence
andre_braugher,51,Black_Males,CWF,andre_braugher/051.jpg,,low_confidence
andre_braugher,55,Black_Males,CWF,andre_braugher/055.jpg,,low_confidence
andre_braugher,57,Black_Males,CWF,andre_braugher/057.jpg,,low_confidence
andre_braugher,61,Black_Males,CWF,andre_braugher/061.jpg,,low_confidence
andre_braugher,66,Black_Males,CWF,andre_braugher/066.jpg,andre_braugher_0066.npy,ok
andre_braugher,70,Black_Males,CWF,andre_braugher/070.jpg,,low_confidence
andre_braugher,77,Black_Males,CWF,andre_braugher/077.jpg,,no_face
andre_braugher,78,Black_Males,CWF,andre_braugher/078.jpg,,low_confidence
andre_braugher,82,Black_Males,CWF,andre_braugher/082.jpg,,no_face
andre_braugher,85,Black_Males,CWF,andre_braugher/085.jpg,andre_braugher_0085.npy,ok
andre_gordon,1,Black_Males,CWF,andre_gordon/001.jpg,,low_confidence
andre_gordon,5,Black_Males,CWF,andre_gordon/005.jpg,,low_confidence
andre_gordon,7,Black_Males,CWF,andre_gordon/007.jpg,,no_face
andre_gordon,11,Black_Males,CWF,andre_gordon/011.jpg,,low_confidence
andre_gordon,13,Black_Males,CWF,andre_gordon/013.jpg,,low_confidence
andre_gordon,17,Black_Males,CWF,andre_gordon/017.jpg,,no_face
andre_gordon,20,Black_Males,CWF,andre_gordon/020.jpg,andre_gordon_0020.npy,ok
andre_gordon,23,Black_Males,CWF,andre_gordon/023.jpg,,low_confidence
andre_gordon,24,Black_Males,CWF,andre_gordon/024.jpg,,low_confidence
andre_gordon,25,Black_Males,CWF,andre_gordon/025.jpg,,low_confidence
andre_gordon,26,Black_Males,CWF,andre_gordon/026.jpg,,low_confidence
andre_gordon,32,Black_Males,CWF,andre_gordon/032.jpg,,low_confidence
andre_gordon,35,Black_Males,CWF,andre_gordon/035.jpg,,low_confidence
andre_gordon,42,Black_Males,CWF,andre_gordon/042.jpg,,low_confidence
andre_gordon,46,Black_Males,CWF,andre_gordon/046.jpg,,low_confidence
andre_gordon,48,Black_Males,CWF,andre_gordon/048.jpg,,low_confidence
andre_gordon,49,Black_Males,CWF,andre_gordon/049.jpg,,low_confidence
andre_gordon,52,Black_Males,CWF,andre_gordon/052.jpg,,low_confidence
anthony_anderson,5,Black_Males,CWF,anthony_anderson/005.jpg,anthony_anderson_0005.npy,ok
anthony_anderson,9,Black_Males,CWF,anthony_anderson/009.jpg,anthony_anderson_0009.npy,ok
anthony_anderson,10,Black_Males,CWF,anthony_anderson/010.jpg,,no_face
anthony_anderson,13,Black_Males,CWF,anthony_anderson/013.jpg,,low_confidence
anthony_anderson,15,Black_Males,CWF,anthony_anderson/015.jpg,,no_face
anthony_anderson,17,Black_Males,CWF,anthony_anderson/017.jpg,anthony_anderson_0017.npy,ok
anthony_anderson,20,Black_Males,CWF,anthony_anderson/020.jpg,,low_confidence
anthony_anderson,23,Black_Males,CWF,anthony_anderson/023.jpg,,low_confidence
anthony_anderson,33,Black_Males,CWF,anthony_anderson/033.jpg,anthony_anderson_0033.npy,ok
anthony_anderson,39,Black_Males,CWF,anthony_anderson/039.jpg,,low_confidence
anthony_anderson,55,Black_Males,CWF,anthony_anderson/055.jpg,anthony_anderson_0055.npy,ok
anthony_anderson,64,Black_Males,CWF,anthony_anderson/064.jpg,,low_confidence
anthony_anderson,67,Black_Males,CWF,anthony_anderson/067.jpg,anthony_anderson_0067.npy,ok
anthony_anderson,69,Black_Males,CWF,anthony_anderson/069.jpg,,low_confidence
anthony_anderson,88,Black_Males,CWF,anthony_anderson/088.jpg,,low_confidence
anthony_anderson,96,Black_Males,CWF,anthony_anderson/096.jpg,,no_face
anthony_anderson,98,Black_Males,CWF,anthony_anderson/098.jpg,anthony_anderson_0098.npy,ok
anthony_anderson,102,Black_Males,CWF,anthony_anderson/102.jpg,,low_confidence
cedric_the_entertainer,5,Black_Males,CWF,cedric_the_entertainer/005.jpg,cedric_the_entertainer_0005.npy,ok
cedric_the_entertainer,6,Black_Males,CWF,cedric_the_entertainer/006.jpg,,low_confidence
cedric_the_entertainer,8,Black_Males,CWF,cedric_the_entertainer/008.jpg,,low_confidence
cedric_the_entertainer,25,Black_Males,CWF,cedric_the_entertainer/025.jpg,cedric_the_entertainer_0025.npy,ok
cedric_the_entertainer,27,Black_Males,CWF,cedric_the_entertainer/027.jpg,,low_confidence
cedric_the_entertainer,35,Black_Males,CWF,cedric_the_entertainer/035.jpg,,low_confidence
cedric_the_entertainer,38,Black_Males,CWF,cedric_the_entertainer/038.jpg,,low_confidence
cedric_the_entertainer,43,Black_Males,CWF,cedric_the_entertainer/043.jpg,,low_confidence
cedric_the_entertainer,52,Black_Males,CWF,cedric_the_entertainer/052.jpg,,low_confidence
cedric_the_entertainer,53,Black_Males,CWF,cedric_the_entertainer/053.jpg,,no_face
cedric_the_entertainer,59,Black_Males,CWF,cedric_the_entertainer/059.jpg,,low_confidence
cedric_the_entertainer,71,Black_Males,CWF,cedric_the_entertainer/071.jpg,,low_confidence
cedric_the_entertainer,99,Black_Males,CWF,cedric_the_entertainer/099.jpg,,low_confidence
cedric_the_entertainer,109,Black_Males,CWF,cedric_the_entertainer/109.jpg,,no_face
cedric_the_entertainer,115,Black_Males,CWF,cedric_the_entertainer/115.jpg,,low_confidence
cedric_the_entertainer,118,Black_Males,CWF,cedric_the_entertainer/118.jpg,,low_confidence
cedric_the_entertainer,120,Black_Males,CWF,cedric_the_entertainer/120.jpg,,no_face
cedric_the_entertainer,122,Black_Males,CWF,cedric_the_entertainer/122.jpg,,no_face
chi_mcbride,4,Black_Males,CWF,chi_mcbride/004.jpg,,no_face
chi_mcbride,6,Black_Males,CWF,chi_mcbride/006.jpg,,low_confidence
chi_mcbride,8,Black_Males,CWF,chi_mcbride/008.jpg,,no_face
chi_mcbride,10,Black_Males,CWF,chi_mcbride/010.jpg,chi_mcbride_0010.npy,ok
chi_mcbride,15,Black_Males,CWF,chi_mcbride/015.jpg,,low_confidence
chi_mcbride,16,Black_Males,CWF,chi_mcbride/016.jpg,,low_confidence
chi_mcbride,19,Black_Males,CWF,chi_mcbride/019.jpg,chi_mcbride_0019.npy,ok
chi_mcbride,22,Black_Males,CWF,chi_mcbride/022.jpg,,low_confidence
chi_mcbride,39,Black_Males,CWF,chi_mcbride/039.jpg,,low_confidence
chi_mcbride,41,Black_Males,CWF,chi_mcbride/041.jpg,,low_confidence
chi_mcbride,42,Black_Males,CWF,chi_mcbride/042.jpg,,low_confidence
chi_mcbride,49,Black_Males,CWF,chi_mcbride/049.jpg,,low_confidence
chi_mcbride,53,Black_Males,CWF,chi_mcbride/053.jpg,,low_confidence
chi_mcbride,58,Black_Males,CWF,chi_mcbride/058.jpg,,low_confidence
chi_mcbride,59,Black_Males,CWF,chi_mcbride/059.jpg,,low_confidence
chi_mcbride,60,Black_Males,CWF,chi_mcbride/060.jpg,,low_confidence
chi_mcbride,62,Black_Males,CWF,chi_mcbride/062.jpg,,low_confidence
chi_mcbride,64,Black_Males,CWF,chi_mcbride/064.jpg,,low_confidence
corbin_bleu,1,Black_Males,VGGFace,corbin_bleu/00000001.jpg,,no_face
corbin_bleu,3,Black_Males,VGGFace,corbin_bleu/00000003.jpg,,no_face
corbin_bleu,99,Black_Males,VGGFace,corbin_bleu/00000099.jpg,,no_face
corbin_bleu,215,Black_Males,VGGFace,corbin_bleu/00000215.jpg,,no_face
corbin_bleu,221,Black_Males,VGGFace,corbin_bleu/00000221.jpg,,no_face
corbin_bleu,231,Black_Males,VGGFace,corbin_bleu/00000231.jpg,,no_face
corbin_bleu,291,Black_Males,VGGFace,corbin_bleu/00000291.jpg,,no_face
corbin_bleu,405,Black_Males,VGGFace,corbin_bleu/00000405.jpg,,low_confidence
corbin_bleu,524,Black_Males,VGGFace,corbin_bleu/00000524.jpg,,low_confidence
corbin_bleu,564,Black_Males,VGGFace,corbin_bleu/00000564.jpg,,no_face
corbin_bleu,568,Black_Males,VGGFace,corbin_bleu/00000568.jpg,corbin_bleu_0568.npy,ok
corbin_bleu,594,Black_Males,VGGFace,corbin_bleu/00000594.jpg,,no_face
corbin_bleu,596,Black_Males,VGGFace,corbin_bleu/00000596.jpg,,low_confidence
corbin_bleu,744,Black_Males,VGGFace,corbin_bleu/00000744.jpg,corbin_bleu_0744.npy,ok
corbin_bleu,865,Black_Males,VGGFace,corbin_bleu/00000865.jpg,,no_face
corbin_bleu,880,Black_Males,VGGFace,corbin_bleu/00000880.jpg,,low_confidence
corbin_bleu,913,Black_Males,VGGFace,corbin_bleu/00000913.jpg,,no_face
corbin_bleu,937,Black_Males,VGGFace,corbin_bleu/00000937.jpg,,low_confidence
david_alan_grier,4,Black_Males,CWF,david_alan_grier/004.jpg,,low_confidence
david_alan_grier,5,Black_Males,CWF,david_alan_grier/005.jpg,,low_confidence
david_alan_grier,11,Black_Males,CWF,david_alan_grier/011.jpg,,no_face
david_alan_grier,20,Black_Males,CWF,david_alan_grier/020.jpg,david_alan_grier_0020.npy,ok
david_alan_grier,31,Black_Males,CWF,david_alan_grier/031.jpg,,low_confidence
david_alan_grier,36,Black_Males,CWF,david_alan_grier/036.jpg,,low_confidence
david_alan_grier,38,Black_Males,CWF,david_alan_grier/038.jpg,david_alan_grier_0038.npy,ok
david_alan_grier,39,Black_Males,CWF,david_alan_grier/039.jpg,,low_confidence
david_alan_grier,41,Black_Males,CWF,david_alan_grier/041.jpg,,low_confidence
david_alan_grier,50,Black_Males,CWF,david_alan_grier/050.jpg,david_alan_grier_0050.npy,ok
david_alan_grier,51,Black_Males,CWF,david_alan_grier/051.jpg,,low_confidence
david_alan_grier,60,Black_Males,CWF,david_alan_grier/060.jpg,,low_confidence
david_alan_grier,65,Black_Males,CWF,david_alan_grier/065.jpg,david_alan_grier_0065.npy,ok
david_alan_grier,66,Black_Males,CWF,david_alan_grier/066.jpg,david_alan_grier_0066.npy,ok
david_alan_grier,69,Black_Males,CWF,david_alan_grier/069.jpg,,no_face
david_alan_grier,97,Black_Males,CWF,david_alan_grier/097.jpg,,no_face
david_alan_grier,101,Black_Males,CWF,david_alan_grier/101.jpg,,low_confidence
david_alan_grier,105,Black_Males,CWF,david_alan_grier/105.jpg,david_alan_grier_0105.npy,ok
david_gyasi,1,Black_Males,CWF,david_gyasi/001.jpg,,no_face
david_gyasi,6,Black_Males,CWF,david_gyasi/006.jpg,,no_face
david_gyasi,11,Black_Males,CWF,david_gyasi/011.jpg,,no_face
david_gyasi,12,Black_Males,CWF,david_gyasi/012.jpg,,low_confidence
david_gyasi,13,Black_Males,CWF,david_gyasi/013.jpg,david_gyasi_0013.npy,ok
david_gyasi,14,Black_Males,CWF,david_gyasi/014.jpg,,no_face
david_gyasi,15,Black_Males,CWF,david_gyasi/015.jpg,,low_confidence
david_gyasi,21,Black_Males,CWF,david_gyasi/021.jpg,,low_confidence
david_gyasi,24,Black_Males,CWF,david_gyasi/024.jpg,,no_face
david_gyasi,29,Black_Males,CWF,david_gyasi/029.jpg,,low_confidence
david_gyasi,31,Black_Males,CWF,david_gyasi/031.jpg,,low_confidence
david_gyasi,33,Black_Males,CWF,david_gyasi/033.jpg,david_gyasi_0033.npy,ok
david_gyasi,36,Black_Males,CWF,david_gyasi/036.jpg,,no_face
david_gyasi,42,Black_Males,CWF,david_gyasi/042.jpg,david_gyasi_0042.npy,ok
david_gyasi,43,Black_Males,CWF,david_gyasi/043.jpg,,no_face
david_gyasi,44,Black_Males,CWF,david_gyasi/044.jpg,,low_confidence
david_gyasi,45,Black_Males,CWF,david_gyasi/045.jpg,david_gyasi_0045.npy,ok
david_gyasi,46,Black_Males,CWF,david_gyasi/046.jpg,,low_confidence
david_oyelowo,4,Black_Males,VGGFace,david_oyelowo/00000004.jpg,,spoof_detected
david_oyelowo,9,Black_Males,VGGFace,david_oyelowo/00000009.jpg,david_oyelowo_0009.npy,ok
david_oyelowo,45,Black_Males,VGGFace,david_oyelowo/00000045.jpg,,low_confidence
david_oyelowo,83,Black_Males,VGGFace,david_oyelowo/00000083.jpg,,no_face
david_oyelowo,186,Black_Males,VGGFace,david_oyelowo/00000186.jpg,david_oyelowo_0186.npy,ok
david_oyelowo,187,Black_Males,VGGFace,david_oyelowo/00000187.jpg,,no_face
david_oyelowo,247,Black_Males,VGGFace,david_oyelowo/00000247.jpg,david_oyelowo_0247.npy,ok
david_oyelowo,279,Black_Males,VGGFace,david_oyelowo/00000279.jpg,,no_face
david_oyelowo,285,Black_Males,VGGFace,david_oyelowo/00000285.jpg,,no_face
david_oyelowo,320,Black_Males,VGGFace,david_oyelowo/00000320.jpg,,low_confidence
david_oyelowo,328,Black_Males,VGGFace,david_oyelowo/00000328.jpg,,no_face
david_oyelowo,372,Black_Males,VGGFace,david_oyelowo/00000372.jpg,,no_face
david_oyelowo,408,Black_Males,VGGFace,david_oyelowo/00000408.jpg,,low_confidence
david_oyelowo,460,Black_Males,VGGFace,david_oyelowo/00000460.jpg,,low_confidence
david_oyelowo,490,Black_Males,VGGFace,david_oyelowo/00000490.jpg,,low_confidence
david_oyelowo,530,Black_Males,VGGFace,david_oyelowo/00000530.jpg,,low_confidence
david_oyelowo,535,Black_Males,VGGFace,david_oyelowo/00000535.jpg,,no_face
david_oyelowo,560,Black_Males,VGGFace,david_oyelowo/00000560.jpg,,no_face
donald_glover,8,Black_Males,CWF,donald_glover/008.jpg,donald_glover_0008.npy,ok
donald_glover,10,Black_Males,CWF,donald_glover/010.jpg,donald_glover_0010.npy,ok
donald_glover,15,Black_Males,CWF,donald_glover/015.jpg,,low_confidence
donald_glover,17,Black_Males,CWF,donald_glover/017.jpg,,low_confidence
donald_glover,31,Black_Males,CWF,donald_glover/031.jpg,,spoof_detected
donald_glover,34,Black_Males,CWF,donald_glover/034.jpg,,low_confidence
donald_glover,54,Black_Males,CWF,donald_glover/054.jpg,,low_confidence
donald_glover,80,Black_Males,CWF,donald_glover/080.jpg,donald_glover_0080.npy,ok
donald_glover,87,Black_Males,CWF,donald_glover/087.jpg,,low_confidence
donald_glover,95,Black_Males,CWF,donald_glover/095.jpg,donald_glover_0095.npy,ok
donald_glover,98,Black_Males,CWF,donald_glover/098.jpg,,no_face
donald_glover,102,Black_Males,CWF,donald_glover/102.jpg,donald_glover_0102.npy,ok
donald_glover,106,Black_Males,CWF,donald_glover/106.jpg,donald_glover_0106.npy,ok
donald_glover,108,Black_Males,CWF,donald_glover/108.jpg,,low_confidence
donald_glover,114,Black_Males,CWF,donald_glover/114.jpg,donald_glover_0114.npy,ok
donald_glover,118,Black_Males,CWF,donald_glover/118.jpg,donald_glover_0118.npy,ok
donald_glover,122,Black_Males,CWF,donald_glover/122.jpg,donald_glover_0122.npy,ok
donald_glover,125,Black_Males,CWF,donald_glover/125.jpg,,low_confidence
dwayne_boyd,8,Black_Males,CWF,dwayne_boyd/008.jpg,,low_confidence
dwayne_boyd,12,Black_Males,CWF,dwayne_boyd/012.jpg,,low_confidence
dwayne_boyd,15,Black_Males,CWF,dwayne_boyd/015.jpg,,no_face
dwayne_boyd,18,Black_Males,CWF,dwayne_boyd/018.jpg,,low_confidence
dwayne_boyd,22,Black_Males,CWF,dwayne_boyd/022.jpg,,low_confidence
dwayne_boyd,25,Black_Males,CWF,dwayne_boyd/025.jpg,dwayne_boyd_0025.npy,ok
dwayne_boyd,27,Black_Males,CWF,dwayne_boyd/027.jpg,dwayne_boyd_0027.npy,ok
dwayne_boyd,28,Black_Males,CWF,dwayne_boyd/028.jpg,dwayne_boyd_0028.npy,ok
dwayne_boyd,30,Black_Males,CWF,dwayne_boyd/030.jpg,dwayne_boyd_0030.npy,ok
dwayne_boyd,32,Black_Males,CWF,dwayne_boyd/032.jpg,dwayne_boyd_0032.npy,ok
dwayne_boyd,38,Black_Males,CWF,dwayne_boyd/038.jpg,,low_confidence
dwayne_boyd,42,Black_Males,CWF,dwayne_boyd/042.jpg,,low_confidence
dwayne_boyd,53,Black_Males,CWF,dwayne_boyd/053.jpg,,low_confidence
dwayne_boyd,54,Black_Males,CWF,dwayne_boyd/054.jpg,dwayne_boyd_0054.npy,ok
dwayne_boyd,55,Black_Males,CWF,dwayne_boyd/055.jpg,dwayne_boyd_0055.npy,ok
dwayne_boyd,57,Black_Males,CWF,dwayne_boyd/057.jpg,,low_confidence
dwayne_boyd,59,Black_Males,CWF,dwayne_boyd/059.jpg,dwayne_boyd_0059.npy,ok
dwayne_boyd,60,Black_Males,CWF,dwayne_boyd/060.jpg,dwayne_boyd_0060.npy,ok
fabrice_eboue,1,Black_Males,CWF,fabrice_eboue/001.jpg,,spoof_detected
fabrice_eboue,6,Black_Males,CWF,fabrice_eboue/006.jpg,,low_confidence
fabrice_eboue,901,Black_Males,CWF,fabrice_eboue/901.jpg,fabrice_eboue_0901.npy,ok
fabrice_eboue,902,Black_Males,CWF,fabrice_eboue/902.jpg,fabrice_eboue_0902.npy,ok
fabrice_eboue,903,Black_Males,CWF,fabrice_eboue/903.jpg,fabrice_eboue_0903.npy,ok
fabrice_eboue,904,Black_Males,CWF,fabrice_eboue/904.jpg,fabrice_eboue_0904.npy,ok
fabrice_eboue,905,Black_Males,CWF,fabrice_eboue/905.jpg,fabrice_eboue_0905.npy,ok
fabrice_eboue,906,Black_Males,CWF,fabrice_eboue/906.jpg,fabrice_eboue_0906.npy,ok
fabrice_eboue,913,Black_Males,CWF,fabrice_eboue/913.jpg,fabrice_eboue_0913.npy,ok
fabrice_eboue,922,Black_Males,CWF,fabrice_eboue/922.jpg,fabrice_eboue_0922.npy,ok
fabrice_eboue,929,Black_Males,CWF,fabrice_eboue/929.jpg,fabrice_eboue_0929.npy,ok
fabrice_eboue,930,Black_Males,CWF,fabrice_eboue/930.jpg,fabrice_eboue_0930.npy,ok
fabrice_eboue,940,Black_Males,CWF,fabrice_eboue/940.jpg,fabrice_eboue_0940.npy,ok
fabrice_eboue,941,Black_Males,CWF,fabrice_eboue/941.jpg,fabrice_eboue_0941.npy,ok
fabrice_eboue,942,Black_Males,CWF,fabrice_eboue/942.jpg,fabrice_eboue_0942.npy,ok
fabrice_eboue,954,Black_Males,CWF,fabrice_eboue/954.jpg,fabrice_eboue_0954.npy,ok
fabrice_eboue,957,Black_Males,CWF,fabrice_eboue/957.jpg,fabrice_eboue_0957.npy,ok
fabrice_eboue,960,Black_Males,CWF,fabrice_eboue/960.jpg,fabrice_eboue_0960.npy,ok
kevin_levrone,9,Black_Males,CWF,kevin_levrone/009.jpg,,no_face
kyle_massey,2,Black_Males,CWF,kyle_massey/002.jpg,,low_confidence
kyle_massey,6,Black_Males,CWF,kyle_massey/006.jpg,,low_confidence
kyle_massey,8,Black_Males,CWF,kyle_massey/008.jpg,kyle_massey_0008.npy,ok
kyle_massey,10,Black_Males,CWF,kyle_massey/010.jpg,,no_face
kyle_massey,11,Black_Males,CWF,kyle_massey/011.jpg,,low_confidence
kyle_massey,12,Black_Males,CWF,kyle_massey/012.jpg,kyle_massey_0012.npy,ok
kyle_massey,14,Black_Males,CWF,kyle_massey/014.jpg,,no_face
kyle_massey,21,Black_Males,CWF,kyle_massey/021.jpg,,no_face
kyle_massey,24,Black_Males,CWF,kyle_massey/024.jpg,kyle_massey_0024.npy,ok
kyle_massey,25,Black_Males,CWF,kyle_massey/025.jpg,kyle_massey_0025.npy,ok
kyle_massey,29,Black_Males,CWF,kyle_massey/029.jpg,,spoof_detected
kyle_massey,38,Black_Males,CWF,kyle_massey/038.jpg,,no_face
kyle_massey,39,Black_Males,CWF,kyle_massey/039.jpg,,low_confidence
kyle_massey,46,Black_Males,CWF,kyle_massey/046.jpg,kyle_massey_0046.npy,ok
kyle_massey,51,Black_Males,CWF,kyle_massey/051.jpg,kyle_massey_0051.npy,ok
kyle_massey,58,Black_Males,CWF,kyle_massey/058.jpg,,no_face
kyle_massey,59,Black_Males,CWF,kyle_massey/059.jpg,,low_confidence
kyle_massey,63,Black_Males,CWF,kyle_massey/063.jpg,,no_face
larry_flash_jenkins,1,Black_Males,CWF,larry_flash_jenkins/001.jpg,,low_confidence
larry_flash_jenkins,6,Black_Males,CWF,larry_flash_jenkins/006.jpg,,low_confidence
larry_flash_jenkins,11,Black_Males,CWF,larry_flash_jenkins/011.jpg,,low_confidence
larry_flash_jenkins,12,Black_Males,CWF,larry_flash_jenkins/012.jpg,,no_face
larry_flash_jenkins,13,Black_Males,CWF,larry_flash_jenkins/013.jpg,,low_confidence
larry_flash_jenkins,15,Black_Males,CWF,larry_flash_jenkins/015.jpg,,low_confidence
larry_flash_jenkins,21,Black_Males,CWF,larry_flash_jenkins/021.jpg,larry_flash_jenkins_0021.npy,ok
larry_flash_jenkins,23,Black_Males,CWF,larry_flash_jenkins/023.jpg,,spoof_detected
larry_flash_jenkins,26,Black_Males,CWF,larry_flash_jenkins/026.jpg,,spoof_detected
larry_flash_jenkins,27,Black_Males,CWF,larry_flash_jenkins/027.jpg,,spoof_detected
larry_flash_jenkins,33,Black_Males,CWF,larry_flash_jenkins/033.jpg,,low_confidence
larry_flash_jenkins,34,Black_Males,CWF,larry_flash_jenkins/034.jpg,,low_confidence
larry_flash_jenkins,37,Black_Males,CWF,larry_flash_jenkins/037.jpg,larry_flash_jenkins_0037.npy,ok
larry_flash_jenkins,42,Black_Males,CWF,larry_flash_jenkins/042.jpg,larry_flash_jenkins_0042.npy,ok
larry_flash_jenkins,43,Black_Males,CWF,larry_flash_jenkins/043.jpg,,low_confidence
larry_flash_jenkins,45,Black_Males,CWF,larry_flash_jenkins/045.jpg,,low_confidence
larry_flash_jenkins,46,Black_Males,CWF,larry_flash_jenkins/046.jpg,larry_flash_jenkins_0046.npy,ok
larry_flash_jenkins,50,Black_Males,CWF,larry_flash_jenkins/050.jpg,,spoof_detected
marlon_wayans,2,Black_Males,CWF,marlon_wayans/002.jpg,,low_confidence
marlon_wayans,18,Black_Males,CWF,marlon_wayans/018.jpg,,no_face
marlon_wayans,30,Black_Males,CWF,marlon_wayans/030.jpg,,low_confidence
marlon_wayans,34,Black_Males,CWF,marlon_wayans/034.jpg,,low_confidence
marlon_wayans,42,Black_Males,CWF,marlon_wayans/042.jpg,marlon_wayans_0042.npy,ok
marlon_wayans,55,Black_Males,CWF,marlon_wayans/055.jpg,,no_face
marlon_wayans,61,Black_Males,CWF,marlon_wayans/061.jpg,,low_confidence
marlon_wayans,63,Black_Males,CWF,marlon_wayans/063.jpg,marlon_wayans_0063.npy,ok
marlon_wayans,66,Black_Males,CWF,marlon_wayans/066.jpg,marlon_wayans_0066.npy,ok
marlon_wayans,70,Black_Males,CWF,marlon_wayans/070.jpg,,low_confidence
marlon_wayans,71,Black_Males,CWF,marlon_wayans/071.jpg,,low_confidence
marlon_wayans,73,Black_Males,CWF,marlon_wayans/073.jpg,,no_face
marlon_wayans,79,Black_Males,CWF,marlon_wayans/079.jpg,marlon_wayans_0079.npy,ok
marlon_wayans,86,Black_Males,CWF,marlon_wayans/086.jpg,,spoof_detected
marlon_wayans,97,Black_Males,CWF,marlon_wayans/097.jpg,,low_confidence
marlon_wayans,103,Black_Males,CWF,marlon_wayans/103.jpg,,no_face
marlon_wayans,111,Black_Males,CWF,marlon_wayans/111.jpg,,no_face
marlon_wayans,114,Black_Males,CWF,marlon_wayans/114.jpg,,no_face
michael_ealy,16,Black_Males,CWF,michael_ealy/016.jpg,,low_confidence
michael_ealy,33,Black_Males,CWF,michael_ealy/033.jpg,,low_confidence
michael_ealy,37,Black_Males,CWF,michael_ealy/037.jpg,michael_ealy_0037.npy,ok
michael_ealy,48,Black_Males,CWF,michael_ealy/048.jpg,michael_ealy_0048.npy,ok
michael_ealy,66,Black_Males,CWF,michael_ealy/066.jpg,,low_confidence
michael_ealy,74,Black_Males,CWF,michael_ealy/074.jpg,,low_confidence
michael_ealy,78,Black_Males,CWF,michael_ealy/078.jpg,,no_face
michael_ealy,86,Black_Males,CWF,michael_ealy/086.jpg,michael_ealy_0086.npy,ok
michael_ealy,87,Black_Males,CWF,michael_ealy/087.jpg,michael_ealy_0087.npy,ok
michael_ealy,97,Black_Males,CWF,michael_ealy/097.jpg,,low_confidence
michael_ealy,109,Black_Males,CWF,michael_ealy/109.jpg,,low_confidence
michael_ealy,112,Black_Males,CWF,michael_ealy/112.jpg,,low_confidence
michael_ealy,121,Black_Males,CWF,michael_ealy/121.jpg,michael_ealy_0121.npy,ok
michael_ealy,127,Black_Males,CWF,michael_ealy/127.jpg,,low_confidence
michael_ealy,132,Black_Males,CWF,michael_ealy/132.jpg,,low_confidence
michael_ealy,155,Black_Males,CWF,michael_ealy/155.jpg,michael_ealy_0155.npy,ok
michael_ealy,165,Black_Males,CWF,michael_ealy/165.jpg,michael_ealy_0165.npy,ok
michael_ealy,170,Black_Males,CWF,michael_ealy/170.jpg,michael_ealy_0170.npy,ok
michael_wayne_thomas,1,Black_Males,CWF,michael_wayne_thomas/001.jpg,,low_confidence
michael_wayne_thomas,5,Black_Males,CWF,michael_wayne_thomas/005.jpg,,low_confidence
michael_wayne_thomas,7,Black_Males,CWF,michael_wayne_thomas/007.jpg,,low_confidence
michael_wayne_thomas,12,Black_Males,CWF,michael_wayne_thomas/012.jpg,michael_wayne_thomas_0012.npy,ok
michael_wayne_thomas,14,Black_Males,CWF,michael_wayne_thomas/014.jpg,,spoof_detected
michael_wayne_thomas,20,Black_Males,CWF,michael_wayne_thomas/020.jpg,,low_confidence
michael_wayne_thomas,23,Black_Males,CWF,michael_wayne_thomas/023.jpg,michael_wayne_thomas_0023.npy,ok
michael_wayne_thomas,25,Black_Males,CWF,michael_wayne_thomas/025.jpg,michael_wayne_thomas_0025.npy,ok
michael_wayne_thomas,29,Black_Males,CWF,michael_wayne_thomas/029.jpg,michael_wayne_thomas_0029.npy,ok
michael_wayne_thomas,34,Black_Males,CWF,michael_wayne_thomas/034.jpg,,low_confidence
michael_wayne_thomas,37,Black_Males,CWF,michael_wayne_thomas/037.jpg,,low_confidence
michael_wayne_thomas,39,Black_Males,CWF,michael_wayne_thomas/039.jpg,,no_face
michael_wayne_thomas,43,Black_Males,CWF,michael_wayne_thomas/043.jpg,,no_face
michael_wayne_thomas,44,Black_Males,CWF,michael_wayne_thomas/044.jpg,,low_confidence
michael_wayne_thomas,45,Black_Males,CWF,michael_wayne_thomas/045.jpg,,low_confidence
michael_wayne_thomas,50,Black_Males,CWF,michael_wayne_thomas/050.jpg,michael_wayne_thomas_0050.npy,ok
michael_wayne_thomas,52,Black_Males,CWF,michael_wayne_thomas/052.jpg,,spoof_detected
michael_wayne_thomas,55,Black_Males,CWF,michael_wayne_thomas/055.jpg,,low_confidence
mos_def,5,Black_Males,CWF,mos_def/005.jpg,,low_confidence
mos_def,7,Black_Males,CWF,mos_def/007.jpg,,low_confidence
mos_def,10,Black_Males,CWF,mos_def/010.jpg,,low_confidence
mos_def,11,Black_Males,CWF,mos_def/011.jpg,mos_def_0011.npy,ok
mos_def,12,Black_Males,CWF,mos_def/012.jpg,,no_face
mos_def,15,Black_Males,CWF,mos_def/015.jpg,,low_confidence
mos_def,20,Black_Males,CWF,mos_def/020.jpg,,low_confidence
mos_def,28,Black_Males,CWF,mos_def/028.jpg,,low_confidence
mos_def,29,Black_Males,CWF,mos_def/029.jpg,mos_def_0029.npy,ok
mos_def,31,Black_Males,CWF,mos_def/031.jpg,mos_def_0031.npy,ok
mos_def,35,Black_Males,CWF,mos_def/035.jpg,mos_def_0035.npy,ok
mos_def,36,Black_Males,CWF,mos_def/036.jpg,,low_confidence
mos_def,37,Black_Males,CWF,mos_def/037.jpg,,no_face
mos_def,38,Black_Males,CWF,mos_def/038.jpg,mos_def_0038.npy,ok
mos_def,41,Black_Males,CWF,mos_def/041.jpg,mos_def_0041.npy,ok
mos_def,46,Black_Males,CWF,mos_def/046.jpg,mos_def_0046.npy,ok
mos_def,60,Black_Males,CWF,mos_def/060.jpg,,low_confidence
mos_def,61,Black_Males,CWF,mos_def/061.jpg,,no_face
orlando_jones,1,Black_Males,VGGFace,orlando_jones/00000001.jpg,,no_face
orlando_jones,4,Black_Males,VGGFace,orlando_jones/00000004.jpg,,no_face
orlando_jones,12,Black_Males,VGGFace,orlando_jones/00000012.jpg,,no_face
orlando_jones,53,Black_Males,VGGFace,orlando_jones/00000053.jpg,,no_face
orlando_jones,61,Black_Males,VGGFace,orlando_jones/00000061.jpg,,no_face
orlando_jones,67,Black_Males,VGGFace,orlando_jones/00000067.jpg,,no_face
orlando_jones,102,Black_Males,VGGFace,orlando_jones/00000102.jpg,,low_confidence
orlando_jones,152,Black_Males,VGGFace,orlando_jones/00000152.jpg,,no_face
orlando_jones,156,Black_Males,VGGFace,orlando_jones/00000156.jpg,,no_face
orlando_jones,170,Black_Males,VGGFace,orlando_jones/00000170.jpg,,no_face
orlando_jones,172,Black_Males,VGGFace,orlando_jones/00000172.jpg,,no_face
orlando_jones,194,Black_Males,VGGFace,orlando_jones/00000194.jpg,,no_face
orlando_jones,264,Black_Males,VGGFace,orlando_jones/00000264.jpg,,no_face
orlando_jones,272,Black_Males,VGGFace,orlando_jones/00000272.jpg,,no_face
orlando_jones,315,Black_Males,VGGFace,orlando_jones/00000315.jpg,,no_face
orlando_jones,380,Black_Males,VGGFace,orlando_jones/00000380.jpg,orlando_jones_0380.npy,ok
orlando_jones,410,Black_Males,VGGFace,orlando_jones/00000410.jpg,,low_confidence
orlando_jones,423,Black_Males,VGGFace,orlando_jones/00000423.jpg,,no_face
patrick_j_nicolas,11,Black_Males,CWF,patrick_j_nicolas/011.jpg,patrick_j_nicolas_0011.npy,ok
patrick_j_nicolas,12,Black_Males,CWF,patrick_j_nicolas/012.jpg,patrick_j_nicolas_0012.npy,ok
patrick_j_nicolas,15,Black_Males,CWF,patrick_j_nicolas/015.jpg,patrick_j_nicolas_0015.npy,ok
patrick_j_nicolas,16,Black_Males,CWF,patrick_j_nicolas/016.jpg,,low_confidence
patrick_j_nicolas,18,Black_Males,CWF,patrick_j_nicolas/018.jpg,,no_face
patrick_j_nicolas,19,Black_Males,CWF,patrick_j_nicolas/019.jpg,,low_confidence
patrick_j_nicolas,23,Black_Males,CWF,patrick_j_nicolas/023.jpg,,low_confidence
patrick_j_nicolas,26,Black_Males,CWF,patrick_j_nicolas/026.jpg,,low_confidence
patrick_j_nicolas,27,Black_Males,CWF,patrick_j_nicolas/027.jpg,,low_confidence
patrick_j_nicolas,29,Black_Males,CWF,patrick_j_nicolas/029.jpg,,low_confidence
patrick_j_nicolas,38,Black_Males,CWF,patrick_j_nicolas/038.jpg,,low_confidence
patrick_j_nicolas,40,Black_Males,CWF,patrick_j_nicolas/040.jpg,patrick_j_nicolas_0040.npy,ok
patrick_j_nicolas,43,Black_Males,CWF,patrick_j_nicolas/043.jpg,,low_confidence
patrick_j_nicolas,45,Black_Males,CWF,patrick_j_nicolas/045.jpg,,low_confidence
patrick_j_nicolas,47,Black_Males,CWF,patrick_j_nicolas/047.jpg,,no_face
patrick_j_nicolas,52,Black_Males,CWF,patrick_j_nicolas/052.jpg,,low_confidence
patrick_j_nicolas,53,Black_Males,CWF,patrick_j_nicolas/053.jpg,,low_confidence
patrick_j_nicolas,54,Black_Males,CWF,patrick_j_nicolas/054.jpg,patrick_j_nicolas_0054.npy,ok
randy_jackson,2,Black_Males,CWF,randy_jackson/002.jpg,,low_confidence
randy_jackson,44,Black_Males,CWF,randy_jackson/044.jpg,,no_face
randy_jackson,69,Black_Males,CWF,randy_jackson/069.jpg,,no_face
randy_jackson,85,Black_Males,CWF,randy_jackson/085.jpg,randy_jackson_0085.npy,ok
randy_jackson,87,Black_Males,CWF,randy_jackson/087.jpg,,low_confidence
randy_jackson,107,Black_Males,CWF,randy_jackson/107.jpg,,low_confidence
randy_jackson,116,Black_Males,CWF,randy_jackson/116.jpg,randy_jackson_0116.npy,ok
randy_jackson,119,Black_Males,CWF,randy_jackson/119.jpg,randy_jackson_0119.npy,ok
randy_jackson,121,Black_Males,CWF,randy_jackson/121.jpg,,low_confidence
randy_jackson,126,Black_Males,CWF,randy_jackson/126.jpg,,no_face
randy_jackson,128,Black_Males,CWF,randy_jackson/128.jpg,,low_confidence
randy_jackson,138,Black_Males,CWF,randy_jackson/138.jpg,,low_confidence
randy_jackson,139,Black_Males,CWF,randy_jackson/139.jpg,randy_jackson_0139.npy,ok
randy_jackson,142,Black_Males,CWF,randy_jackson/142.jpg,randy_jackson_0142.npy,ok
randy_jackson,143,Black_Males,CWF,randy_jackson/143.jpg,randy_jackson_0143.npy,ok
randy_jackson,146,Black_Males,CWF,randy_jackson/146.jpg,randy_jackson_0146.npy,ok
randy_jackson,161,Black_Males,CWF,randy_jackson/161.jpg,randy_jackson_0161.npy,ok
randy_jackson,168,Black_Males,CWF,randy_jackson/168.jpg,randy_jackson_0168.npy,ok
rico_e_anderson,4,Black_Males,CWF,rico_e_anderson/004.jpg,,no_face
rico_e_anderson,6,Black_Males,CWF,rico_e_anderson/006.jpg,,low_confidence
rico_e_anderson,10,Black_Males,CWF,rico_e_anderson/010.jpg,,low_confidence
rico_e_anderson,14,Black_Males,CWF,rico_e_anderson/014.jpg,,spoof_detected
rico_e_anderson,24,Black_Males,CWF,rico_e_anderson/024.jpg,,no_face
rico_e_anderson,25,Black_Males,CWF,rico_e_anderson/025.jpg,,low_confidence
rico_e_anderson,32,Black_Males,CWF,rico_e_anderson/032.jpg,,low_confidence
rico_e_anderson,33,Black_Males,CWF,rico_e_anderson/033.jpg,,low_confidence
rico_e_anderson,38,Black_Males,CWF,rico_e_anderson/038.jpg,,no_face
rico_e_anderson,39,Black_Males,CWF,rico_e_anderson/039.jpg,,low_confidence
rico_e_anderson,41,Black_Males,CWF,rico_e_anderson/041.jpg,rico_e_anderson_0041.npy,ok
rico_e_anderson,43,Black_Males,CWF,rico_e_anderson/043.jpg,,no_face
rico_e_anderson,44,Black_Males,CWF,rico_e_anderson/044.jpg,,no_face
rico_e_anderson,45,Black_Males,CWF,rico_e_anderson/045.jpg,,low_confidence
rico_e_anderson,49,Black_Males,CWF,rico_e_anderson/049.jpg,,low_confidence
rico_e_anderson,55,Black_Males,CWF,rico_e_anderson/055.jpg,,low_confidence
rico_e_anderson,65,Black_Males,CWF,rico_e_anderson/065.jpg,,low_confidence
rico_e_anderson,68,Black_Males,CWF,rico_e_anderson/068.jpg,,no_face
romany_malco,1,Black_Males,CWF,romany_malco/001.jpg,,low_confidence
romany_malco,5,Black_Males,CWF,romany_malco/005.jpg,,low_confidence
romany_malco,6,Black_Males,CWF,romany_malco/006.jpg,romany_malco_0006.npy,ok
romany_malco,10,Black_Males,CWF,romany_malco/010.jpg,,low_confidence
romany_malco,14,Black_Males,CWF,romany_malco/014.jpg,,low_confidence
romany_malco,16,Black_Males,CWF,romany_malco/016.jpg,romany_malco_0016.npy,ok
romany_malco,20,Black_Males,CWF,romany_malco/020.jpg,romany_malco_0020.npy,ok
romany_malco,21,Black_Males,CWF,romany_malco/021.jpg,,no_face
romany_malco,46,Black_Males,CWF,romany_malco/046.jpg,romany_malco_0046.npy,ok
romany_malco,55,Black_Males,CWF,romany_malco/055.jpg,romany_malco_0055.npy,ok
romany_malco,57,Black_Males,CWF,romany_malco/057.jpg,romany_malco_0057.npy,ok
romany_malco,58,Black_Males,CWF,romany_malco/058.jpg,romany_malco_0058.npy,ok
romany_malco,65,Black_Males,CWF,romany_malco/065.jpg,,low_confidence
romany_malco,77,Black_Males,CWF,romany_malco/077.jpg,romany_malco_0077.npy,ok
romany_malco,79,Black_Males,CWF,romany_malco/079.jpg,romany_malco_0079.npy,ok
romany_malco,80,Black_Males,CWF,romany_malco/080.jpg,,low_confidence
romany_malco,83,Black_Males,CWF,romany_malco/083.jpg,,no_face
romany_malco,84,Black_Males,CWF,romany_malco/084.jpg,romany_malco_0084.npy,ok
shemar_moore,6,Black_Males,CWF,shemar_moore/006.jpg,,low_confidence
shemar_moore,9,Black_Males,CWF,shemar_moore/009.jpg,,low_confidence
shemar_moore,15,Black_Males,CWF,shemar_moore/015.jpg,shemar_moore_0015.npy,ok
shemar_moore,20,Black_Males,CWF,shemar_moore/020.jpg,shemar_moore_0020.npy,ok
shemar_moore,26,Black_Males,CWF,shemar_moore/026.jpg,shemar_moore_0026.npy,ok
shemar_moore,35,Black_Males,CWF,shemar_moore/035.jpg,,low_confidence
shemar_moore,45,Black_Males,CWF,shemar_moore/045.jpg,,low_confidence
shemar_moore,46,Black_Males,CWF,shemar_moore/046.jpg,,low_confidence
shemar_moore,51,Black_Males,CWF,shemar_moore/051.jpg,shemar_moore_0051.npy,ok
shemar_moore,56,Black_Males,CWF,shemar_moore/056.jpg,,low_confidence
shemar_moore,63,Black_Males,CWF,shemar_moore/063.jpg,shemar_moore_0063.npy,ok
shemar_moore,73,Black_Males,CWF,shemar_moore/073.jpg,,low_confidence
shemar_moore,85,Black_Males,CWF,shemar_moore/085.jpg,,no_face
shemar_moore,97,Black_Males,CWF,shemar_moore/097.jpg,,low_confidence
shemar_moore,103,Black_Males,CWF,shemar_moore/103.jpg,,low_confidence
shemar_moore,115,Black_Males,CWF,shemar_moore/115.jpg,,no_face
shemar_moore,118,Black_Males,CWF,shemar_moore/118.jpg,,low_confidence
shemar_moore,121,Black_Males,CWF,shemar_moore/121.jpg,,low_confidence
snoop_dogg,12,Black_Males,CWF,snoop_dogg/012.jpg,,low_confidence
snoop_dogg,14,Black_Males,CWF,snoop_dogg/014.jpg,,low_confidence
snoop_dogg,41,Black_Males,CWF,snoop_dogg/041.jpg,,no_face
snoop_dogg,56,Black_Males,CWF,snoop_dogg/056.jpg,snoop_dogg_0056.npy,ok
snoop_dogg,79,Black_Males,CWF,snoop_dogg/079.jpg,,low_confidence
snoop_dogg,83,Black_Males,CWF,snoop_dogg/083.jpg,snoop_dogg_0083.npy,ok
snoop_dogg,86,Black_Males,CWF,snoop_dogg/086.jpg,snoop_dogg_0086.npy,ok
snoop_dogg,87,Black_Males,CWF,snoop_dogg/087.jpg,,low_confidence
snoop_dogg,100,Black_Males,CWF,snoop_dogg/100.jpg,,no_face
snoop_dogg,104,Black_Males,CWF,snoop_dogg/104.jpg,,low_confidence
snoop_dogg,115,Black_Males,CWF,snoop_dogg/115.jpg,,low_confidence
snoop_dogg,123,Black_Males,CWF,snoop_dogg/123.jpg,,no_face
snoop_dogg,127,Black_Males,CWF,snoop_dogg/127.jpg,snoop_dogg_0127.npy,ok
snoop_dogg,130,Black_Males,CWF,snoop_dogg/130.jpg,,low_confidence
snoop_dogg,135,Black_Males,CWF,snoop_dogg/135.jpg,,low_confidence
snoop_dogg,158,Black_Males,CWF,snoop_dogg/158.jpg,snoop_dogg_0158.npy,ok
snoop_dogg,161,Black_Males,CWF,snoop_dogg/161.jpg,,low_confidence
snoop_dogg,165,Black_Males,CWF,snoop_dogg/165.jpg,,low_confidence
steve_mcqueen,4,Black_Males,CWF,steve_mcqueen/004.jpg,steve_mcqueen_0004.npy,ok
steve_mcqueen,6,Black_Males,CWF,steve_mcqueen/006.jpg,steve_mcqueen_0006.npy,ok
steve_mcqueen,8,Black_Males,CWF,steve_mcqueen/008.jpg,,spoof_detected
steve_mcqueen,10,Black_Males,CWF,steve_mcqueen/010.jpg,,no_face
steve_mcqueen,14,Black_Males,CWF,steve_mcqueen/014.jpg,steve_mcqueen_0014.npy,ok
steve_mcqueen,16,Black_Males,CWF,steve_mcqueen/016.jpg,steve_mcqueen_0016.npy,ok
steve_mcqueen,24,Black_Males,CWF,steve_mcqueen/024.jpg,,low_confidence
steve_mcqueen,34,Black_Males,CWF,steve_mcqueen/034.jpg,,low_confidence
steve_mcqueen,36,Black_Males,CWF,steve_mcqueen/036.jpg,steve_mcqueen_0036.npy,ok
steve_mcqueen,52,Black_Males,CWF,steve_mcqueen/052.jpg,,no_face
steve_mcqueen,55,Black_Males,CWF,steve_mcqueen/055.jpg,,low_confidence
steve_mcqueen,68,Black_Males,CWF,steve_mcqueen/068.jpg,,low_confidence
steve_mcqueen,73,Black_Males,CWF,steve_mcqueen/073.jpg,steve_mcqueen_0073.npy,ok
steve_mcqueen,85,Black_Males,CWF,steve_mcqueen/085.jpg,,low_confidence
steve_mcqueen,86,Black_Males,CWF,steve_mcqueen/086.jpg,,no_face
steve_mcqueen,95,Black_Males,CWF,steve_mcqueen/095.jpg,steve_mcqueen_0095.npy,ok
steve_mcqueen,97,Black_Males,CWF,steve_mcqueen/097.jpg,steve_mcqueen_0097.npy,ok
steve_mcqueen,100,Black_Males,CWF,steve_mcqueen/100.jpg,steve_mcqueen_0100.npy,ok
todd_bridges,9,Black_Males,CWF,todd_bridges/009.jpg,todd_bridges_0009.npy,ok
todd_bridges,10,Black_Males,CWF,todd_bridges/010.jpg,todd_bridges_0010.npy,ok
todd_bridges,11,Black_Males,CWF,todd_bridges/011.jpg,,no_face
todd_bridges,12,Black_Males,CWF,todd_bridges/012.jpg,,spoof_detected
todd_bridges,13,Black_Males,CWF,todd_bridges/013.jpg,,low_confidence
todd_bridges,15,Black_Males,CWF,todd_bridges/015.jpg,todd_bridges_0015.npy,ok
todd_bridges,18,Black_Males,CWF,todd_bridges/018.jpg,,low_confidence
todd_bridges,19,Black_Males,CWF,todd_bridges/019.jpg,,low_confidence
todd_bridges,21,Black_Males,CWF,todd_bridges/021.jpg,,low_confidence
todd_bridges,22,Black_Males,CWF,todd_bridges/022.jpg,,low_confidence
todd_bridges,23,Black_Males,CWF,todd_bridges/023.jpg,,low_confidence
todd_bridges,24,Black_Males,CWF,todd_bridges/024.jpg,,low_confidence
todd_bridges,26,Black_Males,CWF,todd_bridges/026.jpg,,no_face
todd_bridges,34,Black_Males,CWF,todd_bridges/034.jpg,,spoof_detected
todd_bridges,35,Black_Males,CWF,todd_bridges/035.jpg,,spoof_detected
todd_bridges,42,Black_Males,CWF,todd_bridges/042.jpg,,low_confidence
todd_bridges,43,Black_Males,CWF,todd_bridges/043.jpg,todd_bridges_0043.npy,ok
todd_bridges,49,Black_Males,CWF,todd_bridges/049.jpg,,low_confidence
tracy_morgan,11,Black_Males,CWF,tracy_morgan/011.jpg,tracy_morgan_0011.npy,ok
tracy_morgan,13,Black_Males,CWF,tracy_morgan/013.jpg,tracy_morgan_0013.npy,ok
tracy_morgan,18,Black_Males,CWF,tracy_morgan/018.jpg,,low_confidence
tracy_morgan,22,Black_Males,CWF,tracy_morgan/022.jpg,tracy_morgan_0022.npy,ok
tracy_morgan,29,Black_Males,CWF,tracy_morgan/029.jpg,tracy_morgan_0029.npy,ok
tracy_morgan,30,Black_Males,CWF,tracy_morgan/030.jpg,tracy_morgan_0030.npy,ok
tracy_morgan,53,Black_Males,CWF,tracy_morgan/053.jpg,tracy_morgan_0053.npy,ok
tracy_morgan,54,Black_Males,CWF,tracy_morgan/054.jpg,tracy_morgan_0054.npy,ok
tracy_morgan,59,Black_Males,CWF,tracy_morgan/059.jpg,tracy_morgan_0059.npy,ok
tracy_morgan,66,Black_Males,CWF,tracy_morgan/066.jpg,,low_confidence
tracy_morgan,67,Black_Males,CWF,tracy_morgan/067.jpg,,no_face
tracy_morgan,88,Black_Males,CWF,tracy_morgan/088.jpg,tracy_morgan_0088.npy,ok
tracy_morgan,100,Black_Males,CWF,tracy_morgan/100.jpg,,low_confidence
tracy_morgan,107,Black_Males,CWF,tracy_morgan/107.jpg,tracy_morgan_0107.npy,ok
tracy_morgan,130,Black_Males,CWF,tracy_morgan/130.jpg,tracy_morgan_0130.npy,ok
tracy_morgan,131,Black_Males,CWF,tracy_morgan/131.jpg,tracy_morgan_0131.npy,ok
tracy_morgan,156,Black_Males,CWF,tracy_morgan/156.jpg,,low_confidence
tracy_morgan,190,Black_Males,CWF,tracy_morgan/190.jpg,tracy_morgan_0190.npy,ok
tyler_perry,15,Black_Males,CWF,tyler_perry/015.jpg,,low_confidence
tyler_perry,16,Black_Males,CWF,tyler_perry/016.jpg,,low_confidence
tyler_perry,17,Black_Males,CWF,tyler_perry/017.jpg,,no_face
tyler_perry,19,Black_Males,CWF,tyler_perry/019.jpg,,low_confidence
tyler_perry,41,Black_Males,CWF,tyler_perry/041.jpg,,low_confidence
tyler_perry,42,Black_Males,CWF,tyler_perry/042.jpg,,low_confidence
tyler_perry,44,Black_Males,CWF,tyler_perry/044.jpg,tyler_perry_0044.npy,ok
tyler_perry,53,Black_Males,CWF,tyler_perry/053.jpg,tyler_perry_0053.npy,ok
tyler_perry,63,Black_Males,CWF,tyler_perry/063.jpg,,low_confidence
tyler_perry,65,Black_Males,CWF,tyler_perry/065.jpg,,no_face
tyler_perry,70,Black_Males,CWF,tyler_perry/070.jpg,tyler_perry_0070.npy,ok
tyler_perry,79,Black_Males,CWF,tyler_perry/079.jpg,tyler_perry_0079.npy,ok
tyler_perry,86,Black_Males,CWF,tyler_perry/086.jpg,,low_confidence
tyler_perry,94,Black_Males,CWF,tyler_perry/094.jpg,tyler_perry_0094.npy,ok
tyler_perry,100,Black_Males,CWF,tyler_perry/100.jpg,,low_confidence
tyler_perry,103,Black_Males,CWF,tyler_perry/103.jpg,tyler_perry_0103.npy,ok
tyler_perry,113,Black_Males,CWF,tyler_perry/113.jpg,,low_confidence
tyler_perry,121,Black_Males,CWF,tyler_perry/121.jpg,,low_confidence
wyclef_jean,3,Black_Males,CWF,wyclef_jean/003.jpg,,no_face
wyclef_jean,9,Black_Males,CWF,wyclef_jean/009.jpg,,low_confidence
wyclef_jean,23,Black_Males,CWF,wyclef_jean/023.jpg,,low_confidence
wyclef_jean,40,Black_Males,CWF,wyclef_jean/040.jpg,,no_face
wyclef_jean,50,Black_Males,CWF,wyclef_jean/050.jpg,,no_face
wyclef_jean,51,Black_Males,CWF,wyclef_jean/051.jpg,wyclef_jean_0051.npy,ok
wyclef_jean,52,Black_Males,CWF,wyclef_jean/052.jpg,,low_confidence
wyclef_jean,56,Black_Males,CWF,wyclef_jean/056.jpg,wyclef_jean_0056.npy,ok
wyclef_jean,58,Black_Males,CWF,wyclef_jean/058.jpg,wyclef_jean_0058.npy,ok
wyclef_jean,67,Black_Males,CWF,wyclef_jean/067.jpg,,low_confidence
wyclef_jean,68,Black_Males,CWF,wyclef_jean/068.jpg,wyclef_jean_0068.npy,ok
wyclef_jean,70,Black_Males,CWF,wyclef_jean/070.jpg,,low_confidence
wyclef_jean,81,Black_Males,CWF,wyclef_jean/081.jpg,wyclef_jean_0081.npy,ok
wyclef_jean,84,Black_Males,CWF,wyclef_jean/084.jpg,,no_face
wyclef_jean,87,Black_Males,CWF,wyclef_jean/087.jpg,,low_confidence
wyclef_jean,100,Black_Males,CWF,wyclef_jean/100.jpg,,no_face
wyclef_jean,103,Black_Males,CWF,wyclef_jean/103.jpg,,no_face
wyclef_jean,110,Black_Males,CWF,wyclef_jean/110.jpg,,low_confidence
xzibit,1,Black_Males,CWF,xzibit/001.jpg,,low_confidence
xzibit,5,Black_Males,CWF,xzibit/005.jpg,xzibit_0005.npy,ok
xzibit,6,Black_Males,CWF,xzibit/006.jpg,,low_confidence
xzibit,7,Black_Males,CWF,xzibit/007.jpg,,low_confidence
xzibit,8,Black_Males,CWF,xzibit/008.jpg,,low_confidence
xzibit,9,Black_Males,CWF,xzibit/009.jpg,,low_confidence
xzibit,10,Black_Males,CWF,xzibit/010.jpg,,low_confidence
xzibit,11,Black_Males,CWF,xzibit/011.jpg,xzibit_0011.npy,ok
xzibit,12,Black_Males,CWF,xzibit/012.jpg,xzibit_0012.npy,ok
xzibit,13,Black_Males,CWF,xzibit/013.jpg,,low_confidence
xzibit,14,Black_Males,CWF,xzibit/014.jpg,,low_confidence
xzibit,16,Black_Males,CWF,xzibit/016.jpg,,low_confidence
xzibit,23,Black_Males,CWF,xzibit/023.jpg,,no_face
xzibit,24,Black_Males,CWF,xzibit/024.jpg,,low_confidence
xzibit,27,Black_Males,CWF,xzibit/027.jpg,,no_face
xzibit,30,Black_Males,CWF,xzibit/030.jpg,,low_confidence
xzibit,31,Black_Males,CWF,xzibit/031.jpg,,low_confidence
xzibit,34,Black_Males,CWF,xzibit/034.jpg,,no_face
abigail_spencer,13,White_Females,CWF,abigail_spencer/013.jpg,,no_face
abigail_spencer,14,White_Females,CWF,abigail_spencer/014.jpg,,low_confidence
abigail_spencer,15,White_Females,CWF,abigail_spencer/015.jpg,,no_face
abigail_spencer,23,White_Females,CWF,abigail_spencer/023.jpg,,no_face
abigail_spencer,33,White_Females,CWF,abigail_spencer/033.jpg,,no_face
abigail_spencer,41,White_Females,CWF,abigail_spencer/041.jpg,abigail_spencer_0041.npy,ok
abigail_spencer,46,White_Females,CWF,abigail_spencer/046.jpg,,low_confidence
abigail_spencer,47,White_Females,CWF,abigail_spencer/047.jpg,,low_confidence
abigail_spencer,50,White_Females,CWF,abigail_spencer/050.jpg,abigail_spencer_0050.npy,ok
abigail_spencer,61,White_Females,CWF,abigail_spencer/061.jpg,,low_confidence
abigail_spencer,65,White_Females,CWF,abigail_spencer/065.jpg,,no_face
abigail_spencer,83,White_Females,CWF,abigail_spencer/083.jpg,,low_confidence
abigail_spencer,84,White_Females,CWF,abigail_spencer/084.jpg,,low_confidence
abigail_spencer,86,White_Females,CWF,abigail_spencer/086.jpg,,low_confidence
abigail_spencer,87,White_Females,CWF,abigail_spencer/087.jpg,,low_confidence
abigail_spencer,91,White_Females,CWF,abigail_spencer/091.jpg,,low_confidence
abigail_spencer,105,White_Females,CWF,abigail_spencer/105.jpg,,low_confidence
abigail_spencer,107,White_Females,CWF,abigail_spencer/107.jpg,,no_face
alison_brie,18,White_Females,CWF,alison_brie/018.jpg,alison_brie_0018.npy,ok
alison_brie,35,White_Females,CWF,alison_brie/035.jpg,,low_confidence
alison_brie,39,White_Females,CWF,alison_brie/039.jpg,alison_brie_0039.npy,ok
alison_brie,41,White_Females,CWF,alison_brie/041.jpg,,low_confidence
alison_brie,42,White_Females,CWF,alison_brie/042.jpg,alison_brie_0042.npy,ok
alison_brie,71,White_Females,CWF,alison_brie/071.jpg,alison_brie_0071.npy,ok
alison_brie,72,White_Females,CWF,alison_brie/072.jpg,alison_brie_0072.npy,ok
alison_brie,93,White_Females,CWF,alison_brie/093.jpg,alison_brie_0093.npy,ok
alison_brie,125,White_Females,CWF,alison_brie/125.jpg,,low_confidence
alison_brie,126,White_Females,CWF,alison_brie/126.jpg,alison_brie_0126.npy,ok
alison_brie,129,White_Females,CWF,alison_brie/129.jpg,alison_brie_0129.npy,ok
alison_brie,130,White_Females,CWF,alison_brie/130.jpg,alison_brie_0130.npy,ok
alison_brie,136,White_Females,CWF,alison_brie/136.jpg,alison_brie_0136.npy,ok
alison_brie,142,White_Females,CWF,alison_brie/142.jpg,alison_brie_0142.npy,ok
alison_brie,144,White_Females,CWF,alison_brie/144.jpg,,low_confidence
alison_brie,195,White_Females,CWF,alison_brie/195.jpg,alison_brie_0195.npy,ok
alison_brie,198,White_Females,CWF,alison_brie/198.jpg,alison_brie_0198.npy,ok
alison_brie,202,White_Females,CWF,alison_brie/202.jpg,,low_confidence
anna_kendrick,1,White_Females,CWF,anna_kendrick/001.jpg,,low_confidence
anna_kendrick,41,White_Females,CWF,anna_kendrick/041.jpg,,low_confidence
anna_kendrick,54,White_Females,CWF,anna_kendrick/054.jpg,,no_face
anna_kendrick,61,White_Females,CWF,anna_kendrick/061.jpg,,low_confidence
anna_kendrick,67,White_Females,CWF,anna_kendrick/067.jpg,,low_confidence
anna_kendrick,97,White_Females,CWF,anna_kendrick/097.jpg,,no_face
anna_kendrick,107,White_Females,CWF,anna_kendrick/107.jpg,,no_face
anna_kendrick,124,White_Females,CWF,anna_kendrick/124.jpg,,low_confidence
anna_kendrick,137,White_Females,CWF,anna_kendrick/137.jpg,,no_face
anna_kendrick,141,White_Females,CWF,anna_kendrick/141.jpg,,no_face
anna_kendrick,154,White_Females,CWF,anna_kendrick/154.jpg,anna_kendrick_0154.npy,ok
anna_kendrick,167,White_Females,CWF,anna_kendrick/167.jpg,,no_face
anna_kendrick,201,White_Females,CWF,anna_kendrick/201.jpg,,no_face
anna_kendrick,204,White_Females,CWF,anna_kendrick/204.jpg,,low_confidence
anna_kendrick,207,White_Females,CWF,anna_kendrick/207.jpg,,low_confidence
anna_kendrick,221,White_Females,CWF,anna_kendrick/221.jpg,,low_confidence
anna_kendrick,237,White_Females,CWF,anna_kendrick/237.jpg,,low_confidence
anna_kendrick,241,White_Females,CWF,anna_kendrick/241.jpg,,no_face
annasophia_robb,11,White_Females,CWF,annasophia_robb/011.jpg,,low_confidence
annasophia_robb,14,White_Females,CWF,annasophia_robb/014.jpg,,low_confidence
annasophia_robb,17,White_Females,CWF,annasophia_robb/017.jpg,,low_confidence
annasophia_robb,34,White_Females,CWF,annasophia_robb/034.jpg,,low_confidence
annasophia_robb,44,White_Females,CWF,annasophia_robb/044.jpg,,low_confidence
annasophia_robb,47,White_Females,CWF,annasophia_robb/047.jpg,,low_confidence
annasophia_robb,55,White_Females,CWF,annasophia_robb/055.jpg,annasophia_robb_0055.npy,ok
annasophia_robb,60,White_Females,CWF,annasophia_robb/060.jpg,,low_confidence
annasophia_robb,63,White_Females,CWF,annasophia_robb/063.jpg,annasophia_robb_0063.npy,ok
annasophia_robb,64,White_Females,CWF,annasophia_robb/064.jpg,,low_confidence
annasophia_robb,72,White_Females,CWF,annasophia_robb/072.jpg,,no_face
annasophia_robb,76,White_Females,CWF,annasophia_robb/076.jpg,annasophia_robb_0076.npy,ok
annasophia_robb,79,White_Females,CWF,annasophia_robb/079.jpg,annasophia_robb_0079.npy,ok
annasophia_robb,80,White_Females,CWF,annasophia_robb/080.jpg,,spoof_detected
annasophia_robb,88,White_Females,CWF,annasophia_robb/088.jpg,,no_face
annasophia_robb,94,White_Females,CWF,annasophia_robb/094.jpg,annasophia_robb_0094.npy,ok
annasophia_robb,105,White_Females,CWF,annasophia_robb/105.jpg,,low_confidence
annasophia_robb,130,White_Females,CWF,annasophia_robb/130.jpg,,low_confidence
ariel_winter,4,White_Females,CWF,ariel_winter/004.jpg,,low_confidence
ariel_winter,5,White_Females,CWF,ariel_winter/005.jpg,ariel_winter_0005.npy,ok
ariel_winter,10,White_Females,CWF,ariel_winter/010.jpg,,low_confidence
ariel_winter,17,White_Females,CWF,ariel_winter/017.jpg,ariel_winter_0017.npy,ok
ariel_winter,26,White_Females,CWF,ariel_winter/026.jpg,ariel_winter_0026.npy,ok
ariel_winter,27,White_Females,CWF,ariel_winter/027.jpg,,low_confidence
ariel_winter,51,White_Females,CWF,ariel_winter/051.jpg,,low_confidence
ariel_winter,80,White_Females,CWF,ariel_winter/080.jpg,ariel_winter_0080.npy,ok
ariel_winter,83,White_Females,CWF,ariel_winter/083.jpg,,low_confidence
ariel_winter,91,White_Females,CWF,ariel_winter/091.jpg,ariel_winter_0091.npy,ok
ariel_winter,105,White_Females,CWF,ariel_winter/105.jpg,ariel_winter_0105.npy,ok
ariel_winter,108,White_Females,CWF,ariel_winter/108.jpg,ariel_winter_0108.npy,ok
ariel_winter,116,White_Females,CWF,ariel_winter/116.jpg,,low_confidence
ariel_winter,122,White_Females,CWF,ariel_winter/122.jpg,,low_confidence
ariel_winter,140,White_Females,CWF,ariel_winter/140.jpg,,low_confidence
ariel_winter,142,White_Females,CWF,ariel_winter/142.jpg,ariel_winter_0142.npy,ok
ariel_winter,167,White_Females,CWF,ariel_winter/167.jpg,ariel_winter_0167.npy,ok
ariel_winter,170,White_Females,CWF,ariel_winter/170.jpg,,low_confidence
ashley_avis,2,White_Females,CWF,ashley_avis/002.jpg,,low_confidence
ashley_avis,3,White_Females,CWF,ashley_avis/003.jpg,,no_face
ashley_avis,6,White_Females,CWF,ashley_avis/006.jpg,,low_confidence
ashley_avis,7,White_Females,CWF,ashley_avis/007.jpg,,no_face
ashley_avis,12,White_Females,CWF,ashley_avis/012.jpg,ashley_avis_0012.npy,ok
ashley_avis,15,White_Females,CWF,ashley_avis/015.jpg,,no_face
ashley_avis,20,White_Females,CWF,ashley_avis/020.jpg,,low_confidence
ashley_avis,21,White_Females,CWF,ashley_avis/021.jpg,,low_confidence
ashley_avis,22,White_Females,CWF,ashley_avis/022.jpg,,low_confidence
ashley_avis,24,White_Females,CWF,ashley_avis/024.jpg,,no_face
ashley_avis,41,White_Females,CWF,ashley_avis/041.jpg,ashley_avis_0041.npy,ok
ashley_avis,45,White_Females,CWF,ashley_avis/045.jpg,,no_face
ashley_avis,48,White_Females,CWF,ashley_avis/048.jpg,,low_confidence
ashley_avis,54,White_Females,CWF,ashley_avis/054.jpg,,low_confidence
ashley_avis,55,White_Females,CWF,ashley_avis/055.jpg,,low_confidence
ashley_avis,66,White_Females,CWF,ashley_avis/066.jpg,,no_face
ashley_avis,72,White_Females,CWF,ashley_avis/072.jpg,,spoof_detected
ashley_avis,77,White_Females,CWF,ashley_avis/077.jpg,,no_face
aubrey_plaza,2,White_Females,CWF,aubrey_plaza/002.jpg,aubrey_plaza_0002.npy,ok
aubrey_plaza,3,White_Females,CWF,aubrey_plaza/003.jpg,,no_face
aubrey_plaza,6,White_Females,CWF,aubrey_plaza/006.jpg,aubrey_plaza_0006.npy,ok
aubrey_plaza,7,White_Females,CWF,aubrey_plaza/007.jpg,aubrey_plaza_0007.npy,ok
aubrey_plaza,25,White_Females,CWF,aubrey_plaza/025.jpg,aubrey_plaza_0025.npy,ok
aubrey_plaza,31,White_Females,CWF,aubrey_plaza/031.jpg,aubrey_plaza_0031.npy,ok
aubrey_plaza,34,White_Females,CWF,aubrey_plaza/034.jpg,,low_confidence
aubrey_plaza,35,White_Females,CWF,aubrey_plaza/035.jpg,,low_confidence
aubrey_plaza,73,White_Females,CWF,aubrey_plaza/073.jpg,,low_confidence
aubrey_plaza,74,White_Females,CWF,aubrey_plaza/074.jpg,aubrey_plaza_0074.npy,ok
aubrey_plaza,75,White_Females,CWF,aubrey_plaza/075.jpg,,low_confidence
aubrey_plaza,79,White_Females,CWF,aubrey_plaza/079.jpg,aubrey_plaza_0079.npy,ok
aubrey_plaza,88,White_Females,CWF,aubrey_plaza/088.jpg,,low_confidence
aubrey_plaza,93,White_Females,CWF,aubrey_plaza/093.jpg,aubrey_plaza_0093.npy,ok
aubrey_plaza,106,White_Females,CWF,aubrey_plaza/106.jpg,,low_confidence
aubrey_plaza,114,White_Females,CWF,aubrey_plaza/114.jpg,,low_confidence
aubrey_plaza,121,White_Females,CWF,aubrey_plaza/121.jpg,aubrey_plaza_0121.npy,ok
aubrey_plaza,127,White_Females,CWF,aubrey_plaza/127.jpg,,no_face
bailee_madison,4,White_Females,CWF,bailee_madison/004.jpg,,low_confidence
bailee_madison,7,White_Females,CWF,bailee_madison/007.jpg,,low_confidence
bailee_madison,9,White_Females,CWF,bailee_madison/009.jpg,,low_confidence
bailee_madison,15,White_Females,CWF,bailee_madison/015.jpg,,no_face
bailee_madison,17,White_Females,CWF,bailee_madison/017.jpg,bailee_madison_0017.npy,ok
bailee_madison,18,White_Females,CWF,bailee_madison/018.jpg,,no_face
bailee_madison,25,White_Females,CWF,bailee_madison/025.jpg,,low_confidence
bailee_madison,29,White_Females,CWF,bailee_madison/029.jpg,,no_face
bailee_madison,33,White_Females,CWF,bailee_madison/033.jpg,bailee_madison_0033.npy,ok
bailee_madison,34,White_Females,CWF,bailee_madison/034.jpg,bailee_madison_0034.npy,ok
bailee_madison,40,White_Females,CWF,bailee_madison/040.jpg,bailee_madison_0040.npy,ok
bailee_madison,42,White_Females,CWF,bailee_madison/042.jpg,,no_face
bailee_madison,43,White_Females,CWF,bailee_madison/043.jpg,,no_face
bailee_madison,49,White_Females,CWF,bailee_madison/049.jpg,,no_face
bailee_madison,53,White_Females,CWF,bailee_madison/053.jpg,bailee_madison_0053.npy,ok
bailee_madison,61,White_Females,CWF,bailee_madison/061.jpg,bailee_madison_0061.npy,ok
bailee_madison,67,White_Females,CWF,bailee_madison/067.jpg,,low_confidence
bailee_madison,75,White_Females,CWF,bailee_madison/075.jpg,,low_confidence
barbara_hershey,3,White_Females,CWF,barbara_hershey/003.jpg,,spoof_detected
barbara_hershey,5,White_Females,CWF,barbara_hershey/005.jpg,,low_confidence
barbara_hershey,6,White_Females,CWF,barbara_hershey/006.jpg,barbara_hershey_0006.npy,ok
barbara_hershey,15,White_Females,CWF,barbara_hershey/015.jpg,,low_confidence
barbara_hershey,27,White_Females,CWF,barbara_hershey/027.jpg,,no_face
barbara_hershey,34,White_Females,CWF,barbara_hershey/034.jpg,,no_face
barbara_hershey,48,White_Females,CWF,barbara_hershey/048.jpg,,spoof_detected
barbara_hershey,49,White_Females,CWF,barbara_hershey/049.jpg,,no_face
barbara_hershey,51,White_Females,CWF,barbara_hershey/051.jpg,barbara_hershey_0051.npy,ok
barbara_hershey,56,White_Females,CWF,barbara_hershey/056.jpg,,low_confidence
barbara_hershey,75,White_Females,CWF,barbara_hershey/075.jpg,,no_face
barbara_hershey,77,White_Females,CWF,barbara_hershey/077.jpg,,no_face
barbara_hershey,82,White_Females,CWF,barbara_hershey/082.jpg,,no_face
barbara_hershey,84,White_Females,CWF,barbara_hershey/084.jpg,,low_confidence
barbara_hershey,85,White_Females,CWF,barbara_hershey/085.jpg,,no_face
barbara_hershey,90,White_Females,CWF,barbara_hershey/090.jpg,,no_face
barbara_hershey,94,White_Females,CWF,barbara_hershey/094.jpg,barbara_hershey_0094.npy,ok
barbara_hershey,95,White_Females,CWF,barbara_hershey/095.jpg,,low_confidence
bellamy_young,1,White_Females,CWF,bellamy_young/001.jpg,bellamy_young_0001.npy,ok
bellamy_young,8,White_Females,CWF,bellamy_young/008.jpg,,no_face
bellamy_young,10,White_Females,CWF,bellamy_young/010.jpg,bellamy_young_0010.npy,ok
bellamy_young,15,White_Females,CWF,bellamy_young/015.jpg,,low_confidence
bellamy_young,16,White_Females,CWF,bellamy_young/016.jpg,,low_confidence
bellamy_young,19,White_Females,CWF,bellamy_young/019.jpg,,low_confidence
bellamy_young,21,White_Females,CWF,bellamy_young/021.jpg,bellamy_young_0021.npy,ok
bellamy_young,23,White_Females,CWF,bellamy_young/023.jpg,bellamy_young_0023.npy,ok
bellamy_young,25,White_Females,CWF,bellamy_young/025.jpg,,no_face
bellamy_young,31,White_Females,CWF,bellamy_young/031.jpg,,spoof_detected
bellamy_young,44,White_Females,CWF,bellamy_young/044.jpg,,no_face
bellamy_young,50,White_Females,CWF,bellamy_young/050.jpg,,low_confidence
bellamy_young,53,White_Females,CWF,bellamy_young/053.jpg,,spoof_detected
bellamy_young,55,White_Females,CWF,bellamy_young/055.jpg,,no_face
bellamy_young,57,White_Females,CWF,bellamy_young/057.jpg,bellamy_young_0057.npy,ok
bellamy_young,59,White_Females,CWF,bellamy_young/059.jpg,,spoof_detected
bellamy_young,60,White_Females,CWF,bellamy_young/060.jpg,,low_confidence
bellamy_young,62,White_Females,CWF,bellamy_young/062.jpg,bellamy_young_0062.npy,ok
beth_riesgraf,1,White_Females,CWF,beth_riesgraf/001.jpg,beth_riesgraf_0001.npy,ok
beth_riesgraf,3,White_Females,CWF,beth_riesgraf/003.jpg,,low_confidence
beth_riesgraf,4,White_Females,CWF,beth_riesgraf/004.jpg,,no_face
beth_riesgraf,5,White_Females,CWF,beth_riesgraf/005.jpg,,low_confidence
beth_riesgraf,16,White_Females,CWF,beth_riesgraf/016.jpg,beth_riesgraf_0016.npy,ok
beth_riesgraf,40,White_Females,CWF,beth_riesgraf/040.jpg,,low_confidence
beth_riesgraf,49,White_Females,CWF,beth_riesgraf/049.jpg,beth_riesgraf_0049.npy,ok
beth_riesgraf,52,White_Females,CWF,beth_riesgraf/052.jpg,,no_face
beth_riesgraf,53,White_Females,CWF,beth_riesgraf/053.jpg,beth_riesgraf_0053.npy,ok
beth_riesgraf,54,White_Females,CWF,beth_riesgraf/054.jpg,beth_riesgraf_0054.npy,ok
beth_riesgraf,59,White_Females,CWF,beth_riesgraf/059.jpg,,low_confidence
beth_riesgraf,66,White_Females,CWF,beth_riesgraf/066.jpg,,low_confidence
beth_riesgraf,67,White_Females,CWF,beth_riesgraf/067.jpg,,spoof_detected
beth_riesgraf,79,White_Females,CWF,beth_riesgraf/079.jpg,,low_confidence
beth_riesgraf,81,White_Females,CWF,beth_riesgraf/081.jpg,,low_confidence
beth_riesgraf,84,White_Females,CWF,beth_riesgraf/084.jpg,,low_confidence
beth_riesgraf,87,White_Females,CWF,beth_riesgraf/087.jpg,,low_confidence
beth_riesgraf,94,White_Females,CWF,beth_riesgraf/094.jpg,,low_confidence
bitsie_tulloch,4,White_Females,CWF,bitsie_tulloch/004.jpg,,low_confidence
bitsie_tulloch,6,White_Females,CWF,bitsie_tulloch/006.jpg,,low_confidence
bitsie_tulloch,12,White_Females,CWF,bitsie_tulloch/012.jpg,bitsie_tulloch_0012.npy,ok
bitsie_tulloch,14,White_Females,CWF,bitsie_tulloch/014.jpg,,low_confidence
bitsie_tulloch,15,White_Females,CWF,bitsie_tulloch/015.jpg,,low_confidence
bitsie_tulloch,24,White_Females,CWF,bitsie_tulloch/024.jpg,bitsie_tulloch_0024.npy,ok
bitsie_tulloch,27,White_Females,CWF,bitsie_tulloch/027.jpg,,low_confidence
bitsie_tulloch,42,White_Females,CWF,bitsie_tulloch/042.jpg,,low_confidence
bitsie_tulloch,46,White_Females,CWF,bitsie_tulloch/046.jpg,bitsie_tulloch_0046.npy,ok
bitsie_tulloch,48,White_Females,CWF,bitsie_tulloch/048.jpg,,low_confidence
bitsie_tulloch,52,White_Females,CWF,bitsie_tulloch/052.jpg,,no_face
bitsie_tulloch,58,White_Females,CWF,bitsie_tulloch/058.jpg,,low_confidence
bitsie_tulloch,59,White_Females,CWF,bitsie_tulloch/059.jpg,,no_face
bitsie_tulloch,60,White_Females,CWF,bitsie_tulloch/060.jpg,,low_confidence
bitsie_tulloch,65,White_Females,CWF,bitsie_tulloch/065.jpg,,spoof_detected
bitsie_tulloch,67,White_Females,CWF,bitsie_tulloch/067.jpg,,low_confidence
bitsie_tulloch,68,White_Females,CWF,bitsie_tulloch/068.jpg,bitsie_tulloch_0068.npy,ok
bitsie_tulloch,70,White_Females,CWF,bitsie_tulloch/070.jpg,bitsie_tulloch_0070.npy,ok
britt_robertson,5,White_Females,CWF,britt_robertson/005.jpg,,low_confidence
britt_robertson,9,White_Females,CWF,britt_robertson/009.jpg,britt_robertson_0009.npy,ok
britt_robertson,20,White_Females,CWF,britt_robertson/020.jpg,,spoof_detected
britt_robertson,32,White_Females,CWF,britt_robertson/032.jpg,,low_confidence
britt_robertson,38,White_Females,CWF,britt_robertson/038.jpg,britt_robertson_0038.npy,ok
britt_robertson,39,White_Females,CWF,britt_robertson/039.jpg,britt_robertson_0039.npy,ok
britt_robertson,40,White_Females,CWF,britt_robertson/040.jpg,britt_robertson_0040.npy,ok
britt_robertson,55,White_Females,CWF,britt_robertson/055.jpg,,low_confidence
britt_robertson,82,White_Females,CWF,britt_robertson/082.jpg,,low_confidence
britt_robertson,89,White_Females,CWF,britt_robertson/089.jpg,,low_confidence
britt_robertson,106,White_Females,CWF,britt_robertson/106.jpg,,no_face
britt_robertson,113,White_Females,CWF,britt_robertson/113.jpg,britt_robertson_0113.npy,ok
britt_robertson,119,White_Females,CWF,britt_robertson/119.jpg,,low_confidence
britt_robertson,120,White_Females,CWF,britt_robertson/120.jpg,britt_robertson_0120.npy,ok
britt_robertson,130,White_Females,CWF,britt_robertson/130.jpg,britt_robertson_0130.npy,ok
britt_robertson,136,White_Females,CWF,britt_robertson/136.jpg,,low_confidence
britt_robertson,142,White_Females,CWF,britt_robertson/142.jpg,,low_confidence
britt_robertson,160,White_Females,CWF,britt_robertson/160.jpg,,low_confidence
brooke_elliott,2,White_Females,CWF,brooke_elliott/002.jpg,,low_confidence
brooke_elliott,5,White_Females,CWF,brooke_elliott/005.jpg,brooke_elliott_0005.npy,ok
brooke_elliott,11,White_Females,CWF,brooke_elliott/011.jpg,,low_confidence
brooke_elliott,15,White_Females,CWF,brooke_elliott/015.jpg,,low_confidence
brooke_elliott,17,White_Females,CWF,brooke_elliott/017.jpg,brooke_elliott_0017.npy,ok
brooke_elliott,21,White_Females,CWF,brooke_elliott/021.jpg,,no_face
brooke_elliott,22,White_Females,CWF,brooke_elliott/022.jpg,brooke_elliott_0022.npy,ok
brooke_elliott,27,White_Females,CWF,brooke_elliott/027.jpg,brooke_elliott_0027.npy,ok
brooke_elliott,29,White_Females,CWF,brooke_elliott/029.jpg,brooke_elliott_0029.npy,ok
brooke_elliott,30,White_Females,CWF,brooke_elliott/030.jpg,,low_confidence
brooke_elliott,34,White_Females,CWF,brooke_elliott/034.jpg,,low_confidence
brooke_elliott,38,White_Females,CWF,brooke_elliott/038.jpg,,low_confidence
brooke_elliott,40,White_Females,CWF,brooke_elliott/040.jpg,,low_confidence
brooke_elliott,42,White_Females,CWF,brooke_elliott/042.jpg,,no_face
brooke_elliott,44,White_Females,CWF,brooke_elliott/044.jpg,,low_confidence
brooke_elliott,49,White_Females,CWF,brooke_elliott/049.jpg,,no_face
brooke_elliott,51,White_Females,CWF,brooke_elliott/051.jpg,,low_confidence
brooke_elliott,54,White_Females,CWF,brooke_elliott/054.jpg,,low_confidence
bryce_dallas_howard,11,White_Females,CWF,bryce_dallas_howard/011.jpg,,low_confidence
bryce_dallas_howard,27,White_Females,CWF,bryce_dallas_howard/027.jpg,,no_face
bryce_dallas_howard,28,White_Females,CWF,bryce_dallas_howard/028.jpg,bryce_dallas_howard_0028.npy,ok
bryce_dallas_howard,29,White_Females,CWF,bryce_dallas_howard/029.jpg,,low_confidence
bryce_dallas_howard,42,White_Females,CWF,bryce_dallas_howard/042.jpg,bryce_dallas_howard_0042.npy,ok
bryce_dallas_howard,46,White_Females,CWF,bryce_dallas_howard/046.jpg,,low_confidence
bryce_dallas_howard,57,White_Females,CWF,bryce_dallas_howard/057.jpg,,no_face
bryce_dallas_howard,68,White_Females,CWF,bryce_dallas_howard/068.jpg,,low_confidence
bryce_dallas_howard,78,White_Females,CWF,bryce_dallas_howard/078.jpg,,low_confidence
bryce_dallas_howard,93,White_Females,CWF,bryce_dallas_howard/093.jpg,bryce_dallas_howard_0093.npy,ok
bryce_dallas_howard,98,White_Females,CWF,bryce_dallas_howard/098.jpg,,low_confidence
bryce_dallas_howard,105,White_Females,CWF,bryce_dallas_howard/105.jpg,,low_confidence
bryce_dallas_howard,109,White_Females,CWF,bryce_dallas_howard/109.jpg,,low_confidence
bryce_dallas_howard,113,White_Females,CWF,bryce_dallas_howard/113.jpg,,low_confidence
bryce_dallas_howard,116,White_Females,CWF,bryce_dallas_howard/116.jpg,,low_confidence
bryce_dallas_howard,128,White_Females,CWF,bryce_dallas_howard/128.jpg,,low_confidence
bryce_dallas_howard,130,White_Females,CWF,bryce_dallas_howard/130.jpg,,low_confidence
bryce_dallas_howard,133,White_Females,CWF,bryce_dallas_howard/133.jpg,,low_confidence
carrie_genzel,4,White_Females,CWF,carrie_genzel/004.jpg,,low_confidence
carrie_genzel,5,White_Females,CWF,carrie_genzel/005.jpg,,low_confidence
carrie_genzel,9,White_Females,CWF,carrie_genzel/009.jpg,,low_confidence
carrie_genzel,10,White_Females,CWF,carrie_genzel/010.jpg,carrie_genzel_0010.npy,ok
carrie_genzel,20,White_Females,CWF,carrie_genzel/020.jpg,carrie_genzel_0020.npy,ok
carrie_genzel,31,White_Females,CWF,carrie_genzel/031.jpg,carrie_genzel_0031.npy,ok
carrie_genzel,34,White_Females,CWF,carrie_genzel/034.jpg,,no_face
carrie_genzel,39,White_Females,CWF,carrie_genzel/039.jpg,,spoof_detected
carrie_genzel,42,White_Females,CWF,carrie_genzel/042.jpg,,spoof_detected
carrie_genzel,48,White_Females,CWF,carrie_genzel/048.jpg,,low_confidence
carrie_genzel,49,White_Females,CWF,carrie_genzel/049.jpg,carrie_genzel_0049.npy,ok
carrie_genzel,57,White_Females,CWF,carrie_genzel/057.jpg,carrie_genzel_0057.npy,ok
carrie_genzel,58,White_Females,CWF,carrie_genzel/058.jpg,,low_confidence
carrie_genzel,64,White_Females,CWF,carrie_genzel/064.jpg,carrie_genzel_0064.npy,ok
carrie_genzel,70,White_Females,CWF,carrie_genzel/070.jpg,carrie_genzel_0070.npy,ok
carrie_genzel,73,White_Females,CWF,carrie_genzel/073.jpg,,low_confidence
carrie_genzel,75,White_Females,CWF,carrie_genzel/075.jpg,,no_face
carrie_genzel,87,White_Females,CWF,carrie_genzel/087.jpg,,low_confidence
christa_b_allen,2,White_Females,CWF,christa_b_allen/002.jpg,christa_b_allen_0002.npy,ok
christa_b_allen,4,White_Females,CWF,christa_b_allen/004.jpg,,low_confidence
christa_b_allen,6,White_Females,CWF,christa_b_allen/006.jpg,,low_confidence
christa_b_allen,10,White_Females,CWF,christa_b_allen/010.jpg,,no_face
christa_b_allen,14,White_Females,CWF,christa_b_allen/014.jpg,,low_confidence
christa_b_allen,16,White_Females,CWF,christa_b_allen/016.jpg,,low_confidence
christa_b_allen,19,White_Females,CWF,christa_b_allen/019.jpg,christa_b_allen_0019.npy,ok
christa_b_allen,22,White_Females,CWF,christa_b_allen/022.jpg,,no_face
christa_b_allen,25,White_Females,CWF,christa_b_allen/025.jpg,,low_confidence
christa_b_allen,32,White_Females,CWF,christa_b_allen/032.jpg,,low_confidence
christa_b_allen,37,White_Females,CWF,christa_b_allen/037.jpg,,no_face
christa_b_allen,43,White_Females,CWF,christa_b_allen/043.jpg,,low_confidence
christa_b_allen,45,White_Females,CWF,christa_b_allen/045.jpg,,low_confidence
christa_b_allen,46,White_Females,CWF,christa_b_allen/046.jpg,,low_confidence
christa_b_allen,52,White_Females,CWF,christa_b_allen/052.jpg,,no_face
christa_b_allen,54,White_Females,CWF,christa_b_allen/054.jpg,,low_confidence
christa_b_allen,57,White_Females,CWF,christa_b_allen/057.jpg,,no_face
christa_b_allen,58,White_Females,CWF,christa_b_allen/058.jpg,christa_b_allen_0058.npy,ok
christa_miller,5,White_Females,CWF,christa_miller/005.jpg,,no_face
christa_miller,10,White_Females,CWF,christa_miller/010.jpg,christa_miller_0010.npy,ok
christa_miller,14,White_Females,CWF,christa_miller/014.jpg,,no_face
christa_miller,19,White_Females,CWF,christa_miller/019.jpg,christa_miller_0019.npy,ok
christa_miller,22,White_Females,CWF,christa_miller/022.jpg,christa_miller_0022.npy,ok
christa_miller,26,White_Females,CWF,christa_miller/026.jpg,,low_confidence
christa_miller,33,White_Females,CWF,christa_miller/033.jpg,,low_confidence
christa_miller,37,White_Females,CWF,christa_miller/037.jpg,,low_confidence
christa_miller,51,White_Females,CWF,christa_miller/051.jpg,,no_face
christa_miller,58,White_Females,CWF,christa_miller/058.jpg,christa_miller_0058.npy,ok
christa_miller,61,White_Females,CWF,christa_miller/061.jpg,christa_miller_0061.npy,ok
christa_miller,66,White_Females,CWF,christa_miller/066.jpg,,no_face
christa_miller,73,White_Females,CWF,christa_miller/073.jpg,,low_confidence
christa_miller,84,White_Females,CWF,christa_miller/084.jpg,,low_confidence
christa_miller,85,White_Females,CWF,christa_miller/085.jpg,,low_confidence
christa_miller,92,White_Females,CWF,christa_miller/092.jpg,,no_face
christa_miller,98,White_Females,CWF,christa_miller/098.jpg,christa_miller_0098.npy,ok
christa_miller,100,White_Females,CWF,christa_miller/100.jpg,,low_confidence
christine_lakin,3,White_Females,CWF,christine_lakin/003.jpg,,low_confidence
christine_lakin,8,White_Females,CWF,christine_lakin/008.jpg,christine_lakin_0008.npy,ok
christine_lakin,10,White_Females,CWF,christine_lakin/010.jpg,,low_confidence
christine_lakin,11,White_Females,CWF,christine_lakin/011.jpg,,low_confidence
christine_lakin,31,White_Females,CWF,christine_lakin/031.jpg,,low_confidence
christine_lakin,36,White_Females,CWF,christine_lakin/036.jpg,,low_confidence
christine_lakin,37,White_Females,CWF,christine_lakin/037.jpg,,low_confidence
christine_lakin,42,White_Females,CWF,christine_lakin/042.jpg,,low_confidence
christine_lakin,43,White_Females,CWF,christine_lakin/043.jpg,,no_face
christine_lakin,47,White_Females,CWF,christine_lakin/047.jpg,,no_face
christine_lakin,49,White_Females,CWF,christine_lakin/049.jpg,,no_face
christine_lakin,50,White_Females,CWF,christine_lakin/050.jpg,,low_confidence
christine_lakin,52,White_Females,CWF,christine_lakin/052.jpg,,low_confidence
christine_lakin,53,White_Females,CWF,christine_lakin/053.jpg,,no_face
christine_lakin,54,White_Females,CWF,christine_lakin/054.jpg,,low_confidence
christine_lakin,59,White_Females,CWF,christine_lakin/059.jpg,,no_face
christine_lakin,60,White_Females,CWF,christine_lakin/060.jpg,,low_confidence
christine_lakin,69,White_Females,CWF,christine_lakin/069.jpg,,low_confidence
claire_holt,1,White_Females,CWF,claire_holt/001.jpg,,no_face
claire_holt,2,White_Females,CWF,claire_holt/002.jpg,,low_confidence
claire_holt,3,White_Females,CWF,claire_holt/003.jpg,,low_confidence
claire_holt,6,White_Females,CWF,claire_holt/006.jpg,claire_holt_0006.npy,ok
claire_holt,8,White_Females,CWF,claire_holt/008.jpg,,low_confidence
claire_holt,11,White_Females,CWF,claire_holt/011.jpg,,low_confidence
claire_holt,25,White_Females,CWF,claire_holt/025.jpg,claire_holt_0025.npy,ok
claire_holt,26,White_Females,CWF,claire_holt/026.jpg,,low_confidence
claire_holt,43,White_Females,CWF,claire_holt/043.jpg,,no_face
claire_holt,46,White_Females,CWF,claire_holt/046.jpg,,no_face
claire_holt,48,White_Females,CWF,claire_holt/048.jpg,claire_holt_0048.npy,ok
claire_holt,58,White_Females,CWF,claire_holt/058.jpg,,no_face
claire_holt,61,White_Females,CWF,claire_holt/061.jpg,claire_holt_0061.npy,ok
claire_holt,64,White_Females,CWF,claire_holt/064.jpg,,low_confidence
claire_holt,66,White_Females,CWF,claire_holt/066.jpg,,low_confidence
claire_holt,67,White_Females,CWF,claire_holt/067.jpg,,low_confidence
claire_holt,68,White_Females,CWF,claire_holt/068.jpg,,low_confidence
claire_holt,69,White_Females,CWF,claire_holt/069.jpg,,no_face
clare_grant,1,White_Females,CWF,clare_grant/001.jpg,,low_confidence
clare_grant,9,White_Females,CWF,clare_grant/009.jpg,clare_grant_0009.npy,ok
clare_grant,10,White_Females,CWF,clare_grant/010.jpg,,low_confidence
clare_grant,13,White_Females,CWF,clare_grant/013.jpg,,no_face
clare_grant,14,White_Females,CWF,clare_grant/014.jpg,clare_grant_0014.npy,ok
clare_grant,15,White_Females,CWF,clare_grant/015.jpg,clare_grant_0015.npy,ok
clare_grant,16,White_Females,CWF,clare_grant/016.jpg,,no_face
clare_grant,24,White_Females,CWF,clare_grant/024.jpg,clare_grant_0024.npy,ok
clare_grant,32,White_Females,CWF,clare_grant/032.jpg,,no_face
clare_grant,37,White_Females,CWF,clare_grant/037.jpg,clare_grant_0037.npy,ok
clare_grant,41,White_Females,CWF,clare_grant/041.jpg,clare_grant_0041.npy,ok
clare_grant,44,White_Females,CWF,clare_grant/044.jpg,,low_confidence
clare_grant,45,White_Females,CWF,clare_grant/045.jpg,clare_grant_0045.npy,ok
clare_grant,48,White_Females,CWF,clare_grant/048.jpg,,no_face
clare_grant,50,White_Females,CWF,clare_grant/050.jpg,,low_confidence
clare_grant,51,White_Females,CWF,clare_grant/051.jpg,clare_grant_0051.npy,ok
clare_grant,58,White_Females,CWF,clare_grant/058.jpg,,low_confidence
clare_grant,59,White_Females,CWF,clare_grant/059.jpg,,low_confidence
darby_stanchfield,1,White_Females,CWF,darby_stanchfield/001.jpg,,low_confidence
darby_stanchfield,4,White_Females,CWF,darby_stanchfield/004.jpg,,low_confidence
darby_stanchfield,6,White_Females,CWF,darby_stanchfield/006.jpg,,no_face
darby_stanchfield,8,White_Females,CWF,darby_stanchfield/008.jpg,,low_confidence
darby_stanchfield,12,White_Females,CWF,darby_stanchfield/012.jpg,,low_confidence
darby_stanchfield,15,White_Females,CWF,darby_stanchfield/015.jpg,,no_face
darby_stanchfield,16,White_Females,CWF,darby_stanchfield/016.jpg,,low_confidence
darby_stanchfield,18,White_Females,CWF,darby_stanchfield/018.jpg,,no_face
darby_stanchfield,22,White_Females,CWF,darby_stanchfield/022.jpg,,no_face
darby_stanchfield,24,White_Females,CWF,darby_stanchfield/024.jpg,,low_confidence
darby_stanchfield,25,White_Females,CWF,darby_stanchfield/025.jpg,,no_face
darby_stanchfield,33,White_Females,CWF,darby_stanchfield/033.jpg,darby_stanchfield_0033.npy,ok
darby_stanchfield,34,White_Females,CWF,darby_stanchfield/034.jpg,,spoof_detected
darby_stanchfield,46,White_Females,CWF,darby_stanchfield/046.jpg,,no_face
darby_stanchfield,47,White_Females,CWF,darby_stanchfield/047.jpg,,low_confidence
darby_stanchfield,48,White_Females,CWF,darby_stanchfield/048.jpg,,no_face
darby_stanchfield,49,White_Females,CWF,darby_stanchfield/049.jpg,,low_confidence
darby_stanchfield,56,White_Females,CWF,darby_stanchfield/056.jpg,darby_stanchfield_0056.npy,ok
daveigh_chase,3,White_Females,CWF,daveigh_chase/003.jpg,,low_confidence
daveigh_chase,4,White_Females,CWF,daveigh_chase/004.jpg,,low_confidence
daveigh_chase,5,White_Females,CWF,daveigh_chase/005.jpg,,spoof_detected
daveigh_chase,8,White_Females,CWF,daveigh_chase/008.jpg,,low_confidence
daveigh_chase,9,White_Females,CWF,daveigh_chase/009.jpg,,low_confidence
daveigh_chase,14,White_Females,CWF,daveigh_chase/014.jpg,,no_face
daveigh_chase,15,White_Females,CWF,daveigh_chase/015.jpg,,low_confidence
daveigh_chase,16,White_Females,CWF,daveigh_chase/016.jpg,,no_face
daveigh_chase,18,White_Females,CWF,daveigh_chase/018.jpg,,no_face
daveigh_chase,19,White_Females,CWF,daveigh_chase/019.jpg,,low_confidence
daveigh_chase,23,White_Females,CWF,daveigh_chase/023.jpg,,low_confidence
daveigh_chase,24,White_Females,CWF,daveigh_chase/024.jpg,,spoof_detected
daveigh_chase,30,White_Females,CWF,daveigh_chase/030.jpg,,low_confidence
daveigh_chase,34,White_Females,CWF,daveigh_chase/034.jpg,,low_confidence
daveigh_chase,38,White_Females,CWF,daveigh_chase/038.jpg,,spoof_detected
daveigh_chase,46,White_Females,CWF,daveigh_chase/046.jpg,,no_face
daveigh_chase,54,White_Females,CWF,daveigh_chase/054.jpg,,low_confidence
daveigh_chase,59,White_Females,CWF,daveigh_chase/059.jpg,,low_confidence
deborah_ann_woll,1,White_Females,CWF,deborah_ann_woll/001.jpg,deborah_ann_woll_0001.npy,ok
deborah_ann_woll,7,White_Females,CWF,deborah_ann_woll/007.jpg,,no_face
deborah_ann_woll,12,White_Females,CWF,deborah_ann_woll/012.jpg,,no_face
deborah_ann_woll,15,White_Females,CWF,deborah_ann_woll/015.jpg,deborah_ann_woll_0015.npy,ok
deborah_ann_woll,17,White_Females,CWF,deborah_ann_woll/017.jpg,,low_confidence
deborah_ann_woll,18,White_Females,CWF,deborah_ann_woll/018.jpg,deborah_ann_woll_0018.npy,ok
deborah_ann_woll,20,White_Females,CWF,deborah_ann_woll/020.jpg,,low_confidence
deborah_ann_woll,29,White_Females,CWF,deborah_ann_woll/029.jpg,,low_confidence
deborah_ann_woll,39,White_Females,CWF,deborah_ann_woll/039.jpg,,low_confidence
deborah_ann_woll,43,White_Females,CWF,deborah_ann_woll/043.jpg,deborah_ann_woll_0043.npy,ok
deborah_ann_woll,47,White_Females,CWF,deborah_ann_woll/047.jpg,,spoof_detected
deborah_ann_woll,49,White_Females,CWF,deborah_ann_woll/049.jpg,deborah_ann_woll_0049.npy,ok
deborah_ann_woll,54,White_Females,CWF,deborah_ann_woll/054.jpg,deborah_ann_woll_0054.npy,ok
deborah_ann_woll,58,White_Females,CWF,deborah_ann_woll/058.jpg,,low_confidence
deborah_ann_woll,63,White_Females,CWF,deborah_ann_woll/063.jpg,,low_confidence
deborah_ann_woll,71,White_Females,CWF,deborah_ann_woll/071.jpg,deborah_ann_woll_0071.npy,ok
deborah_ann_woll,73,White_Females,CWF,deborah_ann_woll/073.jpg,deborah_ann_woll_0073.npy,ok
deborah_ann_woll,74,White_Females,CWF,deborah_ann_woll/074.jpg,,spoof_detected
deprise_brescia,1,White_Females,CWF,deprise_brescia/001.jpg,deprise_brescia_0001.npy,ok
deprise_brescia,5,White_Females,CWF,deprise_brescia/005.jpg,deprise_brescia_0005.npy,ok
deprise_brescia,7,White_Females,CWF,deprise_brescia/007.jpg,deprise_brescia_0007.npy,ok
deprise_brescia,11,White_Females,CWF,deprise_brescia/011.jpg,deprise_brescia_0011.npy,ok
deprise_brescia,12,White_Females,CWF,deprise_brescia/012.jpg,deprise_brescia_0012.npy,ok
deprise_brescia,20,White_Females,CWF,deprise_brescia/020.jpg,deprise_brescia_0020.npy,ok
deprise_brescia,21,White_Females,CWF,deprise_brescia/021.jpg,deprise_brescia_0021.npy,ok
deprise_brescia,23,White_Females,CWF,deprise_brescia/023.jpg,,low_confidence
deprise_brescia,25,White_Females,CWF,deprise_brescia/025.jpg,,low_confidence
deprise_brescia,28,White_Females,CWF,deprise_brescia/028.jpg,,spoof_detected
deprise_brescia,31,White_Females,CWF,deprise_brescia/031.jpg,,low_confidence
deprise_brescia,34,White_Females,CWF,deprise_brescia/034.jpg,deprise_brescia_0034.npy,ok
deprise_brescia,35,White_Females,CWF,deprise_brescia/035.jpg,deprise_brescia_0035.npy,ok
deprise_brescia,40,White_Females,CWF,deprise_brescia/040.jpg,,low_confidence
deprise_brescia,45,White_Females,CWF,deprise_brescia/045.jpg,deprise_brescia_0045.npy,ok
deprise_brescia,47,White_Females,CWF,deprise_brescia/047.jpg,,low_confidence
deprise_brescia,49,White_Females,CWF,deprise_brescia/049.jpg,deprise_brescia_0049.npy,ok
deprise_brescia,52,White_Females,CWF,deprise_brescia/052.jpg,,low_confidence
elena_eustache,2,White_Females,CWF,elena_eustache/002.jpg,,low_confidence
elena_eustache,4,White_Females,CWF,elena_eustache/004.jpg,,no_face
elena_eustache,9,White_Females,CWF,elena_eustache/009.jpg,,low_confidence
elena_eustache,13,White_Females,CWF,elena_eustache/013.jpg,,low_confidence
elena_eustache,15,White_Females,CWF,elena_eustache/015.jpg,,low_confidence
elena_eustache,19,White_Females,CWF,elena_eustache/019.jpg,,low_confidence
elena_eustache,23,White_Females,CWF,elena_eustache/023.jpg,,low_confidence
elena_eustache,26,White_Females,CWF,elena_eustache/026.jpg,elena_eustache_0026.npy,ok
elena_eustache,27,White_Females,CWF,elena_eustache/027.jpg,,low_confidence
elena_eustache,29,White_Females,CWF,elena_eustache/029.jpg,elena_eustache_0029.npy,ok
elena_eustache,33,White_Females,CWF,elena_eustache/033.jpg,elena_eustache_0033.npy,ok
elena_eustache,36,White_Females,CWF,elena_eustache/036.jpg,,low_confidence
elena_eustache,45,White_Females,CWF,elena_eustache/045.jpg,elena_eustache_0045.npy,ok
elena_eustache,51,White_Females,CWF,elena_eustache/051.jpg,,low_confidence
elena_eustache,54,White_Females,CWF,elena_eustache/054.jpg,,low_confidence
elena_eustache,64,White_Females,CWF,elena_eustache/064.jpg,,spoof_detected
elena_eustache,65,White_Females,CWF,elena_eustache/065.jpg,,low_confidence
elena_eustache,70,White_Females,CWF,elena_eustache/070.jpg,,low_confidence
elisa_donovan,5,White_Females,VGGFace,elisa_donovan/00000005.jpg,,no_face
elisa_donovan,9,White_Females,VGGFace,elisa_donovan/00000009.jpg,,no_face
elisa_donovan,55,White_Females,VGGFace,elisa_donovan/00000055.jpg,,no_face
elisa_donovan,83,White_Females,VGGFace,elisa_donovan/00000083.jpg,elisa_donovan_0083.npy,ok
elisa_donovan,114,White_Females,VGGFace,elisa_donovan/00000114.jpg,,low_confidence
elisa_donovan,135,White_Females,VGGFace,elisa_donovan/00000135.jpg,,low_confidence
elisa_donovan,143,White_Females,VGGFace,elisa_donovan/00000143.jpg,,no_face
elisa_donovan,179,White_Females,VGGFace,elisa_donovan/00000179.jpg,elisa_donovan_0179.npy,ok
elisa_donovan,183,White_Females,VGGFace,elisa_donovan/00000183.jpg,,no_face
elisa_donovan,190,White_Females,VGGFace,elisa_donovan/00000190.jpg,,no_face
elisa_donovan,194,White_Females,VGGFace,elisa_donovan/00000194.jpg,,no_face
elisa_donovan,242,White_Females,VGGFace,elisa_donovan/00000242.jpg,,low_confidence
elisa_donovan,300,White_Females,VGGFace,elisa_donovan/00000300.jpg,,no_face
elisa_donovan,306,White_Females,VGGFace,elisa_donovan/00000306.jpg,,no_face
elisa_donovan,348,White_Females,VGGFace,elisa_donovan/00000348.jpg,,no_face
elisa_donovan,358,White_Females,VGGFace,elisa_donovan/00000358.jpg,,no_face
elisa_donovan,404,White_Females,VGGFace,elisa_donovan/00000404.jpg,,no_face
elisa_donovan,409,White_Females,VGGFace,elisa_donovan/00000409.jpg,,no_face
elizabeth_mitchell,3,White_Females,CWF,elizabeth_mitchell/003.jpg,,spoof_detected
elizabeth_mitchell,14,White_Females,CWF,elizabeth_mitchell/014.jpg,,low_confidence
elizabeth_mitchell,32,White_Females,CWF,elizabeth_mitchell/032.jpg,,spoof_detected
elizabeth_mitchell,43,White_Females,CWF,elizabeth_mitchell/043.jpg,elizabeth_mitchell_0043.npy,ok
elizabeth_mitchell,44,White_Females,CWF,elizabeth_mitchell/044.jpg,,low_confidence
elizabeth_mitchell,51,White_Females,CWF,elizabeth_mitchell/051.jpg,,low_confidence
elizabeth_mitchell,54,White_Females,CWF,elizabeth_mitchell/054.jpg,,low_confidence
elizabeth_mitchell,62,White_Females,CWF,elizabeth_mitchell/062.jpg,elizabeth_mitchell_0062.npy,ok
elizabeth_mitchell,67,White_Females,CWF,elizabeth_mitchell/067.jpg,,low_confidence
elizabeth_mitchell,73,White_Females,CWF,elizabeth_mitchell/073.jpg,,no_face
elizabeth_mitchell,76,White_Females,CWF,elizabeth_mitchell/076.jpg,,low_confidence
elizabeth_mitchell,98,White_Females,CWF,elizabeth_mitchell/098.jpg,,no_face
elizabeth_mitchell,118,White_Females,CWF,elizabeth_mitchell/118.jpg,,low_confidence
elizabeth_mitchell,124,White_Females,CWF,elizabeth_mitchell/124.jpg,,low_confidence
elizabeth_mitchell,137,White_Females,CWF,elizabeth_mitchell/137.jpg,elizabeth_mitchell_0137.npy,ok
elizabeth_mitchell,149,White_Females,CWF,elizabeth_mitchell/149.jpg,,spoof_detected
elizabeth_mitchell,155,White_Females,CWF,elizabeth_mitchell/155.jpg,,no_face
elizabeth_mitchell,159,White_Females,CWF,elizabeth_mitchell/159.jpg,,low_confidence
fairuza_balk,7,White_Females,CWF,fairuza_balk/007.jpg,fairuza_balk_0007.npy,ok
fairuza_balk,12,White_Females,CWF,fairuza_balk/012.jpg,,low_confidence
fairuza_balk,19,White_Females,CWF,fairuza_balk/019.jpg,,no_face
fairuza_balk,21,White_Females,CWF,fairuza_balk/021.jpg,,spoof_detected
fairuza_balk,26,White_Females,CWF,fairuza_balk/026.jpg,,low_confidence
fairuza_balk,31,White_Females,CWF,fairuza_balk/031.jpg,,low_confidence
fairuza_balk,36,White_Females,CWF,fairuza_balk/036.jpg,,low_confidence
fairuza_balk,38,White_Females,CWF,fairuza_balk/038.jpg,,low_confidence
fairuza_balk,39,White_Females,CWF,fairuza_balk/039.jpg,fairuza_balk_0039.npy,ok
fairuza_balk,43,White_Females,CWF,fairuza_balk/043.jpg,,no_face
fairuza_balk,46,White_Females,CWF,fairuza_balk/046.jpg,,spoof_detected
fairuza_balk,47,White_Females,CWF,fairuza_balk/047.jpg,fairuza_balk_0047.npy,ok
fairuza_balk,51,White_Females,CWF,fairuza_balk/051.jpg,,low_confidence
fairuza_balk,62,White_Females,CWF,fairuza_balk/062.jpg,,low_confidence
fairuza_balk,63,White_Females,CWF,fairuza_balk/063.jpg,fairuza_balk_0063.npy,ok
fairuza_balk,66,White_Females,CWF,fairuza_balk/066.jpg,,spoof_detected
fairuza_balk,71,White_Females,CWF,fairuza_balk/071.jpg,fairuza_balk_0071.npy,ok
fairuza_balk,73,White_Females,CWF,fairuza_balk/073.jpg,fairuza_balk_0073.npy,ok
famke_janssen,6,White_Females,CWF,famke_janssen/006.jpg,,no_face
famke_janssen,21,White_Females,CWF,famke_janssen/021.jpg,famke_janssen_0021.npy,ok
famke_janssen,41,White_Females,CWF,famke_janssen/041.jpg,,low_confidence
famke_janssen,42,White_Females,CWF,famke_janssen/042.jpg,famke_janssen_0042.npy,ok
famke_janssen,62,White_Females,CWF,famke_janssen/062.jpg,famke_janssen_0062.npy,ok
famke_janssen,64,White_Females,CWF,famke_janssen/064.jpg,famke_janssen_0064.npy,ok
famke_janssen,66,White_Females,CWF,famke_janssen/066.jpg,,low_confidence
famke_janssen,69,White_Females,CWF,famke_janssen/069.jpg,famke_janssen_0069.npy,ok
famke_janssen,70,White_Females,CWF,famke_janssen/070.jpg,,low_confidence
famke_janssen,73,White_Females,CWF,famke_janssen/073.jpg,famke_janssen_0073.npy,ok
famke_janssen,80,White_Females,CWF,famke_janssen/080.jpg,,low_confidence
famke_janssen,88,White_Females,CWF,famke_janssen/088.jpg,,spoof_detected
famke_janssen,89,White_Females,CWF,famke_janssen/089.jpg,,no_face
famke_janssen,90,White_Females,CWF,famke_janssen/090.jpg,,low_confidence
famke_janssen,102,White_Females,CWF,famke_janssen/102.jpg,,low_confidence
famke_janssen,117,White_Females,CWF,famke_janssen/117.jpg,famke_janssen_0117.npy,ok
famke_janssen,123,White_Females,CWF,famke_janssen/123.jpg,famke_janssen_0123.npy,ok
famke_janssen,124,White_Females,CWF,famke_janssen/124.jpg,,no_face
gabriela_dias,4,White_Females,CWF,gabriela_dias/004.jpg,,low_confidence
gabriela_dias,5,White_Females,CWF,gabriela_dias/005.jpg,,low_confidence
gabriela_dias,9,White_Females,CWF,gabriela_dias/009.jpg,,low_confidence
gabriela_dias,10,White_Females,CWF,gabriela_dias/010.jpg,,low_confidence
gabriela_dias,18,White_Females,CWF,gabriela_dias/018.jpg,,low_confidence
gabriela_dias,19,White_Females,CWF,gabriela_dias/019.jpg,,low_confidence
gabriela_dias,21,White_Females,CWF,gabriela_dias/021.jpg,,low_confidence
gabriela_dias,27,White_Females,CWF,gabriela_dias/027.jpg,,low_confidence
gabriela_dias,28,White_Females,CWF,gabriela_dias/028.jpg,gabriela_dias_0028.npy,ok
gabriela_dias,29,White_Females,CWF,gabriela_dias/029.jpg,,spoof_detected
gabriela_dias,42,White_Females,CWF,gabriela_dias/042.jpg,,low_confidence
gabriela_dias,45,White_Females,CWF,gabriela_dias/045.jpg,,low_confidence
gabriela_dias,50,White_Females,CWF,gabriela_dias/050.jpg,,no_face
gabriela_dias,52,White_Females,CWF,gabriela_dias/052.jpg,,low_confidence
gabriela_dias,53,White_Females,CWF,gabriela_dias/053.jpg,,low_confidence
gabriela_dias,55,White_Females,CWF,gabriela_dias/055.jpg,,no_face
gabriela_dias,56,White_Females,CWF,gabriela_dias/056.jpg,,no_face
gabriela_dias,58,White_Females,CWF,gabriela_dias/058.jpg,gabriela_dias_0058.npy,ok
gabrielle_anwar,1,White_Females,CWF,gabrielle_anwar/001.jpg,,spoof_detected
gabrielle_anwar,3,White_Females,CWF,gabrielle_anwar/003.jpg,gabrielle_anwar_0003.npy,ok
gabrielle_anwar,8,White_Females,CWF,gabrielle_anwar/008.jpg,,spoof_detected
gabrielle_anwar,23,White_Females,CWF,gabrielle_anwar/023.jpg,gabrielle_anwar_0023.npy,ok
gabrielle_anwar,27,White_Females,CWF,gabrielle_anwar/027.jpg,gabrielle_anwar_0027.npy,ok
gabrielle_anwar,42,White_Females,CWF,gabrielle_anwar/042.jpg,gabrielle_anwar_0042.npy,ok
gabrielle_anwar,73,White_Females,CWF,gabrielle_anwar/073.jpg,gabrielle_anwar_0073.npy,ok
gabrielle_anwar,78,White_Females,CWF,gabrielle_anwar/078.jpg,gabrielle_anwar_0078.npy,ok
gabrielle_anwar,86,White_Females,CWF,gabrielle_anwar/086.jpg,gabrielle_anwar_0086.npy,ok
gabrielle_anwar,87,White_Females,CWF,gabrielle_anwar/087.jpg,,low_confidence
gabrielle_anwar,90,White_Females,CWF,gabrielle_anwar/090.jpg,gabrielle_anwar_0090.npy,ok
gabrielle_anwar,101,White_Females,CWF,gabrielle_anwar/101.jpg,,low_confidence
gabrielle_anwar,104,White_Females,CWF,gabrielle_anwar/104.jpg,gabrielle_anwar_0104.npy,ok
gabrielle_anwar,145,White_Females,CWF,gabrielle_anwar/145.jpg,,low_confidence
gabrielle_anwar,173,White_Females,CWF,gabrielle_anwar/173.jpg,gabrielle_anwar_0173.npy,ok
gabrielle_anwar,175,White_Females,CWF,gabrielle_anwar/175.jpg,gabrielle_anwar_0175.npy,ok
gabrielle_anwar,177,White_Females,CWF,gabrielle_anwar/177.jpg,gabrielle_anwar_0177.npy,ok
gabrielle_anwar,194,White_Females,CWF,gabrielle_anwar/194.jpg,gabrielle_anwar_0194.npy,ok
heather_matarazzo,1,White_Females,CWF,heather_matarazzo/001.jpg,,low_confidence
heather_matarazzo,3,White_Females,CWF,heather_matarazzo/003.jpg,heather_matarazzo_0003.npy,ok
heather_matarazzo,10,White_Females,CWF,heather_matarazzo/010.jpg,,low_confidence
heather_matarazzo,14,White_Females,CWF,heather_matarazzo/014.jpg,,no_face
heather_matarazzo,15,White_Females,CWF,heather_matarazzo/015.jpg,,no_face
heather_matarazzo,16,White_Females,CWF,heather_matarazzo/016.jpg,,no_face
heather_matarazzo,22,White_Females,CWF,heather_matarazzo/022.jpg,,low_confidence
heather_matarazzo,23,White_Females,CWF,heather_matarazzo/023.jpg,,low_confidence
heather_matarazzo,26,White_Females,CWF,heather_matarazzo/026.jpg,heather_matarazzo_0026.npy,ok
heather_matarazzo,27,White_Females,CWF,heather_matarazzo/027.jpg,,spoof_detected
heather_matarazzo,29,White_Females,CWF,heather_matarazzo/029.jpg,,no_face
heather_matarazzo,31,White_Females,CWF,heather_matarazzo/031.jpg,heather_matarazzo_0031.npy,ok
heather_matarazzo,32,White_Females,CWF,heather_matarazzo/032.jpg,,no_face
heather_matarazzo,38,White_Females,CWF,heather_matarazzo/038.jpg,heather_matarazzo_0038.npy,ok
heather_matarazzo,42,White_Females,CWF,heather_matarazzo/042.jpg,,no_face
heather_matarazzo,45,White_Females,CWF,heather_matarazzo/045.jpg,,no_face
heather_matarazzo,49,White_Females,CWF,heather_matarazzo/049.jpg,,low_confidence
heather_matarazzo,50,White_Females,CWF,heather_matarazzo/050.jpg,heather_matarazzo_0050.npy,ok
heather_mckinley,3,White_Females,CWF,heather_mckinley/003.jpg,,low_confidence
heather_mckinley,7,White_Females,CWF,heather_mckinley/007.jpg,,spoof_detected
heather_mckinley,14,White_Females,CWF,heather_mckinley/014.jpg,,no_face
heather_mckinley,23,White_Females,CWF,heather_mckinley/023.jpg,heather_mckinley_0023.npy,ok
heather_mckinley,33,White_Females,CWF,heather_mckinley/033.jpg,,spoof_detected
heather_mckinley,34,White_Females,CWF,heather_mckinley/034.jpg,,low_confidence
heather_mckinley,37,White_Females,CWF,heather_mckinley/037.jpg,,low_confidence
heather_mckinley,40,White_Females,CWF,heather_mckinley/040.jpg,,low_confidence
heather_mckinley,44,White_Females,CWF,heather_mckinley/044.jpg,,low_confidence
heather_mckinley,45,White_Females,CWF,heather_mckinley/045.jpg,,low_confidence
heather_mckinley,46,White_Females,CWF,heather_mckinley/046.jpg,,low_confidence
heather_mckinley,47,White_Females,CWF,heather_mckinley/047.jpg,,low_confidence
heather_mckinley,53,White_Females,CWF,heather_mckinley/053.jpg,,low_confidence
heather_mckinley,54,White_Females,CWF,heather_mckinley/054.jpg,,spoof_detected
heather_mckinley,67,White_Females,CWF,heather_mckinley/067.jpg,,spoof_detected
heather_mckinley,72,White_Females,CWF,heather_mckinley/072.jpg,heather_mckinley_0072.npy,ok
heather_mckinley,73,White_Females,CWF,heather_mckinley/073.jpg,,spoof_detected
heather_mckinley,82,White_Females,CWF,heather_mckinley/082.jpg,,low_confidence
helen_hunt,5,White_Females,CWF,helen_hunt/005.jpg,,low_confidence
helen_hunt,9,White_Females,CWF,helen_hunt/009.jpg,helen_hunt_0009.npy,ok
helen_hunt,28,White_Females,CWF,helen_hunt/028.jpg,,low_confidence
helen_hunt,41,White_Females,CWF,helen_hunt/041.jpg,,no_face
helen_hunt,44,White_Females,CWF,helen_hunt/044.jpg,,low_confidence
helen_hunt,63,White_Females,CWF,helen_hunt/063.jpg,,low_confidence
helen_hunt,73,White_Females,CWF,helen_hunt/073.jpg,,low_confidence
helen_hunt,79,White_Females,CWF,helen_hunt/079.jpg,,no_face
helen_hunt,83,White_Females,CWF,helen_hunt/083.jpg,,low_confidence
helen_hunt,106,White_Females,CWF,helen_hunt/106.jpg,,spoof_detected
helen_hunt,129,White_Females,CWF,helen_hunt/129.jpg,,low_confidence
helen_hunt,154,White_Females,CWF,helen_hunt/154.jpg,,low_confidence
helen_hunt,194,White_Females,CWF,helen_hunt/194.jpg,,low_confidence
helen_hunt,212,White_Females,CWF,helen_hunt/212.jpg,helen_hunt_0212.npy,ok
helen_hunt,239,White_Females,CWF,helen_hunt/239.jpg,,low_confidence
helen_hunt,246,White_Females,CWF,helen_hunt/246.jpg,,no_face
helen_hunt,249,White_Females,CWF,helen_hunt/249.jpg,helen_hunt_0249.npy,ok
helen_hunt,263,White_Females,CWF,helen_hunt/263.jpg,,low_confidence
helena_christensen,1,White_Females,CWF,helena_christensen/001.jpg,,no_face
helena_christensen,4,White_Females,CWF,helena_christensen/004.jpg,,low_confidence
helena_christensen,12,White_Females,CWF,helena_christensen/012.jpg,,low_confidence
helena_christensen,15,White_Females,CWF,helena_christensen/015.jpg,,low_confidence
helena_christensen,18,White_Females,CWF,helena_christensen/018.jpg,helena_christensen_0018.npy,ok
helena_christensen,27,White_Females,CWF,helena_christensen/027.jpg,,low_confidence
helena_christensen,37,White_Females,CWF,helena_christensen/037.jpg,helena_christensen_0037.npy,ok
helena_christensen,38,White_Females,CWF,helena_christensen/038.jpg,helena_christensen_0038.npy,ok
helena_christensen,39,White_Females,CWF,helena_christensen/039.jpg,,low_confidence
helena_christensen,41,White_Females,CWF,helena_christensen/041.jpg,,low_confidence
helena_christensen,43,White_Females,CWF,helena_christensen/043.jpg,,no_face
helena_christensen,53,White_Females,CWF,helena_christensen/053.jpg,,low_confidence
helena_christensen,65,White_Females,CWF,helena_christensen/065.jpg,,low_confidence
helena_christensen,68,White_Females,CWF,helena_christensen/068.jpg,,low_confidence
helena_christensen,71,White_Females,CWF,helena_christensen/071.jpg,,low_confidence
helena_christensen,73,White_Females,CWF,helena_christensen/073.jpg,helena_christensen_0073.npy,ok
helena_christensen,79,White_Females,CWF,helena_christensen/079.jpg,,no_face
helena_christensen,87,White_Females,CWF,helena_christensen/087.jpg,,low_confidence
holland_taylor,1,White_Females,CWF,holland_taylor/001.jpg,,no_face
holland_taylor,3,White_Females,CWF,holland_taylor/003.jpg,,low_confidence
holland_taylor,4,White_Females,CWF,holland_taylor/004.jpg,,low_confidence
holland_taylor,6,White_Females,CWF,holland_taylor/006.jpg,,no_face
holland_taylor,8,White_Females,CWF,holland_taylor/008.jpg,holland_taylor_0008.npy,ok
holland_taylor,9,White_Females,CWF,holland_taylor/009.jpg,,low_confidence
holland_taylor,10,White_Females,CWF,holland_taylor/010.jpg,,low_confidence
holland_taylor,11,White_Females,CWF,holland_taylor/011.jpg,,low_confidence
holland_taylor,13,White_Females,CWF,holland_taylor/013.jpg,,low_confidence
holland_taylor,14,White_Females,CWF,holland_taylor/014.jpg,holland_taylor_0014.npy,ok
holland_taylor,15,White_Females,CWF,holland_taylor/015.jpg,,low_confidence
holland_taylor,18,White_Females,CWF,holland_taylor/018.jpg,,low_confidence
holland_taylor,20,White_Females,CWF,holland_taylor/020.jpg,holland_taylor_0020.npy,ok
holland_taylor,25,White_Females,CWF,holland_taylor/025.jpg,,no_face
holland_taylor,26,White_Females,CWF,holland_taylor/026.jpg,holland_taylor_0026.npy,ok
holland_taylor,27,White_Females,CWF,holland_taylor/027.jpg,holland_taylor_0027.npy,ok
holland_taylor,29,White_Females,CWF,holland_taylor/029.jpg,,low_confidence
holland_taylor,30,White_Females,CWF,holland_taylor/030.jpg,holland_taylor_0030.npy,ok
jenn_gotzon,8,White_Females,CWF,jenn_gotzon/008.jpg,,low_confidence
jenn_gotzon,9,White_Females,CWF,jenn_gotzon/009.jpg,,no_face
jenn_gotzon,12,White_Females,CWF,jenn_gotzon/012.jpg,,no_face
jenn_gotzon,14,White_Females,CWF,jenn_gotzon/014.jpg,jenn_gotzon_0014.npy,ok
jenn_gotzon,27,White_Females,CWF,jenn_gotzon/027.jpg,jenn_gotzon_0027.npy,ok
jenn_gotzon,28,White_Females,CWF,jenn_gotzon/028.jpg,,low_confidence
jenn_gotzon,29,White_Females,CWF,jenn_gotzon/029.jpg,jenn_gotzon_0029.npy,ok
jenn_gotzon,33,White_Females,CWF,jenn_gotzon/033.jpg,,no_face
jenn_gotzon,34,White_Females,CWF,jenn_gotzon/034.jpg,,low_confidence
jenn_gotzon,38,White_Females,CWF,jenn_gotzon/038.jpg,,no_face
jenn_gotzon,42,White_Females,CWF,jenn_gotzon/042.jpg,jenn_gotzon_0042.npy,ok
jenn_gotzon,44,White_Females,CWF,jenn_gotzon/044.jpg,,low_confidence
jenn_gotzon,49,White_Females,CWF,jenn_gotzon/049.jpg,jenn_gotzon_0049.npy,ok
jenn_gotzon,54,White_Females,CWF,jenn_gotzon/054.jpg,jenn_gotzon_0054.npy,ok
jenn_gotzon,59,White_Females,CWF,jenn_gotzon/059.jpg,jenn_gotzon_0059.npy,ok
jenn_gotzon,65,White_Females,CWF,jenn_gotzon/065.jpg,,low_confidence
jenn_gotzon,73,White_Females,CWF,jenn_gotzon/073.jpg,,low_confidence
jenn_gotzon,77,White_Females,CWF,jenn_gotzon/077.jpg,,low_confidence
jenna_dewan-tatum,5,White_Females,CWF,jenna_dewan-tatum/005.jpg,,low_confidence
jenna_dewan-tatum,8,White_Females,CWF,jenna_dewan-tatum/008.jpg,,low_confidence
jenna_dewan-tatum,18,White_Females,CWF,jenna_dewan-tatum/018.jpg,,low_confidence
jenna_dewan-tatum,19,White_Females,CWF,jenna_dewan-tatum/019.jpg,,low_confidence
jenna_dewan-tatum,24,White_Females,CWF,jenna_dewan-tatum/024.jpg,,low_confidence
jenna_dewan-tatum,25,White_Females,CWF,jenna_dewan-tatum/025.jpg,,no_face
jenna_dewan-tatum,29,White_Females,CWF,jenna_dewan-tatum/029.jpg,,no_face
jenna_dewan-tatum,34,White_Females,CWF,jenna_dewan-tatum/034.jpg,jenna_dewan-tatum_0034.npy,ok
jenna_dewan-tatum,35,White_Females,CWF,jenna_dewan-tatum/035.jpg,,low_confidence
jenna_dewan-tatum,40,White_Females,CWF,jenna_dewan-tatum/040.jpg,,low_confidence
jenna_dewan-tatum,43,White_Females,CWF,jenna_dewan-tatum/043.jpg,,spoof_detected
jenna_dewan-tatum,44,White_Females,CWF,jenna_dewan-tatum/044.jpg,,low_confidence
jenna_dewan-tatum,55,White_Females,CWF,jenna_dewan-tatum/055.jpg,,low_confidence
jenna_dewan-tatum,60,White_Females,CWF,jenna_dewan-tatum/060.jpg,jenna_dewan-tatum_0060.npy,ok
jenna_dewan-tatum,123,White_Females,CWF,jenna_dewan-tatum/123.jpg,,low_confidence
jenna_dewan-tatum,144,White_Females,CWF,jenna_dewan-tatum/144.jpg,,spoof_detected
jenna_dewan-tatum,145,White_Females,CWF,jenna_dewan-tatum/145.jpg,,no_face
jenna_dewan-tatum,151,White_Females,CWF,jenna_dewan-tatum/151.jpg,,no_face
jennifer_carpenter,3,White_Females,CWF,jennifer_carpenter/003.jpg,jennifer_carpenter_0003.npy,ok
jennifer_carpenter,7,White_Females,CWF,jennifer_carpenter/007.jpg,,low_confidence
jennifer_carpenter,23,White_Females,CWF,jennifer_carpenter/023.jpg,,low_confidence
jennifer_carpenter,27,White_Females,CWF,jennifer_carpenter/027.jpg,jennifer_carpenter_0027.npy,ok
jennifer_carpenter,44,White_Females,CWF,jennifer_carpenter/044.jpg,,spoof_detected
jennifer_carpenter,63,White_Females,CWF,jennifer_carpenter/063.jpg,,low_confidence
jennifer_carpenter,65,White_Females,CWF,jennifer_carpenter/065.jpg,jennifer_carpenter_0065.npy,ok
jennifer_carpenter,69,White_Females,CWF,jennifer_carpenter/069.jpg,,low_confidence
jennifer_carpenter,72,White_Females,CWF,jennifer_carpenter/072.jpg,jennifer_carpenter_0072.npy,ok
jennifer_carpenter,75,White_Females,CWF,jennifer_carpenter/075.jpg,,low_confidence
jennifer_carpenter,104,White_Females,CWF,jennifer_carpenter/104.jpg,,no_face
jennifer_carpenter,121,White_Females,CWF,jennifer_carpenter/121.jpg,jennifer_carpenter_0121.npy,ok
jennifer_carpenter,140,White_Females,CWF,jennifer_carpenter/140.jpg,,no_face
jennifer_carpenter,159,White_Females,CWF,jennifer_carpenter/159.jpg,jennifer_carpenter_0159.npy,ok
jennifer_carpenter,160,White_Females,CWF,jennifer_carpenter/160.jpg,jennifer_carpenter_0160.npy,ok
jennifer_carpenter,184,White_Females,CWF,jennifer_carpenter/184.jpg,,low_confidence
jennifer_carpenter,189,White_Females,CWF,jennifer_carpenter/189.jpg,,low_confidence
jennifer_carpenter,194,White_Females,CWF,jennifer_carpenter/194.jpg,,low_confidence
jennifer_coolidge,5,White_Females,CWF,jennifer_coolidge/005.jpg,,low_confidence
jennifer_coolidge,9,White_Females,CWF,jennifer_coolidge/009.jpg,,low_confidence
jennifer_coolidge,14,White_Females,CWF,jennifer_coolidge/014.jpg,,no_face
jennifer_coolidge,24,White_Females,CWF,jennifer_coolidge/024.jpg,jennifer_coolidge_0024.npy,ok
jennifer_coolidge,25,White_Females,CWF,jennifer_coolidge/025.jpg,,no_face
jennifer_coolidge,27,White_Females,CWF,jennifer_coolidge/027.jpg,,low_confidence
jennifer_coolidge,39,White_Females,CWF,jennifer_coolidge/039.jpg,,no_face
jennifer_coolidge,40,White_Females,CWF,jennifer_coolidge/040.jpg,,low_confidence
jennifer_coolidge,48,White_Females,CWF,jennifer_coolidge/048.jpg,,low_confidence
jennifer_coolidge,49,White_Females,CWF,jennifer_coolidge/049.jpg,,no_face
jennifer_coolidge,58,White_Females,CWF,jennifer_coolidge/058.jpg,,no_face
jennifer_coolidge,60,White_Females,CWF,jennifer_coolidge/060.jpg,jennifer_coolidge_0060.npy,ok
jennifer_coolidge,62,White_Females,CWF,jennifer_coolidge/062.jpg,,no_face
jennifer_coolidge,65,White_Females,CWF,jennifer_coolidge/065.jpg,,low_confidence
jennifer_coolidge,75,White_Females,CWF,jennifer_coolidge/075.jpg,,no_face
jennifer_coolidge,79,White_Females,CWF,jennifer_coolidge/079.jpg,jennifer_coolidge_0079.npy,ok
jennifer_coolidge,82,White_Females,CWF,jennifer_coolidge/082.jpg,,no_face
jennifer_coolidge,84,White_Females,CWF,jennifer_coolidge/084.jpg,,no_face
jennifer_esposito,3,White_Females,CWF,jennifer_esposito/003.jpg,,low_confidence
jennifer_esposito,4,White_Females,CWF,jennifer_esposito/004.jpg,jennifer_esposito_0004.npy,ok
jennifer_esposito,6,White_Females,CWF,jennifer_esposito/006.jpg,,no_face
jennifer_esposito,7,White_Females,CWF,jennifer_esposito/007.jpg,,low_confidence
jennifer_esposito,11,White_Females,CWF,jennifer_esposito/011.jpg,,no_face
jennifer_esposito,14,White_Females,CWF,jennifer_esposito/014.jpg,,low_confidence
jennifer_esposito,15,White_Females,CWF,jennifer_esposito/015.jpg,,low_confidence
jennifer_esposito,19,White_Females,CWF,jennifer_esposito/019.jpg,,no_face
jennifer_esposito,21,White_Females,CWF,jennifer_esposito/021.jpg,,low_confidence
jennifer_esposito,37,White_Females,CWF,jennifer_esposito/037.jpg,,low_confidence
jennifer_esposito,39,White_Females,CWF,jennifer_esposito/039.jpg,,low_confidence
jennifer_esposito,40,White_Females,CWF,jennifer_esposito/040.jpg,,no_face
jennifer_esposito,42,White_Females,CWF,jennifer_esposito/042.jpg,,no_face
jennifer_esposito,45,White_Females,CWF,jennifer_esposito/045.jpg,,no_face
jennifer_esposito,53,White_Females,CWF,jennifer_esposito/053.jpg,,low_confidence
jennifer_esposito,55,White_Females,CWF,jennifer_esposito/055.jpg,,no_face
jennifer_esposito,80,White_Females,CWF,jennifer_esposito/080.jpg,,low_confidence
jennifer_esposito,91,White_Females,CWF,jennifer_esposito/091.jpg,jennifer_esposito_0091.npy,ok
jennifer_grey,7,White_Females,CWF,jennifer_grey/007.jpg,,low_confidence
jennifer_grey,14,White_Females,CWF,jennifer_grey/014.jpg,,spoof_detected
jennifer_grey,16,White_Females,CWF,jennifer_grey/016.jpg,,no_face
jennifer_grey,34,White_Females,CWF,jennifer_grey/034.jpg,,no_face
jennifer_grey,54,White_Females,CWF,jennifer_grey/054.jpg,,low_confidence
jennifer_grey,56,White_Females,CWF,jennifer_grey/056.jpg,,low_confidence
jennifer_grey,59,White_Females,CWF,jennifer_grey/059.jpg,,low_confidence
jennifer_grey,70,White_Females,CWF,jennifer_grey/070.jpg,,low_confidence
jennifer_grey,76,White_Females,CWF,jennifer_grey/076.jpg,,low_confidence
jennifer_grey,82,White_Females,CWF,jennifer_grey/082.jpg,jennifer_grey_0082.npy,ok
jennifer_grey,84,White_Females,CWF,jennifer_grey/084.jpg,,low_confidence
jennifer_grey,92,White_Females,CWF,jennifer_grey/092.jpg,jennifer_grey_0092.npy,ok
jennifer_grey,98,White_Females,CWF,jennifer_grey/098.jpg,,low_confidence
jennifer_grey,99,White_Females,CWF,jennifer_grey/099.jpg,,low_confidence
jennifer_grey,104,White_Females,CWF,jennifer_grey/104.jpg,,low_confidence
jennifer_grey,107,White_Females,CWF,jennifer_grey/107.jpg,jennifer_grey_0107.npy,ok
jennifer_grey,111,White_Females,CWF,jennifer_grey/111.jpg,,no_face
jennifer_grey,115,White_Females,CWF,jennifer_grey/115.jpg,,low_confidence
jenny_wade,4,White_Females,CWF,jenny_wade/004.jpg,,low_confidence
jenny_wade,8,White_Females,CWF,jenny_wade/008.jpg,jenny_wade_0008.npy,ok
jenny_wade,13,White_Females,CWF,jenny_wade/013.jpg,,low_confidence
jenny_wade,15,White_Females,CWF,jenny_wade/015.jpg,,low_confidence
jenny_wade,18,White_Females,CWF,jenny_wade/018.jpg,,low_confidence
jenny_wade,19,White_Females,CWF,jenny_wade/019.jpg,,low_confidence
jenny_wade,22,White_Females,CWF,jenny_wade/022.jpg,,low_confidence
jenny_wade,26,White_Females,CWF,jenny_wade/026.jpg,,no_face
jenny_wade,33,White_Females,CWF,jenny_wade/033.jpg,,low_confidence
jenny_wade,35,White_Females,CWF,jenny_wade/035.jpg,,no_face
jenny_wade,43,White_Females,CWF,jenny_wade/043.jpg,jenny_wade_0043.npy,ok
jenny_wade,46,White_Females,CWF,jenny_wade/046.jpg,,no_face
jenny_wade,48,White_Females,CWF,jenny_wade/048.jpg,,no_face
jenny_wade,49,White_Females,CWF,jenny_wade/049.jpg,,low_confidence
jenny_wade,51,White_Females,CWF,jenny_wade/051.jpg,,no_face
jenny_wade,53,White_Females,CWF,jenny_wade/053.jpg,,no_face
jenny_wade,60,White_Females,CWF,jenny_wade/060.jpg,,low_confidence
jenny_wade,62,White_Females,CWF,jenny_wade/062.jpg,,no_face
jess_weixler,2,White_Females,CWF,jess_weixler/002.jpg,,low_confidence
jess_weixler,9,White_Females,CWF,jess_weixler/009.jpg,,no_face
jess_weixler,11,White_Females,CWF,jess_weixler/011.jpg,,spoof_detected
jess_weixler,18,White_Females,CWF,jess_weixler/018.jpg,,low_confidence
jess_weixler,20,White_Females,CWF,jess_weixler/020.jpg,,low_confidence
jess_weixler,22,White_Females,CWF,jess_weixler/022.jpg,,low_confidence
jess_weixler,23,White_Females,CWF,jess_weixler/023.jpg,,low_confidence
jess_weixler,27,White_Females,CWF,jess_weixler/027.jpg,,no_face
jess_weixler,28,White_Females,CWF,jess_weixler/028.jpg,,no_face
jess_weixler,32,White_Females,CWF,jess_weixler/032.jpg,,low_confidence
jess_weixler,40,White_Females,CWF,jess_weixler/040.jpg,,low_confidence
jess_weixler,44,White_Females,CWF,jess_weixler/044.jpg,,no_face
jess_weixler,47,White_Females,CWF,jess_weixler/047.jpg,,low_confidence
jess_weixler,48,White_Females,CWF,jess_weixler/048.jpg,jess_weixler_0048.npy,ok
jess_weixler,51,White_Females,CWF,jess_weixler/051.jpg,jess_weixler_0051.npy,ok
jess_weixler,57,White_Females,CWF,jess_weixler/057.jpg,,low_confidence
jess_weixler,76,White_Females,CWF,jess_weixler/076.jpg,,low_confidence
jess_weixler,77,White_Females,CWF,jess_weixler/077.jpg,jess_weixler_0077.npy,ok
jessalyn_gilsig,4,White_Females,CWF,jessalyn_gilsig/004.jpg,,no_face
jessalyn_gilsig,5,White_Females,CWF,jessalyn_gilsig/005.jpg,,no_face
jessalyn_gilsig,7,White_Females,CWF,jessalyn_gilsig/007.jpg,jessalyn_gilsig_0007.npy,ok
jessalyn_gilsig,9,White_Females,CWF,jessalyn_gilsig/009.jpg,jessalyn_gilsig_0009.npy,ok
jessalyn_gilsig,14,White_Females,CWF,jessalyn_gilsig/014.jpg,jessalyn_gilsig_0014.npy,ok
jessalyn_gilsig,22,White_Females,CWF,jessalyn_gilsig/022.jpg,jessalyn_gilsig_0022.npy,ok
jessalyn_gilsig,23,White_Females,CWF,jessalyn_gilsig/023.jpg,jessalyn_gilsig_0023.npy,ok
jessalyn_gilsig,27,White_Females,CWF,jessalyn_gilsig/027.jpg,,no_face
jessalyn_gilsig,29,White_Females,CWF,jessalyn_gilsig/029.jpg,,low_confidence
jessalyn_gilsig,32,White_Females,CWF,jessalyn_gilsig/032.jpg,jessalyn_gilsig_0032.npy,ok
jessalyn_gilsig,37,White_Females,CWF,jessalyn_gilsig/037.jpg,,low_confidence
jessalyn_gilsig,48,White_Females,CWF,jessalyn_gilsig/048.jpg,,no_face
jessalyn_gilsig,54,White_Females,CWF,jessalyn_gilsig/054.jpg,,no_face
jessalyn_gilsig,56,White_Females,CWF,jessalyn_gilsig/056.jpg,,low_confidence
jessalyn_gilsig,60,White_Females,CWF,jessalyn_gilsig/060.jpg,,no_face
jessalyn_gilsig,65,White_Females,CWF,jessalyn_gilsig/065.jpg,,low_confidence
jessalyn_gilsig,70,White_Females,CWF,jessalyn_gilsig/070.jpg,,no_face
jessalyn_gilsig,72,White_Females,CWF,jessalyn_gilsig/072.jpg,jessalyn_gilsig_0072.npy,ok
jill_hennessy,1,White_Females,CWF,jill_hennessy/001.jpg,jill_hennessy_0001.npy,ok
jill_hennessy,6,White_Females,CWF,jill_hennessy/006.jpg,jill_hennessy_0006.npy,ok
jill_hennessy,12,White_Females,CWF,jill_hennessy/012.jpg,,no_face
jill_hennessy,15,White_Females,CWF,jill_hennessy/015.jpg,,spoof_detected
jill_hennessy,16,White_Females,CWF,jill_hennessy/016.jpg,,low_confidence
jill_hennessy,25,White_Females,CWF,jill_hennessy/025.jpg,jill_hennessy_0025.npy,ok
jill_hennessy,41,White_Females,CWF,jill_hennessy/041.jpg,,low_confidence
jill_hennessy,43,White_Females,CWF,jill_hennessy/043.jpg,,low_confidence
jill_hennessy,54,White_Females,CWF,jill_hennessy/054.jpg,jill_hennessy_0054.npy,ok
jill_hennessy,59,White_Females,CWF,jill_hennessy/059.jpg,jill_hennessy_0059.npy,ok
jill_hennessy,60,White_Females,CWF,jill_hennessy/060.jpg,jill_hennessy_0060.npy,ok
jill_hennessy,64,White_Females,CWF,jill_hennessy/064.jpg,,low_confidence
jill_hennessy,92,White_Females,CWF,jill_hennessy/092.jpg,,low_confidence
jill_hennessy,98,White_Females,CWF,jill_hennessy/098.jpg,jill_hennessy_0098.npy,ok
jill_hennessy,100,White_Females,CWF,jill_hennessy/100.jpg,,low_confidence
jill_hennessy,105,White_Females,CWF,jill_hennessy/105.jpg,,low_confidence
jill_hennessy,116,White_Females,CWF,jill_hennessy/116.jpg,jill_hennessy_0116.npy,ok
jill_hennessy,120,White_Females,CWF,jill_hennessy/120.jpg,,low_confidence
joey_lauren_adams,1,White_Females,CWF,joey_lauren_adams/001.jpg,,low_confidence
joey_lauren_adams,2,White_Females,CWF,joey_lauren_adams/002.jpg,,spoof_detected
joey_lauren_adams,4,White_Females,CWF,joey_lauren_adams/004.jpg,,low_confidence
joey_lauren_adams,6,White_Females,CWF,joey_lauren_adams/006.jpg,,low_confidence
joey_lauren_adams,13,White_Females,CWF,joey_lauren_adams/013.jpg,joey_lauren_adams_0013.npy,ok
joey_lauren_adams,15,White_Females,CWF,joey_lauren_adams/015.jpg,joey_lauren_adams_0015.npy,ok
joey_lauren_adams,16,White_Females,CWF,joey_lauren_adams/016.jpg,,no_face
joey_lauren_adams,19,White_Females,CWF,joey_lauren_adams/019.jpg,,spoof_detected
joey_lauren_adams,21,White_Females,CWF,joey_lauren_adams/021.jpg,,low_confidence
joey_lauren_adams,25,White_Females,CWF,joey_lauren_adams/025.jpg,joey_lauren_adams_0025.npy,ok
joey_lauren_adams,26,White_Females,CWF,joey_lauren_adams/026.jpg,joey_lauren_adams_0026.npy,ok
joey_lauren_adams,28,White_Females,CWF,joey_lauren_adams/028.jpg,,low_confidence
joey_lauren_adams,34,White_Females,CWF,joey_lauren_adams/034.jpg,,low_confidence
joey_lauren_adams,39,White_Females,CWF,joey_lauren_adams/039.jpg,,low_confidence
joey_lauren_adams,43,White_Females,CWF,joey_lauren_adams/043.jpg,joey_lauren_adams_0043.npy,ok
joey_lauren_adams,47,White_Females,CWF,joey_lauren_adams/047.jpg,,low_confidence
joey_lauren_adams,54,White_Females,CWF,joey_lauren_adams/054.jpg,,low_confidence
joey_lauren_adams,56,White_Females,CWF,joey_lauren_adams/056.jpg,,low_confidence
jordana_spiro,4,White_Females,CWF,jordana_spiro/004.jpg,,low_confidence
jordana_spiro,7,White_Females,CWF,jordana_spiro/007.jpg,jordana_spiro_0007.npy,ok
jordana_spiro,16,White_Females,CWF,jordana_spiro/016.jpg,jordana_spiro_0016.npy,ok
jordana_spiro,19,White_Females,CWF,jordana_spiro/019.jpg,,low_confidence
jordana_spiro,22,White_Females,CWF,jordana_spiro/022.jpg,,no_face
jordana_spiro,24,White_Females,CWF,jordana_spiro/024.jpg,,low_confidence
jordana_spiro,26,White_Females,CWF,jordana_spiro/026.jpg,,low_confidence
jordana_spiro,32,White_Females,CWF,jordana_spiro/032.jpg,,low_confidence
jordana_spiro,42,White_Females,CWF,jordana_spiro/042.jpg,,spoof_detected
jordana_spiro,46,White_Females,CWF,jordana_spiro/046.jpg,,low_confidence
jordana_spiro,49,White_Females,CWF,jordana_spiro/049.jpg,,low_confidence
jordana_spiro,50,White_Females,CWF,jordana_spiro/050.jpg,jordana_spiro_0050.npy,ok
jordana_spiro,51,White_Females,CWF,jordana_spiro/051.jpg,,low_confidence
jordana_spiro,52,White_Females,CWF,jordana_spiro/052.jpg,,spoof_detected
jordana_spiro,57,White_Females,CWF,jordana_spiro/057.jpg,jordana_spiro_0057.npy,ok
jordana_spiro,58,White_Females,CWF,jordana_spiro/058.jpg,jordana_spiro_0058.npy,ok
jordana_spiro,69,White_Females,CWF,jordana_spiro/069.jpg,,spoof_detected
jordana_spiro,70,White_Females,CWF,jordana_spiro/070.jpg,,low_confidence
joyce_giraud,4,White_Females,CWF,joyce_giraud/004.jpg,joyce_giraud_0004.npy,ok
joyce_giraud,6,White_Females,CWF,joyce_giraud/006.jpg,,low_confidence
joyce_giraud,17,White_Females,CWF,joyce_giraud/017.jpg,,low_confidence
joyce_giraud,19,White_Females,CWF,joyce_giraud/019.jpg,,spoof_detected
joyce_giraud,25,White_Females,CWF,joyce_giraud/025.jpg,,low_confidence
joyce_giraud,28,White_Females,CWF,joyce_giraud/028.jpg,,low_confidence
joyce_giraud,31,White_Females,CWF,joyce_giraud/031.jpg,,low_confidence
joyce_giraud,33,White_Females,CWF,joyce_giraud/033.jpg,,low_confidence
joyce_giraud,42,White_Females,CWF,joyce_giraud/042.jpg,,low_confidence
joyce_giraud,43,White_Females,CWF,joyce_giraud/043.jpg,,low_confidence
joyce_giraud,50,White_Females,CWF,joyce_giraud/050.jpg,,low_confidence
joyce_giraud,51,White_Females,CWF,joyce_giraud/051.jpg,,no_face
joyce_giraud,54,White_Females,CWF,joyce_giraud/054.jpg,,low_confidence
joyce_giraud,56,White_Females,CWF,joyce_giraud/056.jpg,,low_confidence
joyce_giraud,59,White_Females,CWF,joyce_giraud/059.jpg,,low_confidence
joyce_giraud,74,White_Females,CWF,joyce_giraud/074.jpg,,no_face
joyce_giraud,76,White_Females,CWF,joyce_giraud/076.jpg,,low_confidence
joyce_giraud,78,White_Females,CWF,joyce_giraud/078.jpg,,low_confidence
judy_davis,1,White_Females,CWF,judy_davis/001.jpg,,low_confidence
judy_davis,2,White_Females,CWF,judy_davis/002.jpg,judy_davis_0002.npy,ok
judy_davis,8,White_Females,CWF,judy_davis/008.jpg,judy_davis_0008.npy,ok
judy_davis,9,White_Females,CWF,judy_davis/009.jpg,judy_davis_0009.npy,ok
judy_davis,12,White_Females,CWF,judy_davis/012.jpg,,low_confidence
judy_davis,13,White_Females,CWF,judy_davis/013.jpg,,low_confidence
judy_davis,14,White_Females,CWF,judy_davis/014.jpg,judy_davis_0014.npy,ok
judy_davis,20,White_Females,CWF,judy_davis/020.jpg,,low_confidence
judy_davis,26,White_Females,CWF,judy_davis/026.jpg,,spoof_detected
judy_davis,28,White_Females,CWF,judy_davis/028.jpg,,spoof_detected
judy_davis,31,White_Females,CWF,judy_davis/031.jpg,judy_davis_0031.npy,ok
judy_davis,32,White_Females,CWF,judy_davis/032.jpg,,no_face
judy_davis,38,White_Females,CWF,judy_davis/038.jpg,,low_confidence
judy_davis,40,White_Females,CWF,judy_davis/040.jpg,,low_confidence
judy_davis,41,White_Females,CWF,judy_davis/041.jpg,,no_face
judy_davis,47,White_Females,CWF,judy_davis/047.jpg,,spoof_detected
judy_davis,52,White_Females,CWF,judy_davis/052.jpg,,low_confidence
judy_davis,54,White_Females,CWF,judy_davis/054.jpg,,low_confidence
julie_christie,7,White_Females,CWF,julie_christie/007.jpg,,low_confidence
julie_christie,9,White_Females,CWF,julie_christie/009.jpg,julie_christie_0009.npy,ok
julie_christie,10,White_Females,CWF,julie_christie/010.jpg,,low_confidence
julie_christie,13,White_Females,CWF,julie_christie/013.jpg,,no_face
julie_christie,16,White_Females,CWF,julie_christie/016.jpg,julie_christie_0016.npy,ok
julie_christie,20,White_Females,CWF,julie_christie/020.jpg,,low_confidence
julie_christie,22,White_Females,CWF,julie_christie/022.jpg,,no_face
julie_christie,29,White_Females,CWF,julie_christie/029.jpg,,no_face
julie_christie,35,White_Females,CWF,julie_christie/035.jpg,,low_confidence
julie_christie,45,White_Females,CWF,julie_christie/045.jpg,,low_confidence
julie_christie,47,White_Females,CWF,julie_christie/047.jpg,julie_christie_0047.npy,ok
julie_christie,54,White_Females,CWF,julie_christie/054.jpg,,no_face
julie_christie,55,White_Females,CWF,julie_christie/055.jpg,,low_confidence
julie_christie,57,White_Females,CWF,julie_christie/057.jpg,,low_confidence
julie_christie,62,White_Females,CWF,julie_christie/062.jpg,julie_christie_0062.npy,ok
julie_christie,63,White_Females,CWF,julie_christie/063.jpg,,no_face
julie_christie,64,White_Females,CWF,julie_christie/064.jpg,,low_confidence
julie_christie,69,White_Females,CWF,julie_christie/069.jpg,,spoof_detected
kaitlin_olson,4,White_Females,CWF,kaitlin_olson/004.jpg,,low_confidence
kaitlin_olson,7,White_Females,CWF,kaitlin_olson/007.jpg,,low_confidence
kaitlin_olson,11,White_Females,CWF,kaitlin_olson/011.jpg,,no_face
kaitlin_olson,16,White_Females,CWF,kaitlin_olson/016.jpg,,low_confidence
kaitlin_olson,25,White_Females,CWF,kaitlin_olson/025.jpg,kaitlin_olson_0025.npy,ok
kaitlin_olson,33,White_Females,CWF,kaitlin_olson/033.jpg,,low_confidence
kaitlin_olson,34,White_Females,CWF,kaitlin_olson/034.jpg,,no_face
kaitlin_olson,36,White_Females,CWF,kaitlin_olson/036.jpg,,no_face
kaitlin_olson,40,White_Females,CWF,kaitlin_olson/040.jpg,,no_face
kaitlin_olson,44,White_Females,CWF,kaitlin_olson/044.jpg,kaitlin_olson_0044.npy,ok
kaitlin_olson,48,White_Females,CWF,kaitlin_olson/048.jpg,,no_face
kaitlin_olson,52,White_Females,CWF,kaitlin_olson/052.jpg,,spoof_detected
kaitlin_olson,53,White_Females,CWF,kaitlin_olson/053.jpg,kaitlin_olson_0053.npy,ok
kaitlin_olson,55,White_Females,CWF,kaitlin_olson/055.jpg,,no_face
kaitlin_olson,57,White_Females,CWF,kaitlin_olson/057.jpg,,no_face
kaitlin_olson,58,White_Females,CWF,kaitlin_olson/058.jpg,,low_confidence
kaitlin_olson,59,White_Females,CWF,kaitlin_olson/059.jpg,,low_confidence
kaitlin_olson,61,White_Females,CWF,kaitlin_olson/061.jpg,kaitlin_olson_0061.npy,ok
karolina_kurkova,2,White_Females,CWF,karolina_kurkova/002.jpg,karolina_kurkova_0002.npy,ok
karolina_kurkova,9,White_Females,CWF,karolina_kurkova/009.jpg,karolina_kurkova_0009.npy,ok
karolina_kurkova,13,White_Females,CWF,karolina_kurkova/013.jpg,,low_confidence
karolina_kurkova,26,White_Females,CWF,karolina_kurkova/026.jpg,karolina_kurkova_0026.npy,ok
karolina_kurkova,28,White_Females,CWF,karolina_kurkova/028.jpg,,low_confidence
karolina_kurkova,33,White_Females,CWF,karolina_kurkova/033.jpg,,no_face
karolina_kurkova,35,White_Females,CWF,karolina_kurkova/035.jpg,,spoof_detected
karolina_kurkova,36,White_Females,CWF,karolina_kurkova/036.jpg,karolina_kurkova_0036.npy,ok
karolina_kurkova,39,White_Females,CWF,karolina_kurkova/039.jpg,karolina_kurkova_0039.npy,ok
karolina_kurkova,41,White_Females,CWF,karolina_kurkova/041.jpg,,low_confidence
karolina_kurkova,46,White_Females,CWF,karolina_kurkova/046.jpg,,no_face
karolina_kurkova,59,White_Females,CWF,karolina_kurkova/059.jpg,karolina_kurkova_0059.npy,ok
karolina_kurkova,65,White_Females,CWF,karolina_kurkova/065.jpg,,low_confidence
karolina_kurkova,71,White_Females,CWF,karolina_kurkova/071.jpg,karolina_kurkova_0071.npy,ok
karolina_kurkova,73,White_Females,CWF,karolina_kurkova/073.jpg,,no_face
karolina_kurkova,83,White_Females,CWF,karolina_kurkova/083.jpg,karolina_kurkova_0083.npy,ok
karolina_kurkova,87,White_Females,CWF,karolina_kurkova/087.jpg,,low_confidence
karolina_kurkova,91,White_Females,CWF,karolina_kurkova/091.jpg,karolina_kurkova_0091.npy,ok
kathleen_robertson,4,White_Females,CWF,kathleen_robertson/004.jpg,kathleen_robertson_0004.npy,ok
kathleen_robertson,6,White_Females,CWF,kathleen_robertson/006.jpg,kathleen_robertson_0006.npy,ok
kathleen_robertson,12,White_Females,CWF,kathleen_robertson/012.jpg,,no_face
kathleen_robertson,13,White_Females,CWF,kathleen_robertson/013.jpg,,low_confidence
kathleen_robertson,15,White_Females,CWF,kathleen_robertson/015.jpg,,no_face
kathleen_robertson,21,White_Females,CWF,kathleen_robertson/021.jpg,,low_confidence
kathleen_robertson,42,White_Females,CWF,kathleen_robertson/042.jpg,kathleen_robertson_0042.npy,ok
kathleen_robertson,43,White_Females,CWF,kathleen_robertson/043.jpg,kathleen_robertson_0043.npy,ok
kathleen_robertson,44,White_Females,CWF,kathleen_robertson/044.jpg,,low_confidence
kathleen_robertson,45,White_Females,CWF,kathleen_robertson/045.jpg,kathleen_robertson_0045.npy,ok
kathleen_robertson,47,White_Females,CWF,kathleen_robertson/047.jpg,,no_face
kathleen_robertson,60,White_Females,CWF,kathleen_robertson/060.jpg,,low_confidence
kathleen_robertson,63,White_Females,CWF,kathleen_robertson/063.jpg,,low_confidence
kathleen_robertson,69,White_Females,CWF,kathleen_robertson/069.jpg,kathleen_robertson_0069.npy,ok
kathleen_robertson,70,White_Females,CWF,kathleen_robertson/070.jpg,,no_face
kathleen_robertson,74,White_Females,CWF,kathleen_robertson/074.jpg,,low_confidence
kathleen_robertson,78,White_Females,CWF,kathleen_robertson/078.jpg,,no_face
kathleen_robertson,80,White_Females,CWF,kathleen_robertson/080.jpg,kathleen_robertson_0080.npy,ok
katie_cassidy,5,White_Females,CWF,katie_cassidy/005.jpg,,low_confidence
katie_cassidy,29,White_Females,CWF,katie_cassidy/029.jpg,katie_cassidy_0029.npy,ok
katie_cassidy,44,White_Females,CWF,katie_cassidy/044.jpg,,no_face
katie_cassidy,58,White_Females,CWF,katie_cassidy/058.jpg,,no_face
katie_cassidy,60,White_Females,CWF,katie_cassidy/060.jpg,,low_confidence
katie_cassidy,61,White_Females,CWF,katie_cassidy/061.jpg,,no_face
katie_cassidy,69,White_Females,CWF,katie_cassidy/069.jpg,,low_confidence
katie_cassidy,77,White_Females,CWF,katie_cassidy/077.jpg,,no_face
katie_cassidy,80,White_Females,CWF,katie_cassidy/080.jpg,,low_confidence
katie_cassidy,98,White_Females,CWF,katie_cassidy/098.jpg,,no_face
katie_cassidy,99,White_Females,CWF,katie_cassidy/099.jpg,,no_face
katie_cassidy,110,White_Females,CWF,katie_cassidy/110.jpg,katie_cassidy_0110.npy,ok
katie_cassidy,116,White_Females,CWF,katie_cassidy/116.jpg,,spoof_detected
katie_cassidy,119,White_Females,CWF,katie_cassidy/119.jpg,,no_face
katie_cassidy,123,White_Females,CWF,katie_cassidy/123.jpg,,low_confidence
katie_cassidy,144,White_Females,CWF,katie_cassidy/144.jpg,katie_cassidy_0144.npy,ok
katie_cassidy,158,White_Females,CWF,katie_cassidy/158.jpg,,no_face
katie_cassidy,161,White_Females,CWF,katie_cassidy/161.jpg,,low_confidence
kelli_garner,15,White_Females,CWF,kelli_garner/015.jpg,,low_confidence
kelli_garner,19,White_Females,CWF,kelli_garner/019.jpg,,low_confidence
kelli_garner,24,White_Females,CWF,kelli_garner/024.jpg,kelli_garner_0024.npy,ok
kelli_garner,25,White_Females,CWF,kelli_garner/025.jpg,kelli_garner_0025.npy,ok
kelli_garner,43,White_Females,CWF,kelli_garner/043.jpg,kelli_garner_0043.npy,ok
kelli_garner,50,White_Females,CWF,kelli_garner/050.jpg,,low_confidence
kelli_garner,52,White_Females,CWF,kelli_garner/052.jpg,,low_confidence
kelli_garner,63,White_Females,CWF,kelli_garner/063.jpg,,low_confidence
kelli_garner,66,White_Females,CWF,kelli_garner/066.jpg,kelli_garner_0066.npy,ok
kelli_garner,67,White_Females,CWF,kelli_garner/067.jpg,,low_confidence
kelli_garner,70,White_Females,CWF,kelli_garner/070.jpg,,low_confidence
kelli_garner,81,White_Females,CWF,kelli_garner/081.jpg,,low_confidence
kelli_garner,83,White_Females,CWF,kelli_garner/083.jpg,,low_confidence
kelli_garner,89,White_Females,CWF,kelli_garner/089.jpg,,low_confidence
kelli_garner,97,White_Females,CWF,kelli_garner/097.jpg,kelli_garner_0097.npy,ok
kelli_garner,99,White_Females,CWF,kelli_garner/099.jpg,,no_face
kelli_garner,100,White_Females,CWF,kelli_garner/100.jpg,,spoof_detected
kelli_garner,107,White_Females,CWF,kelli_garner/107.jpg,,low_confidence
kim_delaney,3,White_Females,CWF,kim_delaney/003.jpg,kim_delaney_0003.npy,ok
kim_delaney,5,White_Females,CWF,kim_delaney/005.jpg,,low_confidence
kim_delaney,6,White_Females,CWF,kim_delaney/006.jpg,,spoof_detected
kim_delaney,11,White_Females,CWF,kim_delaney/011.jpg,,low_confidence
kim_delaney,14,White_Females,CWF,kim_delaney/014.jpg,,low_confidence
kim_delaney,15,White_Females,CWF,kim_delaney/015.jpg,,low_confidence
kim_delaney,23,White_Females,CWF,kim_delaney/023.jpg,,low_confidence
kim_delaney,29,White_Females,CWF,kim_delaney/029.jpg,kim_delaney_0029.npy,ok
kim_delaney,35,White_Females,CWF,kim_delaney/035.jpg,,low_confidence
kim_delaney,37,White_Females,CWF,kim_delaney/037.jpg,kim_delaney_0037.npy,ok
kim_delaney,39,White_Females,CWF,kim_delaney/039.jpg,kim_delaney_0039.npy,ok
kim_delaney,48,White_Females,CWF,kim_delaney/048.jpg,,low_confidence
kim_delaney,53,White_Females,CWF,kim_delaney/053.jpg,,spoof_detected
kim_delaney,57,White_Females,CWF,kim_delaney/057.jpg,,low_confidence
kim_delaney,64,White_Females,CWF,kim_delaney/064.jpg,kim_delaney_0064.npy,ok
kim_delaney,68,White_Females,CWF,kim_delaney/068.jpg,kim_delaney_0068.npy,ok
kim_delaney,72,White_Females,CWF,kim_delaney/072.jpg,,no_face
kim_delaney,73,White_Females,CWF,kim_delaney/073.jpg,,low_confidence
kristin_bauer_van_straten,11,White_Females,CWF,kristin_bauer_van_straten/011.jpg,,no_face
kristin_bauer_van_straten,16,White_Females,CWF,kristin_bauer_van_straten/016.jpg,,low_confidence
kristin_bauer_van_straten,20,White_Females,CWF,kristin_bauer_van_straten/020.jpg,,no_face
kristin_bauer_van_straten,21,White_Females,CWF,kristin_bauer_van_straten/021.jpg,,low_confidence
kristin_bauer_van_straten,23,White_Females,CWF,kristin_bauer_van_straten/023.jpg,,spoof_detected
kristin_bauer_van_straten,27,White_Females,CWF,kristin_bauer_van_straten/027.jpg,kristin_bauer_van_straten_0027.npy,ok
kristin_bauer_van_straten,36,White_Females,CWF,kristin_bauer_van_straten/036.jpg,kristin_bauer_van_straten_0036.npy,ok
kristin_bauer_van_straten,37,White_Females,CWF,kristin_bauer_van_straten/037.jpg,,low_confidence
kristin_bauer_van_straten,41,White_Females,CWF,kristin_bauer_van_straten/041.jpg,,no_face
kristin_bauer_van_straten,42,White_Females,CWF,kristin_bauer_van_straten/042.jpg,,no_face
kristin_bauer_van_straten,44,White_Females,CWF,kristin_bauer_van_straten/044.jpg,,low_confidence
kristin_bauer_van_straten,46,White_Females,CWF,kristin_bauer_van_straten/046.jpg,,no_face
kristin_bauer_van_straten,57,White_Females,CWF,kristin_bauer_van_straten/057.jpg,,no_face
kristin_bauer_van_straten,59,White_Females,CWF,kristin_bauer_van_straten/059.jpg,,low_confidence
kristin_bauer_van_straten,63,White_Females,CWF,kristin_bauer_van_straten/063.jpg,,low_confidence
kristin_bauer_van_straten,65,White_Females,CWF,kristin_bauer_van_straten/065.jpg,kristin_bauer_van_straten_0065.npy,ok
kristin_bauer_van_straten,66,White_Females,CWF,kristin_bauer_van_straten/066.jpg,,no_face
kristin_bauer_van_straten,67,White_Females,CWF,kristin_bauer_van_straten/067.jpg,,low_confidence
kristinia_debarge,3,White_Females,CWF,kristinia_debarge/003.jpg,,low_confidence
kristinia_debarge,4,White_Females,CWF,kristinia_debarge/004.jpg,kristinia_debarge_0004.npy,ok
kristinia_debarge,13,White_Females,CWF,kristinia_debarge/013.jpg,,low_confidence
kristinia_debarge,14,White_Females,CWF,kristinia_debarge/014.jpg,,no_face
kristinia_debarge,17,White_Females,CWF,kristinia_debarge/017.jpg,,low_confidence
kristinia_debarge,21,White_Females,CWF,kristinia_debarge/021.jpg,,low_confidence
kristinia_debarge,26,White_Females,CWF,kristinia_debarge/026.jpg,,low_confidence
kristinia_debarge,30,White_Females,CWF,kristinia_debarge/030.jpg,kristinia_debarge_0030.npy,ok
kristinia_debarge,32,White_Females,CWF,kristinia_debarge/032.jpg,kristinia_debarge_0032.npy,ok
kristinia_debarge,36,White_Females,CWF,kristinia_debarge/036.jpg,,low_confidence
kristinia_debarge,37,White_Females,CWF,kristinia_debarge/037.jpg,,low_confidence
kristinia_debarge,39,White_Females,CWF,kristinia_debarge/039.jpg,,no_face
kristinia_debarge,43,White_Females,CWF,kristinia_debarge/043.jpg,,low_confidence
kristinia_debarge,44,White_Females,CWF,kristinia_debarge/044.jpg,,low_confidence
kristinia_debarge,45,White_Females,CWF,kristinia_debarge/045.jpg,,low_confidence
kristinia_debarge,51,White_Females,CWF,kristinia_debarge/051.jpg,,no_face
kristinia_debarge,56,White_Females,CWF,kristinia_debarge/056.jpg,,low_confidence
kristinia_debarge,60,White_Females,CWF,kristinia_debarge/060.jpg,kristinia_debarge_0060.npy,ok
krysten_ritter,4,White_Females,CWF,krysten_ritter/004.jpg,,low_confidence
krysten_ritter,23,White_Females,CWF,krysten_ritter/023.jpg,,low_confidence
krysten_ritter,24,White_Females,CWF,krysten_ritter/024.jpg,,no_face
krysten_ritter,34,White_Females,CWF,krysten_ritter/034.jpg,,no_face
krysten_ritter,40,White_Females,CWF,krysten_ritter/040.jpg,,spoof_detected
krysten_ritter,54,White_Females,CWF,krysten_ritter/054.jpg,,no_face
krysten_ritter,83,White_Females,CWF,krysten_ritter/083.jpg,,low_confidence
krysten_ritter,90,White_Females,CWF,krysten_ritter/090.jpg,,no_face
krysten_ritter,96,White_Females,CWF,krysten_ritter/096.jpg,,low_confidence
krysten_ritter,111,White_Females,CWF,krysten_ritter/111.jpg,,low_confidence
krysten_ritter,115,White_Females,CWF,krysten_ritter/115.jpg,,low_confidence
krysten_ritter,135,White_Females,CWF,krysten_ritter/135.jpg,,low_confidence
krysten_ritter,136,White_Females,CWF,krysten_ritter/136.jpg,,low_confidence
krysten_ritter,144,White_Females,CWF,krysten_ritter/144.jpg,,low_confidence
krysten_ritter,149,White_Females,CWF,krysten_ritter/149.jpg,krysten_ritter_0149.npy,ok
krysten_ritter,160,White_Females,CWF,krysten_ritter/160.jpg,,low_confidence
krysten_ritter,163,White_Females,CWF,krysten_ritter/163.jpg,,low_confidence
krysten_ritter,172,White_Females,CWF,krysten_ritter/172.jpg,,low_confidence
laura_vandervoort,3,White_Females,CWF,laura_vandervoort/003.jpg,laura_vandervoort_0003.npy,ok
laura_vandervoort,10,White_Females,CWF,laura_vandervoort/010.jpg,,low_confidence
laura_vandervoort,29,White_Females,CWF,laura_vandervoort/029.jpg,laura_vandervoort_0029.npy,ok
laura_vandervoort,31,White_Females,CWF,laura_vandervoort/031.jpg,laura_vandervoort_0031.npy,ok
laura_vandervoort,37,White_Females,CWF,laura_vandervoort/037.jpg,,no_face
laura_vandervoort,39,White_Females,CWF,laura_vandervoort/039.jpg,laura_vandervoort_0039.npy,ok
laura_vandervoort,41,White_Females,CWF,laura_vandervoort/041.jpg,,low_confidence
laura_vandervoort,48,White_Females,CWF,laura_vandervoort/048.jpg,,low_confidence
laura_vandervoort,59,White_Females,CWF,laura_vandervoort/059.jpg,laura_vandervoort_0059.npy,ok
laura_vandervoort,69,White_Females,CWF,laura_vandervoort/069.jpg,,no_face
laura_vandervoort,71,White_Females,CWF,laura_vandervoort/071.jpg,,low_confidence
laura_vandervoort,72,White_Females,CWF,laura_vandervoort/072.jpg,laura_vandervoort_0072.npy,ok
laura_vandervoort,85,White_Females,CWF,laura_vandervoort/085.jpg,,low_confidence
laura_vandervoort,112,White_Females,CWF,laura_vandervoort/112.jpg,,low_confidence
laura_vandervoort,119,White_Females,CWF,laura_vandervoort/119.jpg,laura_vandervoort_0119.npy,ok
laura_vandervoort,130,White_Females,CWF,laura_vandervoort/130.jpg,,low_confidence
laura_vandervoort,137,White_Females,CWF,laura_vandervoort/137.jpg,,low_confidence
laura_vandervoort,146,White_Females,CWF,laura_vandervoort/146.jpg,laura_vandervoort_0146.npy,ok
lea_thompson,40,White_Females,CWF,lea_thompson/040.jpg,,no_face
lea_thompson,51,White_Females,CWF,lea_thompson/051.jpg,,no_face
lea_thompson,52,White_Females,CWF,lea_thompson/052.jpg,,no_face
lea_thompson,53,White_Females,CWF,lea_thompson/053.jpg,,no_face
lea_thompson,60,White_Females,CWF,lea_thompson/060.jpg,lea_thompson_0060.npy,ok
lea_thompson,61,White_Females,CWF,lea_thompson/061.jpg,,low_confidence
lea_thompson,63,White_Females,CWF,lea_thompson/063.jpg,,no_face
lea_thompson,64,White_Females,CWF,lea_thompson/064.jpg,,low_confidence
lea_thompson,70,White_Females,CWF,lea_thompson/070.jpg,,low_confidence
lea_thompson,81,White_Females,CWF,lea_thompson/081.jpg,,low_confidence
lea_thompson,85,White_Females,CWF,lea_thompson/085.jpg,,low_confidence
lea_thompson,86,White_Females,CWF,lea_thompson/086.jpg,,low_confidence
lea_thompson,89,White_Females,CWF,lea_thompson/089.jpg,,no_face
lea_thompson,92,White_Females,CWF,lea_thompson/092.jpg,,low_confidence
lea_thompson,95,White_Females,CWF,lea_thompson/095.jpg,,low_confidence
lea_thompson,106,White_Females,CWF,lea_thompson/106.jpg,,spoof_detected
lea_thompson,110,White_Females,CWF,lea_thompson/110.jpg,,low_confidence
lea_thompson,114,White_Females,CWF,lea_thompson/114.jpg,,no_face
linda_gray,1,White_Females,CWF,linda_gray/001.jpg,,low_confidence
linda_gray,3,White_Females,CWF,linda_gray/003.jpg,linda_gray_0003.npy,ok
linda_gray,6,White_Females,CWF,linda_gray/006.jpg,linda_gray_0006.npy,ok
linda_gray,8,White_Females,CWF,linda_gray/008.jpg,linda_gray_0008.npy,ok
linda_gray,14,White_Females,CWF,linda_gray/014.jpg,,low_confidence
linda_gray,15,White_Females,CWF,linda_gray/015.jpg,,no_face
linda_gray,16,White_Females,CWF,linda_gray/016.jpg,linda_gray_0016.npy,ok
linda_gray,17,White_Females,CWF,linda_gray/017.jpg,linda_gray_0017.npy,ok
linda_gray,20,White_Females,CWF,linda_gray/020.jpg,,no_face
linda_gray,23,White_Females,CWF,linda_gray/023.jpg,linda_gray_0023.npy,ok
linda_gray,24,White_Females,CWF,linda_gray/024.jpg,,no_face
linda_gray,32,White_Females,CWF,linda_gray/032.jpg,linda_gray_0032.npy,ok
linda_gray,38,White_Females,CWF,linda_gray/038.jpg,,low_confidence
linda_gray,44,White_Females,CWF,linda_gray/044.jpg,,low_confidence
linda_gray,49,White_Females,CWF,linda_gray/049.jpg,,low_confidence
linda_gray,50,White_Females,CWF,linda_gray/050.jpg,,low_confidence
linda_gray,53,White_Females,CWF,linda_gray/053.jpg,linda_gray_0053.npy,ok
linda_gray,54,White_Females,CWF,linda_gray/054.jpg,,no_face
madeline_zima,2,White_Females,CWF,madeline_zima/002.jpg,,low_confidence
madeline_zima,9,White_Females,CWF,madeline_zima/009.jpg,,low_confidence
madeline_zima,11,White_Females,CWF,madeline_zima/011.jpg,,no_face
madeline_zima,16,White_Females,CWF,madeline_zima/016.jpg,,low_confidence
madeline_zima,22,White_Females,CWF,madeline_zima/022.jpg,,spoof_detected
madeline_zima,23,White_Females,CWF,madeline_zima/023.jpg,,low_confidence
madeline_zima,24,White_Females,CWF,madeline_zima/024.jpg,,spoof_detected
madeline_zima,43,White_Females,CWF,madeline_zima/043.jpg,,low_confidence
madeline_zima,45,White_Females,CWF,madeline_zima/045.jpg,,low_confidence
madeline_zima,50,White_Females,CWF,madeline_zima/050.jpg,,low_confidence
madeline_zima,55,White_Females,CWF,madeline_zima/055.jpg,,low_confidence
madeline_zima,63,White_Females,CWF,madeline_zima/063.jpg,,low_confidence
madeline_zima,64,White_Females,CWF,madeline_zima/064.jpg,madeline_zima_0064.npy,ok
madeline_zima,66,White_Females,CWF,madeline_zima/066.jpg,madeline_zima_0066.npy,ok
madeline_zima,85,White_Females,CWF,madeline_zima/085.jpg,,low_confidence
madeline_zima,89,White_Females,CWF,madeline_zima/089.jpg,,low_confidence
madeline_zima,92,White_Females,CWF,madeline_zima/092.jpg,madeline_zima_0092.npy,ok
madeline_zima,93,White_Females,CWF,madeline_zima/093.jpg,,low_confidence
marcia_cross,1,White_Females,CWF,marcia_cross/001.jpg,,low_confidence
marcia_cross,19,White_Females,CWF,marcia_cross/019.jpg,,low_confidence
marcia_cross,32,White_Females,CWF,marcia_cross/032.jpg,marcia_cross_0032.npy,ok
marcia_cross,88,White_Females,CWF,marcia_cross/088.jpg,,low_confidence
marcia_cross,101,White_Females,CWF,marcia_cross/101.jpg,,no_face
marcia_cross,114,White_Females,CWF,marcia_cross/114.jpg,,low_confidence
marcia_cross,116,White_Females,CWF,marcia_cross/116.jpg,,low_confidence
marcia_cross,121,White_Females,CWF,marcia_cross/121.jpg,marcia_cross_0121.npy,ok
marcia_cross,127,White_Females,CWF,marcia_cross/127.jpg,,low_confidence
marcia_cross,137,White_Females,CWF,marcia_cross/137.jpg,,spoof_detected
marcia_cross,148,White_Females,CWF,marcia_cross/148.jpg,marcia_cross_0148.npy,ok
marcia_cross,158,White_Females,CWF,marcia_cross/158.jpg,,low_confidence
marcia_cross,185,White_Females,CWF,marcia_cross/185.jpg,,low_confidence
marcia_cross,187,White_Females,CWF,marcia_cross/187.jpg,marcia_cross_0187.npy,ok
marcia_cross,196,White_Females,CWF,marcia_cross/196.jpg,,low_confidence
marcia_cross,262,White_Females,CWF,marcia_cross/262.jpg,,low_confidence
marcia_cross,283,White_Females,CWF,marcia_cross/283.jpg,,low_confidence
marcia_cross,288,White_Females,CWF,marcia_cross/288.jpg,,low_confidence
marcia_gay_harden,19,White_Females,CWF,marcia_gay_harden/019.jpg,,low_confidence
marcia_gay_harden,24,White_Females,CWF,marcia_gay_harden/024.jpg,,low_confidence
marcia_gay_harden,52,White_Females,CWF,marcia_gay_harden/052.jpg,marcia_gay_harden_0052.npy,ok
marcia_gay_harden,61,White_Females,CWF,marcia_gay_harden/061.jpg,,low_confidence
marcia_gay_harden,63,White_Females,CWF,marcia_gay_harden/063.jpg,marcia_gay_harden_0063.npy,ok
marcia_gay_harden,67,White_Females,CWF,marcia_gay_harden/067.jpg,marcia_gay_harden_0067.npy,ok
marcia_gay_harden,69,White_Females,CWF,marcia_gay_harden/069.jpg,marcia_gay_harden_0069.npy,ok
marcia_gay_harden,98,White_Females,CWF,marcia_gay_harden/098.jpg,,low_confidence
marcia_gay_harden,167,White_Females,CWF,marcia_gay_harden/167.jpg,,low_confidence
marcia_gay_harden,189,White_Females,CWF,marcia_gay_harden/189.jpg,marcia_gay_harden_0189.npy,ok
marcia_gay_harden,203,White_Females,CWF,marcia_gay_harden/203.jpg,,spoof_detected
marcia_gay_harden,208,White_Females,CWF,marcia_gay_harden/208.jpg,,low_confidence
marcia_gay_harden,214,White_Females,CWF,marcia_gay_harden/214.jpg,,spoof_detected
marcia_gay_harden,224,White_Females,CWF,marcia_gay_harden/224.jpg,marcia_gay_harden_0224.npy,ok
marcia_gay_harden,245,White_Females,CWF,marcia_gay_harden/245.jpg,,low_confidence
marcia_gay_harden,249,White_Females,CWF,marcia_gay_harden/249.jpg,marcia_gay_harden_0249.npy,ok
marcia_gay_harden,250,White_Females,CWF,marcia_gay_harden/250.jpg,marcia_gay_harden_0250.npy,ok
marcia_gay_harden,258,White_Females,CWF,marcia_gay_harden/258.jpg,,no_face
maria_menounos,6,White_Females,CWF,maria_menounos/006.jpg,maria_menounos_0006.npy,ok
maria_menounos,10,White_Females,CWF,maria_menounos/010.jpg,,low_confidence
maria_menounos,18,White_Females,CWF,maria_menounos/018.jpg,maria_menounos_0018.npy,ok
maria_menounos,25,White_Females,CWF,maria_menounos/025.jpg,maria_menounos_0025.npy,ok
maria_menounos,28,White_Females,CWF,maria_menounos/028.jpg,maria_menounos_0028.npy,ok
maria_menounos,30,White_Females,CWF,maria_menounos/030.jpg,,low_confidence
maria_menounos,93,White_Females,CWF,maria_menounos/093.jpg,,spoof_detected
maria_menounos,120,White_Females,CWF,maria_menounos/120.jpg,maria_menounos_0120.npy,ok
maria_menounos,121,White_Females,CWF,maria_menounos/121.jpg,,low_confidence
maria_menounos,124,White_Females,CWF,maria_menounos/124.jpg,maria_menounos_0124.npy,ok
maria_menounos,127,White_Females,CWF,maria_menounos/127.jpg,,low_confidence
maria_menounos,139,White_Females,CWF,maria_menounos/139.jpg,,low_confidence
maria_menounos,150,White_Females,CWF,maria_menounos/150.jpg,,no_face
maria_menounos,181,White_Females,CWF,maria_menounos/181.jpg,maria_menounos_0181.npy,ok
maria_menounos,186,White_Females,CWF,maria_menounos/186.jpg,,low_confidence
maria_menounos,196,White_Females,CWF,maria_menounos/196.jpg,,low_confidence
maria_menounos,223,White_Females,CWF,maria_menounos/223.jpg,,low_confidence
maria_menounos,224,White_Females,CWF,maria_menounos/224.jpg,,no_face
mary_lynn_rajskub,5,White_Females,CWF,mary_lynn_rajskub/005.jpg,,no_face
mary_lynn_rajskub,13,White_Females,CWF,mary_lynn_rajskub/013.jpg,,no_face
mary_lynn_rajskub,23,White_Females,CWF,mary_lynn_rajskub/023.jpg,,no_face
mary_lynn_rajskub,30,White_Females,CWF,mary_lynn_rajskub/030.jpg,,low_confidence
mary_lynn_rajskub,37,White_Females,CWF,mary_lynn_rajskub/037.jpg,,no_face
mary_lynn_rajskub,49,White_Females,CWF,mary_lynn_rajskub/049.jpg,,low_confidence
mary_lynn_rajskub,58,White_Females,CWF,mary_lynn_rajskub/058.jpg,,low_confidence
mary_lynn_rajskub,63,White_Females,CWF,mary_lynn_rajskub/063.jpg,,low_confidence
mary_lynn_rajskub,69,White_Females,CWF,mary_lynn_rajskub/069.jpg,mary_lynn_rajskub_0069.npy,ok
mary_lynn_rajskub,75,White_Females,CWF,mary_lynn_rajskub/075.jpg,,no_face
mary_lynn_rajskub,81,White_Females,CWF,mary_lynn_rajskub/081.jpg,,low_confidence
mary_lynn_rajskub,83,White_Females,CWF,mary_lynn_rajskub/083.jpg,,low_confidence
mary_lynn_rajskub,86,White_Females,CWF,mary_lynn_rajskub/086.jpg,mary_lynn_rajskub_0086.npy,ok
mary_lynn_rajskub,89,White_Females,CWF,mary_lynn_rajskub/089.jpg,,low_confidence
mary_lynn_rajskub,91,White_Females,CWF,mary_lynn_rajskub/091.jpg,,low_confidence
mary_lynn_rajskub,95,White_Females,CWF,mary_lynn_rajskub/095.jpg,mary_lynn_rajskub_0095.npy,ok
mary_lynn_rajskub,114,White_Females,CWF,mary_lynn_rajskub/114.jpg,mary_lynn_rajskub_0114.npy,ok
mary_lynn_rajskub,124,White_Females,CWF,mary_lynn_rajskub/124.jpg,,low_confidence
megan_marie_wilson,4,White_Females,CWF,megan_marie_wilson/004.jpg,megan_marie_wilson_0004.npy,ok
megan_marie_wilson,5,White_Females,CWF,megan_marie_wilson/005.jpg,,low_confidence
megan_marie_wilson,7,White_Females,CWF,megan_marie_wilson/007.jpg,,no_face
megan_marie_wilson,8,White_Females,CWF,megan_marie_wilson/008.jpg,megan_marie_wilson_0008.npy,ok
megan_marie_wilson,14,White_Females,CWF,megan_marie_wilson/014.jpg,megan_marie_wilson_0014.npy,ok
megan_marie_wilson,15,White_Females,CWF,megan_marie_wilson/015.jpg,,no_face
megan_marie_wilson,16,White_Females,CWF,megan_marie_wilson/016.jpg,megan_marie_wilson_0016.npy,ok
megan_marie_wilson,18,White_Females,CWF,megan_marie_wilson/018.jpg,megan_marie_wilson_0018.npy,ok
megan_marie_wilson,21,White_Females,CWF,megan_marie_wilson/021.jpg,,low_confidence
megan_marie_wilson,24,White_Females,CWF,megan_marie_wilson/024.jpg,megan_marie_wilson_0024.npy,ok
megan_marie_wilson,30,White_Females,CWF,megan_marie_wilson/030.jpg,,low_confidence
megan_marie_wilson,36,White_Females,CWF,megan_marie_wilson/036.jpg,megan_marie_wilson_0036.npy,ok
megan_marie_wilson,43,White_Females,CWF,megan_marie_wilson/043.jpg,megan_marie_wilson_0043.npy,ok
megan_marie_wilson,48,White_Females,CWF,megan_marie_wilson/048.jpg,megan_marie_wilson_0048.npy,ok
megan_marie_wilson,50,White_Females,CWF,megan_marie_wilson/050.jpg,,low_confidence
megan_marie_wilson,51,White_Females,CWF,megan_marie_wilson/051.jpg,megan_marie_wilson_0051.npy,ok
megan_marie_wilson,52,White_Females,CWF,megan_marie_wilson/052.jpg,megan_marie_wilson_0052.npy,ok
megan_marie_wilson,55,White_Females,CWF,megan_marie_wilson/055.jpg,megan_marie_wilson_0055.npy,ok
melanie_lynskey,3,White_Females,CWF,melanie_lynskey/003.jpg,,spoof_detected
melanie_lynskey,12,White_Females,CWF,melanie_lynskey/012.jpg,,no_face
melanie_lynskey,20,White_Females,CWF,melanie_lynskey/020.jpg,,low_confidence
melanie_lynskey,28,White_Females,CWF,melanie_lynskey/028.jpg,melanie_lynskey_0028.npy,ok
melanie_lynskey,29,White_Females,CWF,melanie_lynskey/029.jpg,,no_face
melanie_lynskey,38,White_Females,CWF,melanie_lynskey/038.jpg,melanie_lynskey_0038.npy,ok
melanie_lynskey,48,White_Females,CWF,melanie_lynskey/048.jpg,,spoof_detected
melanie_lynskey,54,White_Females,CWF,melanie_lynskey/054.jpg,melanie_lynskey_0054.npy,ok
melanie_lynskey,56,White_Females,CWF,melanie_lynskey/056.jpg,,low_confidence
melanie_lynskey,57,White_Females,CWF,melanie_lynskey/057.jpg,,no_face
melanie_lynskey,59,White_Females,CWF,melanie_lynskey/059.jpg,,no_face
melanie_lynskey,70,White_Females,CWF,melanie_lynskey/070.jpg,,low_confidence
melanie_lynskey,79,White_Females,CWF,melanie_lynskey/079.jpg,,low_confidence
melanie_lynskey,88,White_Females,CWF,melanie_lynskey/088.jpg,melanie_lynskey_0088.npy,ok
melanie_lynskey,89,White_Females,CWF,melanie_lynskey/089.jpg,,spoof_detected
melanie_lynskey,90,White_Females,CWF,melanie_lynskey/090.jpg,melanie_lynskey_0090.npy,ok
melanie_lynskey,91,White_Females,CWF,melanie_lynskey/091.jpg,melanie_lynskey_0091.npy,ok
melanie_lynskey,93,White_Females,CWF,melanie_lynskey/093.jpg,,no_face
melinda_clarke,1,White_Females,CWF,melinda_clarke/001.jpg,,low_confidence
melinda_clarke,15,White_Females,CWF,melinda_clarke/015.jpg,,low_confidence
melinda_clarke,23,White_Females,CWF,melinda_clarke/023.jpg,,no_face
melinda_clarke,35,White_Females,CWF,melinda_clarke/035.jpg,,low_confidence
melinda_clarke,39,White_Females,CWF,melinda_clarke/039.jpg,melinda_clarke_0039.npy,ok
melinda_clarke,41,White_Females,CWF,melinda_clarke/041.jpg,melinda_clarke_0041.npy,ok
melinda_clarke,43,White_Females,CWF,melinda_clarke/043.jpg,,no_face
melinda_clarke,44,White_Females,CWF,melinda_clarke/044.jpg,,no_face
melinda_clarke,75,White_Females,CWF,melinda_clarke/075.jpg,melinda_clarke_0075.npy,ok
melinda_clarke,76,White_Females,CWF,melinda_clarke/076.jpg,melinda_clarke_0076.npy,ok
melinda_clarke,77,White_Females,CWF,melinda_clarke/077.jpg,,no_face
melinda_clarke,78,White_Females,CWF,melinda_clarke/078.jpg,,no_face
melinda_clarke,80,White_Females,CWF,melinda_clarke/080.jpg,,low_confidence
melinda_clarke,83,White_Females,CWF,melinda_clarke/083.jpg,melinda_clarke_0083.npy,ok
melinda_clarke,85,White_Females,CWF,melinda_clarke/085.jpg,,low_confidence
melinda_clarke,89,White_Females,CWF,melinda_clarke/089.jpg,melinda_clarke_0089.npy,ok
melinda_clarke,91,White_Females,CWF,melinda_clarke/091.jpg,,low_confidence
melinda_clarke,93,White_Females,CWF,melinda_clarke/093.jpg,,no_face
melora_walters,1,White_Females,CWF,melora_walters/001.jpg,melora_walters_0001.npy,ok
melora_walters,2,White_Females,CWF,melora_walters/002.jpg,melora_walters_0002.npy,ok
melora_walters,4,White_Females,CWF,melora_walters/004.jpg,melora_walters_0004.npy,ok
melora_walters,14,White_Females,CWF,melora_walters/014.jpg,,low_confidence
melora_walters,16,White_Females,CWF,melora_walters/016.jpg,melora_walters_0016.npy,ok
melora_walters,20,White_Females,CWF,melora_walters/020.jpg,,spoof_detected
melora_walters,24,White_Females,CWF,melora_walters/024.jpg,melora_walters_0024.npy,ok
melora_walters,27,White_Females,CWF,melora_walters/027.jpg,,low_confidence
melora_walters,32,White_Females,CWF,melora_walters/032.jpg,,low_confidence
melora_walters,36,White_Females,CWF,melora_walters/036.jpg,,low_confidence
melora_walters,41,White_Females,CWF,melora_walters/041.jpg,,low_confidence
melora_walters,42,White_Females,CWF,melora_walters/042.jpg,,low_confidence
melora_walters,48,White_Females,CWF,melora_walters/048.jpg,melora_walters_0048.npy,ok
melora_walters,49,White_Females,CWF,melora_walters/049.jpg,melora_walters_0049.npy,ok
melora_walters,50,White_Females,CWF,melora_walters/050.jpg,,low_confidence
melora_walters,53,White_Females,CWF,melora_walters/053.jpg,melora_walters_0053.npy,ok
melora_walters,54,White_Females,CWF,melora_walters/054.jpg,melora_walters_0054.npy,ok
melora_walters,56,White_Females,CWF,melora_walters/056.jpg,,low_confidence
michelle_trachtenberg,25,White_Females,CWF,michelle_trachtenberg/025.jpg,,low_confidence
michelle_trachtenberg,31,White_Females,CWF,michelle_trachtenberg/031.jpg,michelle_trachtenberg_0031.npy,ok
michelle_trachtenberg,64,White_Females,CWF,michelle_trachtenberg/064.jpg,,low_confidence
michelle_trachtenberg,85,White_Females,CWF,michelle_trachtenberg/085.jpg,,no_face
michelle_trachtenberg,166,White_Females,CWF,michelle_trachtenberg/166.jpg,,no_face
michelle_trachtenberg,170,White_Females,CWF,michelle_trachtenberg/170.jpg,,spoof_detected
michelle_trachtenberg,171,White_Females,CWF,michelle_trachtenberg/171.jpg,,low_confidence
michelle_trachtenberg,196,White_Females,CWF,michelle_trachtenberg/196.jpg,,low_confidence
michelle_trachtenberg,205,White_Females,CWF,michelle_trachtenberg/205.jpg,,low_confidence
michelle_trachtenberg,231,White_Females,CWF,michelle_trachtenberg/231.jpg,michelle_trachtenberg_0231.npy,ok
michelle_trachtenberg,232,White_Females,CWF,michelle_trachtenberg/232.jpg,michelle_trachtenberg_0232.npy,ok
michelle_trachtenberg,258,White_Females,CWF,michelle_trachtenberg/258.jpg,michelle_trachtenberg_0258.npy,ok
michelle_trachtenberg,261,White_Females,CWF,michelle_trachtenberg/261.jpg,michelle_trachtenberg_0261.npy,ok
michelle_trachtenberg,290,White_Females,CWF,michelle_trachtenberg/290.jpg,,low_confidence
michelle_trachtenberg,302,White_Females,CWF,michelle_trachtenberg/302.jpg,,low_confidence
michelle_trachtenberg,315,White_Females,CWF,michelle_trachtenberg/315.jpg,,low_confidence
michelle_trachtenberg,324,White_Females,CWF,michelle_trachtenberg/324.jpg,michelle_trachtenberg_0324.npy,ok
michelle_trachtenberg,339,White_Females,CWF,michelle_trachtenberg/339.jpg,michelle_trachtenberg_0339.npy,ok
miranda_richardson,11,White_Females,CWF,miranda_richardson/011.jpg,miranda_richardson_0011.npy,ok
miranda_richardson,13,White_Females,CWF,miranda_richardson/013.jpg,miranda_richardson_0013.npy,ok
miranda_richardson,21,White_Females,CWF,miranda_richardson/021.jpg,miranda_richardson_0021.npy,ok
miranda_richardson,27,White_Females,CWF,miranda_richardson/027.jpg,,low_confidence
miranda_richardson,28,White_Females,CWF,miranda_richardson/028.jpg,,spoof_detected
miranda_richardson,35,White_Females,CWF,miranda_richardson/035.jpg,,low_confidence
miranda_richardson,39,White_Females,CWF,miranda_richardson/039.jpg,,no_face
miranda_richardson,44,White_Females,CWF,miranda_richardson/044.jpg,,low_confidence
miranda_richardson,45,White_Females,CWF,miranda_richardson/045.jpg,miranda_richardson_0045.npy,ok
miranda_richardson,47,White_Females,CWF,miranda_richardson/047.jpg,,low_confidence
miranda_richardson,49,White_Females,CWF,miranda_richardson/049.jpg,,low_confidence
miranda_richardson,50,White_Females,CWF,miranda_richardson/050.jpg,,low_confidence
miranda_richardson,52,White_Females,CWF,miranda_richardson/052.jpg,,low_confidence
miranda_richardson,53,White_Females,CWF,miranda_richardson/053.jpg,miranda_richardson_0053.npy,ok
miranda_richardson,55,White_Females,CWF,miranda_richardson/055.jpg,,low_confidence
miranda_richardson,56,White_Females,CWF,miranda_richardson/056.jpg,,low_confidence
miranda_richardson,63,White_Females,CWF,miranda_richardson/063.jpg,miranda_richardson_0063.npy,ok
miranda_richardson,68,White_Females,CWF,miranda_richardson/068.jpg,,low_confidence
mylene_dinh-robic,1,White_Females,CWF,mylene_dinh-robic/001.jpg,,no_face
mylene_dinh-robic,4,White_Females,CWF,mylene_dinh-robic/004.jpg,,low_confidence
mylene_dinh-robic,6,White_Females,CWF,mylene_dinh-robic/006.jpg,mylene_dinh-robic_0006.npy,ok
mylene_dinh-robic,9,White_Females,CWF,mylene_dinh-robic/009.jpg,,low_confidence
mylene_dinh-robic,10,White_Females,CWF,mylene_dinh-robic/010.jpg,,low_confidence
mylene_dinh-robic,15,White_Females,CWF,mylene_dinh-robic/015.jpg,,no_face
mylene_dinh-robic,904,White_Females,CWF,mylene_dinh-robic/904.jpg,mylene_dinh-robic_0904.npy,ok
mylene_dinh-robic,906,White_Females,CWF,mylene_dinh-robic/906.jpg,,no_face
mylene_dinh-robic,910,White_Females,CWF,mylene_dinh-robic/910.jpg,,spoof_detected
mylene_dinh-robic,911,White_Females,CWF,mylene_dinh-robic/911.jpg,mylene_dinh-robic_0911.npy,ok
mylene_dinh-robic,916,White_Females,CWF,mylene_dinh-robic/916.jpg,mylene_dinh-robic_0916.npy,ok
mylene_dinh-robic,917,White_Females,CWF,mylene_dinh-robic/917.jpg,mylene_dinh-robic_0917.npy,ok
mylene_dinh-robic,918,White_Females,CWF,mylene_dinh-robic/918.jpg,,spoof_detected
mylene_dinh-robic,920,White_Females,CWF,mylene_dinh-robic/920.jpg,,low_confidence
mylene_dinh-robic,923,White_Females,CWF,mylene_dinh-robic/923.jpg,mylene_dinh-robic_0923.npy,ok
mylene_dinh-robic,931,White_Females,CWF,mylene_dinh-robic/931.jpg,mylene_dinh-robic_0931.npy,ok
mylene_dinh-robic,936,White_Females,CWF,mylene_dinh-robic/936.jpg,mylene_dinh-robic_0936.npy,ok
mylene_dinh-robic,940,White_Females,CWF,mylene_dinh-robic/940.jpg,mylene_dinh-robic_0940.npy,ok
neve_campbell,12,White_Females,CWF,neve_campbell/012.jpg,neve_campbell_0012.npy,ok
neve_campbell,14,White_Females,CWF,neve_campbell/014.jpg,,no_face
neve_campbell,37,White_Females,CWF,neve_campbell/037.jpg,,low_confidence
neve_campbell,40,White_Females,CWF,neve_campbell/040.jpg,,spoof_detected
neve_campbell,53,White_Females,CWF,neve_campbell/053.jpg,,low_confidence
neve_campbell,64,White_Females,CWF,neve_campbell/064.jpg,neve_campbell_0064.npy,ok
neve_campbell,73,White_Females,CWF,neve_campbell/073.jpg,,no_face
neve_campbell,75,White_Females,CWF,neve_campbell/075.jpg,,low_confidence
neve_campbell,87,White_Females,CWF,neve_campbell/087.jpg,,no_face
neve_campbell,102,White_Females,CWF,neve_campbell/102.jpg,,low_confidence
neve_campbell,107,White_Females,CWF,neve_campbell/107.jpg,,low_confidence
neve_campbell,112,White_Females,CWF,neve_campbell/112.jpg,,no_face
neve_campbell,114,White_Females,CWF,neve_campbell/114.jpg,neve_campbell_0114.npy,ok
neve_campbell,118,White_Females,CWF,neve_campbell/118.jpg,,low_confidence
neve_campbell,130,White_Females,CWF,neve_campbell/130.jpg,,low_confidence
neve_campbell,137,White_Females,CWF,neve_campbell/137.jpg,,no_face
neve_campbell,139,White_Females,CWF,neve_campbell/139.jpg,neve_campbell_0139.npy,ok
neve_campbell,143,White_Females,CWF,neve_campbell/143.jpg,neve_campbell_0143.npy,ok
odette_annable,7,White_Females,CWF,odette_annable/007.jpg,,low_confidence
odette_annable,9,White_Females,CWF,odette_annable/009.jpg,,no_face
odette_annable,17,White_Females,CWF,odette_annable/017.jpg,,low_confidence
odette_annable,19,White_Females,CWF,odette_annable/019.jpg,,no_face
odette_annable,53,White_Females,CWF,odette_annable/053.jpg,odette_annable_0053.npy,ok
odette_annable,60,White_Females,CWF,odette_annable/060.jpg,odette_annable_0060.npy,ok
odette_annable,61,White_Females,CWF,odette_annable/061.jpg,,no_face
odette_annable,65,White_Females,CWF,odette_annable/065.jpg,,no_face
odette_annable,88,White_Females,CWF,odette_annable/088.jpg,,no_face
odette_annable,92,White_Females,CWF,odette_annable/092.jpg,,no_face
odette_annable,104,White_Females,CWF,odette_annable/104.jpg,,no_face
odette_annable,119,White_Females,CWF,odette_annable/119.jpg,odette_annable_0119.npy,ok
odette_annable,125,White_Females,CWF,odette_annable/125.jpg,,low_confidence
odette_annable,126,White_Females,CWF,odette_annable/126.jpg,,no_face
odette_annable,128,White_Females,CWF,odette_annable/128.jpg,odette_annable_0128.npy,ok
odette_annable,150,White_Females,CWF,odette_annable/150.jpg,,low_confidence
odette_annable,161,White_Females,CWF,odette_annable/161.jpg,,no_face
odette_annable,162,White_Females,CWF,odette_annable/162.jpg,,low_confidence
rachel_mcadams,10,White_Females,CWF,rachel_mcadams/010.jpg,,low_confidence
rachel_mcadams,34,White_Females,CWF,rachel_mcadams/034.jpg,,low_confidence
rachel_mcadams,83,White_Females,CWF,rachel_mcadams/083.jpg,,spoof_detected
rachel_mcadams,92,White_Females,CWF,rachel_mcadams/092.jpg,rachel_mcadams_0092.npy,ok
rachel_mcadams,110,White_Females,CWF,rachel_mcadams/110.jpg,,low_confidence
rachel_mcadams,129,White_Females,CWF,rachel_mcadams/129.jpg,,no_face
rachel_mcadams,135,White_Females,CWF,rachel_mcadams/135.jpg,,no_face
rachel_mcadams,156,White_Females,CWF,rachel_mcadams/156.jpg,,low_confidence
rachel_mcadams,162,White_Females,CWF,rachel_mcadams/162.jpg,,low_confidence
rachel_mcadams,168,White_Females,CWF,rachel_mcadams/168.jpg,,low_confidence
rachel_mcadams,181,White_Females,CWF,rachel_mcadams/181.jpg,,low_confidence
rachel_mcadams,204,White_Females,CWF,rachel_mcadams/204.jpg,rachel_mcadams_0204.npy,ok
rachel_mcadams,213,White_Females,CWF,rachel_mcadams/213.jpg,,no_face
rachel_mcadams,225,White_Females,CWF,rachel_mcadams/225.jpg,,low_confidence
rachel_mcadams,239,White_Females,CWF,rachel_mcadams/239.jpg,rachel_mcadams_0239.npy,ok
rachel_mcadams,246,White_Females,CWF,rachel_mcadams/246.jpg,,low_confidence
rachel_mcadams,263,White_Females,CWF,rachel_mcadams/263.jpg,,low_confidence
rachel_mcadams,293,White_Females,CWF,rachel_mcadams/293.jpg,rachel_mcadams_0293.npy,ok
rene_russo,32,White_Females,CWF,rene_russo/032.jpg,,no_face
rene_russo,40,White_Females,CWF,rene_russo/040.jpg,,low_confidence
rene_russo,41,White_Females,CWF,rene_russo/041.jpg,,spoof_detected
rene_russo,46,White_Females,CWF,rene_russo/046.jpg,,low_confidence
rene_russo,52,White_Females,CWF,rene_russo/052.jpg,rene_russo_0052.npy,ok
rene_russo,64,White_Females,CWF,rene_russo/064.jpg,,low_confidence
rene_russo,70,White_Females,CWF,rene_russo/070.jpg,rene_russo_0070.npy,ok
rene_russo,77,White_Females,CWF,rene_russo/077.jpg,rene_russo_0077.npy,ok
rene_russo,88,White_Females,CWF,rene_russo/088.jpg,,spoof_detected
rene_russo,89,White_Females,CWF,rene_russo/089.jpg,,low_confidence
rene_russo,114,White_Females,CWF,rene_russo/114.jpg,,no_face
rene_russo,117,White_Females,CWF,rene_russo/117.jpg,rene_russo_0117.npy,ok
rene_russo,124,White_Females,CWF,rene_russo/124.jpg,,low_confidence
rene_russo,126,White_Females,CWF,rene_russo/126.jpg,,spoof_detected
rene_russo,127,White_Females,CWF,rene_russo/127.jpg,,no_face
rene_russo,136,White_Females,CWF,rene_russo/136.jpg,,low_confidence
rene_russo,152,White_Females,CWF,rene_russo/152.jpg,,no_face
rene_russo,155,White_Females,CWF,rene_russo/155.jpg,,spoof_detected
rheagan_wallace,1,White_Females,CWF,rheagan_wallace/001.jpg,,low_confidence
rheagan_wallace,3,White_Females,CWF,rheagan_wallace/003.jpg,,spoof_detected
rheagan_wallace,4,White_Females,CWF,rheagan_wallace/004.jpg,,low_confidence
rheagan_wallace,12,White_Females,CWF,rheagan_wallace/012.jpg,,no_face
rheagan_wallace,15,White_Females,CWF,rheagan_wallace/015.jpg,,no_face
rheagan_wallace,22,White_Females,CWF,rheagan_wallace/022.jpg,,no_face
rheagan_wallace,28,White_Females,CWF,rheagan_wallace/028.jpg,,low_confidence
rheagan_wallace,29,White_Females,CWF,rheagan_wallace/029.jpg,,low_confidence
rheagan_wallace,38,White_Females,CWF,rheagan_wallace/038.jpg,,no_face
rheagan_wallace,41,White_Females,CWF,rheagan_wallace/041.jpg,,no_face
rheagan_wallace,42,White_Females,CWF,rheagan_wallace/042.jpg,,no_face
rheagan_wallace,43,White_Females,CWF,rheagan_wallace/043.jpg,,low_confidence
rheagan_wallace,45,White_Females,CWF,rheagan_wallace/045.jpg,,no_face
rheagan_wallace,47,White_Females,CWF,rheagan_wallace/047.jpg,,no_face
rheagan_wallace,50,White_Females,CWF,rheagan_wallace/050.jpg,,low_confidence
rheagan_wallace,53,White_Females,CWF,rheagan_wallace/053.jpg,,no_face
rheagan_wallace,55,White_Females,CWF,rheagan_wallace/055.jpg,,low_confidence
rheagan_wallace,58,White_Females,CWF,rheagan_wallace/058.jpg,,low_confidence
rhona_mitra,11,White_Females,CWF,rhona_mitra/011.jpg,rhona_mitra_0011.npy,ok
rhona_mitra,19,White_Females,CWF,rhona_mitra/019.jpg,,low_confidence
rhona_mitra,32,White_Females,CWF,rhona_mitra/032.jpg,,low_confidence
rhona_mitra,33,White_Females,CWF,rhona_mitra/033.jpg,rhona_mitra_0033.npy,ok
rhona_mitra,35,White_Females,CWF,rhona_mitra/035.jpg,rhona_mitra_0035.npy,ok
rhona_mitra,54,White_Females,CWF,rhona_mitra/054.jpg,,low_confidence
rhona_mitra,61,White_Females,CWF,rhona_mitra/061.jpg,,no_face
rhona_mitra,73,White_Females,CWF,rhona_mitra/073.jpg,,low_confidence
rhona_mitra,83,White_Females,CWF,rhona_mitra/083.jpg,rhona_mitra_0083.npy,ok
rhona_mitra,90,White_Females,CWF,rhona_mitra/090.jpg,,no_face
rhona_mitra,95,White_Females,CWF,rhona_mitra/095.jpg,,low_confidence
rhona_mitra,96,White_Females,CWF,rhona_mitra/096.jpg,,low_confidence
rhona_mitra,117,White_Females,CWF,rhona_mitra/117.jpg,,low_confidence
rhona_mitra,119,White_Females,CWF,rhona_mitra/119.jpg,,low_confidence
rhona_mitra,142,White_Females,CWF,rhona_mitra/142.jpg,,no_face
rhona_mitra,147,White_Females,CWF,rhona_mitra/147.jpg,,no_face
rhona_mitra,148,White_Females,CWF,rhona_mitra/148.jpg,rhona_mitra_0148.npy,ok
rhona_mitra,160,White_Females,CWF,rhona_mitra/160.jpg,,spoof_detected
romola_garai,1,White_Females,CWF,romola_garai/001.jpg,,no_face
romola_garai,4,White_Females,CWF,romola_garai/004.jpg,,low_confidence
romola_garai,5,White_Females,CWF,romola_garai/005.jpg,romola_garai_0005.npy,ok
romola_garai,13,White_Females,CWF,romola_garai/013.jpg,,no_face
romola_garai,17,White_Females,CWF,romola_garai/017.jpg,,low_confidence
romola_garai,20,White_Females,CWF,romola_garai/020.jpg,,low_confidence
romola_garai,22,White_Females,CWF,romola_garai/022.jpg,,no_face
romola_garai,27,White_Females,CWF,romola_garai/027.jpg,romola_garai_0027.npy,ok
romola_garai,33,White_Females,CWF,romola_garai/033.jpg,,low_confidence
romola_garai,34,White_Females,CWF,romola_garai/034.jpg,,low_confidence
romola_garai,36,White_Females,CWF,romola_garai/036.jpg,romola_garai_0036.npy,ok
romola_garai,38,White_Females,CWF,romola_garai/038.jpg,romola_garai_0038.npy,ok
romola_garai,48,White_Females,CWF,romola_garai/048.jpg,,low_confidence
romola_garai,55,White_Females,CWF,romola_garai/055.jpg,,low_confidence
romola_garai,57,White_Females,CWF,romola_garai/057.jpg,,low_confidence
romola_garai,58,White_Females,CWF,romola_garai/058.jpg,,low_confidence
romola_garai,63,White_Females,CWF,romola_garai/063.jpg,,low_confidence
romola_garai,71,White_Females,CWF,romola_garai/071.jpg,romola_garai_0071.npy,ok
rose_byrne,6,White_Females,CWF,rose_byrne/006.jpg,,low_confidence
rose_byrne,13,White_Females,CWF,rose_byrne/013.jpg,,no_face
rose_byrne,39,White_Females,CWF,rose_byrne/039.jpg,rose_byrne_0039.npy,ok
rose_byrne,44,White_Females,CWF,rose_byrne/044.jpg,,low_confidence
rose_byrne,48,White_Females,CWF,rose_byrne/048.jpg,,low_confidence
rose_byrne,51,White_Females,CWF,rose_byrne/051.jpg,rose_byrne_0051.npy,ok
rose_byrne,53,White_Females,CWF,rose_byrne/053.jpg,,no_face
rose_byrne,55,White_Females,CWF,rose_byrne/055.jpg,rose_byrne_0055.npy,ok
rose_byrne,74,White_Females,CWF,rose_byrne/074.jpg,,spoof_detected
rose_byrne,78,White_Females,CWF,rose_byrne/078.jpg,rose_byrne_0078.npy,ok
rose_byrne,79,White_Females,CWF,rose_byrne/079.jpg,,spoof_detected
rose_byrne,82,White_Females,CWF,rose_byrne/082.jpg,,spoof_detected
rose_byrne,118,White_Females,CWF,rose_byrne/118.jpg,rose_byrne_0118.npy,ok
rose_byrne,155,White_Females,CWF,rose_byrne/155.jpg,,no_face
rose_byrne,188,White_Females,CWF,rose_byrne/188.jpg,rose_byrne_0188.npy,ok
rose_byrne,205,White_Females,CWF,rose_byrne/205.jpg,rose_byrne_0205.npy,ok
rose_byrne,207,White_Females,CWF,rose_byrne/207.jpg,,low_confidence
rose_byrne,212,White_Females,CWF,rose_byrne/212.jpg,rose_byrne_0212.npy,ok
sadie_calvano,4,White_Females,CWF,sadie_calvano/004.jpg,,low_confidence
sadie_calvano,14,White_Females,CWF,sadie_calvano/014.jpg,,low_confidence
sadie_calvano,16,White_Females,CWF,sadie_calvano/016.jpg,,no_face
sadie_calvano,24,White_Females,CWF,sadie_calvano/024.jpg,,no_face
sadie_calvano,26,White_Females,CWF,sadie_calvano/026.jpg,sadie_calvano_0026.npy,ok
sadie_calvano,30,White_Females,CWF,sadie_calvano/030.jpg,sadie_calvano_0030.npy,ok
sadie_calvano,33,White_Females,CWF,sadie_calvano/033.jpg,,no_face
sadie_calvano,36,White_Females,CWF,sadie_calvano/036.jpg,,low_confidence
sadie_calvano,38,White_Females,CWF,sadie_calvano/038.jpg,,low_confidence
sadie_calvano,41,White_Females,CWF,sadie_calvano/041.jpg,sadie_calvano_0041.npy,ok
sadie_calvano,42,White_Females,CWF,sadie_calvano/042.jpg,,low_confidence
sadie_calvano,43,White_Females,CWF,sadie_calvano/043.jpg,sadie_calvano_0043.npy,ok
sadie_calvano,47,White_Females,CWF,sadie_calvano/047.jpg,sadie_calvano_0047.npy,ok
sadie_calvano,50,White_Females,CWF,sadie_calvano/050.jpg,,low_confidence
sadie_calvano,57,White_Females,CWF,sadie_calvano/057.jpg,,no_face
sadie_calvano,58,White_Females,CWF,sadie_calvano/058.jpg,,no_face
sadie_calvano,62,White_Females,CWF,sadie_calvano/062.jpg,,low_confidence
sadie_calvano,66,White_Females,CWF,sadie_calvano/066.jpg,,low_confidence
samantha_harris,2,White_Females,CWF,samantha_harris/002.jpg,,spoof_detected
samantha_harris,10,White_Females,CWF,samantha_harris/010.jpg,,low_confidence
samantha_harris,16,White_Females,CWF,samantha_harris/016.jpg,samantha_harris_0016.npy,ok
samantha_harris,21,White_Females,CWF,samantha_harris/021.jpg,,low_confidence
samantha_harris,24,White_Females,CWF,samantha_harris/024.jpg,,low_confidence
samantha_harris,25,White_Females,CWF,samantha_harris/025.jpg,,low_confidence
samantha_harris,31,White_Females,CWF,samantha_harris/031.jpg,samantha_harris_0031.npy,ok
samantha_harris,32,White_Females,CWF,samantha_harris/032.jpg,,low_confidence
samantha_harris,47,White_Females,CWF,samantha_harris/047.jpg,samantha_harris_0047.npy,ok
samantha_harris,50,White_Females,CWF,samantha_harris/050.jpg,,low_confidence
samantha_harris,58,White_Females,CWF,samantha_harris/058.jpg,,low_confidence
samantha_harris,70,White_Females,CWF,samantha_harris/070.jpg,,low_confidence
samantha_harris,79,White_Females,CWF,samantha_harris/079.jpg,,no_face
samantha_harris,81,White_Females,CWF,samantha_harris/081.jpg,,low_confidence
samantha_harris,87,White_Females,CWF,samantha_harris/087.jpg,,low_confidence
samantha_harris,88,White_Females,CWF,samantha_harris/088.jpg,samantha_harris_0088.npy,ok
samantha_harris,97,White_Females,CWF,samantha_harris/097.jpg,,low_confidence
samantha_harris,99,White_Females,CWF,samantha_harris/099.jpg,,low_confidence
sara_paxton,9,White_Females,CWF,sara_paxton/009.jpg,,low_confidence
sara_paxton,10,White_Females,CWF,sara_paxton/010.jpg,,no_face
sara_paxton,21,White_Females,CWF,sara_paxton/021.jpg,,low_confidence
sara_paxton,22,White_Females,CWF,sara_paxton/022.jpg,,no_face
sara_paxton,27,White_Females,CWF,sara_paxton/027.jpg,,spoof_detected
sara_paxton,46,White_Females,CWF,sara_paxton/046.jpg,,no_face
sara_paxton,47,White_Females,CWF,sara_paxton/047.jpg,,no_face
sara_paxton,52,White_Females,CWF,sara_paxton/052.jpg,sara_paxton_0052.npy,ok
sara_paxton,54,White_Females,CWF,sara_paxton/054.jpg,,low_confidence
sara_paxton,67,White_Females,CWF,sara_paxton/067.jpg,,low_confidence
sara_paxton,71,White_Females,CWF,sara_paxton/071.jpg,,no_face
sara_paxton,76,White_Females,CWF,sara_paxton/076.jpg,,low_confidence
sara_paxton,78,White_Females,CWF,sara_paxton/078.jpg,,low_confidence
sara_paxton,80,White_Females,CWF,sara_paxton/080.jpg,,no_face
sara_paxton,84,White_Females,CWF,sara_paxton/084.jpg,,low_confidence
sara_paxton,87,White_Females,CWF,sara_paxton/087.jpg,,low_confidence
sara_paxton,92,White_Females,CWF,sara_paxton/092.jpg,,low_confidence
sara_paxton,93,White_Females,CWF,sara_paxton/093.jpg,,low_confidence
shakira,7,White_Females,CWF,shakira/007.jpg,,no_face
shakira,9,White_Females,CWF,shakira/009.jpg,shakira_0009.npy,ok
shakira,14,White_Females,CWF,shakira/014.jpg,,no_face
shakira,22,White_Females,CWF,shakira/022.jpg,,no_face
shakira,24,White_Females,CWF,shakira/024.jpg,,no_face
shakira,33,White_Females,CWF,shakira/033.jpg,,low_confidence
shakira,39,White_Females,CWF,shakira/039.jpg,,no_face
shakira,44,White_Females,CWF,shakira/044.jpg,,no_face
shakira,45,White_Females,CWF,shakira/045.jpg,,no_face
shakira,53,White_Females,CWF,shakira/053.jpg,,low_confidence
shakira,59,White_Females,CWF,shakira/059.jpg,shakira_0059.npy,ok
shakira,76,White_Females,CWF,shakira/076.jpg,,low_confidence
shakira,77,White_Females,CWF,shakira/077.jpg,,no_face
shakira,87,White_Females,CWF,shakira/087.jpg,,no_face
shakira,93,White_Females,CWF,shakira/093.jpg,,no_face
shakira,95,White_Females,CWF,shakira/095.jpg,,no_face
shakira,100,White_Females,CWF,shakira/100.jpg,,no_face
shakira,102,White_Females,CWF,shakira/102.jpg,,low_confidence
shannon_woodward,1,White_Females,CWF,shannon_woodward/001.jpg,shannon_woodward_0001.npy,ok
shannon_woodward,9,White_Females,CWF,shannon_woodward/009.jpg,,no_face
shannon_woodward,10,White_Females,CWF,shannon_woodward/010.jpg,shannon_woodward_0010.npy,ok
shannon_woodward,12,White_Females,CWF,shannon_woodward/012.jpg,,low_confidence
shannon_woodward,15,White_Females,CWF,shannon_woodward/015.jpg,shannon_woodward_0015.npy,ok
shannon_woodward,17,White_Females,CWF,shannon_woodward/017.jpg,,low_confidence
shannon_woodward,20,White_Females,CWF,shannon_woodward/020.jpg,,low_confidence
shannon_woodward,22,White_Females,CWF,shannon_woodward/022.jpg,,low_confidence
shannon_woodward,26,White_Females,CWF,shannon_woodward/026.jpg,,no_face
shannon_woodward,28,White_Females,CWF,shannon_woodward/028.jpg,,low_confidence
shannon_woodward,34,White_Females,CWF,shannon_woodward/034.jpg,shannon_woodward_0034.npy,ok
shannon_woodward,36,White_Females,CWF,shannon_woodward/036.jpg,shannon_woodward_0036.npy,ok
shannon_woodward,38,White_Females,CWF,shannon_woodward/038.jpg,,no_face
shannon_woodward,40,White_Females,CWF,shannon_woodward/040.jpg,,no_face
shannon_woodward,47,White_Females,CWF,shannon_woodward/047.jpg,,low_confidence
shannon_woodward,50,White_Females,CWF,shannon_woodward/050.jpg,shannon_woodward_0050.npy,ok
shannon_woodward,54,White_Females,CWF,shannon_woodward/054.jpg,,low_confidence
shannon_woodward,57,White_Females,CWF,shannon_woodward/057.jpg,,low_confidence
sherrie_rose,2,White_Females,CWF,sherrie_rose/002.jpg,,spoof_detected
sherrie_rose,3,White_Females,CWF,sherrie_rose/003.jpg,sherrie_rose_0003.npy,ok
sherrie_rose,6,White_Females,CWF,sherrie_rose/006.jpg,,no_face
sherrie_rose,16,White_Females,CWF,sherrie_rose/016.jpg,,no_face
sherrie_rose,17,White_Females,CWF,sherrie_rose/017.jpg,,low_confidence
sherrie_rose,23,White_Females,CWF,sherrie_rose/023.jpg,,spoof_detected
sherrie_rose,24,White_Females,CWF,sherrie_rose/024.jpg,,no_face
sherrie_rose,31,White_Females,CWF,sherrie_rose/031.jpg,,low_confidence
sherrie_rose,32,White_Females,CWF,sherrie_rose/032.jpg,,low_confidence
sherrie_rose,38,White_Females,CWF,sherrie_rose/038.jpg,,low_confidence
sherrie_rose,40,White_Females,CWF,sherrie_rose/040.jpg,,no_face
sherrie_rose,41,White_Females,CWF,sherrie_rose/041.jpg,,no_face
sherrie_rose,46,White_Females,CWF,sherrie_rose/046.jpg,,low_confidence
sherrie_rose,47,White_Females,CWF,sherrie_rose/047.jpg,,spoof_detected
sherrie_rose,50,White_Females,CWF,sherrie_rose/050.jpg,,no_face
sherrie_rose,53,White_Females,CWF,sherrie_rose/053.jpg,,low_confidence
sherrie_rose,63,White_Females,CWF,sherrie_rose/063.jpg,sherrie_rose_0063.npy,ok
sherrie_rose,69,White_Females,CWF,sherrie_rose/069.jpg,,low_confidence
stacy_keibler,6,White_Females,CWF,stacy_keibler/006.jpg,,no_face
stacy_keibler,15,White_Females,CWF,stacy_keibler/015.jpg,,low_confidence
stacy_keibler,28,White_Females,CWF,stacy_keibler/028.jpg,stacy_keibler_0028.npy,ok
stacy_keibler,51,White_Females,CWF,stacy_keibler/051.jpg,,low_confidence
stacy_keibler,52,White_Females,CWF,stacy_keibler/052.jpg,,low_confidence
stacy_keibler,65,White_Females,CWF,stacy_keibler/065.jpg,,no_face
stacy_keibler,84,White_Females,CWF,stacy_keibler/084.jpg,,low_confidence
stacy_keibler,92,White_Females,CWF,stacy_keibler/092.jpg,,low_confidence
stacy_keibler,104,White_Females,CWF,stacy_keibler/104.jpg,,low_confidence
stacy_keibler,108,White_Females,CWF,stacy_keibler/108.jpg,,low_confidence
stacy_keibler,109,White_Females,CWF,stacy_keibler/109.jpg,,low_confidence
stacy_keibler,117,White_Females,CWF,stacy_keibler/117.jpg,,low_confidence
stacy_keibler,138,White_Females,CWF,stacy_keibler/138.jpg,stacy_keibler_0138.npy,ok
stacy_keibler,183,White_Females,CWF,stacy_keibler/183.jpg,,low_confidence
stacy_keibler,187,White_Females,CWF,stacy_keibler/187.jpg,,low_confidence
stacy_keibler,205,White_Females,CWF,stacy_keibler/205.jpg,,low_confidence
stacy_keibler,206,White_Females,CWF,stacy_keibler/206.jpg,stacy_keibler_0206.npy,ok
stacy_keibler,212,White_Females,CWF,stacy_keibler/212.jpg,stacy_keibler_0212.npy,ok
susan_downey,1,White_Females,CWF,susan_downey/001.jpg,,low_confidence
susan_downey,17,White_Females,CWF,susan_downey/017.jpg,,low_confidence
susan_downey,20,White_Females,CWF,susan_downey/020.jpg,,low_confidence
susan_downey,21,White_Females,CWF,susan_downey/021.jpg,,low_confidence
susan_downey,27,White_Females,CWF,susan_downey/027.jpg,,low_confidence
susan_downey,36,White_Females,CWF,susan_downey/036.jpg,,low_confidence
susan_downey,37,White_Females,CWF,susan_downey/037.jpg,,spoof_detected
susan_downey,40,White_Females,CWF,susan_downey/040.jpg,,low_confidence
susan_downey,41,White_Females,CWF,susan_downey/041.jpg,susan_downey_0041.npy,ok
susan_downey,43,White_Females,CWF,susan_downey/043.jpg,susan_downey_0043.npy,ok
susan_downey,48,White_Females,CWF,susan_downey/048.jpg,,low_confidence
susan_downey,52,White_Females,CWF,susan_downey/052.jpg,,low_confidence
susan_downey,59,White_Females,CWF,susan_downey/059.jpg,susan_downey_0059.npy,ok
susan_downey,64,White_Females,CWF,susan_downey/064.jpg,,no_face
susan_downey,66,White_Females,CWF,susan_downey/066.jpg,,no_face
susan_downey,71,White_Females,CWF,susan_downey/071.jpg,,no_face
susan_downey,72,White_Females,CWF,susan_downey/072.jpg,,low_confidence
susan_downey,73,White_Females,CWF,susan_downey/073.jpg,,no_face
tanit_phoenix,3,White_Females,CWF,tanit_phoenix/003.jpg,,low_confidence
tanit_phoenix,9,White_Females,CWF,tanit_phoenix/009.jpg,,low_confidence
tanit_phoenix,11,White_Females,CWF,tanit_phoenix/011.jpg,,low_confidence
tanit_phoenix,12,White_Females,CWF,tanit_phoenix/012.jpg,tanit_phoenix_0012.npy,ok
tanit_phoenix,13,White_Females,CWF,tanit_phoenix/013.jpg,,low_confidence
tanit_phoenix,18,White_Females,CWF,tanit_phoenix/018.jpg,,low_confidence
tanit_phoenix,19,White_Females,CWF,tanit_phoenix/019.jpg,,low_confidence
tanit_phoenix,21,White_Females,CWF,tanit_phoenix/021.jpg,,low_confidence
tanit_phoenix,24,White_Females,CWF,tanit_phoenix/024.jpg,,low_confidence
tanit_phoenix,30,White_Females,CWF,tanit_phoenix/030.jpg,tanit_phoenix_0030.npy,ok
tanit_phoenix,32,White_Females,CWF,tanit_phoenix/032.jpg,,low_confidence
tanit_phoenix,38,White_Females,CWF,tanit_phoenix/038.jpg,,low_confidence
tanit_phoenix,44,White_Females,CWF,tanit_phoenix/044.jpg,,no_face
tanit_phoenix,46,White_Females,CWF,tanit_phoenix/046.jpg,,low_confidence
tanit_phoenix,50,White_Females,CWF,tanit_phoenix/050.jpg,,no_face
tanit_phoenix,53,White_Females,CWF,tanit_phoenix/053.jpg,,low_confidence
tanit_phoenix,60,White_Females,CWF,tanit_phoenix/060.jpg,,low_confidence
tanit_phoenix,65,White_Females,CWF,tanit_phoenix/065.jpg,,low_confidence
taylor_swift,13,White_Females,CWF,taylor_swift/013.jpg,,low_confidence
taylor_swift,43,White_Females,CWF,taylor_swift/043.jpg,,low_confidence
taylor_swift,59,White_Females,CWF,taylor_swift/059.jpg,,low_confidence
taylor_swift,65,White_Females,CWF,taylor_swift/065.jpg,taylor_swift_0065.npy,ok
taylor_swift,89,White_Females,CWF,taylor_swift/089.jpg,,no_face
taylor_swift,105,White_Females,CWF,taylor_swift/105.jpg,,no_face
taylor_swift,135,White_Females,CWF,taylor_swift/135.jpg,,no_face
taylor_swift,136,White_Females,CWF,taylor_swift/136.jpg,,low_confidence
taylor_swift,160,White_Females,CWF,taylor_swift/160.jpg,,no_face
taylor_swift,180,White_Females,CWF,taylor_swift/180.jpg,,low_confidence
taylor_swift,182,White_Females,CWF,taylor_swift/182.jpg,,no_face
taylor_swift,193,White_Females,CWF,taylor_swift/193.jpg,,low_confidence
taylor_swift,240,White_Females,CWF,taylor_swift/240.jpg,,no_face
taylor_swift,244,White_Females,CWF,taylor_swift/244.jpg,,low_confidence
taylor_swift,271,White_Females,CWF,taylor_swift/271.jpg,taylor_swift_0271.npy,ok
taylor_swift,274,White_Females,CWF,taylor_swift/274.jpg,,no_face
taylor_swift,294,White_Females,CWF,taylor_swift/294.jpg,,low_confidence
taylor_swift,337,White_Females,CWF,taylor_swift/337.jpg,,no_face
terri_ivens,1,White_Females,CWF,terri_ivens/001.jpg,terri_ivens_0001.npy,ok
terri_ivens,5,White_Females,CWF,terri_ivens/005.jpg,,low_confidence
terri_ivens,11,White_Females,CWF,terri_ivens/011.jpg,terri_ivens_0011.npy,ok
terri_ivens,16,White_Females,CWF,terri_ivens/016.jpg,terri_ivens_0016.npy,ok
terri_ivens,24,White_Females,CWF,terri_ivens/024.jpg,,low_confidence
terri_ivens,28,White_Females,CWF,terri_ivens/028.jpg,terri_ivens_0028.npy,ok
terri_ivens,29,White_Females,CWF,terri_ivens/029.jpg,,no_face
terri_ivens,31,White_Females,CWF,terri_ivens/031.jpg,terri_ivens_0031.npy,ok
terri_ivens,39,White_Females,CWF,terri_ivens/039.jpg,terri_ivens_0039.npy,ok
terri_ivens,44,White_Females,CWF,terri_ivens/044.jpg,,no_face
terri_ivens,48,White_Females,CWF,terri_ivens/048.jpg,,no_face
terri_ivens,55,White_Females,CWF,terri_ivens/055.jpg,,no_face
terri_ivens,56,White_Females,CWF,terri_ivens/056.jpg,,low_confidence
terri_ivens,59,White_Females,CWF,terri_ivens/059.jpg,,no_face
terri_ivens,69,White_Females,CWF,terri_ivens/069.jpg,,low_confidence
terri_ivens,71,White_Females,CWF,terri_ivens/071.jpg,,low_confidence
terri_ivens,74,White_Females,CWF,terri_ivens/074.jpg,,no_face
terri_ivens,76,White_Females,CWF,terri_ivens/076.jpg,terri_ivens_0076.npy,ok
tricia_helfer,7,White_Females,CWF,tricia_helfer/007.jpg,tricia_helfer_0007.npy,ok
tricia_helfer,11,White_Females,CWF,tricia_helfer/011.jpg,,low_confidence
tricia_helfer,18,White_Females,CWF,tricia_helfer/018.jpg,,low_confidence
tricia_helfer,19,White_Females,CWF,tricia_helfer/019.jpg,tricia_helfer_0019.npy,ok
tricia_helfer,37,White_Females,CWF,tricia_helfer/037.jpg,,no_face
tricia_helfer,41,White_Females,CWF,tricia_helfer/041.jpg,tricia_helfer_0041.npy,ok
tricia_helfer,49,White_Females,CWF,tricia_helfer/049.jpg,tricia_helfer_0049.npy,ok
tricia_helfer,50,White_Females,CWF,tricia_helfer/050.jpg,tricia_helfer_0050.npy,ok
tricia_helfer,67,White_Females,CWF,tricia_helfer/067.jpg,,no_face
tricia_helfer,72,White_Females,CWF,tricia_helfer/072.jpg,,no_face
tricia_helfer,93,White_Females,CWF,tricia_helfer/093.jpg,,low_confidence
tricia_helfer,97,White_Females,CWF,tricia_helfer/097.jpg,,low_confidence
tricia_helfer,106,White_Females,CWF,tricia_helfer/106.jpg,,low_confidence
tricia_helfer,109,White_Females,CWF,tricia_helfer/109.jpg,,no_face
tricia_helfer,111,White_Females,CWF,tricia_helfer/111.jpg,,no_face
tricia_helfer,121,White_Females,CWF,tricia_helfer/121.jpg,,no_face
tricia_helfer,135,White_Females,CWF,tricia_helfer/135.jpg,,spoof_detected
tricia_helfer,139,White_Females,CWF,tricia_helfer/139.jpg,,no_face
valeria_golino,6,White_Females,CWF,valeria_golino/006.jpg,valeria_golino_0006.npy,ok
valeria_golino,13,White_Females,CWF,valeria_golino/013.jpg,valeria_golino_0013.npy,ok
valeria_golino,15,White_Females,CWF,valeria_golino/015.jpg,valeria_golino_0015.npy,ok
valeria_golino,18,White_Females,CWF,valeria_golino/018.jpg,,low_confidence
valeria_golino,19,White_Females,CWF,valeria_golino/019.jpg,,low_confidence
valeria_golino,20,White_Females,CWF,valeria_golino/020.jpg,,low_confidence
valeria_golino,21,White_Females,CWF,valeria_golino/021.jpg,valeria_golino_0021.npy,ok
valeria_golino,24,White_Females,CWF,valeria_golino/024.jpg,,low_confidence
valeria_golino,25,White_Females,CWF,valeria_golino/025.jpg,valeria_golino_0025.npy,ok
valeria_golino,30,White_Females,CWF,valeria_golino/030.jpg,,low_confidence
valeria_golino,31,White_Females,CWF,valeria_golino/031.jpg,valeria_golino_0031.npy,ok
valeria_golino,33,White_Females,CWF,valeria_golino/033.jpg,valeria_golino_0033.npy,ok
valeria_golino,34,White_Females,CWF,valeria_golino/034.jpg,,low_confidence
valeria_golino,35,White_Females,CWF,valeria_golino/035.jpg,,no_face
valeria_golino,39,White_Females,CWF,valeria_golino/039.jpg,,low_confidence
valeria_golino,49,White_Females,CWF,valeria_golino/049.jpg,valeria_golino_0049.npy,ok
valeria_golino,51,White_Females,CWF,valeria_golino/051.jpg,valeria_golino_0051.npy,ok
valeria_golino,57,White_Females,CWF,valeria_golino/057.jpg,,low_confidence
vicki_lewis,1,White_Females,CWF,vicki_lewis/001.jpg,,no_face
vicki_lewis,6,White_Females,CWF,vicki_lewis/006.jpg,,no_face
vicki_lewis,18,White_Females,CWF,vicki_lewis/018.jpg,,no_face
vicki_lewis,28,White_Females,CWF,vicki_lewis/028.jpg,vicki_lewis_0028.npy,ok
vicki_lewis,35,White_Females,CWF,vicki_lewis/035.jpg,,low_confidence
vicki_lewis,40,White_Females,CWF,vicki_lewis/040.jpg,,low_confidence
vicki_lewis,41,White_Females,CWF,vicki_lewis/041.jpg,,no_face
vicki_lewis,46,White_Females,CWF,vicki_lewis/046.jpg,,low_confidence
vicki_lewis,51,White_Females,CWF,vicki_lewis/051.jpg,,low_confidence
vicki_lewis,53,White_Females,CWF,vicki_lewis/053.jpg,,low_confidence
vicki_lewis,62,White_Females,CWF,vicki_lewis/062.jpg,,low_confidence
vicki_lewis,63,White_Females,CWF,vicki_lewis/063.jpg,,no_face
vicki_lewis,70,White_Females,CWF,vicki_lewis/070.jpg,,low_confidence
vicki_lewis,72,White_Females,CWF,vicki_lewis/072.jpg,,no_face
vicki_lewis,76,White_Females,CWF,vicki_lewis/076.jpg,vicki_lewis_0076.npy,ok
vicki_lewis,84,White_Females,CWF,vicki_lewis/084.jpg,vicki_lewis_0084.npy,ok
vicki_lewis,94,White_Females,CWF,vicki_lewis/094.jpg,,low_confidence
vicki_lewis,96,White_Females,CWF,vicki_lewis/096.jpg,,no_face
willa_holland,3,White_Females,CWF,willa_holland/003.jpg,,low_confidence
willa_holland,12,White_Females,CWF,willa_holland/012.jpg,,spoof_detected
willa_holland,20,White_Females,CWF,willa_holland/020.jpg,willa_holland_0020.npy,ok
willa_holland,21,White_Females,CWF,willa_holland/021.jpg,,low_confidence
willa_holland,25,White_Females,CWF,willa_holland/025.jpg,willa_holland_0025.npy,ok
willa_holland,29,White_Females,CWF,willa_holland/029.jpg,,spoof_detected
willa_holland,30,White_Females,CWF,willa_holland/030.jpg,,low_confidence
willa_holland,37,White_Females,CWF,willa_holland/037.jpg,willa_holland_0037.npy,ok
willa_holland,39,White_Females,CWF,willa_holland/039.jpg,,low_confidence
willa_holland,40,White_Females,CWF,willa_holland/040.jpg,willa_holland_0040.npy,ok
willa_holland,41,White_Females,CWF,willa_holland/041.jpg,,low_confidence
willa_holland,44,White_Females,CWF,willa_holland/044.jpg,,low_confidence
willa_holland,46,White_Females,CWF,willa_holland/046.jpg,,low_confidence
willa_holland,52,White_Females,CWF,willa_holland/052.jpg,willa_holland_0052.npy,ok
willa_holland,56,White_Females,CWF,willa_holland/056.jpg,willa_holland_0056.npy,ok
willa_holland,58,White_Females,CWF,willa_holland/058.jpg,willa_holland_0058.npy,ok
willa_holland,59,White_Females,CWF,willa_holland/059.jpg,willa_holland_0059.npy,ok
willa_holland,63,White_Females,CWF,willa_holland/063.jpg,,low_confidence
amir_arison,2,White_Males,CWF,amir_arison/002.jpg,amir_arison_0002.npy,ok
amir_arison,4,White_Males,CWF,amir_arison/004.jpg,,low_confidence
amir_arison,5,White_Males,CWF,amir_arison/005.jpg,,low_confidence
amir_arison,8,White_Males,CWF,amir_arison/008.jpg,,spoof_detected
amir_arison,10,White_Males,CWF,amir_arison/010.jpg,,low_confidence
amir_arison,11,White_Males,CWF,amir_arison/011.jpg,amir_arison_0011.npy,ok
amir_arison,12,White_Males,CWF,amir_arison/012.jpg,amir_arison_0012.npy,ok
amir_arison,13,White_Males,CWF,amir_arison/013.jpg,,low_confidence
amir_arison,14,White_Males,CWF,amir_arison/014.jpg,amir_arison_0014.npy,ok
amir_arison,16,White_Males,CWF,amir_arison/016.jpg,,low_confidence
amir_arison,17,White_Males,CWF,amir_arison/017.jpg,amir_arison_0017.npy,ok
amir_arison,18,White_Males,CWF,amir_arison/018.jpg,amir_arison_0018.npy,ok
amir_arison,19,White_Males,CWF,amir_arison/019.jpg,amir_arison_0019.npy,ok
amir_arison,20,White_Males,CWF,amir_arison/020.jpg,amir_arison_0020.npy,ok
amir_arison,27,White_Males,CWF,amir_arison/027.jpg,,low_confidence
amir_arison,33,White_Males,CWF,amir_arison/033.jpg,,low_confidence
amir_arison,36,White_Males,CWF,amir_arison/036.jpg,amir_arison_0036.npy,ok
amir_arison,42,White_Males,CWF,amir_arison/042.jpg,,low_confidence
anthony_hornus,3,White_Males,CWF,anthony_hornus/003.jpg,anthony_hornus_0003.npy,ok
anthony_hornus,7,White_Males,CWF,anthony_hornus/007.jpg,,low_confidence
anthony_hornus,9,White_Males,CWF,anthony_hornus/009.jpg,,low_confidence
anthony_hornus,10,White_Males,CWF,anthony_hornus/010.jpg,,no_face
anthony_hornus,13,White_Males,CWF,anthony_hornus/013.jpg,,spoof_detected
anthony_hornus,20,White_Males,CWF,anthony_hornus/020.jpg,,low_confidence
anthony_hornus,30,White_Males,CWF,anthony_hornus/030.jpg,,low_confidence
anthony_hornus,48,White_Males,CWF,anthony_hornus/048.jpg,,low_confidence
anthony_hornus,54,White_Males,CWF,anthony_hornus/054.jpg,,low_confidence
anthony_hornus,55,White_Males,CWF,anthony_hornus/055.jpg,,low_confidence
anthony_hornus,79,White_Males,CWF,anthony_hornus/079.jpg,anthony_hornus_0079.npy,ok
anthony_hornus,83,White_Males,CWF,anthony_hornus/083.jpg,anthony_hornus_0083.npy,ok
anthony_hornus,84,White_Males,CWF,anthony_hornus/084.jpg,,low_confidence
anthony_hornus,89,White_Males,CWF,anthony_hornus/089.jpg,,low_confidence
anthony_hornus,92,White_Males,CWF,anthony_hornus/092.jpg,anthony_hornus_0092.npy,ok
anthony_hornus,94,White_Males,CWF,anthony_hornus/094.jpg,anthony_hornus_0094.npy,ok
anthony_hornus,95,White_Males,CWF,anthony_hornus/095.jpg,,no_face
anthony_hornus,105,White_Males,CWF,anthony_hornus/105.jpg,anthony_hornus_0105.npy,ok
antonio_sabato_jr,2,White_Males,CWF,antonio_sabato_jr/002.jpg,antonio_sabato_jr_0002.npy,ok
antonio_sabato_jr,8,White_Males,CWF,antonio_sabato_jr/008.jpg,antonio_sabato_jr_0008.npy,ok
antonio_sabato_jr,14,White_Males,CWF,antonio_sabato_jr/014.jpg,antonio_sabato_jr_0014.npy,ok
antonio_sabato_jr,15,White_Males,CWF,antonio_sabato_jr/015.jpg,antonio_sabato_jr_0015.npy,ok
antonio_sabato_jr,16,White_Males,CWF,antonio_sabato_jr/016.jpg,antonio_sabato_jr_0016.npy,ok
antonio_sabato_jr,17,White_Males,CWF,antonio_sabato_jr/017.jpg,antonio_sabato_jr_0017.npy,ok
antonio_sabato_jr,22,White_Males,CWF,antonio_sabato_jr/022.jpg,antonio_sabato_jr_0022.npy,ok
antonio_sabato_jr,26,White_Males,CWF,antonio_sabato_jr/026.jpg,,low_confidence
antonio_sabato_jr,28,White_Males,CWF,antonio_sabato_jr/028.jpg,,low_confidence
antonio_sabato_jr,29,White_Males,CWF,antonio_sabato_jr/029.jpg,antonio_sabato_jr_0029.npy,ok
antonio_sabato_jr,30,White_Males,CWF,antonio_sabato_jr/030.jpg,,low_confidence
antonio_sabato_jr,31,White_Males,CWF,antonio_sabato_jr/031.jpg,antonio_sabato_jr_0031.npy,ok
antonio_sabato_jr,34,White_Males,CWF,antonio_sabato_jr/034.jpg,antonio_sabato_jr_0034.npy,ok
antonio_sabato_jr,38,White_Males,CWF,antonio_sabato_jr/038.jpg,antonio_sabato_jr_0038.npy,ok
antonio_sabato_jr,44,White_Males,CWF,antonio_sabato_jr/044.jpg,antonio_sabato_jr_0044.npy,ok
antonio_sabato_jr,48,White_Males,CWF,antonio_sabato_jr/048.jpg,,no_face
antonio_sabato_jr,56,White_Males,CWF,antonio_sabato_jr/056.jpg,antonio_sabato_jr_0056.npy,ok
antonio_sabato_jr,66,White_Males,CWF,antonio_sabato_jr/066.jpg,antonio_sabato_jr_0066.npy,ok
bernie_matthew,10,White_Males,CWF,bernie_matthew/010.jpg,,low_confidence
bernie_matthew,17,White_Males,CWF,bernie_matthew/017.jpg,bernie_matthew_0017.npy,ok
bernie_matthew,22,White_Males,CWF,bernie_matthew/022.jpg,,low_confidence
bernie_matthew,26,White_Males,CWF,bernie_matthew/026.jpg,bernie_matthew_0026.npy,ok
bernie_matthew,31,White_Males,CWF,bernie_matthew/031.jpg,,low_confidence
bernie_matthew,32,White_Males,CWF,bernie_matthew/032.jpg,bernie_matthew_0032.npy,ok
bernie_matthew,33,White_Males,CWF,bernie_matthew/033.jpg,,spoof_detected
bernie_matthew,35,White_Males,CWF,bernie_matthew/035.jpg,,low_confidence
bernie_matthew,36,White_Males,CWF,bernie_matthew/036.jpg,,low_confidence
bernie_matthew,37,White_Males,CWF,bernie_matthew/037.jpg,,no_face
bernie_matthew,39,White_Males,CWF,bernie_matthew/039.jpg,,low_confidence
bernie_matthew,41,White_Males,CWF,bernie_matthew/041.jpg,,low_confidence
bernie_matthew,45,White_Males,CWF,bernie_matthew/045.jpg,,low_confidence
bernie_matthew,46,White_Males,CWF,bernie_matthew/046.jpg,,low_confidence
bernie_matthew,47,White_Males,CWF,bernie_matthew/047.jpg,bernie_matthew_0047.npy,ok
bernie_matthew,48,White_Males,CWF,bernie_matthew/048.jpg,,low_confidence
bernie_matthew,53,White_Males,CWF,bernie_matthew/053.jpg,,low_confidence
bernie_matthew,55,White_Males,CWF,bernie_matthew/055.jpg,bernie_matthew_0055.npy,ok
billy_crudup,11,White_Males,CWF,billy_crudup/011.jpg,,low_confidence
billy_crudup,37,White_Males,CWF,billy_crudup/037.jpg,billy_crudup_0037.npy,ok
billy_crudup,57,White_Males,CWF,billy_crudup/057.jpg,,spoof_detected
billy_crudup,92,White_Males,CWF,billy_crudup/092.jpg,,spoof_detected
billy_crudup,99,White_Males,CWF,billy_crudup/099.jpg,,low_confidence
billy_crudup,100,White_Males,CWF,billy_crudup/100.jpg,billy_crudup_0100.npy,ok
billy_crudup,115,White_Males,CWF,billy_crudup/115.jpg,billy_crudup_0115.npy,ok
billy_crudup,120,White_Males,CWF,billy_crudup/120.jpg,billy_crudup_0120.npy,ok
billy_crudup,122,White_Males,CWF,billy_crudup/122.jpg,,low_confidence
billy_crudup,125,White_Males,CWF,billy_crudup/125.jpg,,low_confidence
billy_crudup,128,White_Males,CWF,billy_crudup/128.jpg,billy_crudup_0128.npy,ok
billy_crudup,129,White_Males,CWF,billy_crudup/129.jpg,,no_face
billy_crudup,131,White_Males,CWF,billy_crudup/131.jpg,,no_face
billy_crudup,132,White_Males,CWF,billy_crudup/132.jpg,billy_crudup_0132.npy,ok
billy_crudup,136,White_Males,CWF,billy_crudup/136.jpg,,spoof_detected
billy_crudup,142,White_Males,CWF,billy_crudup/142.jpg,billy_crudup_0142.npy,ok
billy_crudup,150,White_Males,CWF,billy_crudup/150.jpg,,low_confidence
billy_crudup,153,White_Males,CWF,billy_crudup/153.jpg,,low_confidence
cameron_crowe,1,White_Males,CWF,cameron_crowe/001.jpg,,low_confidence
cameron_crowe,3,White_Males,CWF,cameron_crowe/003.jpg,,no_face
cameron_crowe,7,White_Males,CWF,cameron_crowe/007.jpg,,no_face
cameron_crowe,10,White_Males,CWF,cameron_crowe/010.jpg,,no_face
cameron_crowe,11,White_Males,CWF,cameron_crowe/011.jpg,,low_confidence
cameron_crowe,12,White_Males,CWF,cameron_crowe/012.jpg,,no_face
cameron_crowe,16,White_Males,CWF,cameron_crowe/016.jpg,,low_confidence
cameron_crowe,22,White_Males,CWF,cameron_crowe/022.jpg,cameron_crowe_0022.npy,ok
cameron_crowe,24,White_Males,CWF,cameron_crowe/024.jpg,,no_face
cameron_crowe,26,White_Males,CWF,cameron_crowe/026.jpg,,no_face
cameron_crowe,27,White_Males,CWF,cameron_crowe/027.jpg,,low_confidence
cameron_crowe,31,White_Males,CWF,cameron_crowe/031.jpg,,no_face
cameron_crowe,33,White_Males,CWF,cameron_crowe/033.jpg,,no_face
cameron_crowe,39,White_Males,CWF,cameron_crowe/039.jpg,,no_face
cameron_crowe,41,White_Males,CWF,cameron_crowe/041.jpg,,low_confidence
cameron_crowe,43,White_Males,CWF,cameron_crowe/043.jpg,,low_confidence
cameron_crowe,47,White_Males,CWF,cameron_crowe/047.jpg,cameron_crowe_0047.npy,ok
cameron_crowe,51,White_Males,CWF,cameron_crowe/051.jpg,,low_confidence
chad_rook,2,White_Males,CWF,chad_rook/002.jpg,chad_rook_0002.npy,ok
chad_rook,14,White_Males,CWF,chad_rook/014.jpg,,spoof_detected
chad_rook,19,White_Males,CWF,chad_rook/019.jpg,chad_rook_0019.npy,ok
chad_rook,25,White_Males,CWF,chad_rook/025.jpg,,low_confidence
chad_rook,29,White_Males,CWF,chad_rook/029.jpg,chad_rook_0029.npy,ok
chad_rook,31,White_Males,CWF,chad_rook/031.jpg,,low_confidence
chad_rook,33,White_Males,CWF,chad_rook/033.jpg,,low_confidence
chad_rook,37,White_Males,CWF,chad_rook/037.jpg,,low_confidence
chad_rook,39,White_Males,CWF,chad_rook/039.jpg,,low_confidence
chad_rook,40,White_Males,CWF,chad_rook/040.jpg,chad_rook_0040.npy,ok
chad_rook,48,White_Males,CWF,chad_rook/048.jpg,,low_confidence
chad_rook,51,White_Males,CWF,chad_rook/051.jpg,chad_rook_0051.npy,ok
chad_rook,54,White_Males,CWF,chad_rook/054.jpg,,low_confidence
chad_rook,55,White_Males,CWF,chad_rook/055.jpg,,low_confidence
chad_rook,57,White_Males,CWF,chad_rook/057.jpg,,low_confidence
chad_rook,59,White_Males,CWF,chad_rook/059.jpg,,low_confidence
chad_rook,62,White_Males,CWF,chad_rook/062.jpg,chad_rook_0062.npy,ok
chad_rook,80,White_Males,CWF,chad_rook/080.jpg,,low_confidence
chris_colfer,17,White_Males,CWF,chris_colfer/017.jpg,,low_confidence
chris_colfer,38,White_Males,CWF,chris_colfer/038.jpg,chris_colfer_0038.npy,ok
chris_colfer,39,White_Males,CWF,chris_colfer/039.jpg,chris_colfer_0039.npy,ok
chris_colfer,42,White_Males,CWF,chris_colfer/042.jpg,chris_colfer_0042.npy,ok
chris_colfer,81,White_Males,CWF,chris_colfer/081.jpg,,low_confidence
chris_colfer,97,White_Males,CWF,chris_colfer/097.jpg,,low_confidence
chris_colfer,114,White_Males,CWF,chris_colfer/114.jpg,chris_colfer_0114.npy,ok
chris_colfer,125,White_Males,CWF,chris_colfer/125.jpg,chris_colfer_0125.npy,ok
chris_colfer,130,White_Males,CWF,chris_colfer/130.jpg,chris_colfer_0130.npy,ok
chris_colfer,150,White_Males,CWF,chris_colfer/150.jpg,chris_colfer_0150.npy,ok
chris_colfer,182,White_Males,CWF,chris_colfer/182.jpg,,low_confidence
chris_colfer,190,White_Males,CWF,chris_colfer/190.jpg,chris_colfer_0190.npy,ok
chris_colfer,194,White_Males,CWF,chris_colfer/194.jpg,,low_confidence
chris_colfer,197,White_Males,CWF,chris_colfer/197.jpg,,no_face
chris_colfer,201,White_Males,CWF,chris_colfer/201.jpg,chris_colfer_0201.npy,ok
chris_colfer,203,White_Males,CWF,chris_colfer/203.jpg,chris_colfer_0203.npy,ok
chris_colfer,209,White_Males,CWF,chris_colfer/209.jpg,,spoof_detected
chris_colfer,213,White_Males,CWF,chris_colfer/213.jpg,,spoof_detected
chris_harrison,1,White_Males,CWF,chris_harrison/001.jpg,chris_harrison_0001.npy,ok
chris_harrison,2,White_Males,CWF,chris_harrison/002.jpg,,low_confidence
chris_harrison,4,White_Males,CWF,chris_harrison/004.jpg,chris_harrison_0004.npy,ok
chris_harrison,5,White_Males,CWF,chris_harrison/005.jpg,,no_face
chris_harrison,6,White_Males,CWF,chris_harrison/006.jpg,chris_harrison_0006.npy,ok
chris_harrison,7,White_Males,CWF,chris_harrison/007.jpg,,low_confidence
chris_harrison,8,White_Males,CWF,chris_harrison/008.jpg,chris_harrison_0008.npy,ok
chris_harrison,9,White_Males,CWF,chris_harrison/009.jpg,,low_confidence
chris_harrison,10,White_Males,CWF,chris_harrison/010.jpg,chris_harrison_0010.npy,ok
chris_harrison,11,White_Males,CWF,chris_harrison/011.jpg,chris_harrison_0011.npy,ok
chris_harrison,12,White_Males,CWF,chris_harrison/012.jpg,,low_confidence
chris_harrison,13,White_Males,CWF,chris_harrison/013.jpg,,low_confidence
chris_harrison,14,White_Males,CWF,chris_harrison/014.jpg,,low_confidence
chris_harrison,16,White_Males,CWF,chris_harrison/016.jpg,chris_harrison_0016.npy,ok
chris_harrison,17,White_Males,CWF,chris_harrison/017.jpg,,low_confidence
chris_harrison,19,White_Males,CWF,chris_harrison/019.jpg,chris_harrison_0019.npy,ok
chris_harrison,20,White_Males,CWF,chris_harrison/020.jpg,chris_harrison_0020.npy,ok
chris_harrison,21,White_Males,CWF,chris_harrison/021.jpg,chris_harrison_0021.npy,ok
christopher_stadulis,1,White_Males,CWF,christopher_stadulis/001.jpg,,spoof_detected
christopher_stadulis,2,White_Males,CWF,christopher_stadulis/002.jpg,,low_confidence
christopher_stadulis,14,White_Males,CWF,christopher_stadulis/014.jpg,christopher_stadulis_0014.npy,ok
christopher_stadulis,22,White_Males,CWF,christopher_stadulis/022.jpg,christopher_stadulis_0022.npy,ok
christopher_stadulis,26,White_Males,CWF,christopher_stadulis/026.jpg,,low_confidence
christopher_stadulis,29,White_Males,CWF,christopher_stadulis/029.jpg,christopher_stadulis_0029.npy,ok
christopher_stadulis,30,White_Males,CWF,christopher_stadulis/030.jpg,christopher_stadulis_0030.npy,ok
christopher_stadulis,39,White_Males,CWF,christopher_stadulis/039.jpg,,low_confidence
christopher_stadulis,40,White_Males,CWF,christopher_stadulis/040.jpg,,low_confidence
christopher_stadulis,41,White_Males,CWF,christopher_stadulis/041.jpg,,low_confidence
christopher_stadulis,43,White_Males,CWF,christopher_stadulis/043.jpg,,low_confidence
christopher_stadulis,44,White_Males,CWF,christopher_stadulis/044.jpg,christopher_stadulis_0044.npy,ok
christopher_stadulis,45,White_Males,CWF,christopher_stadulis/045.jpg,,low_confidence
christopher_stadulis,47,White_Males,CWF,christopher_stadulis/047.jpg,,spoof_detected
christopher_stadulis,55,White_Males,CWF,christopher_stadulis/055.jpg,christopher_stadulis_0055.npy,ok
christopher_stadulis,57,White_Males,CWF,christopher_stadulis/057.jpg,,low_confidence
christopher_stadulis,61,White_Males,CWF,christopher_stadulis/061.jpg,,low_confidence
christopher_stadulis,63,White_Males,CWF,christopher_stadulis/063.jpg,christopher_stadulis_0063.npy,ok
clifton_collins_jr,1,White_Males,CWF,clifton_collins_jr/001.jpg,,low_confidence
clifton_collins_jr,10,White_Males,CWF,clifton_collins_jr/010.jpg,clifton_collins_jr_0010.npy,ok
clifton_collins_jr,29,White_Males,CWF,clifton_collins_jr/029.jpg,,low_confidence
clifton_collins_jr,42,White_Males,CWF,clifton_collins_jr/042.jpg,,low_confidence
clifton_collins_jr,55,White_Males,CWF,clifton_collins_jr/055.jpg,clifton_collins_jr_0055.npy,ok
clifton_collins_jr,77,White_Males,CWF,clifton_collins_jr/077.jpg,,low_confidence
clifton_collins_jr,93,White_Males,CWF,clifton_collins_jr/093.jpg,clifton_collins_jr_0093.npy,ok
clifton_collins_jr,98,White_Males,CWF,clifton_collins_jr/098.jpg,,low_confidence
clifton_collins_jr,102,White_Males,CWF,clifton_collins_jr/102.jpg,,low_confidence
clifton_collins_jr,106,White_Males,CWF,clifton_collins_jr/106.jpg,,spoof_detected
clifton_collins_jr,116,White_Males,CWF,clifton_collins_jr/116.jpg,clifton_collins_jr_0116.npy,ok
clifton_collins_jr,144,White_Males,CWF,clifton_collins_jr/144.jpg,,low_confidence
clifton_collins_jr,157,White_Males,CWF,clifton_collins_jr/157.jpg,,low_confidence
clifton_collins_jr,176,White_Males,CWF,clifton_collins_jr/176.jpg,,low_confidence
clifton_collins_jr,182,White_Males,CWF,clifton_collins_jr/182.jpg,clifton_collins_jr_0182.npy,ok
clifton_collins_jr,185,White_Males,CWF,clifton_collins_jr/185.jpg,,low_confidence
clifton_collins_jr,188,White_Males,CWF,clifton_collins_jr/188.jpg,clifton_collins_jr_0188.npy,ok
clifton_collins_jr,193,White_Males,CWF,clifton_collins_jr/193.jpg,,no_face
colin_ferguson,1,White_Males,CWF,colin_ferguson/001.jpg,colin_ferguson_0001.npy,ok
colin_ferguson,12,White_Males,CWF,colin_ferguson/012.jpg,,spoof_detected
colin_ferguson,17,White_Males,CWF,colin_ferguson/017.jpg,colin_ferguson_0017.npy,ok
colin_ferguson,20,White_Males,CWF,colin_ferguson/020.jpg,colin_ferguson_0020.npy,ok
colin_ferguson,28,White_Males,CWF,colin_ferguson/028.jpg,colin_ferguson_0028.npy,ok
colin_ferguson,29,White_Males,CWF,colin_ferguson/029.jpg,,low_confidence
colin_ferguson,38,White_Males,CWF,colin_ferguson/038.jpg,,low_confidence
colin_ferguson,40,White_Males,CWF,colin_ferguson/040.jpg,,low_confidence
colin_ferguson,48,White_Males,CWF,colin_ferguson/048.jpg,,low_confidence
colin_ferguson,50,White_Males,CWF,colin_ferguson/050.jpg,colin_ferguson_0050.npy,ok
colin_ferguson,52,White_Males,CWF,colin_ferguson/052.jpg,,low_confidence
colin_ferguson,57,White_Males,CWF,colin_ferguson/057.jpg,,low_confidence
colin_ferguson,58,White_Males,CWF,colin_ferguson/058.jpg,,low_confidence
colin_ferguson,69,White_Males,CWF,colin_ferguson/069.jpg,,spoof_detected
colin_ferguson,77,White_Males,CWF,colin_ferguson/077.jpg,colin_ferguson_0077.npy,ok
colin_ferguson,85,White_Males,CWF,colin_ferguson/085.jpg,,no_face
colin_ferguson,91,White_Males,CWF,colin_ferguson/091.jpg,,low_confidence
colin_ferguson,94,White_Males,CWF,colin_ferguson/094.jpg,colin_ferguson_0094.npy,ok
damian_lewis,12,White_Males,CWF,damian_lewis/012.jpg,,low_confidence
damian_lewis,20,White_Males,CWF,damian_lewis/020.jpg,,low_confidence
damian_lewis,37,White_Males,CWF,damian_lewis/037.jpg,,low_confidence
damian_lewis,52,White_Males,CWF,damian_lewis/052.jpg,,low_confidence
damian_lewis,53,White_Males,CWF,damian_lewis/053.jpg,,low_confidence
damian_lewis,60,White_Males,CWF,damian_lewis/060.jpg,damian_lewis_0060.npy,ok
damian_lewis,67,White_Males,CWF,damian_lewis/067.jpg,damian_lewis_0067.npy,ok
damian_lewis,71,White_Males,CWF,damian_lewis/071.jpg,,low_confidence
damian_lewis,72,White_Males,CWF,damian_lewis/072.jpg,,low_confidence
damian_lewis,79,White_Males,CWF,damian_lewis/079.jpg,,low_confidence
damian_lewis,84,White_Males,CWF,damian_lewis/084.jpg,damian_lewis_0084.npy,ok
damian_lewis,117,White_Males,CWF,damian_lewis/117.jpg,damian_lewis_0117.npy,ok
damian_lewis,119,White_Males,CWF,damian_lewis/119.jpg,,no_face
damian_lewis,123,White_Males,CWF,damian_lewis/123.jpg,,low_confidence
damian_lewis,131,White_Males,CWF,damian_lewis/131.jpg,,low_confidence
damian_lewis,137,White_Males,CWF,damian_lewis/137.jpg,,low_confidence
damian_lewis,155,White_Males,CWF,damian_lewis/155.jpg,damian_lewis_0155.npy,ok
damian_lewis,163,White_Males,CWF,damian_lewis/163.jpg,,no_face
danny_devito,22,White_Males,CWF,danny_devito/022.jpg,danny_devito_0022.npy,ok
danny_devito,41,White_Males,CWF,danny_devito/041.jpg,,low_confidence
danny_devito,50,White_Males,CWF,danny_devito/050.jpg,,low_confidence
danny_devito,102,White_Males,CWF,danny_devito/102.jpg,,low_confidence
danny_devito,117,White_Males,CWF,danny_devito/117.jpg,,no_face
danny_devito,139,White_Males,CWF,danny_devito/139.jpg,,low_confidence
danny_devito,146,White_Males,CWF,danny_devito/146.jpg,,spoof_detected
danny_devito,147,White_Males,CWF,danny_devito/147.jpg,danny_devito_0147.npy,ok
danny_devito,162,White_Males,CWF,danny_devito/162.jpg,danny_devito_0162.npy,ok
danny_devito,164,White_Males,CWF,danny_devito/164.jpg,danny_devito_0164.npy,ok
danny_devito,185,White_Males,CWF,danny_devito/185.jpg,,low_confidence
danny_devito,193,White_Males,CWF,danny_devito/193.jpg,,low_confidence
danny_devito,225,White_Males,CWF,danny_devito/225.jpg,,no_face
danny_devito,238,White_Males,CWF,danny_devito/238.jpg,,low_confidence
danny_devito,239,White_Males,CWF,danny_devito/239.jpg,,low_confidence
danny_devito,244,White_Males,CWF,danny_devito/244.jpg,,low_confidence
danny_devito,245,White_Males,CWF,danny_devito/245.jpg,danny_devito_0245.npy,ok
danny_devito,246,White_Males,CWF,danny_devito/246.jpg,,low_confidence
danny_huston,4,White_Males,CWF,danny_huston/004.jpg,danny_huston_0004.npy,ok
danny_huston,19,White_Males,CWF,danny_huston/019.jpg,,low_confidence
danny_huston,23,White_Males,CWF,danny_huston/023.jpg,,low_confidence
danny_huston,25,White_Males,CWF,danny_huston/025.jpg,danny_huston_0025.npy,ok
danny_huston,26,White_Males,CWF,danny_huston/026.jpg,danny_huston_0026.npy,ok
danny_huston,37,White_Males,CWF,danny_huston/037.jpg,,low_confidence
danny_huston,39,White_Males,CWF,danny_huston/039.jpg,danny_huston_0039.npy,ok
danny_huston,59,White_Males,CWF,danny_huston/059.jpg,,no_face
danny_huston,69,White_Males,CWF,danny_huston/069.jpg,,no_face
danny_huston,72,White_Males,CWF,danny_huston/072.jpg,danny_huston_0072.npy,ok
danny_huston,75,White_Males,CWF,danny_huston/075.jpg,,low_confidence
danny_huston,76,White_Males,CWF,danny_huston/076.jpg,danny_huston_0076.npy,ok
danny_huston,78,White_Males,CWF,danny_huston/078.jpg,,low_confidence
danny_huston,88,White_Males,CWF,danny_huston/088.jpg,danny_huston_0088.npy,ok
danny_huston,98,White_Males,CWF,danny_huston/098.jpg,,no_face
danny_huston,102,White_Males,CWF,danny_huston/102.jpg,,low_confidence
danny_huston,103,White_Males,CWF,danny_huston/103.jpg,,no_face
danny_huston,109,White_Males,CWF,danny_huston/109.jpg,,low_confidence
darian_weiss,3,White_Males,CWF,darian_weiss/003.jpg,,low_confidence
darian_weiss,4,White_Males,CWF,darian_weiss/004.jpg,,no_face
darian_weiss,5,White_Males,CWF,darian_weiss/005.jpg,,spoof_detected
darian_weiss,6,White_Males,CWF,darian_weiss/006.jpg,,low_confidence
darian_weiss,10,White_Males,CWF,darian_weiss/010.jpg,,low_confidence
darian_weiss,12,White_Males,CWF,darian_weiss/012.jpg,darian_weiss_0012.npy,ok
darian_weiss,13,White_Males,CWF,darian_weiss/013.jpg,darian_weiss_0013.npy,ok
darian_weiss,14,White_Males,CWF,darian_weiss/014.jpg,,low_confidence
darian_weiss,17,White_Males,CWF,darian_weiss/017.jpg,,low_confidence
darian_weiss,18,White_Males,CWF,darian_weiss/018.jpg,,low_confidence
darian_weiss,21,White_Males,CWF,darian_weiss/021.jpg,,spoof_detected
darian_weiss,23,White_Males,CWF,darian_weiss/023.jpg,,low_confidence
darian_weiss,24,White_Males,CWF,darian_weiss/024.jpg,,no_face
darian_weiss,25,White_Males,CWF,darian_weiss/025.jpg,,low_confidence
darian_weiss,26,White_Males,CWF,darian_weiss/026.jpg,,low_confidence
darian_weiss,30,White_Males,CWF,darian_weiss/030.jpg,,low_confidence
darian_weiss,33,White_Males,CWF,darian_weiss/033.jpg,darian_weiss_0033.npy,ok
darian_weiss,35,White_Males,CWF,darian_weiss/035.jpg,,low_confidence
david_cronenberg,5,White_Males,CWF,david_cronenberg/005.jpg,,low_confidence
david_cronenberg,8,White_Males,CWF,david_cronenberg/008.jpg,,low_confidence
david_cronenberg,9,White_Males,CWF,david_cronenberg/009.jpg,,low_confidence
david_cronenberg,10,White_Males,CWF,david_cronenberg/010.jpg,,low_confidence
david_cronenberg,11,White_Males,CWF,david_cronenberg/011.jpg,,low_confidence
david_cronenberg,12,White_Males,CWF,david_cronenberg/012.jpg,,low_confidence
david_cronenberg,15,White_Males,CWF,david_cronenberg/015.jpg,,spoof_detected
david_cronenberg,17,White_Males,CWF,david_cronenberg/017.jpg,,low_confidence
david_cronenberg,19,White_Males,CWF,david_cronenberg/019.jpg,,low_confidence
david_cronenberg,20,White_Males,CWF,david_cronenberg/020.jpg,david_cronenberg_0020.npy,ok
david_cronenberg,21,White_Males,CWF,david_cronenberg/021.jpg,david_cronenberg_0021.npy,ok
david_cronenberg,24,White_Males,CWF,david_cronenberg/024.jpg,,low_confidence
david_cronenberg,26,White_Males,CWF,david_cronenberg/026.jpg,david_cronenberg_0026.npy,ok
david_cronenberg,28,White_Males,CWF,david_cronenberg/028.jpg,,spoof_detected
david_cronenberg,38,White_Males,CWF,david_cronenberg/038.jpg,,low_confidence
david_cronenberg,47,White_Males,CWF,david_cronenberg/047.jpg,david_cronenberg_0047.npy,ok
david_cronenberg,52,White_Males,CWF,david_cronenberg/052.jpg,,low_confidence
david_cronenberg,55,White_Males,CWF,david_cronenberg/055.jpg,,low_confidence
david_henrie,3,White_Males,CWF,david_henrie/003.jpg,david_henrie_0003.npy,ok
david_henrie,8,White_Males,CWF,david_henrie/008.jpg,,low_confidence
david_henrie,10,White_Males,CWF,david_henrie/010.jpg,david_henrie_0010.npy,ok
david_henrie,11,White_Males,CWF,david_henrie/011.jpg,david_henrie_0011.npy,ok
david_henrie,14,White_Males,CWF,david_henrie/014.jpg,david_henrie_0014.npy,ok
david_henrie,18,White_Males,CWF,david_henrie/018.jpg,david_henrie_0018.npy,ok
david_henrie,22,White_Males,CWF,david_henrie/022.jpg,david_henrie_0022.npy,ok
david_henrie,31,White_Males,CWF,david_henrie/031.jpg,david_henrie_0031.npy,ok
david_henrie,34,White_Males,CWF,david_henrie/034.jpg,david_henrie_0034.npy,ok
david_henrie,35,White_Males,CWF,david_henrie/035.jpg,,low_confidence
david_henrie,43,White_Males,CWF,david_henrie/043.jpg,,low_confidence
david_henrie,49,White_Males,CWF,david_henrie/049.jpg,,low_confidence
david_henrie,51,White_Males,CWF,david_henrie/051.jpg,david_henrie_0051.npy,ok
david_henrie,53,White_Males,CWF,david_henrie/053.jpg,,low_confidence
david_henrie,55,White_Males,CWF,david_henrie/055.jpg,david_henrie_0055.npy,ok
david_henrie,59,White_Males,CWF,david_henrie/059.jpg,,low_confidence
david_henrie,74,White_Males,CWF,david_henrie/074.jpg,david_henrie_0074.npy,ok
david_henrie,78,White_Males,CWF,david_henrie/078.jpg,david_henrie_0078.npy,ok
david_pryor,3,White_Males,CWF,david_pryor/003.jpg,david_pryor_0003.npy,ok
david_pryor,6,White_Males,CWF,david_pryor/006.jpg,david_pryor_0006.npy,ok
david_pryor,8,White_Males,CWF,david_pryor/008.jpg,david_pryor_0008.npy,ok
david_pryor,10,White_Males,CWF,david_pryor/010.jpg,david_pryor_0010.npy,ok
david_pryor,15,White_Males,CWF,david_pryor/015.jpg,,spoof_detected
david_pryor,25,White_Males,CWF,david_pryor/025.jpg,david_pryor_0025.npy,ok
david_pryor,32,White_Males,CWF,david_pryor/032.jpg,,low_confidence
david_pryor,37,White_Males,CWF,david_pryor/037.jpg,,low_confidence
david_pryor,42,White_Males,CWF,david_pryor/042.jpg,david_pryor_0042.npy,ok
david_pryor,48,White_Males,CWF,david_pryor/048.jpg,,low_confidence
david_pryor,51,White_Males,CWF,david_pryor/051.jpg,,low_confidence
david_pryor,55,White_Males,CWF,david_pryor/055.jpg,,low_confidence
david_pryor,56,White_Males,CWF,david_pryor/056.jpg,,low_confidence
david_pryor,60,White_Males,CWF,david_pryor/060.jpg,david_pryor_0060.npy,ok
david_pryor,64,White_Males,CWF,david_pryor/064.jpg,,low_confidence
david_pryor,69,White_Males,CWF,david_pryor/069.jpg,,low_confidence
david_pryor,75,White_Males,CWF,david_pryor/075.jpg,,low_confidence
david_pryor,79,White_Males,CWF,david_pryor/079.jpg,david_pryor_0079.npy,ok
david_strathairn,6,White_Males,CWF,david_strathairn/006.jpg,,no_face
david_strathairn,18,White_Males,CWF,david_strathairn/018.jpg,,spoof_detected
david_strathairn,27,White_Males,CWF,david_strathairn/027.jpg,,no_face
david_strathairn,28,White_Males,CWF,david_strathairn/028.jpg,,low_confidence
david_strathairn,38,White_Males,CWF,david_strathairn/038.jpg,,low_confidence
david_strathairn,42,White_Males,CWF,david_strathairn/042.jpg,,low_confidence
david_strathairn,56,White_Males,CWF,david_strathairn/056.jpg,,low_confidence
david_strathairn,62,White_Males,CWF,david_strathairn/062.jpg,david_strathairn_0062.npy,ok
david_strathairn,63,White_Males,CWF,david_strathairn/063.jpg,,low_confidence
david_strathairn,65,White_Males,CWF,david_strathairn/065.jpg,david_strathairn_0065.npy,ok
david_strathairn,69,White_Males,CWF,david_strathairn/069.jpg,david_strathairn_0069.npy,ok
david_strathairn,70,White_Males,CWF,david_strathairn/070.jpg,david_strathairn_0070.npy,ok
david_strathairn,72,White_Males,CWF,david_strathairn/072.jpg,,no_face
david_strathairn,75,White_Males,CWF,david_strathairn/075.jpg,david_strathairn_0075.npy,ok
david_strathairn,83,White_Males,CWF,david_strathairn/083.jpg,david_strathairn_0083.npy,ok
david_strathairn,94,White_Males,CWF,david_strathairn/094.jpg,,low_confidence
david_strathairn,99,White_Males,CWF,david_strathairn/099.jpg,,low_confidence
david_strathairn,102,White_Males,CWF,david_strathairn/102.jpg,david_strathairn_0102.npy,ok
david_tennant,6,White_Males,CWF,david_tennant/006.jpg,david_tennant_0006.npy,ok
david_tennant,13,White_Males,CWF,david_tennant/013.jpg,,low_confidence
david_tennant,20,White_Males,CWF,david_tennant/020.jpg,david_tennant_0020.npy,ok
david_tennant,28,White_Males,CWF,david_tennant/028.jpg,david_tennant_0028.npy,ok
david_tennant,32,White_Males,CWF,david_tennant/032.jpg,,low_confidence
david_tennant,33,White_Males,CWF,david_tennant/033.jpg,david_tennant_0033.npy,ok
david_tennant,36,White_Males,CWF,david_tennant/036.jpg,david_tennant_0036.npy,ok
david_tennant,38,White_Males,CWF,david_tennant/038.jpg,,no_face
david_tennant,39,White_Males,CWF,david_tennant/039.jpg,david_tennant_0039.npy,ok
david_tennant,47,White_Males,CWF,david_tennant/047.jpg,,low_confidence
david_tennant,48,White_Males,CWF,david_tennant/048.jpg,david_tennant_0048.npy,ok
david_tennant,58,White_Males,CWF,david_tennant/058.jpg,,no_face
david_tennant,65,White_Males,CWF,david_tennant/065.jpg,david_tennant_0065.npy,ok
david_tennant,71,White_Males,CWF,david_tennant/071.jpg,david_tennant_0071.npy,ok
david_tennant,76,White_Males,CWF,david_tennant/076.jpg,david_tennant_0076.npy,ok
david_tennant,80,White_Males,CWF,david_tennant/080.jpg,,low_confidence
david_tennant,83,White_Males,CWF,david_tennant/083.jpg,david_tennant_0083.npy,ok
david_tennant,97,White_Males,CWF,david_tennant/097.jpg,,low_confidence
dean_cain,7,White_Males,CWF,dean_cain/007.jpg,dean_cain_0007.npy,ok
dean_cain,17,White_Males,CWF,dean_cain/017.jpg,,no_face
dean_cain,22,White_Males,CWF,dean_cain/022.jpg,,low_confidence
dean_cain,23,White_Males,CWF,dean_cain/023.jpg,,no_face
dean_cain,25,White_Males,CWF,dean_cain/025.jpg,dean_cain_0025.npy,ok
dean_cain,28,White_Males,CWF,dean_cain/028.jpg,,no_face
dean_cain,32,White_Males,CWF,dean_cain/032.jpg,dean_cain_0032.npy,ok
dean_cain,40,White_Males,CWF,dean_cain/040.jpg,,low_confidence
dean_cain,42,White_Males,CWF,dean_cain/042.jpg,,low_confidence
dean_cain,43,White_Males,CWF,dean_cain/043.jpg,dean_cain_0043.npy,ok
dean_cain,46,White_Males,CWF,dean_cain/046.jpg,dean_cain_0046.npy,ok
dean_cain,48,White_Males,CWF,dean_cain/048.jpg,dean_cain_0048.npy,ok
dean_cain,52,White_Males,CWF,dean_cain/052.jpg,,low_confidence
dean_cain,70,White_Males,CWF,dean_cain/070.jpg,,low_confidence
dean_cain,76,White_Males,CWF,dean_cain/076.jpg,dean_cain_0076.npy,ok
dean_cain,82,White_Males,CWF,dean_cain/082.jpg,,low_confidence
dean_cain,83,White_Males,CWF,dean_cain/083.jpg,dean_cain_0083.npy,ok
dean_cain,84,White_Males,CWF,dean_cain/084.jpg,,no_face
dolph_lundgren,6,White_Males,CWF,dolph_lundgren/006.jpg,,low_confidence
dolph_lundgren,7,White_Males,CWF,dolph_lundgren/007.jpg,,low_confidence
dolph_lundgren,12,White_Males,CWF,dolph_lundgren/012.jpg,,low_confidence
dolph_lundgren,15,White_Males,CWF,dolph_lundgren/015.jpg,dolph_lundgren_0015.npy,ok
dolph_lundgren,21,White_Males,CWF,dolph_lundgren/021.jpg,,low_confidence
dolph_lundgren,29,White_Males,CWF,dolph_lundgren/029.jpg,,spoof_detected
dolph_lundgren,30,White_Males,CWF,dolph_lundgren/030.jpg,,low_confidence
dolph_lundgren,31,White_Males,CWF,dolph_lundgren/031.jpg,,no_face
dolph_lundgren,33,White_Males,CWF,dolph_lundgren/033.jpg,dolph_lundgren_0033.npy,ok
dolph_lundgren,51,White_Males,CWF,dolph_lundgren/051.jpg,,low_confidence
dolph_lundgren,62,White_Males,CWF,dolph_lundgren/062.jpg,dolph_lundgren_0062.npy,ok
dolph_lundgren,64,White_Males,CWF,dolph_lundgren/064.jpg,dolph_lundgren_0064.npy,ok
dolph_lundgren,70,White_Males,CWF,dolph_lundgren/070.jpg,,low_confidence
dolph_lundgren,72,White_Males,CWF,dolph_lundgren/072.jpg,,no_face
dolph_lundgren,74,White_Males,CWF,dolph_lundgren/074.jpg,dolph_lundgren_0074.npy,ok
dolph_lundgren,77,White_Males,CWF,dolph_lundgren/077.jpg,,low_confidence
dolph_lundgren,82,White_Males,CWF,dolph_lundgren/082.jpg,,low_confidence
dolph_lundgren,95,White_Males,CWF,dolph_lundgren/095.jpg,,low_confidence
dominic_cooper,1,White_Males,CWF,dominic_cooper/001.jpg,dominic_cooper_0001.npy,ok
dominic_cooper,17,White_Males,CWF,dominic_cooper/017.jpg,,no_face
dominic_cooper,24,White_Males,CWF,dominic_cooper/024.jpg,dominic_cooper_0024.npy,ok
dominic_cooper,28,White_Males,CWF,dominic_cooper/028.jpg,dominic_cooper_0028.npy,ok
dominic_cooper,43,White_Males,CWF,dominic_cooper/043.jpg,dominic_cooper_0043.npy,ok
dominic_cooper,48,White_Males,CWF,dominic_cooper/048.jpg,dominic_cooper_0048.npy,ok
dominic_cooper,55,White_Males,CWF,dominic_cooper/055.jpg,dominic_cooper_0055.npy,ok
dominic_cooper,58,White_Males,CWF,dominic_cooper/058.jpg,,spoof_detected
dominic_cooper,62,White_Males,CWF,dominic_cooper/062.jpg,dominic_cooper_0062.npy,ok
dominic_cooper,63,White_Males,CWF,dominic_cooper/063.jpg,,low_confidence
dominic_cooper,66,White_Males,CWF,dominic_cooper/066.jpg,,low_confidence
dominic_cooper,88,White_Males,CWF,dominic_cooper/088.jpg,dominic_cooper_0088.npy,ok
dominic_cooper,91,White_Males,CWF,dominic_cooper/091.jpg,dominic_cooper_0091.npy,ok
dominic_cooper,92,White_Males,CWF,dominic_cooper/092.jpg,,low_confidence
dominic_cooper,120,White_Males,CWF,dominic_cooper/120.jpg,dominic_cooper_0120.npy,ok
dominic_cooper,128,White_Males,CWF,dominic_cooper/128.jpg,,no_face
dominic_cooper,130,White_Males,CWF,dominic_cooper/130.jpg,dominic_cooper_0130.npy,ok
dominic_cooper,133,White_Males,CWF,dominic_cooper/133.jpg,,low_confidence
donal_logue,1,White_Males,CWF,donal_logue/001.jpg,donal_logue_0001.npy,ok
donal_logue,3,White_Males,CWF,donal_logue/003.jpg,,no_face
donal_logue,4,White_Males,CWF,donal_logue/004.jpg,,low_confidence
donal_logue,7,White_Males,CWF,donal_logue/007.jpg,,low_confidence
donal_logue,13,White_Males,CWF,donal_logue/013.jpg,,low_confidence
donal_logue,15,White_Males,CWF,donal_logue/015.jpg,,low_confidence
donal_logue,23,White_Males,CWF,donal_logue/023.jpg,donal_logue_0023.npy,ok
donal_logue,28,White_Males,CWF,donal_logue/028.jpg,donal_logue_0028.npy,ok
donal_logue,33,White_Males,CWF,donal_logue/033.jpg,,no_face
donal_logue,34,White_Males,CWF,donal_logue/034.jpg,,low_confidence
donal_logue,43,White_Males,CWF,donal_logue/043.jpg,,low_confidence
donal_logue,45,White_Males,CWF,donal_logue/045.jpg,,no_face
donal_logue,50,White_Males,CWF,donal_logue/050.jpg,,no_face
donal_logue,52,White_Males,CWF,donal_logue/052.jpg,,low_confidence
donal_logue,53,White_Males,CWF,donal_logue/053.jpg,,low_confidence
donal_logue,56,White_Males,CWF,donal_logue/056.jpg,,no_face
donal_logue,60,White_Males,CWF,donal_logue/060.jpg,,low_confidence
donal_logue,62,White_Males,CWF,donal_logue/062.jpg,donal_logue_0062.npy,ok
dylan_mcdermott,27,White_Males,CWF,dylan_mcdermott/027.jpg,,low_confidence
dylan_mcdermott,33,White_Males,CWF,dylan_mcdermott/033.jpg,,low_confidence
dylan_mcdermott,35,White_Males,CWF,dylan_mcdermott/035.jpg,dylan_mcdermott_0035.npy,ok
dylan_mcdermott,55,White_Males,CWF,dylan_mcdermott/055.jpg,dylan_mcdermott_0055.npy,ok
dylan_mcdermott,58,White_Males,CWF,dylan_mcdermott/058.jpg,,spoof_detected
dylan_mcdermott,73,White_Males,CWF,dylan_mcdermott/073.jpg,,low_confidence
dylan_mcdermott,81,White_Males,CWF,dylan_mcdermott/081.jpg,,low_confidence
dylan_mcdermott,83,White_Males,CWF,dylan_mcdermott/083.jpg,dylan_mcdermott_0083.npy,ok
dylan_mcdermott,86,White_Males,CWF,dylan_mcdermott/086.jpg,,low_confidence
dylan_mcdermott,111,White_Males,CWF,dylan_mcdermott/111.jpg,dylan_mcdermott_0111.npy,ok
dylan_mcdermott,128,White_Males,CWF,dylan_mcdermott/128.jpg,,no_face
dylan_mcdermott,136,White_Males,CWF,dylan_mcdermott/136.jpg,,low_confidence
dylan_mcdermott,137,White_Males,CWF,dylan_mcdermott/137.jpg,dylan_mcdermott_0137.npy,ok
dylan_mcdermott,139,White_Males,CWF,dylan_mcdermott/139.jpg,,low_confidence
dylan_mcdermott,155,White_Males,CWF,dylan_mcdermott/155.jpg,dylan_mcdermott_0155.npy,ok
dylan_mcdermott,157,White_Males,CWF,dylan_mcdermott/157.jpg,,no_face
dylan_mcdermott,161,White_Males,CWF,dylan_mcdermott/161.jpg,,low_confidence
dylan_mcdermott,169,White_Males,CWF,dylan_mcdermott/169.jpg,dylan_mcdermott_0169.npy,ok
dylan_minnette,28,White_Males,VGGFace,dylan_minnette/00000028.jpg,,spoof_detected
dylan_minnette,34,White_Males,VGGFace,dylan_minnette/00000034.jpg,,low_confidence
dylan_minnette,40,White_Males,VGGFace,dylan_minnette/00000040.jpg,,low_confidence
dylan_minnette,47,White_Males,VGGFace,dylan_minnette/00000047.jpg,,no_face
dylan_minnette,53,White_Males,VGGFace,dylan_minnette/00000053.jpg,,spoof_detected
dylan_minnette,59,White_Males,VGGFace,dylan_minnette/00000059.jpg,,no_face
dylan_minnette,66,White_Males,VGGFace,dylan_minnette/00000066.jpg,,low_confidence
dylan_minnette,74,White_Males,VGGFace,dylan_minnette/00000074.jpg,,no_face
dylan_minnette,80,White_Males,VGGFace,dylan_minnette/00000080.jpg,dylan_minnette_0080.npy,ok
dylan_minnette,101,White_Males,VGGFace,dylan_minnette/00000101.jpg,,spoof_detected
dylan_minnette,118,White_Males,VGGFace,dylan_minnette/00000118.jpg,,no_face
dylan_minnette,136,White_Males,VGGFace,dylan_minnette/00000136.jpg,,low_confidence
dylan_minnette,161,White_Males,VGGFace,dylan_minnette/00000161.jpg,,no_face
dylan_minnette,193,White_Males,VGGFace,dylan_minnette/00000193.jpg,dylan_minnette_0193.npy,ok
dylan_minnette,288,White_Males,VGGFace,dylan_minnette/00000288.jpg,,low_confidence
dylan_minnette,354,White_Males,VGGFace,dylan_minnette/00000354.jpg,,low_confidence
dylan_minnette,356,White_Males,VGGFace,dylan_minnette/00000356.jpg,,low_confidence
dylan_minnette,416,White_Males,VGGFace,dylan_minnette/00000416.jpg,,no_face
eddie_cibrian,1,White_Males,CWF,eddie_cibrian/001.jpg,eddie_cibrian_0001.npy,ok
eddie_cibrian,3,White_Males,CWF,eddie_cibrian/003.jpg,,low_confidence
eddie_cibrian,5,White_Males,CWF,eddie_cibrian/005.jpg,eddie_cibrian_0005.npy,ok
eddie_cibrian,7,White_Males,CWF,eddie_cibrian/007.jpg,eddie_cibrian_0007.npy,ok
eddie_cibrian,14,White_Males,CWF,eddie_cibrian/014.jpg,eddie_cibrian_0014.npy,ok
eddie_cibrian,19,White_Males,CWF,eddie_cibrian/019.jpg,eddie_cibrian_0019.npy,ok
eddie_cibrian,21,White_Males,CWF,eddie_cibrian/021.jpg,,low_confidence
eddie_cibrian,23,White_Males,CWF,eddie_cibrian/023.jpg,,low_confidence
eddie_cibrian,24,White_Males,CWF,eddie_cibrian/024.jpg,,no_face
eddie_cibrian,28,White_Males,CWF,eddie_cibrian/028.jpg,eddie_cibrian_0028.npy,ok
eddie_cibrian,33,White_Males,CWF,eddie_cibrian/033.jpg,,spoof_detected
eddie_cibrian,34,White_Males,CWF,eddie_cibrian/034.jpg,,low_confidence
eddie_cibrian,35,White_Males,CWF,eddie_cibrian/035.jpg,,low_confidence
eddie_cibrian,37,White_Males,CWF,eddie_cibrian/037.jpg,,low_confidence
eddie_cibrian,41,White_Males,CWF,eddie_cibrian/041.jpg,,low_confidence
eddie_cibrian,42,White_Males,CWF,eddie_cibrian/042.jpg,,low_confidence
eddie_cibrian,51,White_Males,CWF,eddie_cibrian/051.jpg,eddie_cibrian_0051.npy,ok
eddie_cibrian,53,White_Males,CWF,eddie_cibrian/053.jpg,eddie_cibrian_0053.npy,ok
edoardo_purgatori,2,White_Males,CWF,edoardo_purgatori/002.jpg,,low_confidence
edoardo_purgatori,6,White_Males,CWF,edoardo_purgatori/006.jpg,,no_face
edoardo_purgatori,7,White_Males,CWF,edoardo_purgatori/007.jpg,edoardo_purgatori_0007.npy,ok
edoardo_purgatori,9,White_Males,CWF,edoardo_purgatori/009.jpg,,low_confidence
edoardo_purgatori,10,White_Males,CWF,edoardo_purgatori/010.jpg,,spoof_detected
edoardo_purgatori,13,White_Males,CWF,edoardo_purgatori/013.jpg,edoardo_purgatori_0013.npy,ok
edoardo_purgatori,16,White_Males,CWF,edoardo_purgatori/016.jpg,,spoof_detected
edoardo_purgatori,24,White_Males,CWF,edoardo_purgatori/024.jpg,,spoof_detected
edoardo_purgatori,27,White_Males,CWF,edoardo_purgatori/027.jpg,,low_confidence
edoardo_purgatori,34,White_Males,CWF,edoardo_purgatori/034.jpg,,low_confidence
edoardo_purgatori,37,White_Males,CWF,edoardo_purgatori/037.jpg,edoardo_purgatori_0037.npy,ok
edoardo_purgatori,38,White_Males,CWF,edoardo_purgatori/038.jpg,,no_face
edoardo_purgatori,42,White_Males,CWF,edoardo_purgatori/042.jpg,,low_confidence
edoardo_purgatori,45,White_Males,CWF,edoardo_purgatori/045.jpg,,low_confidence
edoardo_purgatori,46,White_Males,CWF,edoardo_purgatori/046.jpg,,low_confidence
edoardo_purgatori,48,White_Males,CWF,edoardo_purgatori/048.jpg,,no_face
edoardo_purgatori,52,White_Males,CWF,edoardo_purgatori/052.jpg,edoardo_purgatori_0052.npy,ok
edoardo_purgatori,55,White_Males,CWF,edoardo_purgatori/055.jpg,edoardo_purgatori_0055.npy,ok
eric_stonestreet,16,White_Males,CWF,eric_stonestreet/016.jpg,,low_confidence
eric_stonestreet,25,White_Males,CWF,eric_stonestreet/025.jpg,eric_stonestreet_0025.npy,ok
eric_stonestreet,34,White_Males,CWF,eric_stonestreet/034.jpg,,low_confidence
eric_stonestreet,41,White_Males,CWF,eric_stonestreet/041.jpg,,low_confidence
eric_stonestreet,57,White_Males,CWF,eric_stonestreet/057.jpg,,low_confidence
eric_stonestreet,60,White_Males,CWF,eric_stonestreet/060.jpg,,low_confidence
eric_stonestreet,66,White_Males,CWF,eric_stonestreet/066.jpg,,low_confidence
eric_stonestreet,71,White_Males,CWF,eric_stonestreet/071.jpg,,no_face
eric_stonestreet,89,White_Males,CWF,eric_stonestreet/089.jpg,,low_confidence
eric_stonestreet,128,White_Males,CWF,eric_stonestreet/128.jpg,eric_stonestreet_0128.npy,ok
eric_stonestreet,136,White_Males,CWF,eric_stonestreet/136.jpg,,low_confidence
eric_stonestreet,180,White_Males,CWF,eric_stonestreet/180.jpg,,low_confidence
eric_stonestreet,183,White_Males,CWF,eric_stonestreet/183.jpg,eric_stonestreet_0183.npy,ok
eric_stonestreet,200,White_Males,CWF,eric_stonestreet/200.jpg,,low_confidence
eric_stonestreet,223,White_Males,CWF,eric_stonestreet/223.jpg,eric_stonestreet_0223.npy,ok
eric_stonestreet,264,White_Males,CWF,eric_stonestreet/264.jpg,,no_face
eric_stonestreet,299,White_Males,CWF,eric_stonestreet/299.jpg,,low_confidence
eric_stonestreet,300,White_Males,CWF,eric_stonestreet/300.jpg,,low_confidence
federico_dordei,13,White_Males,CWF,federico_dordei/013.jpg,federico_dordei_0013.npy,ok
federico_dordei,20,White_Males,CWF,federico_dordei/020.jpg,federico_dordei_0020.npy,ok
federico_dordei,21,White_Males,CWF,federico_dordei/021.jpg,,spoof_detected
federico_dordei,29,White_Males,CWF,federico_dordei/029.jpg,,low_confidence
federico_dordei,30,White_Males,CWF,federico_dordei/030.jpg,federico_dordei_0030.npy,ok
federico_dordei,32,White_Males,CWF,federico_dordei/032.jpg,federico_dordei_0032.npy,ok
federico_dordei,36,White_Males,CWF,federico_dordei/036.jpg,federico_dordei_0036.npy,ok
federico_dordei,43,White_Males,CWF,federico_dordei/043.jpg,federico_dordei_0043.npy,ok
federico_dordei,53,White_Males,CWF,federico_dordei/053.jpg,,spoof_detected
federico_dordei,58,White_Males,CWF,federico_dordei/058.jpg,federico_dordei_0058.npy,ok
federico_dordei,63,White_Males,CWF,federico_dordei/063.jpg,federico_dordei_0063.npy,ok
federico_dordei,65,White_Males,CWF,federico_dordei/065.jpg,,no_face
federico_dordei,70,White_Males,CWF,federico_dordei/070.jpg,federico_dordei_0070.npy,ok
federico_dordei,76,White_Males,CWF,federico_dordei/076.jpg,federico_dordei_0076.npy,ok
federico_dordei,79,White_Males,CWF,federico_dordei/079.jpg,federico_dordei_0079.npy,ok
federico_dordei,81,White_Males,CWF,federico_dordei/081.jpg,federico_dordei_0081.npy,ok
federico_dordei,82,White_Males,CWF,federico_dordei/082.jpg,federico_dordei_0082.npy,ok
federico_dordei,83,White_Males,CWF,federico_dordei/083.jpg,,no_face
gulshan_grover,1,White_Males,CWF,gulshan_grover/001.jpg,,low_confidence
gulshan_grover,2,White_Males,CWF,gulshan_grover/002.jpg,,low_confidence
gulshan_grover,3,White_Males,CWF,gulshan_grover/003.jpg,gulshan_grover_0003.npy,ok
gulshan_grover,7,White_Males,CWF,gulshan_grover/007.jpg,gulshan_grover_0007.npy,ok
gulshan_grover,10,White_Males,CWF,gulshan_grover/010.jpg,gulshan_grover_0010.npy,ok
gulshan_grover,11,White_Males,CWF,gulshan_grover/011.jpg,gulshan_grover_0011.npy,ok
gulshan_grover,16,White_Males,CWF,gulshan_grover/016.jpg,gulshan_grover_0016.npy,ok
gulshan_grover,25,White_Males,CWF,gulshan_grover/025.jpg,,low_confidence
gulshan_grover,26,White_Males,CWF,gulshan_grover/026.jpg,,spoof_detected
gulshan_grover,31,White_Males,CWF,gulshan_grover/031.jpg,gulshan_grover_0031.npy,ok
gulshan_grover,35,White_Males,CWF,gulshan_grover/035.jpg,gulshan_grover_0035.npy,ok
gulshan_grover,44,White_Males,CWF,gulshan_grover/044.jpg,gulshan_grover_0044.npy,ok
gulshan_grover,46,White_Males,CWF,gulshan_grover/046.jpg,,spoof_detected
gulshan_grover,48,White_Males,CWF,gulshan_grover/048.jpg,gulshan_grover_0048.npy,ok
gulshan_grover,51,White_Males,CWF,gulshan_grover/051.jpg,,low_confidence
gulshan_grover,53,White_Males,CWF,gulshan_grover/053.jpg,gulshan_grover_0053.npy,ok
gulshan_grover,54,White_Males,CWF,gulshan_grover/054.jpg,gulshan_grover_0054.npy,ok
gulshan_grover,55,White_Males,CWF,gulshan_grover/055.jpg,gulshan_grover_0055.npy,ok
howie_mandel,5,White_Males,CWF,howie_mandel/005.jpg,,no_face
howie_mandel,10,White_Males,CWF,howie_mandel/010.jpg,,low_confidence
howie_mandel,18,White_Males,CWF,howie_mandel/018.jpg,howie_mandel_0018.npy,ok
howie_mandel,21,White_Males,CWF,howie_mandel/021.jpg,,low_confidence
howie_mandel,25,White_Males,CWF,howie_mandel/025.jpg,,low_confidence
howie_mandel,33,White_Males,CWF,howie_mandel/033.jpg,howie_mandel_0033.npy,ok
howie_mandel,47,White_Males,CWF,howie_mandel/047.jpg,,low_confidence
howie_mandel,53,White_Males,CWF,howie_mandel/053.jpg,,no_face
howie_mandel,57,White_Males,CWF,howie_mandel/057.jpg,howie_mandel_0057.npy,ok
howie_mandel,61,White_Males,CWF,howie_mandel/061.jpg,howie_mandel_0061.npy,ok
howie_mandel,62,White_Males,CWF,howie_mandel/062.jpg,howie_mandel_0062.npy,ok
howie_mandel,67,White_Males,CWF,howie_mandel/067.jpg,,no_face
howie_mandel,72,White_Males,CWF,howie_mandel/072.jpg,howie_mandel_0072.npy,ok
howie_mandel,74,White_Males,CWF,howie_mandel/074.jpg,howie_mandel_0074.npy,ok
howie_mandel,75,White_Males,CWF,howie_mandel/075.jpg,,no_face
howie_mandel,79,White_Males,CWF,howie_mandel/079.jpg,howie_mandel_0079.npy,ok
howie_mandel,95,White_Males,CWF,howie_mandel/095.jpg,,low_confidence
howie_mandel,96,White_Males,CWF,howie_mandel/096.jpg,,low_confidence
hubertus_geller,1,White_Males,CWF,hubertus_geller/001.jpg,hubertus_geller_0001.npy,ok
hubertus_geller,2,White_Males,CWF,hubertus_geller/002.jpg,,low_confidence
hubertus_geller,5,White_Males,CWF,hubertus_geller/005.jpg,,low_confidence
hubertus_geller,6,White_Males,CWF,hubertus_geller/006.jpg,,low_confidence
hubertus_geller,11,White_Males,CWF,hubertus_geller/011.jpg,,low_confidence
hubertus_geller,16,White_Males,CWF,hubertus_geller/016.jpg,,no_face
hubertus_geller,18,White_Males,CWF,hubertus_geller/018.jpg,,low_confidence
hubertus_geller,19,White_Males,CWF,hubertus_geller/019.jpg,,low_confidence
hubertus_geller,20,White_Males,CWF,hubertus_geller/020.jpg,,no_face
hubertus_geller,22,White_Males,CWF,hubertus_geller/022.jpg,,no_face
hubertus_geller,26,White_Males,CWF,hubertus_geller/026.jpg,,no_face
hubertus_geller,28,White_Males,CWF,hubertus_geller/028.jpg,,no_face
hubertus_geller,31,White_Males,CWF,hubertus_geller/031.jpg,,low_confidence
hubertus_geller,33,White_Males,CWF,hubertus_geller/033.jpg,,low_confidence
hubertus_geller,34,White_Males,CWF,hubertus_geller/034.jpg,,low_confidence
hubertus_geller,38,White_Males,CWF,hubertus_geller/038.jpg,,no_face
hubertus_geller,39,White_Males,CWF,hubertus_geller/039.jpg,,no_face
hubertus_geller,49,White_Males,CWF,hubertus_geller/049.jpg,,no_face
hugo_becker,4,White_Males,CWF,hugo_becker/004.jpg,,low_confidence
hugo_becker,5,White_Males,CWF,hugo_becker/005.jpg,hugo_becker_0005.npy,ok
hugo_becker,7,White_Males,CWF,hugo_becker/007.jpg,,low_confidence
hugo_becker,9,White_Males,CWF,hugo_becker/009.jpg,,no_face
hugo_becker,10,White_Males,CWF,hugo_becker/010.jpg,hugo_becker_0010.npy,ok
hugo_becker,15,White_Males,CWF,hugo_becker/015.jpg,,low_confidence
hugo_becker,17,White_Males,CWF,hugo_becker/017.jpg,hugo_becker_0017.npy,ok
hugo_becker,18,White_Males,CWF,hugo_becker/018.jpg,,no_face
hugo_becker,20,White_Males,CWF,hugo_becker/020.jpg,,no_face
hugo_becker,24,White_Males,CWF,hugo_becker/024.jpg,,no_face
hugo_becker,38,White_Males,CWF,hugo_becker/038.jpg,,low_confidence
hugo_becker,39,White_Males,CWF,hugo_becker/039.jpg,,low_confidence
hugo_becker,40,White_Males,CWF,hugo_becker/040.jpg,,low_confidence
hugo_becker,43,White_Males,CWF,hugo_becker/043.jpg,,no_face
hugo_becker,48,White_Males,CWF,hugo_becker/048.jpg,,low_confidence
hugo_becker,51,White_Males,CWF,hugo_becker/051.jpg,,low_confidence
hugo_becker,52,White_Males,CWF,hugo_becker/052.jpg,hugo_becker_0052.npy,ok
hugo_becker,57,White_Males,CWF,hugo_becker/057.jpg,,low_confidence
iain_glen,6,White_Males,CWF,iain_glen/006.jpg,,low_confidence
iain_glen,8,White_Males,CWF,iain_glen/008.jpg,,low_confidence
iain_glen,16,White_Males,CWF,iain_glen/016.jpg,,low_confidence
iain_glen,17,White_Males,CWF,iain_glen/017.jpg,,low_confidence
iain_glen,18,White_Males,CWF,iain_glen/018.jpg,iain_glen_0018.npy,ok
iain_glen,26,White_Males,CWF,iain_glen/026.jpg,,low_confidence
iain_glen,27,White_Males,CWF,iain_glen/027.jpg,,low_confidence
iain_glen,29,White_Males,CWF,iain_glen/029.jpg,iain_glen_0029.npy,ok
iain_glen,31,White_Males,CWF,iain_glen/031.jpg,,low_confidence
iain_glen,32,White_Males,CWF,iain_glen/032.jpg,,low_confidence
iain_glen,35,White_Males,CWF,iain_glen/035.jpg,iain_glen_0035.npy,ok
iain_glen,39,White_Males,CWF,iain_glen/039.jpg,,no_face
iain_glen,41,White_Males,CWF,iain_glen/041.jpg,,no_face
iain_glen,44,White_Males,CWF,iain_glen/044.jpg,,low_confidence
iain_glen,53,White_Males,CWF,iain_glen/053.jpg,iain_glen_0053.npy,ok
iain_glen,62,White_Males,CWF,iain_glen/062.jpg,iain_glen_0062.npy,ok
iain_glen,63,White_Males,CWF,iain_glen/063.jpg,,no_face
iain_glen,68,White_Males,CWF,iain_glen/068.jpg,,low_confidence
jackson_brundage,18,White_Males,VGGFace,jackson_brundage/00000018.jpg,,no_face
jackson_brundage,33,White_Males,VGGFace,jackson_brundage/00000033.jpg,,no_face
jackson_brundage,41,White_Males,VGGFace,jackson_brundage/00000041.jpg,,no_face
jackson_brundage,42,White_Males,VGGFace,jackson_brundage/00000042.jpg,,low_confidence
jackson_brundage,54,White_Males,VGGFace,jackson_brundage/00000054.jpg,,low_confidence
jackson_brundage,55,White_Males,VGGFace,jackson_brundage/00000055.jpg,,low_confidence
jackson_brundage,58,White_Males,VGGFace,jackson_brundage/00000058.jpg,,low_confidence
jackson_brundage,136,White_Males,VGGFace,jackson_brundage/00000136.jpg,,low_confidence
jackson_brundage,172,White_Males,VGGFace,jackson_brundage/00000172.jpg,,no_face
jackson_brundage,173,White_Males,VGGFace,jackson_brundage/00000173.jpg,,no_face
jackson_brundage,198,White_Males,VGGFace,jackson_brundage/00000198.jpg,,no_face
jackson_brundage,214,White_Males,VGGFace,jackson_brundage/00000214.jpg,,low_confidence
jackson_brundage,415,White_Males,VGGFace,jackson_brundage/00000415.jpg,,no_face
jackson_brundage,423,White_Males,VGGFace,jackson_brundage/00000423.jpg,,no_face
jackson_brundage,424,White_Males,VGGFace,jackson_brundage/00000424.jpg,,no_face
jackson_brundage,451,White_Males,VGGFace,jackson_brundage/00000451.jpg,,low_confidence
jackson_brundage,454,White_Males,VGGFace,jackson_brundage/00000454.jpg,,no_face
jackson_brundage,483,White_Males,VGGFace,jackson_brundage/00000483.jpg,,no_face
james_mcavoy,8,White_Males,CWF,james_mcavoy/008.jpg,,low_confidence
james_mcavoy,11,White_Males,CWF,james_mcavoy/011.jpg,,low_confidence
james_mcavoy,12,White_Males,CWF,james_mcavoy/012.jpg,james_mcavoy_0012.npy,ok
james_mcavoy,22,White_Males,CWF,james_mcavoy/022.jpg,james_mcavoy_0022.npy,ok
james_mcavoy,25,White_Males,CWF,james_mcavoy/025.jpg,,no_face
james_mcavoy,54,White_Males,CWF,james_mcavoy/054.jpg,james_mcavoy_0054.npy,ok
james_mcavoy,64,White_Males,CWF,james_mcavoy/064.jpg,,low_confidence
james_mcavoy,78,White_Males,CWF,james_mcavoy/078.jpg,james_mcavoy_0078.npy,ok
james_mcavoy,84,White_Males,CWF,james_mcavoy/084.jpg,,no_face
james_mcavoy,99,White_Males,CWF,james_mcavoy/099.jpg,james_mcavoy_0099.npy,ok
james_mcavoy,128,White_Males,CWF,james_mcavoy/128.jpg,james_mcavoy_0128.npy,ok
james_mcavoy,133,White_Males,CWF,james_mcavoy/133.jpg,,low_confidence
james_mcavoy,140,White_Males,CWF,james_mcavoy/140.jpg,,low_confidence
james_mcavoy,148,White_Males,CWF,james_mcavoy/148.jpg,,spoof_detected
james_mcavoy,156,White_Males,CWF,james_mcavoy/156.jpg,,low_confidence
james_mcavoy,163,White_Males,CWF,james_mcavoy/163.jpg,,low_confidence
james_mcavoy,164,White_Males,CWF,james_mcavoy/164.jpg,,low_confidence
james_mcavoy,179,White_Males,CWF,james_mcavoy/179.jpg,,no_face
james_van_der_beek,2,White_Males,CWF,james_van_der_beek/002.jpg,james_van_der_beek_0002.npy,ok
james_van_der_beek,17,White_Males,CWF,james_van_der_beek/017.jpg,james_van_der_beek_0017.npy,ok
james_van_der_beek,27,White_Males,CWF,james_van_der_beek/027.jpg,james_van_der_beek_0027.npy,ok
james_van_der_beek,30,White_Males,CWF,james_van_der_beek/030.jpg,,low_confidence
james_van_der_beek,37,White_Males,CWF,james_van_der_beek/037.jpg,,spoof_detected
james_van_der_beek,43,White_Males,CWF,james_van_der_beek/043.jpg,,no_face
james_van_der_beek,44,White_Males,CWF,james_van_der_beek/044.jpg,,low_confidence
james_van_der_beek,46,White_Males,CWF,james_van_der_beek/046.jpg,,no_face
james_van_der_beek,93,White_Males,CWF,james_van_der_beek/093.jpg,,low_confidence
james_van_der_beek,96,White_Males,CWF,james_van_der_beek/096.jpg,james_van_der_beek_0096.npy,ok
james_van_der_beek,102,White_Males,CWF,james_van_der_beek/102.jpg,,spoof_detected
james_van_der_beek,104,White_Males,CWF,james_van_der_beek/104.jpg,,low_confidence
james_van_der_beek,114,White_Males,CWF,james_van_der_beek/114.jpg,james_van_der_beek_0114.npy,ok
james_van_der_beek,117,White_Males,CWF,james_van_der_beek/117.jpg,james_van_der_beek_0117.npy,ok
james_van_der_beek,121,White_Males,CWF,james_van_der_beek/121.jpg,james_van_der_beek_0121.npy,ok
james_van_der_beek,124,White_Males,CWF,james_van_der_beek/124.jpg,,low_confidence
james_van_der_beek,126,White_Males,CWF,james_van_der_beek/126.jpg,,low_confidence
james_van_der_beek,142,White_Males,CWF,james_van_der_beek/142.jpg,,no_face
jason_behr,7,White_Males,CWF,jason_behr/007.jpg,,low_confidence
jason_behr,9,White_Males,CWF,jason_behr/009.jpg,jason_behr_0009.npy,ok
jason_behr,11,White_Males,CWF,jason_behr/011.jpg,jason_behr_0011.npy,ok
jason_behr,13,White_Males,CWF,jason_behr/013.jpg,,low_confidence
jason_behr,15,White_Males,CWF,jason_behr/015.jpg,jason_behr_0015.npy,ok
jason_behr,20,White_Males,CWF,jason_behr/020.jpg,,low_confidence
jason_behr,23,White_Males,CWF,jason_behr/023.jpg,jason_behr_0023.npy,ok
jason_behr,25,White_Males,CWF,jason_behr/025.jpg,,low_confidence
jason_behr,28,White_Males,CWF,jason_behr/028.jpg,,low_confidence
jason_behr,31,White_Males,CWF,jason_behr/031.jpg,jason_behr_0031.npy,ok
jason_behr,32,White_Males,CWF,jason_behr/032.jpg,jason_behr_0032.npy,ok
jason_behr,34,White_Males,CWF,jason_behr/034.jpg,,low_confidence
jason_behr,35,White_Males,CWF,jason_behr/035.jpg,,low_confidence
jason_behr,38,White_Males,CWF,jason_behr/038.jpg,jason_behr_0038.npy,ok
jason_behr,49,White_Males,CWF,jason_behr/049.jpg,jason_behr_0049.npy,ok
jason_behr,50,White_Males,CWF,jason_behr/050.jpg,jason_behr_0050.npy,ok
jason_behr,58,White_Males,CWF,jason_behr/058.jpg,,low_confidence
jason_behr,61,White_Males,CWF,jason_behr/061.jpg,,low_confidence
jason_patric,9,White_Males,CWF,jason_patric/009.jpg,jason_patric_0009.npy,ok
jason_patric,11,White_Males,CWF,jason_patric/011.jpg,,low_confidence
jason_patric,12,White_Males,CWF,jason_patric/012.jpg,,low_confidence
jason_patric,13,White_Males,CWF,jason_patric/013.jpg,,low_confidence
jason_patric,19,White_Males,CWF,jason_patric/019.jpg,jason_patric_0019.npy,ok
jason_patric,23,White_Males,CWF,jason_patric/023.jpg,,low_confidence
jason_patric,24,White_Males,CWF,jason_patric/024.jpg,,low_confidence
jason_patric,29,White_Males,CWF,jason_patric/029.jpg,jason_patric_0029.npy,ok
jason_patric,38,White_Males,CWF,jason_patric/038.jpg,,low_confidence
jason_patric,40,White_Males,CWF,jason_patric/040.jpg,jason_patric_0040.npy,ok
jason_patric,42,White_Males,CWF,jason_patric/042.jpg,,low_confidence
jason_patric,48,White_Males,CWF,jason_patric/048.jpg,,low_confidence
jason_patric,57,White_Males,CWF,jason_patric/057.jpg,,low_confidence
jason_patric,62,White_Males,CWF,jason_patric/062.jpg,,low_confidence
jason_patric,65,White_Males,CWF,jason_patric/065.jpg,,low_confidence
jason_patric,70,White_Males,CWF,jason_patric/070.jpg,jason_patric_0070.npy,ok
jason_patric,74,White_Males,CWF,jason_patric/074.jpg,,low_confidence
jason_patric,84,White_Males,CWF,jason_patric/084.jpg,,low_confidence
jeremy_renner,24,White_Males,CWF,jeremy_renner/024.jpg,jeremy_renner_0024.npy,ok
jeremy_renner,36,White_Males,CWF,jeremy_renner/036.jpg,,low_confidence
jeremy_renner,47,White_Males,CWF,jeremy_renner/047.jpg,jeremy_renner_0047.npy,ok
jeremy_renner,55,White_Males,CWF,jeremy_renner/055.jpg,jeremy_renner_0055.npy,ok
jeremy_renner,68,White_Males,CWF,jeremy_renner/068.jpg,,low_confidence
jeremy_renner,78,White_Males,CWF,jeremy_renner/078.jpg,,low_confidence
jeremy_renner,101,White_Males,CWF,jeremy_renner/101.jpg,jeremy_renner_0101.npy,ok
jeremy_renner,111,White_Males,CWF,jeremy_renner/111.jpg,jeremy_renner_0111.npy,ok
jeremy_renner,113,White_Males,CWF,jeremy_renner/113.jpg,,low_confidence
jeremy_renner,118,White_Males,CWF,jeremy_renner/118.jpg,jeremy_renner_0118.npy,ok
jeremy_renner,144,White_Males,CWF,jeremy_renner/144.jpg,,low_confidence
jeremy_renner,166,White_Males,CWF,jeremy_renner/166.jpg,jeremy_renner_0166.npy,ok
jeremy_renner,196,White_Males,CWF,jeremy_renner/196.jpg,,low_confidence
jeremy_renner,201,White_Males,CWF,jeremy_renner/201.jpg,jeremy_renner_0201.npy,ok
jeremy_renner,319,White_Males,CWF,jeremy_renner/319.jpg,jeremy_renner_0319.npy,ok
jeremy_renner,320,White_Males,CWF,jeremy_renner/320.jpg,jeremy_renner_0320.npy,ok
jeremy_renner,332,White_Males,CWF,jeremy_renner/332.jpg,jeremy_renner_0332.npy,ok
jeremy_renner,341,White_Males,CWF,jeremy_renner/341.jpg,jeremy_renner_0341.npy,ok
john_carroll_lynch,2,White_Males,CWF,john_carroll_lynch/002.jpg,,low_confidence
john_carroll_lynch,5,White_Males,CWF,john_carroll_lynch/005.jpg,john_carroll_lynch_0005.npy,ok
john_carroll_lynch,9,White_Males,CWF,john_carroll_lynch/009.jpg,,low_confidence
john_carroll_lynch,10,White_Males,CWF,john_carroll_lynch/010.jpg,,low_confidence
john_carroll_lynch,18,White_Males,CWF,john_carroll_lynch/018.jpg,,low_confidence
john_carroll_lynch,22,White_Males,CWF,john_carroll_lynch/022.jpg,,low_confidence
john_carroll_lynch,23,White_Males,CWF,john_carroll_lynch/023.jpg,john_carroll_lynch_0023.npy,ok
john_carroll_lynch,25,White_Males,CWF,john_carroll_lynch/025.jpg,john_carroll_lynch_0025.npy,ok
john_carroll_lynch,28,White_Males,CWF,john_carroll_lynch/028.jpg,,low_confidence
john_carroll_lynch,31,White_Males,CWF,john_carroll_lynch/031.jpg,,no_face
john_carroll_lynch,32,White_Males,CWF,john_carroll_lynch/032.jpg,,low_confidence
john_carroll_lynch,34,White_Males,CWF,john_carroll_lynch/034.jpg,,low_confidence
john_carroll_lynch,35,White_Males,CWF,john_carroll_lynch/035.jpg,,no_face
john_carroll_lynch,36,White_Males,CWF,john_carroll_lynch/036.jpg,,low_confidence
john_carroll_lynch,37,White_Males,CWF,john_carroll_lynch/037.jpg,john_carroll_lynch_0037.npy,ok
john_carroll_lynch,43,White_Males,CWF,john_carroll_lynch/043.jpg,,low_confidence
john_carroll_lynch,45,White_Males,CWF,john_carroll_lynch/045.jpg,,low_confidence
john_carroll_lynch,52,White_Males,CWF,john_carroll_lynch/052.jpg,,low_confidence
john_francis_daley,10,White_Males,CWF,john_francis_daley/010.jpg,,no_face
john_francis_daley,11,White_Males,CWF,john_francis_daley/011.jpg,john_francis_daley_0011.npy,ok
john_francis_daley,12,White_Males,CWF,john_francis_daley/012.jpg,,no_face
john_francis_daley,13,White_Males,CWF,john_francis_daley/013.jpg,john_francis_daley_0013.npy,ok
john_francis_daley,16,White_Males,CWF,john_francis_daley/016.jpg,john_francis_daley_0016.npy,ok
john_francis_daley,18,White_Males,CWF,john_francis_daley/018.jpg,,no_face
john_francis_daley,23,White_Males,CWF,john_francis_daley/023.jpg,john_francis_daley_0023.npy,ok
john_francis_daley,30,White_Males,CWF,john_francis_daley/030.jpg,john_francis_daley_0030.npy,ok
john_francis_daley,41,White_Males,CWF,john_francis_daley/041.jpg,john_francis_daley_0041.npy,ok
john_francis_daley,45,White_Males,CWF,john_francis_daley/045.jpg,,no_face
john_francis_daley,47,White_Males,CWF,john_francis_daley/047.jpg,,low_confidence
john_francis_daley,55,White_Males,CWF,john_francis_daley/055.jpg,,low_confidence
john_francis_daley,56,White_Males,CWF,john_francis_daley/056.jpg,,no_face
john_francis_daley,59,White_Males,CWF,john_francis_daley/059.jpg,john_francis_daley_0059.npy,ok
john_francis_daley,60,White_Males,CWF,john_francis_daley/060.jpg,,low_confidence
john_francis_daley,61,White_Males,CWF,john_francis_daley/061.jpg,john_francis_daley_0061.npy,ok
john_francis_daley,63,White_Males,CWF,john_francis_daley/063.jpg,john_francis_daley_0063.npy,ok
john_francis_daley,65,White_Males,CWF,john_francis_daley/065.jpg,john_francis_daley_0065.npy,ok
jon_cryer,2,White_Males,CWF,jon_cryer/002.jpg,jon_cryer_0002.npy,ok
jon_cryer,6,White_Males,CWF,jon_cryer/006.jpg,jon_cryer_0006.npy,ok
jon_cryer,7,White_Males,CWF,jon_cryer/007.jpg,jon_cryer_0007.npy,ok
jon_cryer,9,White_Males,CWF,jon_cryer/009.jpg,jon_cryer_0009.npy,ok
jon_cryer,11,White_Males,CWF,jon_cryer/011.jpg,,low_confidence
jon_cryer,14,White_Males,CWF,jon_cryer/014.jpg,,no_face
jon_cryer,16,White_Males,CWF,jon_cryer/016.jpg,jon_cryer_0016.npy,ok
jon_cryer,21,White_Males,CWF,jon_cryer/021.jpg,jon_cryer_0021.npy,ok
jon_cryer,23,White_Males,CWF,jon_cryer/023.jpg,,no_face
jon_cryer,24,White_Males,CWF,jon_cryer/024.jpg,jon_cryer_0024.npy,ok
jon_cryer,27,White_Males,CWF,jon_cryer/027.jpg,jon_cryer_0027.npy,ok
jon_cryer,59,White_Males,CWF,jon_cryer/059.jpg,,low_confidence
jon_cryer,63,White_Males,CWF,jon_cryer/063.jpg,jon_cryer_0063.npy,ok
jon_cryer,126,White_Males,CWF,jon_cryer/126.jpg,,low_confidence
jon_cryer,154,White_Males,CWF,jon_cryer/154.jpg,,low_confidence
jon_cryer,180,White_Males,CWF,jon_cryer/180.jpg,jon_cryer_0180.npy,ok
jon_cryer,196,White_Males,CWF,jon_cryer/196.jpg,jon_cryer_0196.npy,ok
jon_cryer,213,White_Males,CWF,jon_cryer/213.jpg,,no_face
joseph_lawrence,2,White_Males,CWF,joseph_lawrence/002.jpg,,low_confidence
joseph_lawrence,5,White_Males,CWF,joseph_lawrence/005.jpg,joseph_lawrence_0005.npy,ok
joseph_lawrence,9,White_Males,CWF,joseph_lawrence/009.jpg,,low_confidence
joseph_lawrence,10,White_Males,CWF,joseph_lawrence/010.jpg,joseph_lawrence_0010.npy,ok
joseph_lawrence,16,White_Males,CWF,joseph_lawrence/016.jpg,joseph_lawrence_0016.npy,ok
joseph_lawrence,17,White_Males,CWF,joseph_lawrence/017.jpg,joseph_lawrence_0017.npy,ok
joseph_lawrence,19,White_Males,CWF,joseph_lawrence/019.jpg,,low_confidence
joseph_lawrence,21,White_Males,CWF,joseph_lawrence/021.jpg,joseph_lawrence_0021.npy,ok
joseph_lawrence,23,White_Males,CWF,joseph_lawrence/023.jpg,,low_confidence
joseph_lawrence,31,White_Males,CWF,joseph_lawrence/031.jpg,,low_confidence
joseph_lawrence,35,White_Males,CWF,joseph_lawrence/035.jpg,joseph_lawrence_0035.npy,ok
joseph_lawrence,36,White_Males,CWF,joseph_lawrence/036.jpg,,low_confidence
joseph_lawrence,44,White_Males,CWF,joseph_lawrence/044.jpg,,low_confidence
joseph_lawrence,47,White_Males,CWF,joseph_lawrence/047.jpg,,no_face
joseph_lawrence,51,White_Males,CWF,joseph_lawrence/051.jpg,joseph_lawrence_0051.npy,ok
joseph_lawrence,59,White_Males,CWF,joseph_lawrence/059.jpg,,low_confidence
joseph_lawrence,61,White_Males,CWF,joseph_lawrence/061.jpg,,low_confidence
joseph_lawrence,66,White_Males,CWF,joseph_lawrence/066.jpg,joseph_lawrence_0066.npy,ok
joseph_steven,4,White_Males,CWF,joseph_steven/004.jpg,,low_confidence
joseph_steven,5,White_Males,CWF,joseph_steven/005.jpg,joseph_steven_0005.npy,ok
joseph_steven,12,White_Males,CWF,joseph_steven/012.jpg,,low_confidence
joseph_steven,25,White_Males,CWF,joseph_steven/025.jpg,,low_confidence
joseph_steven,26,White_Males,CWF,joseph_steven/026.jpg,,no_face
joseph_steven,27,White_Males,CWF,joseph_steven/027.jpg,,spoof_detected
joseph_steven,31,White_Males,CWF,joseph_steven/031.jpg,,no_face
joseph_steven,33,White_Males,CWF,joseph_steven/033.jpg,,low_confidence
joseph_steven,36,White_Males,CWF,joseph_steven/036.jpg,,low_confidence
joseph_steven,46,White_Males,CWF,joseph_steven/046.jpg,,low_confidence
joseph_steven,50,White_Males,CWF,joseph_steven/050.jpg,,low_confidence
joseph_steven,51,White_Males,CWF,joseph_steven/051.jpg,,low_confidence
joseph_steven,57,White_Males,CWF,joseph_steven/057.jpg,,spoof_detected
joseph_steven,66,White_Males,CWF,joseph_steven/066.jpg,,no_face
joseph_steven,67,White_Males,CWF,joseph_steven/067.jpg,,low_confidence
joseph_steven,68,White_Males,CWF,joseph_steven/068.jpg,,no_face
joseph_steven,69,White_Males,CWF,joseph_steven/069.jpg,,low_confidence
joseph_steven,70,White_Males,CWF,joseph_steven/070.jpg,,low_confidence
josh_cooke,1,White_Males,CWF,josh_cooke/001.jpg,,low_confidence
josh_cooke,7,White_Males,CWF,josh_cooke/007.jpg,josh_cooke_0007.npy,ok
josh_cooke,13,White_Males,CWF,josh_cooke/013.jpg,josh_cooke_0013.npy,ok
josh_cooke,15,White_Males,CWF,josh_cooke/015.jpg,,low_confidence
josh_cooke,16,White_Males,CWF,josh_cooke/016.jpg,josh_cooke_0016.npy,ok
josh_cooke,17,White_Males,CWF,josh_cooke/017.jpg,,low_confidence
josh_cooke,19,White_Males,CWF,josh_cooke/019.jpg,josh_cooke_0019.npy,ok
josh_cooke,20,White_Males,CWF,josh_cooke/020.jpg,josh_cooke_0020.npy,ok
josh_cooke,21,White_Males,CWF,josh_cooke/021.jpg,,low_confidence
josh_cooke,34,White_Males,CWF,josh_cooke/034.jpg,,low_confidence
josh_cooke,38,White_Males,CWF,josh_cooke/038.jpg,josh_cooke_0038.npy,ok
josh_cooke,44,White_Males,CWF,josh_cooke/044.jpg,josh_cooke_0044.npy,ok
josh_cooke,54,White_Males,CWF,josh_cooke/054.jpg,,spoof_detected
josh_cooke,55,White_Males,CWF,josh_cooke/055.jpg,,low_confidence
josh_cooke,56,White_Males,CWF,josh_cooke/056.jpg,,low_confidence
josh_cooke,64,White_Males,CWF,josh_cooke/064.jpg,josh_cooke_0064.npy,ok
josh_cooke,73,White_Males,CWF,josh_cooke/073.jpg,,no_face
josh_cooke,76,White_Males,CWF,josh_cooke/076.jpg,,low_confidence
josh_hartnett,7,White_Males,CWF,josh_hartnett/007.jpg,josh_hartnett_0007.npy,ok
josh_hartnett,11,White_Males,CWF,josh_hartnett/011.jpg,,spoof_detected
josh_hartnett,19,White_Males,CWF,josh_hartnett/019.jpg,josh_hartnett_0019.npy,ok
josh_hartnett,36,White_Males,CWF,josh_hartnett/036.jpg,josh_hartnett_0036.npy,ok
josh_hartnett,56,White_Males,CWF,josh_hartnett/056.jpg,josh_hartnett_0056.npy,ok
josh_hartnett,59,White_Males,CWF,josh_hartnett/059.jpg,,low_confidence
josh_hartnett,63,White_Males,CWF,josh_hartnett/063.jpg,josh_hartnett_0063.npy,ok
josh_hartnett,76,White_Males,CWF,josh_hartnett/076.jpg,,low_confidence
josh_hartnett,84,White_Males,CWF,josh_hartnett/084.jpg,josh_hartnett_0084.npy,ok
josh_hartnett,100,White_Males,CWF,josh_hartnett/100.jpg,,low_confidence
josh_hartnett,102,White_Males,CWF,josh_hartnett/102.jpg,josh_hartnett_0102.npy,ok
josh_hartnett,143,White_Males,CWF,josh_hartnett/143.jpg,,low_confidence
josh_hartnett,144,White_Males,CWF,josh_hartnett/144.jpg,josh_hartnett_0144.npy,ok
josh_hartnett,156,White_Males,CWF,josh_hartnett/156.jpg,,low_confidence
josh_hartnett,179,White_Males,CWF,josh_hartnett/179.jpg,,low_confidence
josh_hartnett,185,White_Males,CWF,josh_hartnett/185.jpg,,low_confidence
josh_hartnett,203,White_Males,CWF,josh_hartnett/203.jpg,,spoof_detected
josh_hartnett,208,White_Males,CWF,josh_hartnett/208.jpg,,low_confidence
josh_holloway,6,White_Males,CWF,josh_holloway/006.jpg,,spoof_detected
josh_holloway,7,White_Males,CWF,josh_holloway/007.jpg,josh_holloway_0007.npy,ok
josh_holloway,8,White_Males,CWF,josh_holloway/008.jpg,,low_confidence
josh_holloway,11,White_Males,CWF,josh_holloway/011.jpg,josh_holloway_0011.npy,ok
josh_holloway,25,White_Males,CWF,josh_holloway/025.jpg,,low_confidence
josh_holloway,36,White_Males,CWF,josh_holloway/036.jpg,josh_holloway_0036.npy,ok
josh_holloway,56,White_Males,CWF,josh_holloway/056.jpg,josh_holloway_0056.npy,ok
josh_holloway,57,White_Males,CWF,josh_holloway/057.jpg,,low_confidence
josh_holloway,61,White_Males,CWF,josh_holloway/061.jpg,,low_confidence
josh_holloway,72,White_Males,CWF,josh_holloway/072.jpg,josh_holloway_0072.npy,ok
josh_holloway,79,White_Males,CWF,josh_holloway/079.jpg,josh_holloway_0079.npy,ok
josh_holloway,81,White_Males,CWF,josh_holloway/081.jpg,josh_holloway_0081.npy,ok
josh_holloway,92,White_Males,CWF,josh_holloway/092.jpg,,low_confidence
josh_holloway,93,White_Males,CWF,josh_holloway/093.jpg,,low_confidence
josh_holloway,97,White_Males,CWF,josh_holloway/097.jpg,,low_confidence
josh_holloway,99,White_Males,CWF,josh_holloway/099.jpg,josh_holloway_0099.npy,ok
josh_holloway,105,White_Males,CWF,josh_holloway/105.jpg,,low_confidence
josh_holloway,107,White_Males,CWF,josh_holloway/107.jpg,,low_confidence
judge_reinhold,9,White_Males,CWF,judge_reinhold/009.jpg,,no_face
judge_reinhold,11,White_Males,CWF,judge_reinhold/011.jpg,,no_face
judge_reinhold,12,White_Males,CWF,judge_reinhold/012.jpg,judge_reinhold_0012.npy,ok
judge_reinhold,22,White_Males,CWF,judge_reinhold/022.jpg,judge_reinhold_0022.npy,ok
judge_reinhold,33,White_Males,CWF,judge_reinhold/033.jpg,,no_face
judge_reinhold,36,White_Males,CWF,judge_reinhold/036.jpg,,spoof_detected
judge_reinhold,37,White_Males,CWF,judge_reinhold/037.jpg,,no_face
judge_reinhold,38,White_Males,CWF,judge_reinhold/038.jpg,,low_confidence
judge_reinhold,40,White_Males,CWF,judge_reinhold/040.jpg,,spoof_detected
judge_reinhold,53,White_Males,CWF,judge_reinhold/053.jpg,judge_reinhold_0053.npy,ok
judge_reinhold,54,White_Males,CWF,judge_reinhold/054.jpg,,low_confidence
judge_reinhold,56,White_Males,CWF,judge_reinhold/056.jpg,,low_confidence
judge_reinhold,57,White_Males,CWF,judge_reinhold/057.jpg,,low_confidence
judge_reinhold,58,White_Males,CWF,judge_reinhold/058.jpg,judge_reinhold_0058.npy,ok
judge_reinhold,59,White_Males,CWF,judge_reinhold/059.jpg,,low_confidence
judge_reinhold,60,White_Males,CWF,judge_reinhold/060.jpg,,low_confidence
judge_reinhold,61,White_Males,CWF,judge_reinhold/061.jpg,,no_face
judge_reinhold,62,White_Males,CWF,judge_reinhold/062.jpg,judge_reinhold_0062.npy,ok
larry_laverty,3,White_Males,CWF,larry_laverty/003.jpg,,no_face
larry_laverty,4,White_Males,CWF,larry_laverty/004.jpg,larry_laverty_0004.npy,ok
larry_laverty,10,White_Males,CWF,larry_laverty/010.jpg,,low_confidence
larry_laverty,17,White_Males,CWF,larry_laverty/017.jpg,,low_confidence
larry_laverty,18,White_Males,CWF,larry_laverty/018.jpg,,no_face
larry_laverty,20,White_Males,CWF,larry_laverty/020.jpg,,no_face
larry_laverty,23,White_Males,CWF,larry_laverty/023.jpg,,low_confidence
larry_laverty,28,White_Males,CWF,larry_laverty/028.jpg,,low_confidence
larry_laverty,34,White_Males,CWF,larry_laverty/034.jpg,,low_confidence
larry_laverty,36,White_Males,CWF,larry_laverty/036.jpg,,no_face
larry_laverty,37,White_Males,CWF,larry_laverty/037.jpg,,spoof_detected
larry_laverty,42,White_Males,CWF,larry_laverty/042.jpg,,low_confidence
larry_laverty,56,White_Males,CWF,larry_laverty/056.jpg,,low_confidence
larry_laverty,67,White_Males,CWF,larry_laverty/067.jpg,larry_laverty_0067.npy,ok
larry_laverty,69,White_Males,CWF,larry_laverty/069.jpg,,no_face
larry_laverty,73,White_Males,CWF,larry_laverty/073.jpg,,low_confidence
larry_laverty,78,White_Males,CWF,larry_laverty/078.jpg,,low_confidence
larry_laverty,79,White_Males,CWF,larry_laverty/079.jpg,,low_confidence
louis_ck,1,White_Males,CWF,louis_ck/001.jpg,louis_ck_0001.npy,ok
louis_ck,3,White_Males,CWF,louis_ck/003.jpg,,low_confidence
louis_ck,4,White_Males,CWF,louis_ck/004.jpg,,low_confidence
louis_ck,5,White_Males,CWF,louis_ck/005.jpg,,low_confidence
louis_ck,6,White_Males,CWF,louis_ck/006.jpg,louis_ck_0006.npy,ok
louis_ck,7,White_Males,CWF,louis_ck/007.jpg,,low_confidence
louis_ck,8,White_Males,CWF,louis_ck/008.jpg,,low_confidence
louis_ck,9,White_Males,CWF,louis_ck/009.jpg,,low_confidence
louis_ck,10,White_Males,CWF,louis_ck/010.jpg,,low_confidence
louis_ck,12,White_Males,CWF,louis_ck/012.jpg,,no_face
louis_ck,38,White_Males,CWF,louis_ck/038.jpg,louis_ck_0038.npy,ok
louis_ck,43,White_Males,CWF,louis_ck/043.jpg,,no_face
louis_ck,47,White_Males,CWF,louis_ck/047.jpg,louis_ck_0047.npy,ok
louis_ck,54,White_Males,CWF,louis_ck/054.jpg,,no_face
louis_ck,59,White_Males,CWF,louis_ck/059.jpg,,low_confidence
louis_ck,65,White_Males,CWF,louis_ck/065.jpg,,low_confidence
louis_ck,70,White_Males,CWF,louis_ck/070.jpg,,low_confidence
louis_ck,105,White_Males,CWF,louis_ck/105.jpg,,low_confidence
luke_wilson,4,White_Males,CWF,luke_wilson/004.jpg,,low_confidence
luke_wilson,5,White_Males,CWF,luke_wilson/005.jpg,luke_wilson_0005.npy,ok
luke_wilson,8,White_Males,CWF,luke_wilson/008.jpg,,low_confidence
luke_wilson,27,White_Males,CWF,luke_wilson/027.jpg,,low_confidence
luke_wilson,34,White_Males,CWF,luke_wilson/034.jpg,,low_confidence
luke_wilson,35,White_Males,CWF,luke_wilson/035.jpg,,spoof_detected
luke_wilson,45,White_Males,CWF,luke_wilson/045.jpg,,low_confidence
luke_wilson,46,White_Males,CWF,luke_wilson/046.jpg,luke_wilson_0046.npy,ok
luke_wilson,56,White_Males,CWF,luke_wilson/056.jpg,luke_wilson_0056.npy,ok
luke_wilson,99,White_Males,CWF,luke_wilson/099.jpg,luke_wilson_0099.npy,ok
luke_wilson,107,White_Males,CWF,luke_wilson/107.jpg,luke_wilson_0107.npy,ok
luke_wilson,132,White_Males,CWF,luke_wilson/132.jpg,,low_confidence
luke_wilson,137,White_Males,CWF,luke_wilson/137.jpg,,low_confidence
luke_wilson,150,White_Males,CWF,luke_wilson/150.jpg,luke_wilson_0150.npy,ok
luke_wilson,170,White_Males,CWF,luke_wilson/170.jpg,,low_confidence
luke_wilson,171,White_Males,CWF,luke_wilson/171.jpg,luke_wilson_0171.npy,ok
luke_wilson,181,White_Males,CWF,luke_wilson/181.jpg,,low_confidence
luke_wilson,188,White_Males,CWF,luke_wilson/188.jpg,,low_confidence
mads_mikkelsen,3,White_Males,CWF,mads_mikkelsen/003.jpg,,no_face
mads_mikkelsen,4,White_Males,CWF,mads_mikkelsen/004.jpg,mads_mikkelsen_0004.npy,ok
mads_mikkelsen,5,White_Males,CWF,mads_mikkelsen/005.jpg,,low_confidence
mads_mikkelsen,7,White_Males,CWF,mads_mikkelsen/007.jpg,mads_mikkelsen_0007.npy,ok
mads_mikkelsen,8,White_Males,CWF,mads_mikkelsen/008.jpg,,low_confidence
mads_mikkelsen,10,White_Males,CWF,mads_mikkelsen/010.jpg,,no_face
mads_mikkelsen,11,White_Males,CWF,mads_mikkelsen/011.jpg,,low_confidence
mads_mikkelsen,12,White_Males,CWF,mads_mikkelsen/012.jpg,mads_mikkelsen_0012.npy,ok
mads_mikkelsen,13,White_Males,CWF,mads_mikkelsen/013.jpg,,low_confidence
mads_mikkelsen,34,White_Males,CWF,mads_mikkelsen/034.jpg,mads_mikkelsen_0034.npy,ok
mads_mikkelsen,42,White_Males,CWF,mads_mikkelsen/042.jpg,mads_mikkelsen_0042.npy,ok
mads_mikkelsen,54,White_Males,CWF,mads_mikkelsen/054.jpg,,low_confidence
mads_mikkelsen,65,White_Males,CWF,mads_mikkelsen/065.jpg,,low_confidence
mads_mikkelsen,76,White_Males,CWF,mads_mikkelsen/076.jpg,,low_confidence
mads_mikkelsen,93,White_Males,CWF,mads_mikkelsen/093.jpg,,low_confidence
mads_mikkelsen,108,White_Males,CWF,mads_mikkelsen/108.jpg,,low_confidence
mads_mikkelsen,116,White_Males,CWF,mads_mikkelsen/116.jpg,,low_confidence
mads_mikkelsen,130,White_Males,CWF,mads_mikkelsen/130.jpg,mads_mikkelsen_0130.npy,ok
manu_bennett,5,White_Males,CWF,manu_bennett/005.jpg,,low_confidence
manu_bennett,8,White_Males,CWF,manu_bennett/008.jpg,,spoof_detected
manu_bennett,15,White_Males,CWF,manu_bennett/015.jpg,,low_confidence
manu_bennett,21,White_Males,CWF,manu_bennett/021.jpg,,spoof_detected
manu_bennett,24,White_Males,CWF,manu_bennett/024.jpg,,low_confidence
manu_bennett,25,White_Males,CWF,manu_bennett/025.jpg,,low_confidence
manu_bennett,28,White_Males,CWF,manu_bennett/028.jpg,,low_confidence
manu_bennett,34,White_Males,CWF,manu_bennett/034.jpg,,low_confidence
manu_bennett,41,White_Males,CWF,manu_bennett/041.jpg,,no_face
manu_bennett,45,White_Males,CWF,manu_bennett/045.jpg,,low_confidence
manu_bennett,57,White_Males,CWF,manu_bennett/057.jpg,,low_confidence
manu_bennett,61,White_Males,CWF,manu_bennett/061.jpg,manu_bennett_0061.npy,ok
manu_bennett,62,White_Males,CWF,manu_bennett/062.jpg,,no_face
manu_bennett,65,White_Males,CWF,manu_bennett/065.jpg,manu_bennett_0065.npy,ok
manu_bennett,66,White_Males,CWF,manu_bennett/066.jpg,,low_confidence
manu_bennett,67,White_Males,CWF,manu_bennett/067.jpg,,no_face
manu_bennett,68,White_Males,CWF,manu_bennett/068.jpg,manu_bennett_0068.npy,ok
manu_bennett,72,White_Males,CWF,manu_bennett/072.jpg,,low_confidence
mark_salling,5,White_Males,CWF,mark_salling/005.jpg,mark_salling_0005.npy,ok
mark_salling,10,White_Males,CWF,mark_salling/010.jpg,mark_salling_0010.npy,ok
mark_salling,25,White_Males,CWF,mark_salling/025.jpg,mark_salling_0025.npy,ok
mark_salling,30,White_Males,CWF,mark_salling/030.jpg,,spoof_detected
mark_salling,40,White_Males,CWF,mark_salling/040.jpg,mark_salling_0040.npy,ok
mark_salling,41,White_Males,CWF,mark_salling/041.jpg,,low_confidence
mark_salling,55,White_Males,CWF,mark_salling/055.jpg,,low_confidence
mark_salling,68,White_Males,CWF,mark_salling/068.jpg,mark_salling_0068.npy,ok
mark_salling,70,White_Males,CWF,mark_salling/070.jpg,,spoof_detected
mark_salling,80,White_Males,CWF,mark_salling/080.jpg,mark_salling_0080.npy,ok
mark_salling,81,White_Males,CWF,mark_salling/081.jpg,mark_salling_0081.npy,ok
mark_salling,82,White_Males,CWF,mark_salling/082.jpg,mark_salling_0082.npy,ok
mark_salling,91,White_Males,CWF,mark_salling/091.jpg,,low_confidence
mark_salling,94,White_Males,CWF,mark_salling/094.jpg,,low_confidence
mark_salling,99,White_Males,CWF,mark_salling/099.jpg,mark_salling_0099.npy,ok
mark_salling,100,White_Males,CWF,mark_salling/100.jpg,,low_confidence
mark_salling,101,White_Males,CWF,mark_salling/101.jpg,mark_salling_0101.npy,ok
mark_salling,110,White_Males,CWF,mark_salling/110.jpg,mark_salling_0110.npy,ok
mark_strong,1,White_Males,CWF,mark_strong/001.jpg,mark_strong_0001.npy,ok
mark_strong,5,White_Males,CWF,mark_strong/005.jpg,mark_strong_0005.npy,ok
mark_strong,7,White_Males,CWF,mark_strong/007.jpg,,low_confidence
mark_strong,15,White_Males,CWF,mark_strong/015.jpg,mark_strong_0015.npy,ok
mark_strong,16,White_Males,CWF,mark_strong/016.jpg,,low_confidence
mark_strong,29,White_Males,CWF,mark_strong/029.jpg,mark_strong_0029.npy,ok
mark_strong,35,White_Males,CWF,mark_strong/035.jpg,mark_strong_0035.npy,ok
mark_strong,36,White_Males,CWF,mark_strong/036.jpg,mark_strong_0036.npy,ok
mark_strong,39,White_Males,CWF,mark_strong/039.jpg,,low_confidence
mark_strong,40,White_Males,CWF,mark_strong/040.jpg,,spoof_detected
mark_strong,41,White_Males,CWF,mark_strong/041.jpg,,no_face
mark_strong,55,White_Males,CWF,mark_strong/055.jpg,mark_strong_0055.npy,ok
mark_strong,62,White_Males,CWF,mark_strong/062.jpg,,low_confidence
mark_strong,72,White_Males,CWF,mark_strong/072.jpg,,low_confidence
mark_strong,73,White_Males,CWF,mark_strong/073.jpg,,spoof_detected
mark_strong,82,White_Males,CWF,mark_strong/082.jpg,mark_strong_0082.npy,ok
mark_strong,83,White_Males,CWF,mark_strong/083.jpg,mark_strong_0083.npy,ok
mark_strong,86,White_Males,CWF,mark_strong/086.jpg,,low_confidence
mark_taormino,1,White_Males,CWF,mark_taormino/001.jpg,,spoof_detected
mark_taormino,4,White_Males,CWF,mark_taormino/004.jpg,mark_taormino_0004.npy,ok
mark_taormino,7,White_Males,CWF,mark_taormino/007.jpg,mark_taormino_0007.npy,ok
mark_taormino,13,White_Males,CWF,mark_taormino/013.jpg,mark_taormino_0013.npy,ok
mark_taormino,14,White_Males,CWF,mark_taormino/014.jpg,,low_confidence
mark_taormino,15,White_Males,CWF,mark_taormino/015.jpg,mark_taormino_0015.npy,ok
mark_taormino,18,White_Males,CWF,mark_taormino/018.jpg,mark_taormino_0018.npy,ok
mark_taormino,20,White_Males,CWF,mark_taormino/020.jpg,mark_taormino_0020.npy,ok
mark_taormino,22,White_Males,CWF,mark_taormino/022.jpg,,spoof_detected
mark_taormino,24,White_Males,CWF,mark_taormino/024.jpg,mark_taormino_0024.npy,ok
mark_taormino,31,White_Males,CWF,mark_taormino/031.jpg,mark_taormino_0031.npy,ok
mark_taormino,40,White_Males,CWF,mark_taormino/040.jpg,mark_taormino_0040.npy,ok
mark_taormino,41,White_Males,CWF,mark_taormino/041.jpg,mark_taormino_0041.npy,ok
mark_taormino,43,White_Males,CWF,mark_taormino/043.jpg,mark_taormino_0043.npy,ok
mark_taormino,45,White_Males,CWF,mark_taormino/045.jpg,mark_taormino_0045.npy,ok
mark_taormino,46,White_Males,CWF,mark_taormino/046.jpg,mark_taormino_0046.npy,ok
mark_taormino,50,White_Males,CWF,mark_taormino/050.jpg,,low_confidence
mark_taormino,52,White_Males,CWF,mark_taormino/052.jpg,,low_confidence
max_greenfield,17,White_Males,CWF,max_greenfield/017.jpg,max_greenfield_0017.npy,ok
max_greenfield,18,White_Males,CWF,max_greenfield/018.jpg,,low_confidence
max_greenfield,44,White_Males,CWF,max_greenfield/044.jpg,,low_confidence
max_greenfield,70,White_Males,CWF,max_greenfield/070.jpg,,no_face
max_greenfield,72,White_Males,CWF,max_greenfield/072.jpg,,low_confidence
max_greenfield,87,White_Males,CWF,max_greenfield/087.jpg,max_greenfield_0087.npy,ok
max_greenfield,88,White_Males,CWF,max_greenfield/088.jpg,,low_confidence
max_greenfield,97,White_Males,CWF,max_greenfield/097.jpg,,low_confidence
max_greenfield,105,White_Males,CWF,max_greenfield/105.jpg,,low_confidence
max_greenfield,137,White_Males,CWF,max_greenfield/137.jpg,,no_face
max_greenfield,138,White_Males,CWF,max_greenfield/138.jpg,,low_confidence
max_greenfield,147,White_Males,CWF,max_greenfield/147.jpg,,low_confidence
max_greenfield,157,White_Males,CWF,max_greenfield/157.jpg,max_greenfield_0157.npy,ok
max_greenfield,186,White_Males,CWF,max_greenfield/186.jpg,,low_confidence
max_greenfield,193,White_Males,CWF,max_greenfield/193.jpg,,low_confidence
max_greenfield,196,White_Males,CWF,max_greenfield/196.jpg,max_greenfield_0196.npy,ok
max_greenfield,203,White_Males,CWF,max_greenfield/203.jpg,max_greenfield_0203.npy,ok
max_greenfield,207,White_Males,CWF,max_greenfield/207.jpg,,low_confidence
maximilian_law,1,White_Males,CWF,maximilian_law/001.jpg,maximilian_law_0001.npy,ok
maximilian_law,4,White_Males,CWF,maximilian_law/004.jpg,,low_confidence
maximilian_law,16,White_Males,CWF,maximilian_law/016.jpg,,no_face
maximilian_law,18,White_Males,CWF,maximilian_law/018.jpg,maximilian_law_0018.npy,ok
maximilian_law,22,White_Males,CWF,maximilian_law/022.jpg,maximilian_law_0022.npy,ok
maximilian_law,36,White_Males,CWF,maximilian_law/036.jpg,maximilian_law_0036.npy,ok
maximilian_law,38,White_Males,CWF,maximilian_law/038.jpg,,spoof_detected
maximilian_law,44,White_Males,CWF,maximilian_law/044.jpg,maximilian_law_0044.npy,ok
maximilian_law,48,White_Males,CWF,maximilian_law/048.jpg,,low_confidence
maximilian_law,49,White_Males,CWF,maximilian_law/049.jpg,,low_confidence
maximilian_law,50,White_Males,CWF,maximilian_law/050.jpg,maximilian_law_0050.npy,ok
maximilian_law,51,White_Males,CWF,maximilian_law/051.jpg,,spoof_detected
maximilian_law,55,White_Males,CWF,maximilian_law/055.jpg,maximilian_law_0055.npy,ok
maximilian_law,56,White_Males,CWF,maximilian_law/056.jpg,,spoof_detected
maximilian_law,60,White_Males,CWF,maximilian_law/060.jpg,,low_confidence
maximilian_law,63,White_Males,CWF,maximilian_law/063.jpg,maximilian_law_0063.npy,ok
maximilian_law,65,White_Males,CWF,maximilian_law/065.jpg,,low_confidence
maximilian_law,67,White_Males,CWF,maximilian_law/067.jpg,,spoof_detected
michael_cera,28,White_Males,CWF,michael_cera/028.jpg,michael_cera_0028.npy,ok
michael_cera,40,White_Males,CWF,michael_cera/040.jpg,,no_face
michael_cera,58,White_Males,CWF,michael_cera/058.jpg,,low_confidence
michael_cera,59,White_Males,CWF,michael_cera/059.jpg,michael_cera_0059.npy,ok
michael_cera,62,White_Males,CWF,michael_cera/062.jpg,,low_confidence
michael_cera,75,White_Males,CWF,michael_cera/075.jpg,,no_face
michael_cera,83,White_Males,CWF,michael_cera/083.jpg,michael_cera_0083.npy,ok
michael_cera,99,White_Males,CWF,michael_cera/099.jpg,michael_cera_0099.npy,ok
michael_cera,104,White_Males,CWF,michael_cera/104.jpg,,low_confidence
michael_cera,106,White_Males,CWF,michael_cera/106.jpg,,low_confidence
michael_cera,110,White_Males,CWF,michael_cera/110.jpg,,spoof_detected
michael_cera,121,White_Males,CWF,michael_cera/121.jpg,,low_confidence
michael_cera,123,White_Males,CWF,michael_cera/123.jpg,michael_cera_0123.npy,ok
michael_cera,126,White_Males,CWF,michael_cera/126.jpg,,low_confidence
michael_cera,154,White_Males,CWF,michael_cera/154.jpg,,low_confidence
michael_cera,168,White_Males,CWF,michael_cera/168.jpg,,low_confidence
michael_cera,179,White_Males,CWF,michael_cera/179.jpg,,low_confidence
michael_cera,189,White_Males,CWF,michael_cera/189.jpg,,low_confidence
michael_sheen,7,White_Males,CWF,michael_sheen/007.jpg,michael_sheen_0007.npy,ok
michael_sheen,19,White_Males,CWF,michael_sheen/019.jpg,,low_confidence
michael_sheen,44,White_Males,CWF,michael_sheen/044.jpg,michael_sheen_0044.npy,ok
michael_sheen,52,White_Males,CWF,michael_sheen/052.jpg,,low_confidence
michael_sheen,56,White_Males,CWF,michael_sheen/056.jpg,,low_confidence
michael_sheen,59,White_Males,CWF,michael_sheen/059.jpg,,no_face
michael_sheen,92,White_Males,CWF,michael_sheen/092.jpg,michael_sheen_0092.npy,ok
michael_sheen,95,White_Males,CWF,michael_sheen/095.jpg,,low_confidence
michael_sheen,118,White_Males,CWF,michael_sheen/118.jpg,,no_face
michael_sheen,125,White_Males,CWF,michael_sheen/125.jpg,,low_confidence
michael_sheen,133,White_Males,CWF,michael_sheen/133.jpg,,low_confidence
michael_sheen,156,White_Males,CWF,michael_sheen/156.jpg,michael_sheen_0156.npy,ok
michael_sheen,157,White_Males,CWF,michael_sheen/157.jpg,,low_confidence
michael_sheen,158,White_Males,CWF,michael_sheen/158.jpg,,spoof_detected
michael_sheen,164,White_Males,CWF,michael_sheen/164.jpg,michael_sheen_0164.npy,ok
michael_sheen,168,White_Males,CWF,michael_sheen/168.jpg,,spoof_detected
michael_sheen,170,White_Males,CWF,michael_sheen/170.jpg,,low_confidence
michael_sheen,172,White_Males,CWF,michael_sheen/172.jpg,,spoof_detected
mitchel_musso,1,White_Males,CWF,mitchel_musso/001.jpg,,low_confidence
mitchel_musso,4,White_Males,CWF,mitchel_musso/004.jpg,,low_confidence
mitchel_musso,13,White_Males,CWF,mitchel_musso/013.jpg,,low_confidence
mitchel_musso,15,White_Males,CWF,mitchel_musso/015.jpg,,no_face
mitchel_musso,17,White_Males,CWF,mitchel_musso/017.jpg,,low_confidence
mitchel_musso,18,White_Males,CWF,mitchel_musso/018.jpg,,no_face
mitchel_musso,21,White_Males,CWF,mitchel_musso/021.jpg,,low_confidence
mitchel_musso,24,White_Males,CWF,mitchel_musso/024.jpg,,low_confidence
mitchel_musso,25,White_Males,CWF,mitchel_musso/025.jpg,,low_confidence
mitchel_musso,31,White_Males,CWF,mitchel_musso/031.jpg,,low_confidence
mitchel_musso,32,White_Males,CWF,mitchel_musso/032.jpg,,low_confidence
mitchel_musso,34,White_Males,CWF,mitchel_musso/034.jpg,,low_confidence
mitchel_musso,35,White_Males,CWF,mitchel_musso/035.jpg,,low_confidence
mitchel_musso,37,White_Males,CWF,mitchel_musso/037.jpg,,spoof_detected
mitchel_musso,41,White_Males,CWF,mitchel_musso/041.jpg,,low_confidence
mitchel_musso,44,White_Males,CWF,mitchel_musso/044.jpg,,no_face
mitchel_musso,54,White_Males,CWF,mitchel_musso/054.jpg,,no_face
mitchel_musso,57,White_Males,CWF,mitchel_musso/057.jpg,,low_confidence
patrick_dempsey,1,White_Males,CWF,patrick_dempsey/001.jpg,patrick_dempsey_0001.npy,ok
patrick_dempsey,8,White_Males,CWF,patrick_dempsey/008.jpg,patrick_dempsey_0008.npy,ok
patrick_dempsey,48,White_Males,CWF,patrick_dempsey/048.jpg,patrick_dempsey_0048.npy,ok
patrick_dempsey,50,White_Males,CWF,patrick_dempsey/050.jpg,,low_confidence
patrick_dempsey,67,White_Males,CWF,patrick_dempsey/067.jpg,,no_face
patrick_dempsey,72,White_Males,CWF,patrick_dempsey/072.jpg,patrick_dempsey_0072.npy,ok
patrick_dempsey,128,White_Males,CWF,patrick_dempsey/128.jpg,patrick_dempsey_0128.npy,ok
patrick_dempsey,133,White_Males,CWF,patrick_dempsey/133.jpg,patrick_dempsey_0133.npy,ok
patrick_dempsey,150,White_Males,CWF,patrick_dempsey/150.jpg,patrick_dempsey_0150.npy,ok
patrick_dempsey,174,White_Males,CWF,patrick_dempsey/174.jpg,,low_confidence
patrick_dempsey,204,White_Males,CWF,patrick_dempsey/204.jpg,patrick_dempsey_0204.npy,ok
patrick_dempsey,245,White_Males,CWF,patrick_dempsey/245.jpg,patrick_dempsey_0245.npy,ok
patrick_dempsey,253,White_Males,CWF,patrick_dempsey/253.jpg,patrick_dempsey_0253.npy,ok
patrick_dempsey,287,White_Males,CWF,patrick_dempsey/287.jpg,patrick_dempsey_0287.npy,ok
patrick_dempsey,292,White_Males,CWF,patrick_dempsey/292.jpg,patrick_dempsey_0292.npy,ok
patrick_dempsey,305,White_Males,CWF,patrick_dempsey/305.jpg,patrick_dempsey_0305.npy,ok
patrick_dempsey,351,White_Males,CWF,patrick_dempsey/351.jpg,,low_confidence
patrick_dempsey,358,White_Males,CWF,patrick_dempsey/358.jpg,patrick_dempsey_0358.npy,ok
paul_haggis,10,White_Males,CWF,paul_haggis/010.jpg,,low_confidence
paul_haggis,20,White_Males,CWF,paul_haggis/020.jpg,,no_face
paul_haggis,31,White_Males,CWF,paul_haggis/031.jpg,,low_confidence
paul_haggis,32,White_Males,CWF,paul_haggis/032.jpg,,low_confidence
paul_haggis,40,White_Males,CWF,paul_haggis/040.jpg,,low_confidence
paul_haggis,46,White_Males,CWF,paul_haggis/046.jpg,,low_confidence
paul_haggis,64,White_Males,CWF,paul_haggis/064.jpg,paul_haggis_0064.npy,ok
paul_haggis,73,White_Males,CWF,paul_haggis/073.jpg,paul_haggis_0073.npy,ok
paul_haggis,76,White_Males,CWF,paul_haggis/076.jpg,,low_confidence
paul_haggis,87,White_Males,CWF,paul_haggis/087.jpg,,low_confidence
paul_haggis,88,White_Males,CWF,paul_haggis/088.jpg,,low_confidence
paul_haggis,96,White_Males,CWF,paul_haggis/096.jpg,paul_haggis_0096.npy,ok
paul_haggis,98,White_Males,CWF,paul_haggis/098.jpg,,low_confidence
paul_haggis,99,White_Males,CWF,paul_haggis/099.jpg,,low_confidence
paul_haggis,106,White_Males,CWF,paul_haggis/106.jpg,,low_confidence
paul_haggis,119,White_Males,CWF,paul_haggis/119.jpg,,low_confidence
paul_haggis,137,White_Males,CWF,paul_haggis/137.jpg,,low_confidence
paul_haggis,145,White_Males,CWF,paul_haggis/145.jpg,,low_confidence
peter_facinelli,11,White_Males,CWF,peter_facinelli/011.jpg,peter_facinelli_0011.npy,ok
peter_facinelli,15,White_Males,CWF,peter_facinelli/015.jpg,,no_face
peter_facinelli,27,White_Males,CWF,peter_facinelli/027.jpg,peter_facinelli_0027.npy,ok
peter_facinelli,33,White_Males,CWF,peter_facinelli/033.jpg,,no_face
peter_facinelli,36,White_Males,CWF,peter_facinelli/036.jpg,,low_confidence
peter_facinelli,42,White_Males,CWF,peter_facinelli/042.jpg,,low_confidence
peter_facinelli,61,White_Males,CWF,peter_facinelli/061.jpg,peter_facinelli_0061.npy,ok
peter_facinelli,74,White_Males,CWF,peter_facinelli/074.jpg,,low_confidence
peter_facinelli,75,White_Males,CWF,peter_facinelli/075.jpg,,low_confidence
peter_facinelli,79,White_Males,CWF,peter_facinelli/079.jpg,,low_confidence
peter_facinelli,91,White_Males,CWF,peter_facinelli/091.jpg,peter_facinelli_0091.npy,ok
peter_facinelli,96,White_Males,CWF,peter_facinelli/096.jpg,peter_facinelli_0096.npy,ok
peter_facinelli,108,White_Males,CWF,peter_facinelli/108.jpg,,low_confidence
peter_facinelli,114,White_Males,CWF,peter_facinelli/114.jpg,,low_confidence
peter_facinelli,128,White_Males,CWF,peter_facinelli/128.jpg,,spoof_detected
peter_facinelli,135,White_Males,CWF,peter_facinelli/135.jpg,,low_confidence
peter_facinelli,138,White_Males,CWF,peter_facinelli/138.jpg,,low_confidence
peter_facinelli,144,White_Males,CWF,peter_facinelli/144.jpg,,low_confidence
phil_keoghan,7,White_Males,CWF,phil_keoghan/007.jpg,phil_keoghan_0007.npy,ok
phil_keoghan,11,White_Males,CWF,phil_keoghan/011.jpg,phil_keoghan_0011.npy,ok
phil_keoghan,12,White_Males,CWF,phil_keoghan/012.jpg,phil_keoghan_0012.npy,ok
phil_keoghan,21,White_Males,CWF,phil_keoghan/021.jpg,phil_keoghan_0021.npy,ok
phil_keoghan,23,White_Males,CWF,phil_keoghan/023.jpg,phil_keoghan_0023.npy,ok
phil_keoghan,25,White_Males,CWF,phil_keoghan/025.jpg,,low_confidence
phil_keoghan,26,White_Males,CWF,phil_keoghan/026.jpg,,low_confidence
phil_keoghan,27,White_Males,CWF,phil_keoghan/027.jpg,phil_keoghan_0027.npy,ok
phil_keoghan,30,White_Males,CWF,phil_keoghan/030.jpg,phil_keoghan_0030.npy,ok
phil_keoghan,38,White_Males,CWF,phil_keoghan/038.jpg,,spoof_detected
phil_keoghan,41,White_Males,CWF,phil_keoghan/041.jpg,,low_confidence
phil_keoghan,43,White_Males,CWF,phil_keoghan/043.jpg,,low_confidence
phil_keoghan,49,White_Males,CWF,phil_keoghan/049.jpg,,low_confidence
phil_keoghan,51,White_Males,CWF,phil_keoghan/051.jpg,phil_keoghan_0051.npy,ok
phil_keoghan,52,White_Males,CWF,phil_keoghan/052.jpg,phil_keoghan_0052.npy,ok
phil_keoghan,53,White_Males,CWF,phil_keoghan/053.jpg,phil_keoghan_0053.npy,ok
phil_keoghan,57,White_Males,CWF,phil_keoghan/057.jpg,phil_keoghan_0057.npy,ok
phil_keoghan,59,White_Males,CWF,phil_keoghan/059.jpg,,low_confidence
rick_gonzalez,12,White_Males,CWF,rick_gonzalez/012.jpg,rick_gonzalez_0012.npy,ok
rick_gonzalez,19,White_Males,CWF,rick_gonzalez/019.jpg,,low_confidence
rick_gonzalez,20,White_Males,CWF,rick_gonzalez/020.jpg,rick_gonzalez_0020.npy,ok
rick_gonzalez,26,White_Males,CWF,rick_gonzalez/026.jpg,rick_gonzalez_0026.npy,ok
rick_gonzalez,27,White_Males,CWF,rick_gonzalez/027.jpg,,low_confidence
rick_gonzalez,30,White_Males,CWF,rick_gonzalez/030.jpg,rick_gonzalez_0030.npy,ok
rick_gonzalez,42,White_Males,CWF,rick_gonzalez/042.jpg,,low_confidence
rick_gonzalez,50,White_Males,CWF,rick_gonzalez/050.jpg,rick_gonzalez_0050.npy,ok
rick_gonzalez,57,White_Males,CWF,rick_gonzalez/057.jpg,rick_gonzalez_0057.npy,ok
rick_gonzalez,59,White_Males,CWF,rick_gonzalez/059.jpg,rick_gonzalez_0059.npy,ok
rick_gonzalez,63,White_Males,CWF,rick_gonzalez/063.jpg,,low_confidence
rick_gonzalez,64,White_Males,CWF,rick_gonzalez/064.jpg,,low_confidence
rick_gonzalez,65,White_Males,CWF,rick_gonzalez/065.jpg,rick_gonzalez_0065.npy,ok
rick_gonzalez,66,White_Males,CWF,rick_gonzalez/066.jpg,rick_gonzalez_0066.npy,ok
rick_gonzalez,69,White_Males,CWF,rick_gonzalez/069.jpg,rick_gonzalez_0069.npy,ok
rick_gonzalez,71,White_Males,CWF,rick_gonzalez/071.jpg,rick_gonzalez_0071.npy,ok
rick_gonzalez,72,White_Males,CWF,rick_gonzalez/072.jpg,rick_gonzalez_0072.npy,ok
rick_gonzalez,73,White_Males,CWF,rick_gonzalez/073.jpg,,low_confidence
ricky_gervais,16,White_Males,CWF,ricky_gervais/016.jpg,ricky_gervais_0016.npy,ok
ricky_gervais,24,White_Males,CWF,ricky_gervais/024.jpg,,low_confidence
ricky_gervais,32,White_Males,CWF,ricky_gervais/032.jpg,ricky_gervais_0032.npy,ok
ricky_gervais,46,White_Males,CWF,ricky_gervais/046.jpg,ricky_gervais_0046.npy,ok
ricky_gervais,67,White_Males,CWF,ricky_gervais/067.jpg,ricky_gervais_0067.npy,ok
ricky_gervais,69,White_Males,CWF,ricky_gervais/069.jpg,ricky_gervais_0069.npy,ok
ricky_gervais,77,White_Males,CWF,ricky_gervais/077.jpg,,low_confidence
ricky_gervais,78,White_Males,CWF,ricky_gervais/078.jpg,,low_confidence
ricky_gervais,92,White_Males,CWF,ricky_gervais/092.jpg,ricky_gervais_0092.npy,ok
ricky_gervais,99,White_Males,CWF,ricky_gervais/099.jpg,ricky_gervais_0099.npy,ok
ricky_gervais,121,White_Males,CWF,ricky_gervais/121.jpg,ricky_gervais_0121.npy,ok
ricky_gervais,125,White_Males,CWF,ricky_gervais/125.jpg,,low_confidence
ricky_gervais,132,White_Males,CWF,ricky_gervais/132.jpg,,no_face
ricky_gervais,135,White_Males,CWF,ricky_gervais/135.jpg,,no_face
ricky_gervais,139,White_Males,CWF,ricky_gervais/139.jpg,,no_face
ricky_gervais,143,White_Males,CWF,ricky_gervais/143.jpg,ricky_gervais_0143.npy,ok
ricky_gervais,154,White_Males,CWF,ricky_gervais/154.jpg,ricky_gervais_0154.npy,ok
ricky_gervais,155,White_Males,CWF,ricky_gervais/155.jpg,,no_face
rob_corddry,5,White_Males,CWF,rob_corddry/005.jpg,,no_face
rob_corddry,8,White_Males,CWF,rob_corddry/008.jpg,,no_face
rob_corddry,10,White_Males,CWF,rob_corddry/010.jpg,,low_confidence
rob_corddry,17,White_Males,CWF,rob_corddry/017.jpg,,no_face
rob_corddry,31,White_Males,CWF,rob_corddry/031.jpg,,low_confidence
rob_corddry,32,White_Males,CWF,rob_corddry/032.jpg,,spoof_detected
rob_corddry,40,White_Males,CWF,rob_corddry/040.jpg,,no_face
rob_corddry,45,White_Males,CWF,rob_corddry/045.jpg,,no_face
rob_corddry,51,White_Males,CWF,rob_corddry/051.jpg,,no_face
rob_corddry,54,White_Males,CWF,rob_corddry/054.jpg,,no_face
rob_corddry,73,White_Males,CWF,rob_corddry/073.jpg,,no_face
rob_corddry,74,White_Males,CWF,rob_corddry/074.jpg,,no_face
rob_corddry,79,White_Males,CWF,rob_corddry/079.jpg,,low_confidence
rob_corddry,82,White_Males,CWF,rob_corddry/082.jpg,rob_corddry_0082.npy,ok
rob_corddry,83,White_Males,CWF,rob_corddry/083.jpg,,low_confidence
rob_corddry,84,White_Males,CWF,rob_corddry/084.jpg,rob_corddry_0084.npy,ok
rob_corddry,86,White_Males,CWF,rob_corddry/086.jpg,,low_confidence
rob_corddry,87,White_Males,CWF,rob_corddry/087.jpg,rob_corddry_0087.npy,ok
robert_englund,9,White_Males,CWF,robert_englund/009.jpg,,low_confidence
robert_englund,10,White_Males,CWF,robert_englund/010.jpg,,no_face
robert_englund,11,White_Males,CWF,robert_englund/011.jpg,,low_confidence
robert_englund,12,White_Males,CWF,robert_englund/012.jpg,,no_face
robert_englund,13,White_Males,CWF,robert_englund/013.jpg,,low_confidence
robert_englund,14,White_Males,CWF,robert_englund/014.jpg,,no_face
robert_englund,15,White_Males,CWF,robert_englund/015.jpg,,low_confidence
robert_englund,17,White_Males,CWF,robert_englund/017.jpg,,low_confidence
robert_englund,18,White_Males,CWF,robert_englund/018.jpg,robert_englund_0018.npy,ok
robert_englund,19,White_Males,CWF,robert_englund/019.jpg,robert_englund_0019.npy,ok
robert_englund,20,White_Males,CWF,robert_englund/020.jpg,,no_face
robert_englund,21,White_Males,CWF,robert_englund/021.jpg,,low_confidence
robert_englund,22,White_Males,CWF,robert_englund/022.jpg,,low_confidence
robert_englund,23,White_Males,CWF,robert_englund/023.jpg,,no_face
robert_englund,24,White_Males,CWF,robert_englund/024.jpg,,low_confidence
robert_englund,25,White_Males,CWF,robert_englund/025.jpg,,no_face
robert_englund,26,White_Males,CWF,robert_englund/026.jpg,robert_englund_0026.npy,ok
robert_englund,28,White_Males,CWF,robert_englund/028.jpg,,low_confidence
robert_zemeckis,1,White_Males,CWF,robert_zemeckis/001.jpg,robert_zemeckis_0001.npy,ok
robert_zemeckis,2,White_Males,CWF,robert_zemeckis/002.jpg,robert_zemeckis_0002.npy,ok
robert_zemeckis,3,White_Males,CWF,robert_zemeckis/003.jpg,robert_zemeckis_0003.npy,ok
robert_zemeckis,6,White_Males,CWF,robert_zemeckis/006.jpg,,low_confidence
robert_zemeckis,7,White_Males,CWF,robert_zemeckis/007.jpg,,no_face
robert_zemeckis,13,White_Males,CWF,robert_zemeckis/013.jpg,,low_confidence
robert_zemeckis,19,White_Males,CWF,robert_zemeckis/019.jpg,,low_confidence
robert_zemeckis,21,White_Males,CWF,robert_zemeckis/021.jpg,robert_zemeckis_0021.npy,ok
robert_zemeckis,23,White_Males,CWF,robert_zemeckis/023.jpg,,low_confidence
robert_zemeckis,24,White_Males,CWF,robert_zemeckis/024.jpg,,no_face
robert_zemeckis,27,White_Males,CWF,robert_zemeckis/027.jpg,robert_zemeckis_0027.npy,ok
robert_zemeckis,30,White_Males,CWF,robert_zemeckis/030.jpg,,no_face
robert_zemeckis,31,White_Males,CWF,robert_zemeckis/031.jpg,,low_confidence
robert_zemeckis,42,White_Males,CWF,robert_zemeckis/042.jpg,,spoof_detected
robert_zemeckis,50,White_Males,CWF,robert_zemeckis/050.jpg,,no_face
robert_zemeckis,56,White_Males,CWF,robert_zemeckis/056.jpg,,low_confidence
robert_zemeckis,58,White_Males,CWF,robert_zemeckis/058.jpg,robert_zemeckis_0058.npy,ok
robert_zemeckis,59,White_Males,CWF,robert_zemeckis/059.jpg,,low_confidence
roberto_lombardi,9,White_Males,CWF,roberto_lombardi/009.jpg,,low_confidence
roberto_lombardi,10,White_Males,CWF,roberto_lombardi/010.jpg,roberto_lombardi_0010.npy,ok
roberto_lombardi,21,White_Males,CWF,roberto_lombardi/021.jpg,,low_confidence
roberto_lombardi,25,White_Males,CWF,roberto_lombardi/025.jpg,,low_confidence
roberto_lombardi,28,White_Males,CWF,roberto_lombardi/028.jpg,roberto_lombardi_0028.npy,ok
roberto_lombardi,31,White_Males,CWF,roberto_lombardi/031.jpg,,low_confidence
roberto_lombardi,34,White_Males,CWF,roberto_lombardi/034.jpg,roberto_lombardi_0034.npy,ok
roberto_lombardi,35,White_Males,CWF,roberto_lombardi/035.jpg,,spoof_detected
roberto_lombardi,47,White_Males,CWF,roberto_lombardi/047.jpg,roberto_lombardi_0047.npy,ok
roberto_lombardi,48,White_Males,CWF,roberto_lombardi/048.jpg,,low_confidence
roberto_lombardi,55,White_Males,CWF,roberto_lombardi/055.jpg,,low_confidence
roberto_lombardi,59,White_Males,CWF,roberto_lombardi/059.jpg,,low_confidence
roberto_lombardi,61,White_Males,CWF,roberto_lombardi/061.jpg,roberto_lombardi_0061.npy,ok
roberto_lombardi,64,White_Males,CWF,roberto_lombardi/064.jpg,,no_face
roberto_lombardi,66,White_Males,CWF,roberto_lombardi/066.jpg,,low_confidence
roberto_lombardi,69,White_Males,CWF,roberto_lombardi/069.jpg,roberto_lombardi_0069.npy,ok
roberto_lombardi,71,White_Males,CWF,roberto_lombardi/071.jpg,,low_confidence
roberto_lombardi,72,White_Males,CWF,roberto_lombardi/072.jpg,,no_face
roberto_sanz_sanchez,5,White_Males,CWF,roberto_sanz_sanchez/005.jpg,,no_face
roberto_sanz_sanchez,14,White_Males,CWF,roberto_sanz_sanchez/014.jpg,,low_confidence
roberto_sanz_sanchez,23,White_Males,CWF,roberto_sanz_sanchez/023.jpg,,no_face
roberto_sanz_sanchez,27,White_Males,CWF,roberto_sanz_sanchez/027.jpg,,low_confidence
roberto_sanz_sanchez,35,White_Males,CWF,roberto_sanz_sanchez/035.jpg,roberto_sanz_sanchez_0035.npy,ok
roberto_sanz_sanchez,37,White_Males,CWF,roberto_sanz_sanchez/037.jpg,,low_confidence
roberto_sanz_sanchez,38,White_Males,CWF,roberto_sanz_sanchez/038.jpg,,no_face
roberto_sanz_sanchez,39,White_Males,CWF,roberto_sanz_sanchez/039.jpg,,low_confidence
roberto_sanz_sanchez,40,White_Males,CWF,roberto_sanz_sanchez/040.jpg,,low_confidence
roberto_sanz_sanchez,45,White_Males,CWF,roberto_sanz_sanchez/045.jpg,,low_confidence
roberto_sanz_sanchez,52,White_Males,CWF,roberto_sanz_sanchez/052.jpg,roberto_sanz_sanchez_0052.npy,ok
roberto_sanz_sanchez,55,White_Males,CWF,roberto_sanz_sanchez/055.jpg,,no_face
roberto_sanz_sanchez,57,White_Males,CWF,roberto_sanz_sanchez/057.jpg,,low_confidence
roberto_sanz_sanchez,61,White_Males,CWF,roberto_sanz_sanchez/061.jpg,,no_face
roberto_sanz_sanchez,63,White_Males,CWF,roberto_sanz_sanchez/063.jpg,roberto_sanz_sanchez_0063.npy,ok
roberto_sanz_sanchez,65,White_Males,CWF,roberto_sanz_sanchez/065.jpg,roberto_sanz_sanchez_0065.npy,ok
roberto_sanz_sanchez,68,White_Males,CWF,roberto_sanz_sanchez/068.jpg,roberto_sanz_sanchez_0068.npy,ok
roberto_sanz_sanchez,78,White_Males,CWF,roberto_sanz_sanchez/078.jpg,,low_confidence
robin_thicke,1,White_Males,CWF,robin_thicke/001.jpg,,low_confidence
robin_thicke,2,White_Males,CWF,robin_thicke/002.jpg,,low_confidence
robin_thicke,3,White_Males,CWF,robin_thicke/003.jpg,,low_confidence
robin_thicke,6,White_Males,CWF,robin_thicke/006.jpg,,low_confidence
robin_thicke,8,White_Males,CWF,robin_thicke/008.jpg,robin_thicke_0008.npy,ok
robin_thicke,11,White_Males,CWF,robin_thicke/011.jpg,,low_confidence
robin_thicke,17,White_Males,CWF,robin_thicke/017.jpg,robin_thicke_0017.npy,ok
robin_thicke,24,White_Males,CWF,robin_thicke/024.jpg,robin_thicke_0024.npy,ok
robin_thicke,28,White_Males,CWF,robin_thicke/028.jpg,robin_thicke_0028.npy,ok
robin_thicke,31,White_Males,CWF,robin_thicke/031.jpg,,low_confidence
robin_thicke,32,White_Males,CWF,robin_thicke/032.jpg,,low_confidence
robin_thicke,37,White_Males,CWF,robin_thicke/037.jpg,robin_thicke_0037.npy,ok
robin_thicke,43,White_Males,CWF,robin_thicke/043.jpg,,low_confidence
robin_thicke,49,White_Males,CWF,robin_thicke/049.jpg,robin_thicke_0049.npy,ok
robin_thicke,52,White_Males,CWF,robin_thicke/052.jpg,,low_confidence
robin_thicke,54,White_Males,CWF,robin_thicke/054.jpg,robin_thicke_0054.npy,ok
robin_thicke,62,White_Males,CWF,robin_thicke/062.jpg,,low_confidence
robin_thicke,66,White_Males,CWF,robin_thicke/066.jpg,,low_confidence
rocky_verma,1,White_Males,CWF,rocky_verma/001.jpg,rocky_verma_0001.npy,ok
rocky_verma,2,White_Males,CWF,rocky_verma/002.jpg,,spoof_detected
rocky_verma,10,White_Males,CWF,rocky_verma/010.jpg,rocky_verma_0010.npy,ok
rocky_verma,12,White_Males,CWF,rocky_verma/012.jpg,rocky_verma_0012.npy,ok
rocky_verma,16,White_Males,CWF,rocky_verma/016.jpg,rocky_verma_0016.npy,ok
rocky_verma,17,White_Males,CWF,rocky_verma/017.jpg,rocky_verma_0017.npy,ok
rocky_verma,22,White_Males,CWF,rocky_verma/022.jpg,rocky_verma_0022.npy,ok
rocky_verma,25,White_Males,CWF,rocky_verma/025.jpg,rocky_verma_0025.npy,ok
rocky_verma,28,White_Males,CWF,rocky_verma/028.jpg,rocky_verma_0028.npy,ok
rocky_verma,29,White_Males,CWF,rocky_verma/029.jpg,rocky_verma_0029.npy,ok
rocky_verma,30,White_Males,CWF,rocky_verma/030.jpg,rocky_verma_0030.npy,ok
rocky_verma,35,White_Males,CWF,rocky_verma/035.jpg,,low_confidence
rocky_verma,40,White_Males,CWF,rocky_verma/040.jpg,rocky_verma_0040.npy,ok
rocky_verma,46,White_Males,CWF,rocky_verma/046.jpg,rocky_verma_0046.npy,ok
rocky_verma,47,White_Males,CWF,rocky_verma/047.jpg,,low_confidence
rocky_verma,60,White_Males,CWF,rocky_verma/060.jpg,rocky_verma_0060.npy,ok
rocky_verma,71,White_Males,CWF,rocky_verma/071.jpg,rocky_verma_0071.npy,ok
rocky_verma,74,White_Males,CWF,rocky_verma/074.jpg,rocky_verma_0074.npy,ok
ronald_e_giles,7,White_Males,CWF,ronald_e_giles/007.jpg,,low_confidence
ronald_e_giles,14,White_Males,CWF,ronald_e_giles/014.jpg,,low_confidence
ronald_e_giles,19,White_Males,CWF,ronald_e_giles/019.jpg,ronald_e_giles_0019.npy,ok
ronald_e_giles,31,White_Males,CWF,ronald_e_giles/031.jpg,ronald_e_giles_0031.npy,ok
ronald_e_giles,35,White_Males,CWF,ronald_e_giles/035.jpg,,low_confidence
ronald_e_giles,41,White_Males,CWF,ronald_e_giles/041.jpg,,low_confidence
ronald_e_giles,42,White_Males,CWF,ronald_e_giles/042.jpg,,low_confidence
ronald_e_giles,46,White_Males,CWF,ronald_e_giles/046.jpg,,low_confidence
ronald_e_giles,54,White_Males,CWF,ronald_e_giles/054.jpg,,low_confidence
ronald_e_giles,58,White_Males,CWF,ronald_e_giles/058.jpg,,low_confidence
ronald_e_giles,60,White_Males,CWF,ronald_e_giles/060.jpg,ronald_e_giles_0060.npy,ok
ronald_e_giles,66,White_Males,CWF,ronald_e_giles/066.jpg,,low_confidence
ronald_e_giles,67,White_Males,CWF,ronald_e_giles/067.jpg,,low_confidence
ronald_e_giles,74,White_Males,CWF,ronald_e_giles/074.jpg,,low_confidence
ronald_e_giles,76,White_Males,CWF,ronald_e_giles/076.jpg,,low_confidence
ronald_e_giles,77,White_Males,CWF,ronald_e_giles/077.jpg,,low_confidence
ronald_e_giles,83,White_Males,CWF,ronald_e_giles/083.jpg,,low_confidence
ronald_e_giles,90,White_Males,CWF,ronald_e_giles/090.jpg,,low_confidence
russ_cootey,10,White_Males,CWF,russ_cootey/010.jpg,russ_cootey_0010.npy,ok
russ_cootey,11,White_Males,CWF,russ_cootey/011.jpg,,low_confidence
russ_cootey,14,White_Males,CWF,russ_cootey/014.jpg,,no_face
russ_cootey,16,White_Males,CWF,russ_cootey/016.jpg,,low_confidence
russ_cootey,18,White_Males,CWF,russ_cootey/018.jpg,,low_confidence
russ_cootey,20,White_Males,CWF,russ_cootey/020.jpg,,low_confidence
russ_cootey,24,White_Males,CWF,russ_cootey/024.jpg,,low_confidence
russ_cootey,28,White_Males,CWF,russ_cootey/028.jpg,,low_confidence
russ_cootey,29,White_Males,CWF,russ_cootey/029.jpg,,low_confidence
russ_cootey,39,White_Males,CWF,russ_cootey/039.jpg,,low_confidence
russ_cootey,40,White_Males,CWF,russ_cootey/040.jpg,,no_face
russ_cootey,42,White_Males,CWF,russ_cootey/042.jpg,,low_confidence
russ_cootey,45,White_Males,CWF,russ_cootey/045.jpg,,no_face
russ_cootey,48,White_Males,CWF,russ_cootey/048.jpg,russ_cootey_0048.npy,ok
russ_cootey,49,White_Males,CWF,russ_cootey/049.jpg,,low_confidence
russ_cootey,52,White_Males,CWF,russ_cootey/052.jpg,,low_confidence
russ_cootey,54,White_Males,CWF,russ_cootey/054.jpg,,low_confidence
russ_cootey,58,White_Males,CWF,russ_cootey/058.jpg,,no_face
ryan_o'neal,1,White_Males,CWF,ryan_o'neal/001.jpg,ryan_o'neal_0001.npy,ok
ryan_o'neal,3,White_Males,CWF,ryan_o'neal/003.jpg,ryan_o'neal_0003.npy,ok
ryan_o'neal,9,White_Males,CWF,ryan_o'neal/009.jpg,,low_confidence
ryan_o'neal,17,White_Males,CWF,ryan_o'neal/017.jpg,,low_confidence
ryan_o'neal,25,White_Males,CWF,ryan_o'neal/025.jpg,ryan_o'neal_0025.npy,ok
ryan_o'neal,26,White_Males,CWF,ryan_o'neal/026.jpg,ryan_o'neal_0026.npy,ok
ryan_o'neal,37,White_Males,CWF,ryan_o'neal/037.jpg,,low_confidence
ryan_o'neal,38,White_Males,CWF,ryan_o'neal/038.jpg,,no_face
ryan_o'neal,41,White_Males,CWF,ryan_o'neal/041.jpg,,spoof_detected
ryan_o'neal,48,White_Males,CWF,ryan_o'neal/048.jpg,,spoof_detected
ryan_o'neal,53,White_Males,CWF,ryan_o'neal/053.jpg,,low_confidence
ryan_o'neal,59,White_Males,CWF,ryan_o'neal/059.jpg,ryan_o'neal_0059.npy,ok
ryan_o'neal,61,White_Males,CWF,ryan_o'neal/061.jpg,,low_confidence
ryan_o'neal,63,White_Males,CWF,ryan_o'neal/063.jpg,ryan_o'neal_0063.npy,ok
ryan_o'neal,69,White_Males,CWF,ryan_o'neal/069.jpg,ryan_o'neal_0069.npy,ok
ryan_o'neal,88,White_Males,CWF,ryan_o'neal/088.jpg,,low_confidence
ryan_o'neal,91,White_Males,CWF,ryan_o'neal/091.jpg,,low_confidence
ryan_o'neal,106,White_Males,CWF,ryan_o'neal/106.jpg,,low_confidence
sam_neill,6,White_Males,CWF,sam_neill/006.jpg,sam_neill_0006.npy,ok
sam_neill,34,White_Males,CWF,sam_neill/034.jpg,,low_confidence
sam_neill,37,White_Males,CWF,sam_neill/037.jpg,,low_confidence
sam_neill,38,White_Males,CWF,sam_neill/038.jpg,sam_neill_0038.npy,ok
sam_neill,43,White_Males,CWF,sam_neill/043.jpg,sam_neill_0043.npy,ok
sam_neill,48,White_Males,CWF,sam_neill/048.jpg,,low_confidence
sam_neill,56,White_Males,CWF,sam_neill/056.jpg,,low_confidence
sam_neill,58,White_Males,CWF,sam_neill/058.jpg,,low_confidence
sam_neill,66,White_Males,CWF,sam_neill/066.jpg,,no_face
sam_neill,69,White_Males,CWF,sam_neill/069.jpg,,spoof_detected
sam_neill,76,White_Males,CWF,sam_neill/076.jpg,,low_confidence
sam_neill,84,White_Males,CWF,sam_neill/084.jpg,,low_confidence
sam_neill,85,White_Males,CWF,sam_neill/085.jpg,,low_confidence
sam_neill,92,White_Males,CWF,sam_neill/092.jpg,sam_neill_0092.npy,ok
sam_neill,100,White_Males,CWF,sam_neill/100.jpg,,spoof_detected
sam_neill,119,White_Males,CWF,sam_neill/119.jpg,,low_confidence
sam_neill,121,White_Males,CWF,sam_neill/121.jpg,sam_neill_0121.npy,ok
sam_neill,123,White_Males,CWF,sam_neill/123.jpg,,low_confidence
scott_a_martin,1,White_Males,CWF,scott_a_martin/001.jpg,,no_face
scott_a_martin,2,White_Males,CWF,scott_a_martin/002.jpg,,spoof_detected
scott_a_martin,5,White_Males,CWF,scott_a_martin/005.jpg,,low_confidence
scott_a_martin,6,White_Males,CWF,scott_a_martin/006.jpg,scott_a_martin_0006.npy,ok
scott_a_martin,8,White_Males,CWF,scott_a_martin/008.jpg,,low_confidence
scott_a_martin,17,White_Males,CWF,scott_a_martin/017.jpg,,low_confidence
scott_a_martin,18,White_Males,CWF,scott_a_martin/018.jpg,,low_confidence
scott_a_martin,19,White_Males,CWF,scott_a_martin/019.jpg,scott_a_martin_0019.npy,ok
scott_a_martin,21,White_Males,CWF,scott_a_martin/021.jpg,scott_a_martin_0021.npy,ok
scott_a_martin,22,White_Males,CWF,scott_a_martin/022.jpg,,low_confidence
scott_a_martin,25,White_Males,CWF,scott_a_martin/025.jpg,,spoof_detected
scott_a_martin,29,White_Males,CWF,scott_a_martin/029.jpg,,low_confidence
scott_a_martin,37,White_Males,CWF,scott_a_martin/037.jpg,scott_a_martin_0037.npy,ok
scott_a_martin,43,White_Males,CWF,scott_a_martin/043.jpg,,no_face
scott_a_martin,44,White_Males,CWF,scott_a_martin/044.jpg,,low_confidence
scott_a_martin,45,White_Males,CWF,scott_a_martin/045.jpg,,low_confidence
scott_a_martin,48,White_Males,CWF,scott_a_martin/048.jpg,,low_confidence
scott_a_martin,50,White_Males,CWF,scott_a_martin/050.jpg,,low_confidence
scott_bakula,4,White_Males,CWF,scott_bakula/004.jpg,scott_bakula_0004.npy,ok
scott_bakula,7,White_Males,CWF,scott_bakula/007.jpg,,low_confidence
scott_bakula,8,White_Males,CWF,scott_bakula/008.jpg,,low_confidence
scott_bakula,9,White_Males,CWF,scott_bakula/009.jpg,scott_bakula_0009.npy,ok
scott_bakula,13,White_Males,CWF,scott_bakula/013.jpg,,low_confidence
scott_bakula,18,White_Males,CWF,scott_bakula/018.jpg,,low_confidence
scott_bakula,23,White_Males,CWF,scott_bakula/023.jpg,scott_bakula_0023.npy,ok
scott_bakula,37,White_Males,CWF,scott_bakula/037.jpg,scott_bakula_0037.npy,ok
scott_bakula,38,White_Males,CWF,scott_bakula/038.jpg,scott_bakula_0038.npy,ok
scott_bakula,39,White_Males,CWF,scott_bakula/039.jpg,scott_bakula_0039.npy,ok
scott_bakula,42,White_Males,CWF,scott_bakula/042.jpg,scott_bakula_0042.npy,ok
scott_bakula,70,White_Males,CWF,scott_bakula/070.jpg,,low_confidence
scott_bakula,72,White_Males,CWF,scott_bakula/072.jpg,scott_bakula_0072.npy,ok
scott_bakula,88,White_Males,CWF,scott_bakula/088.jpg,,spoof_detected
scott_bakula,91,White_Males,CWF,scott_bakula/091.jpg,scott_bakula_0091.npy,ok
scott_bakula,93,White_Males,CWF,scott_bakula/093.jpg,,no_face
scott_bakula,100,White_Males,CWF,scott_bakula/100.jpg,,low_confidence
scott_bakula,103,White_Males,CWF,scott_bakula/103.jpg,,low_confidence
scott_caan,3,White_Males,CWF,scott_caan/003.jpg,scott_caan_0003.npy,ok
scott_caan,8,White_Males,CWF,scott_caan/008.jpg,,low_confidence
scott_caan,32,White_Males,CWF,scott_caan/032.jpg,,low_confidence
scott_caan,37,White_Males,CWF,scott_caan/037.jpg,,low_confidence
scott_caan,74,White_Males,CWF,scott_caan/074.jpg,,low_confidence
scott_caan,86,White_Males,CWF,scott_caan/086.jpg,,no_face
scott_caan,96,White_Males,CWF,scott_caan/096.jpg,scott_caan_0096.npy,ok
scott_caan,109,White_Males,CWF,scott_caan/109.jpg,,no_face
scott_caan,115,White_Males,CWF,scott_caan/115.jpg,,no_face
scott_caan,132,White_Males,CWF,scott_caan/132.jpg,,no_face
scott_caan,142,White_Males,CWF,scott_caan/142.jpg,scott_caan_0142.npy,ok
scott_caan,170,White_Males,CWF,scott_caan/170.jpg,,low_confidence
scott_caan,192,White_Males,CWF,scott_caan/192.jpg,,low_confidence
scott_caan,203,White_Males,CWF,scott_caan/203.jpg,,low_confidence
scott_caan,210,White_Males,CWF,scott_caan/210.jpg,scott_caan_0210.npy,ok
scott_caan,212,White_Males,CWF,scott_caan/212.jpg,scott_caan_0212.npy,ok
scott_caan,216,White_Males,CWF,scott_caan/216.jpg,scott_caan_0216.npy,ok
scott_caan,221,White_Males,CWF,scott_caan/221.jpg,scott_caan_0221.npy,ok
seann_william_scott,8,White_Males,CWF,seann_william_scott/008.jpg,seann_william_scott_0008.npy,ok
seann_william_scott,23,White_Males,CWF,seann_william_scott/023.jpg,seann_william_scott_0023.npy,ok
seann_william_scott,42,White_Males,CWF,seann_william_scott/042.jpg,,no_face
seann_william_scott,47,White_Males,CWF,seann_william_scott/047.jpg,seann_william_scott_0047.npy,ok
seann_william_scott,64,White_Males,CWF,seann_william_scott/064.jpg,,low_confidence
seann_william_scott,78,White_Males,CWF,seann_william_scott/078.jpg,,no_face
seann_william_scott,91,White_Males,CWF,seann_william_scott/091.jpg,,no_face
seann_william_scott,95,White_Males,CWF,seann_william_scott/095.jpg,seann_william_scott_0095.npy,ok
seann_william_scott,97,White_Males,CWF,seann_william_scott/097.jpg,,low_confidence
seann_william_scott,101,White_Males,CWF,seann_william_scott/101.jpg,seann_william_scott_0101.npy,ok
seann_william_scott,106,White_Males,CWF,seann_william_scott/106.jpg,,low_confidence
seann_william_scott,109,White_Males,CWF,seann_william_scott/109.jpg,seann_william_scott_0109.npy,ok
seann_william_scott,110,White_Males,CWF,seann_william_scott/110.jpg,,no_face
seann_william_scott,114,White_Males,CWF,seann_william_scott/114.jpg,,low_confidence
seann_william_scott,132,White_Males,CWF,seann_william_scott/132.jpg,seann_william_scott_0132.npy,ok
seann_william_scott,156,White_Males,CWF,seann_william_scott/156.jpg,,low_confidence
seann_william_scott,172,White_Males,CWF,seann_william_scott/172.jpg,seann_william_scott_0172.npy,ok
seann_william_scott,190,White_Males,CWF,seann_william_scott/190.jpg,seann_william_scott_0190.npy,ok
sendhil_ramamurthy,8,White_Males,CWF,sendhil_ramamurthy/008.jpg,sendhil_ramamurthy_0008.npy,ok
sendhil_ramamurthy,12,White_Males,CWF,sendhil_ramamurthy/012.jpg,,no_face
sendhil_ramamurthy,21,White_Males,CWF,sendhil_ramamurthy/021.jpg,sendhil_ramamurthy_0021.npy,ok
sendhil_ramamurthy,23,White_Males,CWF,sendhil_ramamurthy/023.jpg,,low_confidence
sendhil_ramamurthy,24,White_Males,CWF,sendhil_ramamurthy/024.jpg,,low_confidence
sendhil_ramamurthy,26,White_Males,CWF,sendhil_ramamurthy/026.jpg,sendhil_ramamurthy_0026.npy,ok
sendhil_ramamurthy,31,White_Males,CWF,sendhil_ramamurthy/031.jpg,sendhil_ramamurthy_0031.npy,ok
sendhil_ramamurthy,35,White_Males,CWF,sendhil_ramamurthy/035.jpg,,low_confidence
sendhil_ramamurthy,39,White_Males,CWF,sendhil_ramamurthy/039.jpg,,low_confidence
sendhil_ramamurthy,43,White_Males,CWF,sendhil_ramamurthy/043.jpg,sendhil_ramamurthy_0043.npy,ok
sendhil_ramamurthy,45,White_Males,CWF,sendhil_ramamurthy/045.jpg,,low_confidence
sendhil_ramamurthy,53,White_Males,CWF,sendhil_ramamurthy/053.jpg,,no_face
sendhil_ramamurthy,58,White_Males,CWF,sendhil_ramamurthy/058.jpg,sendhil_ramamurthy_0058.npy,ok
sendhil_ramamurthy,66,White_Males,CWF,sendhil_ramamurthy/066.jpg,sendhil_ramamurthy_0066.npy,ok
sendhil_ramamurthy,72,White_Males,CWF,sendhil_ramamurthy/072.jpg,sendhil_ramamurthy_0072.npy,ok
sendhil_ramamurthy,73,White_Males,CWF,sendhil_ramamurthy/073.jpg,sendhil_ramamurthy_0073.npy,ok
sendhil_ramamurthy,74,White_Males,CWF,sendhil_ramamurthy/074.jpg,,low_confidence
sendhil_ramamurthy,78,White_Males,CWF,sendhil_ramamurthy/078.jpg,,low_confidence
shane_west,8,White_Males,CWF,shane_west/008.jpg,shane_west_0008.npy,ok
shane_west,31,White_Males,CWF,shane_west/031.jpg,shane_west_0031.npy,ok
shane_west,39,White_Males,CWF,shane_west/039.jpg,,low_confidence
shane_west,40,White_Males,CWF,shane_west/040.jpg,,low_confidence
shane_west,55,White_Males,CWF,shane_west/055.jpg,,low_confidence
shane_west,65,White_Males,CWF,shane_west/065.jpg,,low_confidence
shane_west,73,White_Males,CWF,shane_west/073.jpg,,low_confidence
shane_west,86,White_Males,CWF,shane_west/086.jpg,shane_west_0086.npy,ok
shane_west,105,White_Males,CWF,shane_west/105.jpg,,low_confidence
shane_west,125,White_Males,CWF,shane_west/125.jpg,,low_confidence
shane_west,131,White_Males,CWF,shane_west/131.jpg,,low_confidence
shane_west,137,White_Males,CWF,shane_west/137.jpg,,low_confidence
shane_west,141,White_Males,CWF,shane_west/141.jpg,shane_west_0141.npy,ok
shane_west,160,White_Males,CWF,shane_west/160.jpg,shane_west_0160.npy,ok
shane_west,173,White_Males,CWF,shane_west/173.jpg,,low_confidence
shane_west,176,White_Males,CWF,shane_west/176.jpg,,no_face
shane_west,180,White_Males,CWF,shane_west/180.jpg,shane_west_0180.npy,ok
shane_west,204,White_Males,CWF,shane_west/204.jpg,,no_face
stephen_lang,9,White_Males,CWF,stephen_lang/009.jpg,,low_confidence
stephen_lang,16,White_Males,CWF,stephen_lang/016.jpg,,no_face
stephen_lang,18,White_Males,CWF,stephen_lang/018.jpg,,low_confidence
stephen_lang,19,White_Males,CWF,stephen_lang/019.jpg,,no_face
stephen_lang,26,White_Males,CWF,stephen_lang/026.jpg,,low_confidence
stephen_lang,31,White_Males,CWF,stephen_lang/031.jpg,,low_confidence
stephen_lang,40,White_Males,CWF,stephen_lang/040.jpg,,low_confidence
stephen_lang,42,White_Males,CWF,stephen_lang/042.jpg,,low_confidence
stephen_lang,44,White_Males,CWF,stephen_lang/044.jpg,,no_face
stephen_lang,45,White_Males,CWF,stephen_lang/045.jpg,,low_confidence
stephen_lang,49,White_Males,CWF,stephen_lang/049.jpg,,spoof_detected
stephen_lang,50,White_Males,CWF,stephen_lang/050.jpg,,low_confidence
stephen_lang,54,White_Males,CWF,stephen_lang/054.jpg,stephen_lang_0054.npy,ok
stephen_lang,55,White_Males,CWF,stephen_lang/055.jpg,,no_face
stephen_lang,56,White_Males,CWF,stephen_lang/056.jpg,stephen_lang_0056.npy,ok
stephen_lang,72,White_Males,CWF,stephen_lang/072.jpg,,low_confidence
stephen_lang,76,White_Males,CWF,stephen_lang/076.jpg,stephen_lang_0076.npy,ok
stephen_lang,77,White_Males,CWF,stephen_lang/077.jpg,,low_confidence
sting,27,White_Males,CWF,sting/027.jpg,,low_confidence
sting,34,White_Males,CWF,sting/034.jpg,,no_face
sting,81,White_Males,CWF,sting/081.jpg,sting_0081.npy,ok
sting,95,White_Males,CWF,sting/095.jpg,,low_confidence
sting,101,White_Males,CWF,sting/101.jpg,,low_confidence
sting,106,White_Males,CWF,sting/106.jpg,,low_confidence
sting,107,White_Males,CWF,sting/107.jpg,,low_confidence
sting,111,White_Males,CWF,sting/111.jpg,sting_0111.npy,ok
sting,113,White_Males,CWF,sting/113.jpg,,low_confidence
sting,126,White_Males,CWF,sting/126.jpg,sting_0126.npy,ok
sting,131,White_Males,CWF,sting/131.jpg,,low_confidence
sting,134,White_Males,CWF,sting/134.jpg,sting_0134.npy,ok
sting,137,White_Males,CWF,sting/137.jpg,,no_face
sting,142,White_Males,CWF,sting/142.jpg,,no_face
sting,153,White_Males,CWF,sting/153.jpg,sting_0153.npy,ok
sting,176,White_Males,CWF,sting/176.jpg,,low_confidence
sting,178,White_Males,CWF,sting/178.jpg,,no_face
sting,186,White_Males,CWF,sting/186.jpg,,low_confidence
thomas_jane,17,White_Males,CWF,thomas_jane/017.jpg,,no_face
thomas_jane,25,White_Males,CWF,thomas_jane/025.jpg,,no_face
thomas_jane,27,White_Males,CWF,thomas_jane/027.jpg,thomas_jane_0027.npy,ok
thomas_jane,29,White_Males,CWF,thomas_jane/029.jpg,,low_confidence
thomas_jane,32,White_Males,CWF,thomas_jane/032.jpg,thomas_jane_0032.npy,ok
thomas_jane,33,White_Males,CWF,thomas_jane/033.jpg,,no_face
thomas_jane,37,White_Males,CWF,thomas_jane/037.jpg,,low_confidence
thomas_jane,48,White_Males,CWF,thomas_jane/048.jpg,,low_confidence
thomas_jane,51,White_Males,CWF,thomas_jane/051.jpg,,low_confidence
thomas_jane,58,White_Males,CWF,thomas_jane/058.jpg,,no_face
thomas_jane,91,White_Males,CWF,thomas_jane/091.jpg,thomas_jane_0091.npy,ok
thomas_jane,102,White_Males,CWF,thomas_jane/102.jpg,,low_confidence
thomas_jane,106,White_Males,CWF,thomas_jane/106.jpg,,no_face
thomas_jane,111,White_Males,CWF,thomas_jane/111.jpg,thomas_jane_0111.npy,ok
thomas_jane,115,White_Males,CWF,thomas_jane/115.jpg,,low_confidence
thomas_jane,116,White_Males,CWF,thomas_jane/116.jpg,,low_confidence
thomas_jane,138,White_Males,CWF,thomas_jane/138.jpg,,no_face
thomas_jane,148,White_Males,CWF,thomas_jane/148.jpg,,no_face
timothy_spall,5,White_Males,CWF,timothy_spall/005.jpg,,spoof_detected
timothy_spall,6,White_Males,CWF,timothy_spall/006.jpg,timothy_spall_0006.npy,ok
timothy_spall,8,White_Males,CWF,timothy_spall/008.jpg,,low_confidence
timothy_spall,9,White_Males,CWF,timothy_spall/009.jpg,timothy_spall_0009.npy,ok
timothy_spall,11,White_Males,CWF,timothy_spall/011.jpg,timothy_spall_0011.npy,ok
timothy_spall,13,White_Males,CWF,timothy_spall/013.jpg,timothy_spall_0013.npy,ok
timothy_spall,27,White_Males,CWF,timothy_spall/027.jpg,,low_confidence
timothy_spall,32,White_Males,CWF,timothy_spall/032.jpg,timothy_spall_0032.npy,ok
timothy_spall,46,White_Males,CWF,timothy_spall/046.jpg,,no_face
timothy_spall,47,White_Males,CWF,timothy_spall/047.jpg,timothy_spall_0047.npy,ok
timothy_spall,49,White_Males,CWF,timothy_spall/049.jpg,,low_confidence
timothy_spall,50,White_Males,CWF,timothy_spall/050.jpg,,low_confidence
timothy_spall,51,White_Males,CWF,timothy_spall/051.jpg,,no_face
timothy_spall,57,White_Males,CWF,timothy_spall/057.jpg,,low_confidence
timothy_spall,58,White_Males,CWF,timothy_spall/058.jpg,timothy_spall_0058.npy,ok
timothy_spall,60,White_Males,CWF,timothy_spall/060.jpg,,low_confidence
timothy_spall,62,White_Males,CWF,timothy_spall/062.jpg,,no_face
timothy_spall,66,White_Males,CWF,timothy_spall/066.jpg,,no_face
tom_bergeron,2,White_Males,CWF,tom_bergeron/002.jpg,,spoof_detected
tom_bergeron,8,White_Males,CWF,tom_bergeron/008.jpg,,low_confidence
tom_bergeron,11,White_Males,CWF,tom_bergeron/011.jpg,,low_confidence
tom_bergeron,21,White_Males,CWF,tom_bergeron/021.jpg,tom_bergeron_0021.npy,ok
tom_bergeron,22,White_Males,CWF,tom_bergeron/022.jpg,,spoof_detected
tom_bergeron,27,White_Males,CWF,tom_bergeron/027.jpg,tom_bergeron_0027.npy,ok
tom_bergeron,34,White_Males,CWF,tom_bergeron/034.jpg,,low_confidence
tom_bergeron,37,White_Males,CWF,tom_bergeron/037.jpg,tom_bergeron_0037.npy,ok
tom_bergeron,53,White_Males,CWF,tom_bergeron/053.jpg,,spoof_detected
tom_bergeron,55,White_Males,CWF,tom_bergeron/055.jpg,tom_bergeron_0055.npy,ok
tom_bergeron,66,White_Males,CWF,tom_bergeron/066.jpg,tom_bergeron_0066.npy,ok
tom_bergeron,67,White_Males,CWF,tom_bergeron/067.jpg,tom_bergeron_0067.npy,ok
tom_bergeron,71,White_Males,CWF,tom_bergeron/071.jpg,tom_bergeron_0071.npy,ok
tom_bergeron,80,White_Males,CWF,tom_bergeron/080.jpg,tom_bergeron_0080.npy,ok
tom_bergeron,94,White_Males,CWF,tom_bergeron/094.jpg,,spoof_detected
tom_bergeron,95,White_Males,CWF,tom_bergeron/095.jpg,,low_confidence
tom_bergeron,102,White_Males,CWF,tom_bergeron/102.jpg,,spoof_detected
tom_bergeron,109,White_Males,CWF,tom_bergeron/109.jpg,,spoof_detected
tom_wilkinson,10,White_Males,CWF,tom_wilkinson/010.jpg,,low_confidence
tom_wilkinson,12,White_Males,CWF,tom_wilkinson/012.jpg,tom_wilkinson_0012.npy,ok
tom_wilkinson,14,White_Males,CWF,tom_wilkinson/014.jpg,,low_confidence
tom_wilkinson,15,White_Males,CWF,tom_wilkinson/015.jpg,,low_confidence
tom_wilkinson,16,White_Males,CWF,tom_wilkinson/016.jpg,,no_face
tom_wilkinson,23,White_Males,CWF,tom_wilkinson/023.jpg,,spoof_detected
tom_wilkinson,24,White_Males,CWF,tom_wilkinson/024.jpg,,low_confidence
tom_wilkinson,27,White_Males,CWF,tom_wilkinson/027.jpg,,spoof_detected
tom_wilkinson,35,White_Males,CWF,tom_wilkinson/035.jpg,tom_wilkinson_0035.npy,ok
tom_wilkinson,38,White_Males,CWF,tom_wilkinson/038.jpg,,low_confidence
tom_wilkinson,43,White_Males,CWF,tom_wilkinson/043.jpg,,low_confidence
tom_wilkinson,47,White_Males,CWF,tom_wilkinson/047.jpg,,low_confidence
tom_wilkinson,49,White_Males,CWF,tom_wilkinson/049.jpg,,low_confidence
tom_wilkinson,53,White_Males,CWF,tom_wilkinson/053.jpg,,no_face
tom_wilkinson,61,White_Males,CWF,tom_wilkinson/061.jpg,,low_confidence
tom_wilkinson,62,White_Males,CWF,tom_wilkinson/062.jpg,,low_confidence
tom_wilkinson,65,White_Males,CWF,tom_wilkinson/065.jpg,tom_wilkinson_0065.npy,ok
tom_wilkinson,78,White_Males,CWF,tom_wilkinson/078.jpg,tom_wilkinson_0078.npy,ok
tony_oller,7,White_Males,CWF,tony_oller/007.jpg,tony_oller_0007.npy,ok
tony_oller,23,White_Males,CWF,tony_oller/023.jpg,tony_oller_0023.npy,ok
tony_oller,26,White_Males,CWF,tony_oller/026.jpg,,low_confidence
tony_oller,28,White_Males,CWF,tony_oller/028.jpg,,low_confidence
tony_oller,32,White_Males,CWF,tony_oller/032.jpg,,no_face
tony_oller,34,White_Males,CWF,tony_oller/034.jpg,,low_confidence
tony_oller,41,White_Males,CWF,tony_oller/041.jpg,tony_oller_0041.npy,ok
tony_oller,52,White_Males,CWF,tony_oller/052.jpg,,low_confidence
tony_oller,54,White_Males,CWF,tony_oller/054.jpg,,no_face
tony_oller,58,White_Males,CWF,tony_oller/058.jpg,,low_confidence
tony_oller,66,White_Males,CWF,tony_oller/066.jpg,,low_confidence
tony_oller,72,White_Males,CWF,tony_oller/072.jpg,tony_oller_0072.npy,ok
tony_oller,81,White_Males,CWF,tony_oller/081.jpg,,low_confidence
tony_oller,84,White_Males,CWF,tony_oller/084.jpg,,low_confidence
tony_oller,86,White_Males,CWF,tony_oller/086.jpg,,low_confidence
tony_oller,88,White_Males,CWF,tony_oller/088.jpg,,low_confidence
tony_oller,101,White_Males,CWF,tony_oller/101.jpg,tony_oller_0101.npy,ok
tony_oller,102,White_Males,CWF,tony_oller/102.jpg,,low_confidence
trevor_donovan,7,White_Males,CWF,trevor_donovan/007.jpg,trevor_donovan_0007.npy,ok
trevor_donovan,19,White_Males,CWF,trevor_donovan/019.jpg,,spoof_detected
trevor_donovan,23,White_Males,CWF,trevor_donovan/023.jpg,trevor_donovan_0023.npy,ok
trevor_donovan,26,White_Males,CWF,trevor_donovan/026.jpg,,low_confidence
trevor_donovan,30,White_Males,CWF,trevor_donovan/030.jpg,,no_face
trevor_donovan,47,White_Males,CWF,trevor_donovan/047.jpg,,low_confidence
trevor_donovan,57,White_Males,CWF,trevor_donovan/057.jpg,trevor_donovan_0057.npy,ok
trevor_donovan,62,White_Males,CWF,trevor_donovan/062.jpg,,low_confidence
trevor_donovan,63,White_Males,CWF,trevor_donovan/063.jpg,,no_face
trevor_donovan,64,White_Males,CWF,trevor_donovan/064.jpg,trevor_donovan_0064.npy,ok
trevor_donovan,71,White_Males,CWF,trevor_donovan/071.jpg,trevor_donovan_0071.npy,ok
trevor_donovan,81,White_Males,CWF,trevor_donovan/081.jpg,trevor_donovan_0081.npy,ok
trevor_donovan,96,White_Males,CWF,trevor_donovan/096.jpg,,low_confidence
trevor_donovan,99,White_Males,CWF,trevor_donovan/099.jpg,trevor_donovan_0099.npy,ok
trevor_donovan,104,White_Males,CWF,trevor_donovan/104.jpg,trevor_donovan_0104.npy,ok
trevor_donovan,114,White_Males,CWF,trevor_donovan/114.jpg,,low_confidence
trevor_donovan,118,White_Males,CWF,trevor_donovan/118.jpg,,low_confidence
trevor_donovan,122,White_Males,CWF,trevor_donovan/122.jpg,,low_confidence
victor_webster,1,White_Males,CWF,victor_webster/001.jpg,,low_confidence
victor_webster,12,White_Males,CWF,victor_webster/012.jpg,,low_confidence
victor_webster,16,White_Males,CWF,victor_webster/016.jpg,,low_confidence
victor_webster,17,White_Males,CWF,victor_webster/017.jpg,,low_confidence
victor_webster,24,White_Males,CWF,victor_webster/024.jpg,victor_webster_0024.npy,ok
victor_webster,25,White_Males,CWF,victor_webster/025.jpg,,low_confidence
victor_webster,28,White_Males,CWF,victor_webster/028.jpg,,low_confidence
victor_webster,29,White_Males,CWF,victor_webster/029.jpg,victor_webster_0029.npy,ok
victor_webster,32,White_Males,CWF,victor_webster/032.jpg,victor_webster_0032.npy,ok
victor_webster,34,White_Males,CWF,victor_webster/034.jpg,,no_face
victor_webster,38,White_Males,CWF,victor_webster/038.jpg,victor_webster_0038.npy,ok
victor_webster,39,White_Males,CWF,victor_webster/039.jpg,victor_webster_0039.npy,ok
victor_webster,40,White_Males,CWF,victor_webster/040.jpg,victor_webster_0040.npy,ok
victor_webster,41,White_Males,CWF,victor_webster/041.jpg,,no_face
victor_webster,42,White_Males,CWF,victor_webster/042.jpg,,low_confidence
victor_webster,47,White_Males,CWF,victor_webster/047.jpg,victor_webster_0047.npy,ok
victor_webster,50,White_Males,CWF,victor_webster/050.jpg,victor_webster_0050.npy,ok
victor_webster,52,White_Males,CWF,victor_webster/052.jpg,victor_webster_0052.npy,ok
wilson_cleveland,5,White_Males,CWF,wilson_cleveland/005.jpg,wilson_cleveland_0005.npy,ok
wilson_cleveland,9,White_Males,CWF,wilson_cleveland/009.jpg,wilson_cleveland_0009.npy,ok
wilson_cleveland,11,White_Males,CWF,wilson_cleveland/011.jpg,wilson_cleveland_0011.npy,ok
wilson_cleveland,15,White_Males,CWF,wilson_cleveland/015.jpg,wilson_cleveland_0015.npy,ok
wilson_cleveland,17,White_Males,CWF,wilson_cleveland/017.jpg,wilson_cleveland_0017.npy,ok
wilson_cleveland,18,White_Males,CWF,wilson_cleveland/018.jpg,wilson_cleveland_0018.npy,ok
wilson_cleveland,19,White_Males,CWF,wilson_cleveland/019.jpg,,spoof_detected
wilson_cleveland,22,White_Males,CWF,wilson_cleveland/022.jpg,,no_face
wilson_cleveland,25,White_Males,CWF,wilson_cleveland/025.jpg,,low_confidence
wilson_cleveland,26,White_Males,CWF,wilson_cleveland/026.jpg,,low_confidence
wilson_cleveland,32,White_Males,CWF,wilson_cleveland/032.jpg,wilson_cleveland_0032.npy,ok
wilson_cleveland,40,White_Males,CWF,wilson_cleveland/040.jpg,,low_confidence
wilson_cleveland,41,White_Males,CWF,wilson_cleveland/041.jpg,wilson_cleveland_0041.npy,ok
wilson_cleveland,44,White_Males,CWF,wilson_cleveland/044.jpg,,spoof_detected
wilson_cleveland,46,White_Males,CWF,wilson_cleveland/046.jpg,,low_confidence
wilson_cleveland,54,White_Males,CWF,wilson_cleveland/054.jpg,wilson_cleveland_0054.npy,ok
wilson_cleveland,57,White_Males,CWF,wilson_cleveland/057.jpg,,low_confidence
wilson_cleveland,59,White_Males,CWF,wilson_cleveland/059.jpg,wilson_cleveland_0059.npy,ok
wyatt_smith,2,White_Males,CWF,wyatt_smith/002.jpg,wyatt_smith_0002.npy,ok
wyatt_smith,10,White_Males,CWF,wyatt_smith/010.jpg,,low_confidence
wyatt_smith,12,White_Males,CWF,wyatt_smith/012.jpg,,no_face
wyatt_smith,13,White_Males,CWF,wyatt_smith/013.jpg,,low_confidence
wyatt_smith,16,White_Males,CWF,wyatt_smith/016.jpg,,low_confidence
wyatt_smith,20,White_Males,CWF,wyatt_smith/020.jpg,,low_confidence
wyatt_smith,21,White_Males,CWF,wyatt_smith/021.jpg,,low_confidence
wyatt_smith,26,White_Males,CWF,wyatt_smith/026.jpg,,low_confidence
wyatt_smith,32,White_Males,CWF,wyatt_smith/032.jpg,,low_confidence
wyatt_smith,49,White_Males,CWF,wyatt_smith/049.jpg,,no_face
wyatt_smith,53,White_Males,CWF,wyatt_smith/053.jpg,,low_confidence
wyatt_smith,54,White_Males,CWF,wyatt_smith/054.jpg,,no_face
wyatt_smith,57,White_Males,CWF,wyatt_smith/057.jpg,,low_confidence
wyatt_smith,58,White_Males,CWF,wyatt_smith/058.jpg,,no_face
wyatt_smith,63,White_Males,CWF,wyatt_smith/063.jpg,,no_face
wyatt_smith,69,White_Males,CWF,wyatt_smith/069.jpg,,low_confidence
wyatt_smith,73,White_Males,CWF,wyatt_smith/073.jpg,,low_confidence
wyatt_smith,75,White_Males,CWF,wyatt_smith/075.jpg,,no_face
zachary_knighton,1,White_Males,CWF,zachary_knighton/001.jpg,zachary_knighton_0001.npy,ok
zachary_knighton,4,White_Males,CWF,zachary_knighton/004.jpg,,no_face
zachary_knighton,5,White_Males,CWF,zachary_knighton/005.jpg,,low_confidence
zachary_knighton,12,White_Males,CWF,zachary_knighton/012.jpg,,low_confidence
zachary_knighton,20,White_Males,CWF,zachary_knighton/020.jpg,,low_confidence
zachary_knighton,21,White_Males,CWF,zachary_knighton/021.jpg,,low_confidence
zachary_knighton,22,White_Males,CWF,zachary_knighton/022.jpg,zachary_knighton_0022.npy,ok
zachary_knighton,30,White_Males,CWF,zachary_knighton/030.jpg,zachary_knighton_0030.npy,ok
zachary_knighton,33,White_Males,CWF,zachary_knighton/033.jpg,,low_confidence
zachary_knighton,36,White_Males,CWF,zachary_knighton/036.jpg,zachary_knighton_0036.npy,ok
zachary_knighton,46,White_Males,CWF,zachary_knighton/046.jpg,,low_confidence
zachary_knighton,54,White_Males,CWF,zachary_knighton/054.jpg,,low_confidence
zachary_knighton,63,White_Males,CWF,zachary_knighton/063.jpg,,low_confidence
zachary_knighton,76,White_Males,CWF,zachary_knighton/076.jpg,,no_face
zachary_knighton,77,White_Males,CWF,zachary_knighton/077.jpg,,no_face
zachary_knighton,82,White_Males,CWF,zachary_knighton/082.jpg,,no_face
zachary_knighton,95,White_Males,CWF,zachary_knighton/095.jpg,zachary_knighton_0095.npy,ok
zachary_knighton,96,White_Males,CWF,zachary_knighton/096.jpg,,no_face
zachary_quinto,4,White_Males,CWF,zachary_quinto/004.jpg,zachary_quinto_0004.npy,ok
zachary_quinto,5,White_Males,CWF,zachary_quinto/005.jpg,,low_confidence
zachary_quinto,25,White_Males,CWF,zachary_quinto/025.jpg,,low_confidence
zachary_quinto,54,White_Males,CWF,zachary_quinto/054.jpg,,low_confidence
zachary_quinto,73,White_Males,CWF,zachary_quinto/073.jpg,zachary_quinto_0073.npy,ok
zachary_quinto,75,White_Males,CWF,zachary_quinto/075.jpg,,low_confidence
zachary_quinto,78,White_Males,CWF,zachary_quinto/078.jpg,,low_confidence
zachary_quinto,105,White_Males,CWF,zachary_quinto/105.jpg,zachary_quinto_0105.npy,ok
zachary_quinto,106,White_Males,CWF,zachary_quinto/106.jpg,zachary_quinto_0106.npy,ok
zachary_quinto,123,White_Males,CWF,zachary_quinto/123.jpg,,low_confidence
zachary_quinto,137,White_Males,CWF,zachary_quinto/137.jpg,zachary_quinto_0137.npy,ok
zachary_quinto,139,White_Males,CWF,zachary_quinto/139.jpg,,low_confidence
zachary_quinto,153,White_Males,CWF,zachary_quinto/153.jpg,zachary_quinto_0153.npy,ok
zachary_quinto,177,White_Males,CWF,zachary_quinto/177.jpg,zachary_quinto_0177.npy,ok
zachary_quinto,214,White_Males,CWF,zachary_quinto/214.jpg,zachary_quinto_0214.npy,ok
zachary_quinto,217,White_Males,CWF,zachary_quinto/217.jpg,zachary_quinto_0217.npy,ok
zachary_quinto,218,White_Males,CWF,zachary_quinto/218.jpg,,low_confidence
zachary_quinto,226,White_Males,CWF,zachary_quinto/226.jpg,,low_confidence
