image_path,reason
able_wanamakok/002.jpg,low_confidence
able_wanamakok/004.jpg,no_face
able_wanamakok/008.jpg,no_face
able_wanamakok/013.jpg,low_confidence
able_wanamakok/017.jpg,low_confidence
able_wanamakok/021.jpg,low_confidence
able_wanamakok/023.jpg,low_confidence
able_wanamakok/034.jpg,low_confidence
anna_maria_perez_de_tagle/019.jpg,low_confidence
anna_maria_perez_de_tagle/023.jpg,low_confidence
anna_maria_perez_de_tagle/033.jpg,no_face
anna_maria_perez_de_tagle/041.jpg,no_face
anna_maria_perez_de_tagle/049.jpg,low_confidence
anna_maria_perez_de_tagle/054.jpg,no_face
anna_maria_perez_de_tagle/064.jpg,low_confidence
anna_maria_perez_de_tagle/066.jpg,no_face
anna_maria_perez_de_tagle/072.jpg,low_confidence
anna_maria_perez_de_tagle/084.jpg,no_face
anna_maria_perez_de_tagle/094.jpg,no_face
anna_maria_perez_de_tagle/100.jpg,no_face
anna_maria_perez_de_tagle/101.jpg,low_confidence
anna_maria_perez_de_tagle/105.jpg,low_confidence
anna_maria_perez_de_tagle/108.jpg,low_confidence
anna_maria_perez_de_tagle/109.jpg,no_face
anna_tsuchiya/008.jpg,spoof_detected
anna_tsuchiya/014.jpg,low_confidence
anna_tsuchiya/016.jpg,low_confidence
anna_tsuchiya/020.jpg,spoof_detected
anna_tsuchiya/022.jpg,low_confidence
anna_tsuchiya/030.jpg,spoof_detected
anna_tsuchiya/057.jpg,spoof_detected
aubrey_anderson-emmons/010.jpg,low_confidence
aubrey_anderson-emmons/011.jpg,low_confidence
aubrey_anderson-emmons/020.jpg,low_confidence
aubrey_anderson-emmons/021.jpg,low_confidence
aubrey_anderson-emmons/030.jpg,low_confidence
aubrey_anderson-emmons/035.jpg,low_confidence
aubrey_anderson-emmons/038.jpg,low_confidence
aubrey_anderson-emmons/041.jpg,low_confidence
aubrey_anderson-emmons/045.jpg,low_confidence
aubrey_anderson-emmons/050.jpg,low_confidence
aubrey_anderson-emmons/052.jpg,low_confidence
aubrey_anderson-emmons/053.jpg,low_confidence
charlyne_yi/00000003.jpg,no_face
charlyne_yi/00000004.jpg,no_face
charlyne_yi/00000022.jpg,no_face
charlyne_yi/00000035.jpg,no_face
charlyne_yi/00000037.jpg,no_face
charlyne_yi/00000038.jpg,low_confidence
charlyne_yi/00000055.jpg,no_face
charlyne_yi/00000066.jpg,no_face
charlyne_yi/00000093.jpg,low_confidence
charlyne_yi/00000110.jpg,no_face
charlyne_yi/00000131.jpg,low_confidence
charlyne_yi/00000140.jpg,low_confidence
charlyne_yi/00000141.jpg,no_face
charlyne_yi/00000152.jpg,low_confidence
charlyne_yi/00000166.jpg,no_face
charlyne_yi/00000213.jpg,no_face
charlyne_yi/00000257.jpg,no_face
charlyne_yi/00000477.jpg,no_face
fala_chen/001.jpg,low_confidence
fala_chen/004.jpg,spoof_detected
fala_chen/010.jpg,low_confidence
fala_chen/012.jpg,no_face
fala_chen/014.jpg,low_confidence
fala_chen/018.jpg,no_face
fala_chen/020.jpg,low_confidence
fala_chen/022.jpg,low_confidence
fala_chen/047.jpg,low_confidence
fala_chen/054.jpg,low_confidence
fala_chen/056.jpg,low_confidence
fala_chen/058.jpg,no_face
fala_chen/070.jpg,low_confidence
fala_chen/074.jpg,low_confidence
fumino_kimura/000.jpg,no_face
fumino_kimura/004.jpg,no_face
fumino_kimura/006.jpg,no_face
fumino_kimura/023.jpg,no_face
fumino_kimura/042.jpg,no_face
fumino_kimura/064.jpg,low_confidence
gong_hyo_jin/001.jpg,spoof_detected
gong_seung_yeon/010.jpg,spoof_detected
gong_seung_yeon/017.jpg,spoof_detected
jinny_ng/000.jpg,spoof_detected
jinny_ng/005.jpg,spoof_detected
jinny_ng/006.jpg,spoof_detected
jinny_ng/015.jpg,spoof_detected
jinny_ng/031.jpg,low_confidence
jinny_ng/039.jpg,spoof_detected
jinny_ng/041.jpg,no_face
jinny_ng/044.jpg,spoof_detected
jinny_ng/057.jpg,spoof_detected
jinny_ng/060.jpg,no_face
jinny_ng/065.jpg,spoof_detected
jun_hasegawa/002.jpg,no_face
jun_hasegawa/009.jpg,spoof_detected
jun_hasegawa/017.jpg,spoof_detected
jun_hasegawa/029.jpg,low_confidence
jun_hasegawa/032.jpg,low_confidence
jun_hasegawa/042.jpg,low_confidence
jun_hasegawa/043.jpg,spoof_detected
jun_hasegawa/066.jpg,no_face
lee_jung_hyun/003.jpg,spoof_detected
lee_jung_hyun/015.jpg,spoof_detected
lee_jung_hyun/019.jpg,spoof_detected
lee_jung_hyun/026.jpg,spoof_detected
lee_jung_hyun/053.jpg,no_face
lee_jung_hyun/061.jpg,spoof_detected
lee_jung_hyun/067.jpg,spoof_detected
lee_young_ae/032.jpg,spoof_detected
lee_young_ae/064.jpg,spoof_detected
li_na_tennis/000.jpg,low_confidence
li_na_tennis/039.jpg,spoof_detected
li_yuchun/008.jpg,spoof_detected
li_yuchun/022.jpg,low_confidence
li_yuchun/062.jpg,low_confidence
lucy_liu/034.jpg,low_confidence
lucy_liu/060.jpg,spoof_detected
lucy_liu/066.jpg,spoof_detected
lucy_liu/067.jpg,no_face
maggie_q/121.jpg,low_confidence
maggie_q/138.jpg,low_confidence
maggie_q/171.jpg,no_face
maggie_q/180.jpg,low_confidence
maggie_q/188.jpg,no_face
maggie_q/204.jpg,no_face
maggie_q/242.jpg,no_face
maggie_q/246.jpg,low_confidence
maggie_q/265.jpg,low_confidence
maggie_q/268.jpg,low_confidence
maggie_q/307.jpg,low_confidence
maggie_q/309.jpg,low_confidence
marmee_cosico/015.jpg,no_face
marmee_cosico/017.jpg,low_confidence
marmee_cosico/020.jpg,spoof_detected
marmee_cosico/037.jpg,low_confidence
marmee_cosico/039.jpg,low_confidence
marmee_cosico/040.jpg,no_face
marmee_cosico/049.jpg,low_confidence
marmee_cosico/052.jpg,low_confidence
marmee_cosico/064.jpg,low_confidence
marmee_cosico/070.jpg,low_confidence
marmee_cosico/072.jpg,low_confidence
marmee_cosico/080.jpg,low_confidence
marmee_cosico/086.jpg,low_confidence
maureen_mendoza/002.jpg,low_confidence
maureen_mendoza/003.jpg,spoof_detected
maureen_mendoza/009.jpg,spoof_detected
maureen_mendoza/015.jpg,low_confidence
maureen_mendoza/018.jpg,low_confidence
maureen_mendoza/019.jpg,spoof_detected
maureen_mendoza/026.jpg,low_confidence
maureen_mendoza/036.jpg,spoof_detected
maureen_mendoza/037.jpg,low_confidence
maureen_mendoza/038.jpg,spoof_detected
maureen_mendoza/039.jpg,spoof_detected
maureen_mendoza/049.jpg,low_confidence
maureen_mendoza/051.jpg,spoof_detected
maureen_mendoza/060.jpg,spoof_detected
maureen_mendoza/061.jpg,low_confidence
mika_nakashima/011.jpg,no_face
mika_nakashima/024.jpg,no_face
mika_nakashima/036.jpg,spoof_detected
mika_nakashima/048.jpg,low_confidence
mika_nakashima/056.jpg,no_face
ming_xi/018.jpg,spoof_detected
ming_xi/020.jpg,low_confidence
ming_xi/044.jpg,no_face
ming_xi/070.jpg,low_confidence
minori_chihara/004.jpg,spoof_detected
minori_chihara/005.jpg,spoof_detected
minori_chihara/007.jpg,spoof_detected
minori_chihara/016.jpg,spoof_detected
minori_chihara/022.jpg,spoof_detected
minori_chihara/026.jpg,no_face
minori_chihara/034.jpg,low_confidence
minori_chihara/035.jpg,spoof_detected
minori_chihara/047.jpg,spoof_detected
moametal/021.jpg,low_confidence
moametal/026.jpg,spoof_detected
moametal/033.jpg,low_confidence
moametal/041.jpg,spoof_detected
moametal/047.jpg,low_confidence
moametal/048.jpg,spoof_detected
moametal/050.jpg,no_face
moametal/051.jpg,no_face
puff_guo/016.jpg,no_face
puff_guo/030.jpg,spoof_detected
puff_guo/031.jpg,no_face
puff_guo/034.jpg,no_face
puff_guo/035.jpg,low_confidence
shin_min_a/014.jpg,spoof_detected
shin_min_a/057.jpg,spoof_detected
shin_min_a/064.jpg,spoof_detected
sumetal/000.jpg,spoof_detected
sumetal/027.jpg,spoof_detected
sumetal/030.jpg,spoof_detected
sumetal/036.jpg,spoof_detected
sumetal/044.jpg,low_confidence
tila_tequila/012.jpg,low_confidence
tila_tequila/948.jpg,spoof_detected
tina_q_nguyen/001.jpg,low_confidence
tina_q_nguyen/002.jpg,low_confidence
tina_q_nguyen/003.jpg,low_confidence
tina_q_nguyen/014.jpg,low_confidence
tina_q_nguyen/022.jpg,no_face
tina_q_nguyen/030.jpg,low_confidence
tina_q_nguyen/032.jpg,no_face
tina_q_nguyen/033.jpg,low_confidence
tina_q_nguyen/034.jpg,no_face
tina_q_nguyen/037.jpg,low_confidence
tina_q_nguyen/039.jpg,low_confidence
tina_q_nguyen/047.jpg,low_confidence
tina_q_nguyen/051.jpg,low_confidence
tina_q_nguyen/053.jpg,no_face
tina_q_nguyen/058.jpg,no_face
tina_q_nguyen/068.jpg,low_confidence
tina_q_nguyen/074.jpg,low_confidence
vivian_wu/001.jpg,low_confidence
vivian_wu/002.jpg,low_confidence
vivian_wu/003.jpg,low_confidence
vivian_wu/004.jpg,low_confidence
vivian_wu/005.jpg,no_face
vivian_wu/006.jpg,low_confidence
vivian_wu/007.jpg,low_confidence
vivian_wu/008.jpg,low_confidence
vivian_wu/009.jpg,low_confidence
vivian_wu/010.jpg,no_face
vivian_wu/014.jpg,low_confidence
vivian_wu/015.jpg,low_confidence
vivian_wu/016.jpg,low_confidence
vivian_wu/017.jpg,no_face
vivian_wu/018.jpg,low_confidence
xu_jinglei/024.jpg,low_confidence
xu_jinglei/033.jpg,low_confidence
xu_jinglei/045.jpg,low_confidence
xu_jinglei/052.jpg,spoof_detected
xu_jinglei/055.jpg,spoof_detected
xu_jinglei/059.jpg,spoof_detected
zhou_xun/006.jpg,no_face
zhou_xun/020.jpg,spoof_detected
zhou_xun/034.jpg,spoof_detected
aaron_yoo/024.jpg,low_confidence
aaron_yoo/00000063.jpg,no_face
aaron_yoo/00000080.jpg,no_face
aaron_yoo/00000092.jpg,low_confidence
aaron_yoo/00000114.jpg,no_face
aaron_yoo/00000149.jpg,low_confidence
aaron_yoo/00000156.jpg,low_confidence
aaron_yoo/00000185.jpg,no_face
aaron_yoo/00000226.jpg,low_confidence
aaron_yoo/00000326.jpg,no_face
aaron_yoo/00000347.jpg,no_face
aaron_yoo/00000461.jpg,low_confidence
aaron_yoo/00000535.jpg,no_face
aaron_yoo/00000640.jpg,low_confidence
bang_yong_guk/005.jpg,low_confidence
bang_yong_guk/014.jpg,spoof_detected
bang_yong_guk/023.jpg,spoof_detected
bang_yong_guk/024.jpg,spoof_detected
bang_yong_guk/034.jpg,spoof_detected
bang_yong_guk/040.jpg,spoof_detected
bang_yong_guk/048.jpg,spoof_detected
bang_yong_guk/050.jpg,spoof_detected
bang_yong_guk/052.jpg,spoof_detected
big_bang_g-dragon/036.jpg,spoof_detected
big_bang_g-dragon/041.jpg,spoof_detected
big_bang_g-dragon/044.jpg,low_confidence
big_bang_g-dragon/047.jpg,spoof_detected
brandon_soo_hoo/007.jpg,no_face
brandon_soo_hoo/011.jpg,low_confidence
brandon_soo_hoo/025.jpg,low_confidence
brandon_soo_hoo/027.jpg,low_confidence
brandon_soo_hoo/030.jpg,low_confidence
brandon_soo_hoo/032.jpg,low_confidence
brandon_soo_hoo/042.jpg,spoof_detected
brandon_soo_hoo/043.jpg,spoof_detected
brandon_soo_hoo/046.jpg,low_confidence
brandon_soo_hoo/047.jpg,low_confidence
brandon_soo_hoo/048.jpg,low_confidence
brandon_soo_hoo/049.jpg,no_face
brandon_soo_hoo/050.jpg,low_confidence
brandon_soo_hoo/051.jpg,low_confidence
cha_seung_won/022.jpg,spoof_detected
cha_seung_won/038.jpg,no_face
cha_seung_won/045.jpg,spoof_detected
cha_seung_won/054.jpg,low_confidence
cha_seung_won/055.jpg,spoof_detected
chanyeol/009.jpg,spoof_detected
chanyeol/013.jpg,spoof_detected
chanyeol/019.jpg,spoof_detected
chanyeol/033.jpg,spoof_detected
chin_han/007.jpg,low_confidence
chin_han/00000005.jpg,low_confidence
chin_han/00000161.jpg,no_face
chin_han/00000195.jpg,no_face
chin_han/00000204.jpg,low_confidence
chin_han/00000260.jpg,low_confidence
chin_han/00000261.jpg,low_confidence
chin_han/00000265.jpg,low_confidence
chin_han/00000304.jpg,low_confidence
chin_han/00000562.jpg,low_confidence
chin_han/00000730.jpg,low_confidence
craig_fong/017.jpg,low_confidence
craig_fong/021.jpg,spoof_detected
craig_fong/023.jpg,low_confidence
craig_fong/029.jpg,spoof_detected
craig_fong/038.jpg,low_confidence
craig_fong/044.jpg,spoof_detected
craig_fong/056.jpg,low_confidence
craig_fong/059.jpg,spoof_detected
craig_fong/067.jpg,low_confidence
daniel_henney/021.jpg,no_face
godfrey_gao/016.jpg,low_confidence
godfrey_gao/021.jpg,spoof_detected
godfrey_gao/025.jpg,no_face
godfrey_gao/049.jpg,spoof_detected
hiroki_narimiya/018.jpg,spoof_detected
hiroki_narimiya/044.jpg,spoof_detected
hiroki_narimiya/071.jpg,spoof_detected
hiroki_narimiya/072.jpg,spoof_detected
hua_chenyu/000.jpg,low_confidence
hua_chenyu/021.jpg,spoof_detected
hua_chenyu/025.jpg,spoof_detected
hua_chenyu/033.jpg,spoof_detected
hua_chenyu/047.jpg,no_face
huang_xiaoming/016.jpg,spoof_detected
huang_xiaoming/048.jpg,spoof_detected
huang_xiaoming/063.jpg,low_confidence
jack_ma/00000034.jpg,no_face
jack_ma/00000058.jpg,no_face
jack_ma/00000065.jpg,no_face
jack_ma/00000115.jpg,no_face
jack_ma/00000149.jpg,no_face
jack_ma/00000155.jpg,low_confidence
jack_ma/00000218.jpg,no_face
jack_ma/00000248.jpg,low_confidence
jack_ma/00000275.jpg,low_confidence
jack_ma/00000293.jpg,no_face
jack_ma/00000304.jpg,no_face
jack_ma/00000353.jpg,low_confidence
jack_ma/00000366.jpg,no_face
jaejoong/018.jpg,low_confidence
jaejoong/067.jpg,spoof_detected
jang_keun_suk/001.jpg,spoof_detected
jang_keun_suk/009.jpg,no_face
jang_keun_suk/022.jpg,spoof_detected
jang_keun_suk/054.jpg,spoof_detected
jet_li/00000050.jpg,no_face
jet_li/00000078.jpg,no_face
jet_li/00000079.jpg,no_face
jet_li/00000101.jpg,no_face
jet_li/00000168.jpg,no_face
jet_li/00000194.jpg,low_confidence
jet_li/00000222.jpg,no_face
jet_li/00000224.jpg,low_confidence
jet_li/00000335.jpg,low_confidence
jet_li/00000336.jpg,no_face
jet_li/00000343.jpg,low_confidence
jet_li/00000634.jpg,low_confidence
jet_li/00000838.jpg,low_confidence
jet_li/00000977.jpg,no_face
ji_chang_wook/010.jpg,low_confidence
ji_chang_wook/021.jpg,no_face
ji_chang_wook/029.jpg,spoof_detected
ji_chang_wook/049.jpg,low_confidence
ji_chang_wook/054.jpg,no_face
jian/001.jpg,low_confidence
jian/009.jpg,low_confidence
jian/026.jpg,low_confidence
jian/052.jpg,low_confidence
jian/058.jpg,low_confidence
jian/063.jpg,spoof_detected
jian/074.jpg,low_confidence
jian/075.jpg,no_face
john_woo/002.jpg,low_confidence
john_woo/005.jpg,low_confidence
john_woo/006.jpg,low_confidence
john_woo/007.jpg,low_confidence
john_woo/008.jpg,low_confidence
john_woo/010.jpg,low_confidence
john_woo/012.jpg,low_confidence
john_woo/013.jpg,low_confidence
john_woo/014.jpg,low_confidence
john_woo/015.jpg,low_confidence
john_woo/018.jpg,low_confidence
john_woo/021.jpg,low_confidence
john_woo/022.jpg,low_confidence
joo_jin_mo/035.jpg,low_confidence
joo_jin_mo/047.jpg,no_face
jung_woo_sung/018.jpg,spoof_detected
jung_yong_hwa/005.jpg,low_confidence
jung_yong_hwa/021.jpg,spoof_detected
jung_yong_hwa/031.jpg,low_confidence
jung_yong_hwa/034.jpg,spoof_detected
jung_yong_hwa/044.jpg,spoof_detected
jung_yong_hwa/047.jpg,low_confidence
kanata_hongo/002.jpg,low_confidence
kanata_hongo/006.jpg,spoof_detected
kanata_hongo/025.jpg,low_confidence
kanata_hongo/035.jpg,no_face
kanata_hongo/037.jpg,spoof_detected
kanata_hongo/046.jpg,spoof_detected
kanata_hongo/057.jpg,low_confidence
kazuya_kamenashi/001.jpg,spoof_detected
kazuya_kamenashi/019.jpg,spoof_detected
kazuya_kamenashi/023.jpg,spoof_detected
kazuya_kamenashi/046.jpg,spoof_detected
kazuya_kamenashi/051.jpg,spoof_detected
kris_wu/006.jpg,spoof_detected
kris_wu/008.jpg,spoof_detected
kris_wu/021.jpg,low_confidence
kris_wu/029.jpg,spoof_detected
kris_wu/037.jpg,spoof_detected
lee_dong_hae/000.jpg,spoof_detected
lee_dong_hae/004.jpg,spoof_detected
lee_dong_hae/009.jpg,low_confidence
lee_dong_hae/036.jpg,spoof_detected
mark_dacascos/001.jpg,low_confidence
mark_dacascos/004.jpg,no_face
mark_dacascos/007.jpg,low_confidence
mark_dacascos/009.jpg,low_confidence
mark_dacascos/039.jpg,low_confidence
mark_dacascos/908.jpg,no_face
mark_dacascos/918.jpg,spoof_detected
mark_dacascos/924.jpg,no_face
park_ji_sung/031.jpg,low_confidence
park_ji_sung/045.jpg,spoof_detected
park_ji_sung/064.jpg,spoof_detected
park_ji_sung/065.jpg,low_confidence
reggie_lee/00000001.jpg,low_confidence
reggie_lee/00000003.jpg,no_face
reggie_lee/00000009.jpg,no_face
reggie_lee/00000011.jpg,no_face
reggie_lee/00000014.jpg,no_face
reggie_lee/00000017.jpg,low_confidence
reggie_lee/00000019.jpg,no_face
reggie_lee/00000024.jpg,no_face
reggie_lee/00000039.jpg,low_confidence
reggie_lee/00000056.jpg,low_confidence
reggie_lee/00000061.jpg,no_face
reggie_lee/00000084.jpg,no_face
reggie_lee/00000111.jpg,no_face
reggie_lee/00000228.jpg,low_confidence
robin_shou/00000092.jpg,low_confidence
robin_shou/00000103.jpg,low_confidence
robin_shou/00000127.jpg,low_confidence
robin_shou/00000135.jpg,low_confidence
robin_shou/00000148.jpg,low_confidence
robin_shou/00000184.jpg,no_face
robin_shou/00000202.jpg,no_face
robin_shou/00000206.jpg,no_face
robin_shou/00000227.jpg,low_confidence
robin_shou/00000277.jpg,low_confidence
robin_shou/00000316.jpg,no_face
robin_shou/00000502.jpg,no_face
robin_shou/00000619.jpg,no_face
robin_shou/00000834.jpg,low_confidence
robin_shou/00000841.jpg,no_face
robin_shou/00000954.jpg,no_face
ron_yuan/021.jpg,low_confidence
ron_yuan/027.jpg,low_confidence
ron_yuan/029.jpg,low_confidence
ron_yuan/030.jpg,low_confidence
ron_yuan/033.jpg,low_confidence
ron_yuan/035.jpg,low_confidence
ron_yuan/044.jpg,low_confidence
ron_yuan/046.jpg,no_face
ron_yuan/047.jpg,low_confidence
ron_yuan/064.jpg,low_confidence
ron_yuan/067.jpg,spoof_detected
ron_yuan/070.jpg,low_confidence
ron_yuan/071.jpg,low_confidence
ryosuke_yamada/032.jpg,spoof_detected
scott_takeda/002.jpg,low_confidence
scott_takeda/010.jpg,low_confidence
scott_takeda/012.jpg,low_confidence
scott_takeda/019.jpg,spoof_detected
scott_takeda/919.jpg,low_confidence
shun_oguri/014.jpg,spoof_detected
shun_oguri/025.jpg,low_confidence
shun_oguri/039.jpg,spoof_detected
shun_oguri/065.jpg,spoof_detected
song_joong_ki/034.jpg,low_confidence
song_joong_ki/036.jpg,spoof_detected
stephen_chow/002.jpg,no_face
stephen_chow/004.jpg,low_confidence
stephen_chow/005.jpg,spoof_detected
stephen_chow/007.jpg,low_confidence
stephen_chow/010.jpg,low_confidence
stephen_chow/011.jpg,no_face
steven_yeun/00000002.jpg,no_face
steven_yeun/00000068.jpg,no_face
steven_yeun/00000082.jpg,no_face
steven_yeun/00000097.jpg,low_confidence
steven_yeun/00000149.jpg,no_face
steven_yeun/00000192.jpg,no_face
steven_yeun/00000210.jpg,no_face
steven_yeun/00000214.jpg,low_confidence
steven_yeun/00000262.jpg,low_confidence
steven_yeun/00000270.jpg,low_confidence
steven_yeun/00000327.jpg,low_confidence
steven_yeun/00000328.jpg,low_confidence
steven_yeun/00000494.jpg,no_face
steven_yeun/00000595.jpg,low_confidence
steven_yeun/00000752.jpg,low_confidence
sung_kang/00000003.jpg,no_face
sung_kang/00000006.jpg,low_confidence
sung_kang/00000023.jpg,no_face
sung_kang/00000036.jpg,low_confidence
sung_kang/00000037.jpg,low_confidence
sung_kang/00000058.jpg,no_face
sung_kang/00000102.jpg,no_face
sung_kang/00000107.jpg,no_face
sung_kang/00000244.jpg,no_face
sung_kang/00000293.jpg,no_face
sung_kang/00000359.jpg,no_face
sung_kang/00000371.jpg,no_face
sung_kang/00000584.jpg,no_face
sung_kang/00000716.jpg,no_face
sung_kang/00000734.jpg,low_confidence
sung_kang/00000868.jpg,no_face
sung_kang/00000871.jpg,low_confidence
teppei_koike/002.jpg,spoof_detected
teppei_koike/018.jpg,low_confidence
teppei_koike/039.jpg,spoof_detected
teppei_koike/058.jpg,no_face
toma_ikuta/000.jpg,no_face
toma_ikuta/004.jpg,spoof_detected
toma_ikuta/006.jpg,low_confidence
toma_ikuta/020.jpg,spoof_detected
toma_ikuta/031.jpg,spoof_detected
toma_ikuta/045.jpg,no_face
toma_ikuta/054.jpg,spoof_detected
toma_ikuta/062.jpg,no_face
toma_ikuta/066.jpg,spoof_detected
tony_chiu_wai_leung/001.jpg,low_confidence
tony_chiu_wai_leung/002.jpg,low_confidence
tony_chiu_wai_leung/010.jpg,no_face
tony_chiu_wai_leung/011.jpg,low_confidence
tony_chiu_wai_leung/015.jpg,low_confidence
tony_chiu_wai_leung/016.jpg,low_confidence
tony_chiu_wai_leung/024.jpg,no_face
tony_chiu_wai_leung/026.jpg,low_confidence
tony_jaa/003.jpg,low_confidence
tony_jaa/029.jpg,low_confidence
tony_jaa/040.jpg,low_confidence
tony_jaa/051.jpg,low_confidence
will_yun_lee/005.jpg,no_face
will_yun_lee/012.jpg,low_confidence
will_yun_lee/00000054.jpg,no_face
will_yun_lee/00000072.jpg,no_face
will_yun_lee/00000346.jpg,low_confidence
will_yun_lee/00000347.jpg,no_face
will_yun_lee/00000417.jpg,no_face
will_yun_lee/00000581.jpg,low_confidence
will_yun_lee/00000598.jpg,low_confidence
will_yun_lee/00000864.jpg,low_confidence
will_yun_lee/00000908.jpg,spoof_detected
will_yun_lee/00000933.jpg,no_face
yannus_sufandi/001.jpg,no_face
yannus_sufandi/004.jpg,low_confidence
yannus_sufandi/008.jpg,low_confidence
yannus_sufandi/009.jpg,low_confidence
yannus_sufandi/014.jpg,low_confidence
yannus_sufandi/026.jpg,low_confidence
yannus_sufandi/028.jpg,low_confidence
yannus_sufandi/030.jpg,low_confidence
yannus_sufandi/035.jpg,low_confidence
yannus_sufandi/036.jpg,low_confidence
yannus_sufandi/043.jpg,low_confidence
yannus_sufandi/048.jpg,low_confidence
yannus_sufandi/052.jpg,no_face
yannus_sufandi/053.jpg,low_confidence
yannus_sufandi/058.jpg,low_confidence
yao_ming/006.jpg,low_confidence
yao_ming/010.jpg,low_confidence
yao_ming/020.jpg,no_face
ye_liu/003.jpg,low_confidence
ye_liu/005.jpg,low_confidence
ye_liu/008.jpg,low_confidence
ye_liu/011.jpg,no_face
ye_liu/015.jpg,low_confidence
ye_liu/016.jpg,low_confidence
ye_liu/017.jpg,low_confidence
ye_liu/021.jpg,low_confidence
ye_liu/027.jpg,low_confidence
ye_liu/028.jpg,spoof_detected
yoo_ah_in/002.jpg,spoof_detected
yoo_ah_in/019.jpg,no_face
yoo_ah_in/043.jpg,spoof_detected
yoo_ah_in/051.jpg,spoof_detected
young_man_kang/001.jpg,no_face
young_man_kang/015.jpg,no_face
young_man_kang/021.jpg,low_confidence
young_man_kang/023.jpg,low_confidence
young_man_kang/032.jpg,spoof_detected
young_man_kang/038.jpg,low_confidence
young_man_kang/054.jpg,spoof_detected
young_man_kang/058.jpg,spoof_detected
yun-fat_chow/00000088.jpg,no_face
yun-fat_chow/00000089.jpg,low_confidence
yun-fat_chow/00000114.jpg,low_confidence
yun-fat_chow/00000116.jpg,no_face
yun-fat_chow/00000135.jpg,spoof_detected
yun-fat_chow/00000161.jpg,low_confidence
yun-fat_chow/00000198.jpg,no_face
yun-fat_chow/00000199.jpg,low_confidence
yun-fat_chow/00000253.jpg,no_face
yun-fat_chow/00000305.jpg,low_confidence
yun-fat_chow/00000308.jpg,no_face
yun-fat_chow/00000335.jpg,low_confidence
yun-fat_chow/00000336.jpg,no_face
aisha_tyler/006.jpg,low_confidence
aisha_tyler/010.jpg,low_confidence
aisha_tyler/014.jpg,low_confidence
aisha_tyler/036.jpg,low_confidence
aisha_tyler/045.jpg,low_confidence
aisha_tyler/047.jpg,low_confidence
aisha_tyler/091.jpg,no_face
aisha_tyler/115.jpg,low_confidence
aisha_tyler/155.jpg,no_face
aisha_tyler/158.jpg,no_face
alfre_woodard/008.jpg,low_confidence
alfre_woodard/011.jpg,low_confidence
alfre_woodard/024.jpg,low_confidence
alfre_woodard/049.jpg,no_face
alfre_woodard/053.jpg,low_confidence
alfre_woodard/070.jpg,no_face
alfre_woodard/078.jpg,low_confidence
alfre_woodard/081.jpg,low_confidence
alfre_woodard/089.jpg,low_confidence
alfre_woodard/120.jpg,no_face
alfre_woodard/124.jpg,low_confidence
alfre_woodard/127.jpg,low_confidence
amanda_brugel/011.jpg,low_confidence
amanda_brugel/015.jpg,no_face
amanda_brugel/017.jpg,low_confidence
amanda_brugel/020.jpg,low_confidence
amanda_brugel/022.jpg,no_face
amanda_brugel/023.jpg,no_face
amanda_brugel/032.jpg,no_face
amanda_brugel/034.jpg,low_confidence
amanda_brugel/035.jpg,low_confidence
amanda_brugel/038.jpg,low_confidence
amanda_brugel/044.jpg,low_confidence
amanda_brugel/045.jpg,low_confidence
amanda_brugel/046.jpg,low_confidence
amanda_brugel/047.jpg,no_face
amanda_brugel/050.jpg,low_confidence
amber_riley/018.jpg,low_confidence
amber_riley/020.jpg,low_confidence
amber_riley/025.jpg,no_face
amber_riley/026.jpg,no_face
amber_riley/039.jpg,no_face
amber_riley/040.jpg,no_face
amber_riley/042.jpg,low_confidence
amber_riley/048.jpg,low_confidence
amber_riley/052.jpg,low_confidence
amber_riley/064.jpg,no_face
amber_riley/086.jpg,no_face
amber_riley/097.jpg,low_confidence
amber_riley/098.jpg,low_confidence
amber_riley/099.jpg,low_confidence
audra_mcdonald/002.jpg,no_face
audra_mcdonald/011.jpg,low_confidence
audra_mcdonald/017.jpg,low_confidence
audra_mcdonald/024.jpg,no_face
audra_mcdonald/031.jpg,low_confidence
audra_mcdonald/033.jpg,low_confidence
audra_mcdonald/034.jpg,no_face
audra_mcdonald/036.jpg,low_confidence
audra_mcdonald/056.jpg,low_confidence
audra_mcdonald/061.jpg,no_face
audra_mcdonald/065.jpg,no_face
audra_mcdonald/066.jpg,low_confidence
chandra_wilson/002.jpg,no_face
chandra_wilson/017.jpg,low_confidence
chandra_wilson/044.jpg,low_confidence
chandra_wilson/066.jpg,low_confidence
chandra_wilson/074.jpg,no_face
chandra_wilson/082.jpg,no_face
chandra_wilson/091.jpg,spoof_detected
chandra_wilson/094.jpg,low_confidence
chandra_wilson/102.jpg,low_confidence
chandra_wilson/123.jpg,low_confidence
chandra_wilson/139.jpg,low_confidence
chandra_wilson/141.jpg,low_confidence
christina_milian/005.jpg,low_confidence
christina_milian/014.jpg,low_confidence
christina_milian/020.jpg,low_confidence
christina_milian/023.jpg,low_confidence
christina_milian/034.jpg,no_face
christina_milian/038.jpg,low_confidence
christina_milian/050.jpg,no_face
christina_milian/064.jpg,low_confidence
christina_milian/067.jpg,low_confidence
christina_milian/072.jpg,no_face
christina_milian/076.jpg,low_confidence
christina_milian/085.jpg,low_confidence
christina_milian/090.jpg,low_confidence
christina_milian/092.jpg,low_confidence
christina_milian/094.jpg,low_confidence
christina_milian/100.jpg,spoof_detected
claudia_jordan/009.jpg,low_confidence
claudia_jordan/024.jpg,low_confidence
claudia_jordan/025.jpg,low_confidence
claudia_jordan/028.jpg,no_face
claudia_jordan/034.jpg,low_confidence
claudia_jordan/035.jpg,low_confidence
claudia_jordan/044.jpg,low_confidence
claudia_jordan/046.jpg,low_confidence
claudia_jordan/051.jpg,no_face
claudia_jordan/054.jpg,low_confidence
claudia_jordan/055.jpg,low_confidence
denyce_lawton/001.jpg,low_confidence
denyce_lawton/009.jpg,no_face
denyce_lawton/019.jpg,no_face
denyce_lawton/021.jpg,low_confidence
denyce_lawton/022.jpg,no_face
denyce_lawton/024.jpg,low_confidence
denyce_lawton/030.jpg,low_confidence
denyce_lawton/032.jpg,low_confidence
denyce_lawton/036.jpg,low_confidence
denyce_lawton/045.jpg,no_face
denyce_lawton/054.jpg,no_face
denyce_lawton/071.jpg,no_face
denyce_lawton/076.jpg,low_confidence
drew_sidora/013.jpg,no_face
elise_neal/003.jpg,no_face
elise_neal/004.jpg,low_confidence
elise_neal/010.jpg,no_face
elise_neal/014.jpg,low_confidence
elise_neal/016.jpg,low_confidence
elise_neal/018.jpg,no_face
elise_neal/036.jpg,no_face
elise_neal/041.jpg,low_confidence
elise_neal/046.jpg,low_confidence
elise_neal/048.jpg,low_confidence
elise_neal/058.jpg,low_confidence
elise_neal/067.jpg,no_face
elise_neal/071.jpg,no_face
elise_neal/081.jpg,low_confidence
elise_neal/084.jpg,low_confidence
elise_neal/087.jpg,low_confidence
elise_neal/089.jpg,no_face
eva_marcille/002.jpg,low_confidence
eva_marcille/003.jpg,low_confidence
eva_marcille/015.jpg,low_confidence
eva_marcille/022.jpg,low_confidence
eva_marcille/026.jpg,low_confidence
eva_marcille/030.jpg,low_confidence
eva_marcille/031.jpg,low_confidence
eva_marcille/033.jpg,low_confidence
eva_marcille/034.jpg,low_confidence
eva_marcille/036.jpg,low_confidence
eva_marcille/037.jpg,low_confidence
eva_marcille/038.jpg,low_confidence
eva_marcille/049.jpg,low_confidence
fumi_desalu-vold/009.jpg,low_confidence
fumi_desalu-vold/018.jpg,low_confidence
fumi_desalu-vold/020.jpg,low_confidence
fumi_desalu-vold/024.jpg,no_face
fumi_desalu-vold/027.jpg,no_face
fumi_desalu-vold/028.jpg,no_face
fumi_desalu-vold/029.jpg,low_confidence
fumi_desalu-vold/033.jpg,low_confidence
fumi_desalu-vold/034.jpg,no_face
fumi_desalu-vold/037.jpg,no_face
fumi_desalu-vold/039.jpg,spoof_detected
fumi_desalu-vold/048.jpg,no_face
fumi_desalu-vold/062.jpg,low_confidence
fumi_desalu-vold/064.jpg,low_confidence
fumi_desalu-vold/065.jpg,low_confidence
gabourey_sidibe/004.jpg,no_face
gabourey_sidibe/018.jpg,no_face
gabourey_sidibe/030.jpg,no_face
gabourey_sidibe/034.jpg,low_confidence
gabourey_sidibe/039.jpg,no_face
gabourey_sidibe/063.jpg,low_confidence
gabourey_sidibe/079.jpg,low_confidence
gabourey_sidibe/082.jpg,low_confidence
gabourey_sidibe/085.jpg,low_confidence
gabourey_sidibe/087.jpg,low_confidence
gabourey_sidibe/126.jpg,low_confidence
gabourey_sidibe/140.jpg,low_confidence
gabourey_sidibe/145.jpg,no_face
gabourey_sidibe/155.jpg,low_confidence
gloria_reuben/007.jpg,no_face
gloria_reuben/008.jpg,low_confidence
gloria_reuben/009.jpg,low_confidence
gloria_reuben/025.jpg,low_confidence
gloria_reuben/032.jpg,low_confidence
gloria_reuben/035.jpg,low_confidence
gloria_reuben/038.jpg,low_confidence
gloria_reuben/044.jpg,no_face
gloria_reuben/051.jpg,no_face
imani_t_williams/008.jpg,low_confidence
imani_t_williams/010.jpg,low_confidence
imani_t_williams/016.jpg,spoof_detected
imani_t_williams/020.jpg,no_face
imani_t_williams/029.jpg,low_confidence
imani_t_williams/031.jpg,no_face
imani_t_williams/033.jpg,low_confidence
imani_t_williams/036.jpg,low_confidence
imani_t_williams/037.jpg,low_confidence
imani_t_williams/046.jpg,low_confidence
imani_t_williams/048.jpg,low_confidence
imani_t_williams/049.jpg,low_confidence
imani_t_williams/054.jpg,spoof_detected
imani_t_williams/056.jpg,no_face
imani_t_williams/064.jpg,no_face
jaida-iman_benjamin/001.jpg,low_confidence
jaida-iman_benjamin/004.jpg,low_confidence
jaida-iman_benjamin/006.jpg,low_confidence
jaida-iman_benjamin/012.jpg,no_face
jaida-iman_benjamin/013.jpg,low_confidence
jaida-iman_benjamin/015.jpg,low_confidence
jaida-iman_benjamin/021.jpg,spoof_detected
jaida-iman_benjamin/022.jpg,no_face
jaida-iman_benjamin/023.jpg,low_confidence
jaida-iman_benjamin/033.jpg,low_confidence
jaida-iman_benjamin/047.jpg,no_face
jaida-iman_benjamin/057.jpg,low_confidence
jaida-iman_benjamin/063.jpg,no_face
jaida-iman_benjamin/068.jpg,low_confidence
jaida-iman_benjamin/073.jpg,low_confidence
jaida-iman_benjamin/076.jpg,low_confidence
jordin_sparks/016.jpg,low_confidence
jordin_sparks/035.jpg,low_confidence
jordin_sparks/045.jpg,no_face
jordin_sparks/052.jpg,low_confidence
jordin_sparks/054.jpg,spoof_detected
jordin_sparks/074.jpg,low_confidence
jordin_sparks/078.jpg,no_face
jordin_sparks/103.jpg,low_confidence
jordin_sparks/150.jpg,low_confidence
judith_shekoni/003.jpg,low_confidence
judith_shekoni/004.jpg,no_face
judith_shekoni/005.jpg,no_face
judith_shekoni/008.jpg,no_face
judith_shekoni/011.jpg,no_face
judith_shekoni/022.jpg,low_confidence
judith_shekoni/034.jpg,low_confidence
judith_shekoni/041.jpg,no_face
judith_shekoni/043.jpg,low_confidence
judith_shekoni/049.jpg,no_face
judith_shekoni/051.jpg,no_face
judith_shekoni/053.jpg,no_face
judith_shekoni/054.jpg,no_face
judith_shekoni/055.jpg,low_confidence
judith_shekoni/064.jpg,low_confidence
jurnee_smollett-bell/002.jpg,no_face
jurnee_smollett-bell/006.jpg,low_confidence
jurnee_smollett-bell/013.jpg,low_confidence
jurnee_smollett-bell/018.jpg,low_confidence
jurnee_smollett-bell/020.jpg,low_confidence
jurnee_smollett-bell/032.jpg,low_confidence
jurnee_smollett-bell/034.jpg,low_confidence
jurnee_smollett-bell/039.jpg,low_confidence
jurnee_smollett-bell/043.jpg,low_confidence
jurnee_smollett-bell/053.jpg,low_confidence
jurnee_smollett-bell/061.jpg,low_confidence
jurnee_smollett-bell/064.jpg,low_confidence
jurnee_smollett-bell/068.jpg,low_confidence
kat_graham/017.jpg,no_face
kat_graham/034.jpg,low_confidence
kat_graham/044.jpg,low_confidence
kat_graham/048.jpg,no_face
kat_graham/050.jpg,low_confidence
kat_graham/054.jpg,low_confidence
kat_graham/059.jpg,low_confidence
kat_graham/089.jpg,low_confidence
kat_graham/092.jpg,no_face
kat_graham/095.jpg,spoof_detected
kat_graham/107.jpg,low_confidence
kat_graham/123.jpg,low_confidence
kat_graham/137.jpg,low_confidence
kat_graham/138.jpg,no_face
kim_fields/004.jpg,low_confidence
kim_fields/013.jpg,low_confidence
kim_fields/014.jpg,low_confidence
kim_fields/015.jpg,spoof_detected
kim_fields/016.jpg,low_confidence
kim_fields/017.jpg,low_confidence
kim_fields/022.jpg,low_confidence
kim_fields/026.jpg,low_confidence
kim_fields/028.jpg,low_confidence
kim_fields/029.jpg,low_confidence
kim_fields/040.jpg,no_face
kim_fields/041.jpg,spoof_detected
kim_fields/044.jpg,no_face
kim_fields/048.jpg,low_confidence
la_la_anthony/003.jpg,low_confidence
la_la_anthony/007.jpg,low_confidence
la_la_anthony/008.jpg,no_face
la_la_anthony/016.jpg,low_confidence
la_la_anthony/023.jpg,low_confidence
la_la_anthony/027.jpg,low_confidence
la_la_anthony/030.jpg,no_face
la_la_anthony/037.jpg,low_confidence
la_la_anthony/038.jpg,low_confidence
la_la_anthony/047.jpg,low_confidence
la_la_anthony/070.jpg,low_confidence
levona_lewis/004.jpg,no_face
levona_lewis/012.jpg,low_confidence
levona_lewis/013.jpg,low_confidence
levona_lewis/025.jpg,low_confidence
levona_lewis/057.jpg,no_face
levona_lewis/063.jpg,low_confidence
levona_lewis/065.jpg,low_confidence
levona_lewis/070.jpg,low_confidence
lupita_nyong'o/018.jpg,low_confidence
lupita_nyong'o/022.jpg,low_confidence
lupita_nyong'o/030.jpg,low_confidence
lupita_nyong'o/038.jpg,no_face
lupita_nyong'o/039.jpg,low_confidence
lupita_nyong'o/048.jpg,low_confidence
lupita_nyong'o/074.jpg,low_confidence
lupita_nyong'o/077.jpg,low_confidence
lupita_nyong'o/084.jpg,low_confidence
lupita_nyong'o/095.jpg,no_face
lupita_nyong'o/119.jpg,low_confidence
lupita_nyong'o/139.jpg,low_confidence
meagan_good/007.jpg,low_confidence
meagan_good/022.jpg,low_confidence
meagan_good/026.jpg,low_confidence
meagan_good/034.jpg,low_confidence
meagan_good/045.jpg,low_confidence
meagan_good/050.jpg,low_confidence
meagan_good/058.jpg,low_confidence
meagan_good/059.jpg,low_confidence
meagan_good/069.jpg,low_confidence
meagan_good/072.jpg,low_confidence
meagan_good/076.jpg,low_confidence
meagan_good/085.jpg,low_confidence
meagan_good/101.jpg,low_confidence
meagan_good/115.jpg,no_face
meagan_good/124.jpg,low_confidence
megalyn_echikunwoke/004.jpg,no_face
megalyn_echikunwoke/015.jpg,low_confidence
megalyn_echikunwoke/023.jpg,no_face
megalyn_echikunwoke/035.jpg,no_face
megalyn_echikunwoke/037.jpg,no_face
megalyn_echikunwoke/039.jpg,no_face
megalyn_echikunwoke/041.jpg,low_confidence
megalyn_echikunwoke/055.jpg,low_confidence
megalyn_echikunwoke/057.jpg,low_confidence
megalyn_echikunwoke/058.jpg,no_face
megalyn_echikunwoke/059.jpg,no_face
mo'nique/029.jpg,no_face
mo'nique/034.jpg,no_face
mo'nique/036.jpg,no_face
mo'nique/045.jpg,no_face
mo'nique/048.jpg,low_confidence
mo'nique/051.jpg,low_confidence
mo'nique/052.jpg,no_face
mo'nique/067.jpg,low_confidence
mo'nique/074.jpg,low_confidence
mo'nique/078.jpg,low_confidence
mo'nique/099.jpg,low_confidence
mo'nique/104.jpg,low_confidence
monique_coleman/002.jpg,no_face
monique_coleman/016.jpg,no_face
monique_coleman/018.jpg,no_face
monique_coleman/021.jpg,no_face
monique_coleman/028.jpg,low_confidence
monique_coleman/029.jpg,low_confidence
monique_coleman/044.jpg,no_face
monique_coleman/047.jpg,no_face
monique_coleman/054.jpg,low_confidence
monique_coleman/056.jpg,no_face
monique_coleman/060.jpg,no_face
monique_coleman/063.jpg,no_face
monique_coleman/064.jpg,no_face
namaiya_cunningham/002.jpg,low_confidence
namaiya_cunningham/003.jpg,low_confidence
namaiya_cunningham/005.jpg,low_confidence
namaiya_cunningham/006.jpg,low_confidence
namaiya_cunningham/015.jpg,low_confidence
namaiya_cunningham/016.jpg,spoof_detected
namaiya_cunningham/018.jpg,low_confidence
namaiya_cunningham/026.jpg,low_confidence
namaiya_cunningham/031.jpg,low_confidence
namaiya_cunningham/034.jpg,low_confidence
namaiya_cunningham/036.jpg,low_confidence
namaiya_cunningham/041.jpg,low_confidence
namaiya_cunningham/049.jpg,low_confidence
nicki_minaj/002.jpg,low_confidence
nicki_minaj/003.jpg,low_confidence
nicki_minaj/011.jpg,low_confidence
nicki_minaj/014.jpg,no_face
nicki_minaj/020.jpg,no_face
nicki_minaj/021.jpg,low_confidence
nicki_minaj/023.jpg,low_confidence
nicki_minaj/027.jpg,low_confidence
nicki_minaj/030.jpg,low_confidence
nicki_minaj/033.jpg,no_face
nicki_minaj/038.jpg,no_face
nicki_minaj/042.jpg,no_face
nicki_minaj/043.jpg,no_face
nicki_minaj/044.jpg,low_confidence
nicki_minaj/050.jpg,no_face
nikki_storm/004.jpg,no_face
nikki_storm/005.jpg,low_confidence
nikki_storm/010.jpg,low_confidence
nikki_storm/012.jpg,no_face
nikki_storm/013.jpg,low_confidence
nikki_storm/022.jpg,low_confidence
nikki_storm/025.jpg,low_confidence
nikki_storm/035.jpg,no_face
nikki_storm/038.jpg,no_face
nikki_storm/044.jpg,no_face
nikki_storm/046.jpg,low_confidence
nikki_storm/048.jpg,no_face
nikki_storm/059.jpg,low_confidence
nikki_storm/060.jpg,no_face
nikki_storm/064.jpg,low_confidence
octavia_spencer/023.jpg,low_confidence
octavia_spencer/032.jpg,low_confidence
octavia_spencer/040.jpg,no_face
octavia_spencer/051.jpg,low_confidence
octavia_spencer/059.jpg,low_confidence
octavia_spencer/060.jpg,low_confidence
octavia_spencer/061.jpg,low_confidence
octavia_spencer/063.jpg,low_confidence
octavia_spencer/083.jpg,low_confidence
octavia_spencer/115.jpg,low_confidence
octavia_spencer/120.jpg,low_confidence
octavia_spencer/124.jpg,low_confidence
octavia_spencer/156.jpg,low_confidence
octavia_spencer/162.jpg,low_confidence
octavia_spencer/168.jpg,no_face
pam_grier/015.jpg,spoof_detected
pam_grier/021.jpg,spoof_detected
pam_grier/023.jpg,spoof_detected
pam_grier/028.jpg,low_confidence
pam_grier/030.jpg,low_confidence
pam_grier/043.jpg,low_confidence
pam_grier/048.jpg,low_confidence
pam_grier/050.jpg,low_confidence
pam_grier/064.jpg,spoof_detected
pam_grier/066.jpg,low_confidence
pam_grier/068.jpg,low_confidence
pam_grier/096.jpg,low_confidence
pam_grier/097.jpg,low_confidence
pam_grier/103.jpg,low_confidence
pamella_d'pella/003.jpg,spoof_detected
pamella_d'pella/004.jpg,low_confidence
pamella_d'pella/005.jpg,low_confidence
pamella_d'pella/011.jpg,spoof_detected
pamella_d'pella/027.jpg,low_confidence
pamella_d'pella/040.jpg,low_confidence
pamella_d'pella/055.jpg,low_confidence
pamella_d'pella/078.jpg,spoof_detected
pamella_d'pella/085.jpg,low_confidence
pamella_d'pella/088.jpg,low_confidence
pamella_d'pella/089.jpg,low_confidence
pamella_d'pella/098.jpg,no_face
pamella_d'pella/104.jpg,spoof_detected
regina_hall/009.jpg,no_face
regina_hall/012.jpg,low_confidence
regina_hall/015.jpg,no_face
regina_hall/016.jpg,low_confidence
regina_hall/017.jpg,low_confidence
regina_hall/029.jpg,low_confidence
regina_hall/035.jpg,no_face
regina_hall/043.jpg,low_confidence
regina_hall/045.jpg,low_confidence
retta/00000009.jpg,no_face
retta/00000019.jpg,no_face
retta/00000048.jpg,no_face
retta/00000067.jpg,low_confidence
retta/00000132.jpg,no_face
retta/00000163.jpg,no_face
retta/00000179.jpg,no_face
retta/00000203.jpg,no_face
retta/00000218.jpg,no_face
retta/00000263.jpg,no_face
retta/00000298.jpg,no_face
retta/00000315.jpg,no_face
retta/00000467.jpg,no_face
retta/00000692.jpg,no_face
retta/00000764.jpg,no_face
rihanna/006.jpg,low_confidence
rihanna/012.jpg,no_face
rihanna/052.jpg,low_confidence
rihanna/056.jpg,no_face
rihanna/067.jpg,low_confidence
rihanna/076.jpg,low_confidence
rihanna/106.jpg,low_confidence
rihanna/117.jpg,no_face
rihanna/155.jpg,low_confidence
rihanna/272.jpg,low_confidence
rihanna/295.jpg,no_face
rihanna/306.jpg,low_confidence
rihanna/319.jpg,low_confidence
rihanna/346.jpg,spoof_detected
rutina_wesley/015.jpg,no_face
rutina_wesley/024.jpg,no_face
rutina_wesley/027.jpg,no_face
rutina_wesley/035.jpg,low_confidence
rutina_wesley/037.jpg,no_face
rutina_wesley/043.jpg,low_confidence
rutina_wesley/048.jpg,no_face
rutina_wesley/053.jpg,no_face
rutina_wesley/056.jpg,no_face
rutina_wesley/063.jpg,no_face
rutina_wesley/064.jpg,low_confidence
rutina_wesley/073.jpg,no_face
rutina_wesley/075.jpg,low_confidence
rutina_wesley/076.jpg,low_confidence
rutina_wesley/077.jpg,low_confidence
rutina_wesley/078.jpg,low_confidence
s_epatha_merkerson/012.jpg,low_confidence
s_epatha_merkerson/015.jpg,low_confidence
s_epatha_merkerson/016.jpg,low_confidence
s_epatha_merkerson/018.jpg,low_confidence
s_epatha_merkerson/024.jpg,no_face
s_epatha_merkerson/029.jpg,low_confidence
s_epatha_merkerson/032.jpg,low_confidence
s_epatha_merkerson/033.jpg,low_confidence
s_epatha_merkerson/037.jpg,low_confidence
s_epatha_merkerson/047.jpg,low_confidence
s_epatha_merkerson/049.jpg,low_confidence
s_epatha_merkerson/050.jpg,low_confidence
s_epatha_merkerson/055.jpg,low_confidence
s_epatha_merkerson/058.jpg,low_confidence
sanaa_lathan/024.jpg,low_confidence
sanaa_lathan/027.jpg,low_confidence
sanaa_lathan/051.jpg,low_confidence
sanaa_lathan/058.jpg,low_confidence
sanaa_lathan/066.jpg,no_face
sanaa_lathan/070.jpg,no_face
sanaa_lathan/075.jpg,low_confidence
sanaa_lathan/115.jpg,low_confidence
sanaa_lathan/123.jpg,low_confidence
sanaa_lathan/135.jpg,no_face
selita_ebanks/008.jpg,low_confidence
selita_ebanks/010.jpg,low_confidence
selita_ebanks/015.jpg,low_confidence
selita_ebanks/028.jpg,no_face
selita_ebanks/035.jpg,no_face
selita_ebanks/045.jpg,low_confidence
selita_ebanks/057.jpg,low_confidence
selita_ebanks/059.jpg,low_confidence
selita_ebanks/068.jpg,low_confidence
selita_ebanks/072.jpg,no_face
sharon_leal/013.jpg,low_confidence
sharon_leal/015.jpg,low_confidence
sharon_leal/017.jpg,low_confidence
sharon_leal/025.jpg,low_confidence
sharon_leal/033.jpg,low_confidence
sharon_leal/036.jpg,low_confidence
sharon_leal/041.jpg,low_confidence
sharon_leal/047.jpg,low_confidence
sharon_leal/048.jpg,no_face
sharon_leal/098.jpg,low_confidence
sharon_leal/102.jpg,no_face
sharon_leal/109.jpg,low_confidence
sharon_leal/118.jpg,low_confidence
sharon_leal/120.jpg,low_confidence
sharon_leal/133.jpg,no_face
shauna_chin/003.jpg,low_confidence
shauna_chin/005.jpg,low_confidence
shauna_chin/013.jpg,low_confidence
shauna_chin/020.jpg,no_face
shauna_chin/035.jpg,low_confidence
shauna_chin/040.jpg,no_face
shauna_chin/041.jpg,low_confidence
shauna_chin/044.jpg,low_confidence
shauna_chin/050.jpg,no_face
shauna_chin/051.jpg,low_confidence
shauna_chin/052.jpg,no_face
tamala_jones/001.jpg,spoof_detected
tamala_jones/004.jpg,low_confidence
tamala_jones/010.jpg,low_confidence
tamala_jones/019.jpg,low_confidence
tamala_jones/023.jpg,low_confidence
tamala_jones/026.jpg,low_confidence
tamala_jones/038.jpg,low_confidence
tamala_jones/049.jpg,low_confidence
tamala_jones/055.jpg,low_confidence
tamala_jones/066.jpg,low_confidence
tasha_smith/001.jpg,no_face
tasha_smith/002.jpg,no_face
tasha_smith/003.jpg,low_confidence
tasha_smith/005.jpg,low_confidence
tasha_smith/006.jpg,no_face
tasha_smith/007.jpg,low_confidence
tasha_smith/008.jpg,low_confidence
tasha_smith/010.jpg,low_confidence
tasha_smith/012.jpg,no_face
tasha_smith/013.jpg,no_face
tasha_smith/015.jpg,low_confidence
tasha_smith/016.jpg,low_confidence
tasha_smith/018.jpg,low_confidence
tasha_smith/021.jpg,low_confidence
tasha_smith/022.jpg,low_confidence
tatyana_ali/005.jpg,low_confidence
tatyana_ali/006.jpg,low_confidence
tatyana_ali/010.jpg,no_face
tatyana_ali/012.jpg,low_confidence
tatyana_ali/016.jpg,low_confidence
tatyana_ali/018.jpg,low_confidence
tatyana_ali/024.jpg,spoof_detected
tatyana_ali/029.jpg,low_confidence
tatyana_ali/040.jpg,low_confidence
tatyana_ali/048.jpg,low_confidence
thandie_newton/003.jpg,low_confidence
thandie_newton/016.jpg,no_face
thandie_newton/024.jpg,spoof_detected
thandie_newton/044.jpg,no_face
thandie_newton/049.jpg,low_confidence
thandie_newton/050.jpg,low_confidence
thandie_newton/069.jpg,no_face
thandie_newton/070.jpg,low_confidence
thandie_newton/101.jpg,no_face
thandie_newton/113.jpg,low_confidence
thandie_newton/135.jpg,low_confidence
theresa_randle/00000003.jpg,no_face
theresa_randle/00000023.jpg,low_confidence
theresa_randle/00000064.jpg,low_confidence
theresa_randle/00000079.jpg,no_face
theresa_randle/00000117.jpg,no_face
theresa_randle/00000139.jpg,no_face
theresa_randle/00000155.jpg,no_face
theresa_randle/00000156.jpg,low_confidence
theresa_randle/00000189.jpg,no_face
theresa_randle/00000212.jpg,low_confidence
theresa_randle/00000274.jpg,spoof_detected
theresa_randle/00000301.jpg,no_face
theresa_randle/00000306.jpg,no_face
theresa_randle/00000357.jpg,no_face
theresa_randle/00000672.jpg,no_face
theresa_randle/00000789.jpg,no_face
theresa_randle/00000996.jpg,low_confidence
tichina_arnold/006.jpg,no_face
tichina_arnold/014.jpg,low_confidence
tichina_arnold/021.jpg,low_confidence
tichina_arnold/022.jpg,low_confidence
tichina_arnold/032.jpg,low_confidence
tichina_arnold/035.jpg,low_confidence
tichina_arnold/039.jpg,no_face
tichina_arnold/041.jpg,no_face
tichina_arnold/045.jpg,low_confidence
tichina_arnold/046.jpg,low_confidence
tichina_arnold/048.jpg,no_face
tichina_arnold/054.jpg,low_confidence
tichina_arnold/065.jpg,low_confidence
tichina_arnold/071.jpg,low_confidence
trina_mcgee/004.jpg,no_face
trina_mcgee/013.jpg,low_confidence
trina_mcgee/018.jpg,low_confidence
trina_mcgee/028.jpg,low_confidence
trina_mcgee/034.jpg,low_confidence
trina_mcgee/039.jpg,low_confidence
trina_mcgee/041.jpg,low_confidence
trina_mcgee/042.jpg,low_confidence
trina_mcgee/043.jpg,low_confidence
trina_mcgee/044.jpg,low_confidence
trina_mcgee/045.jpg,low_confidence
trina_mcgee/057.jpg,no_face
trina_mcgee/062.jpg,low_confidence
trina_mcgee/065.jpg,no_face
trina_mcgee/066.jpg,low_confidence
trina_mcgee/067.jpg,low_confidence
trina_mcgee/071.jpg,no_face
veronica_webb/006.jpg,no_face
veronica_webb/008.jpg,no_face
veronica_webb/009.jpg,no_face
veronica_webb/011.jpg,no_face
veronica_webb/015.jpg,no_face
veronica_webb/017.jpg,no_face
veronica_webb/020.jpg,low_confidence
veronica_webb/023.jpg,spoof_detected
veronica_webb/027.jpg,spoof_detected
veronica_webb/028.jpg,no_face
veronica_webb/046.jpg,no_face
veronica_webb/047.jpg,spoof_detected
veronica_webb/052.jpg,no_face
wanda_sykes/011.jpg,low_confidence
wanda_sykes/021.jpg,spoof_detected
wanda_sykes/022.jpg,low_confidence
wanda_sykes/027.jpg,no_face
wanda_sykes/028.jpg,low_confidence
wanda_sykes/035.jpg,low_confidence
wanda_sykes/049.jpg,low_confidence
wanda_sykes/054.jpg,low_confidence
wanda_sykes/055.jpg,low_confidence
wanda_sykes/057.jpg,no_face
wanda_sykes/058.jpg,no_face
wanda_sykes/061.jpg,low_confidence
whitney_houston/003.jpg,low_confidence
whitney_houston/009.jpg,spoof_detected
whitney_houston/017.jpg,low_confidence
whitney_houston/023.jpg,no_face
whitney_houston/029.jpg,low_confidence
whitney_houston/030.jpg,low_confidence
whitney_houston/032.jpg,low_confidence
whitney_houston/041.jpg,no_face
whitney_houston/045.jpg,low_confidence
whitney_houston/052.jpg,no_face
whitney_houston/089.jpg,no_face
whitney_houston/091.jpg,no_face
whitney_houston/095.jpg,no_face
whitney_houston/102.jpg,low_confidence
whitney_houston/115.jpg,no_face
yvette_nicole_brown/047.jpg,low_confidence
yvette_nicole_brown/063.jpg,no_face
yvette_nicole_brown/075.jpg,low_confidence
yvette_nicole_brown/113.jpg,low_confidence
yvette_nicole_brown/129.jpg,no_face
yvette_nicole_brown/146.jpg,low_confidence
zoe_kravitz/004.jpg,low_confidence
zoe_kravitz/012.jpg,no_face
zoe_kravitz/013.jpg,low_confidence
zoe_kravitz/015.jpg,low_confidence
zoe_kravitz/017.jpg,low_confidence
zoe_kravitz/019.jpg,low_confidence
zoe_kravitz/024.jpg,no_face
zoe_kravitz/026.jpg,low_confidence
zoe_kravitz/032.jpg,no_face
zoe_kravitz/044.jpg,low_confidence
zoe_kravitz/067.jpg,no_face
zoe_kravitz/071.jpg,low_confidence
50_cent/017.jpg,no_face
50_cent/022.jpg,no_face
50_cent/030.jpg,no_face
50_cent/041.jpg,low_confidence
50_cent/046.jpg,low_confidence
50_cent/066.jpg,low_confidence
50_cent/077.jpg,low_confidence
50_cent/078.jpg,no_face
50_cent/101.jpg,low_confidence
50_cent/110.jpg,no_face
50_cent/116.jpg,low_confidence
50_cent/128.jpg,no_face
aldis_hodge/009.jpg,no_face
aldis_hodge/010.jpg,low_confidence
aldis_hodge/011.jpg,low_confidence
aldis_hodge/019.jpg,low_confidence
aldis_hodge/035.jpg,low_confidence
aldis_hodge/037.jpg,low_confidence
aldis_hodge/038.jpg,low_confidence
aldis_hodge/044.jpg,low_confidence
aldis_hodge/058.jpg,low_confidence
andre_braugher/009.jpg,low_confidence
andre_braugher/022.jpg,low_confidence
andre_braugher/026.jpg,low_confidence
andre_braugher/044.jpg,low_confidence
andre_braugher/051.jpg,low_confidence
andre_braugher/055.jpg,low_confidence
andre_braugher/057.jpg,low_confidence
andre_braugher/061.jpg,low_confidence
andre_braugher/070.jpg,low_confidence
andre_braugher/077.jpg,no_face
andre_braugher/078.jpg,low_confidence
andre_braugher/082.jpg,no_face
andre_gordon/001.jpg,low_confidence
andre_gordon/005.jpg,low_confidence
andre_gordon/007.jpg,no_face
andre_gordon/011.jpg,low_confidence
andre_gordon/013.jpg,low_confidence
andre_gordon/017.jpg,no_face
andre_gordon/023.jpg,low_confidence
andre_gordon/024.jpg,low_confidence
andre_gordon/025.jpg,low_confidence
andre_gordon/026.jpg,low_confidence
andre_gordon/032.jpg,low_confidence
andre_gordon/035.jpg,low_confidence
andre_gordon/042.jpg,low_confidence
andre_gordon/046.jpg,low_confidence
andre_gordon/048.jpg,low_confidence
andre_gordon/049.jpg,low_confidence
andre_gordon/052.jpg,low_confidence
anthony_anderson/010.jpg,no_face
anthony_anderson/013.jpg,low_confidence
anthony_anderson/015.jpg,no_face
anthony_anderson/020.jpg,low_confidence
anthony_anderson/023.jpg,low_confidence
anthony_anderson/039.jpg,low_confidence
anthony_anderson/064.jpg,low_confidence
anthony_anderson/069.jpg,low_confidence
anthony_anderson/088.jpg,low_confidence
anthony_anderson/096.jpg,no_face
anthony_anderson/102.jpg,low_confidence
cedric_the_entertainer/006.jpg,low_confidence
cedric_the_entertainer/008.jpg,low_confidence
cedric_the_entertainer/027.jpg,low_confidence
cedric_the_entertainer/035.jpg,low_confidence
cedric_the_entertainer/038.jpg,low_confidence
cedric_the_entertainer/043.jpg,low_confidence
cedric_the_entertainer/052.jpg,low_confidence
cedric_the_entertainer/053.jpg,no_face
cedric_the_entertainer/059.jpg,low_confidence
cedric_the_entertainer/071.jpg,low_confidence
cedric_the_entertainer/099.jpg,low_confidence
cedric_the_entertainer/109.jpg,no_face
cedric_the_entertainer/115.jpg,low_confidence
cedric_the_entertainer/118.jpg,low_confidence
cedric_the_entertainer/120.jpg,no_face
cedric_the_entertainer/122.jpg,no_face
chi_mcbride/004.jpg,no_face
chi_mcbride/006.jpg,low_confidence
chi_mcbride/008.jpg,no_face
chi_mcbride/015.jpg,low_confidence
chi_mcbride/016.jpg,low_confidence
chi_mcbride/022.jpg,low_confidence
chi_mcbride/039.jpg,low_confidence
chi_mcbride/041.jpg,low_confidence
chi_mcbride/042.jpg,low_confidence
chi_mcbride/049.jpg,low_confidence
chi_mcbride/053.jpg,low_confidence
chi_mcbride/058.jpg,low_confidence
chi_mcbride/059.jpg,low_confidence
chi_mcbride/060.jpg,low_confidence
chi_mcbride/062.jpg,low_confidence
chi_mcbride/064.jpg,low_confidence
corbin_bleu/00000001.jpg,no_face
corbin_bleu/00000003.jpg,no_face
corbin_bleu/00000099.jpg,no_face
corbin_bleu/00000215.jpg,no_face
corbin_bleu/00000221.jpg,no_face
corbin_bleu/00000231.jpg,no_face
corbin_bleu/00000291.jpg,no_face
corbin_bleu/00000405.jpg,low_confidence
corbin_bleu/00000524.jpg,low_confidence
corbin_bleu/00000564.jpg,no_face
corbin_bleu/00000594.jpg,no_face
corbin_bleu/00000596.jpg,low_confidence
corbin_bleu/00000865.jpg,no_face
corbin_bleu/00000880.jpg,low_confidence
corbin_bleu/00000913.jpg,no_face
corbin_bleu/00000937.jpg,low_confidence
david_alan_grier/004.jpg,low_confidence
david_alan_grier/005.jpg,low_confidence
david_alan_grier/011.jpg,no_face
david_alan_grier/031.jpg,low_confidence
david_alan_grier/036.jpg,low_confidence
david_alan_grier/039.jpg,low_confidence
david_alan_grier/041.jpg,low_confidence
david_alan_grier/051.jpg,low_confidence
david_alan_grier/060.jpg,low_confidence
david_alan_grier/069.jpg,no_face
david_alan_grier/097.jpg,no_face
david_alan_grier/101.jpg,low_confidence
david_gyasi/001.jpg,no_face
david_gyasi/006.jpg,no_face
david_gyasi/011.jpg,no_face
david_gyasi/012.jpg,low_confidence
david_gyasi/014.jpg,no_face
david_gyasi/015.jpg,low_confidence
david_gyasi/021.jpg,low_confidence
david_gyasi/024.jpg,no_face
david_gyasi/029.jpg,low_confidence
david_gyasi/031.jpg,low_confidence
david_gyasi/036.jpg,no_face
david_gyasi/043.jpg,no_face
david_gyasi/044.jpg,low_confidence
david_gyasi/046.jpg,low_confidence
david_oyelowo/00000004.jpg,spoof_detected
david_oyelowo/00000045.jpg,low_confidence
david_oyelowo/00000083.jpg,no_face
david_oyelowo/00000187.jpg,no_face
david_oyelowo/00000279.jpg,no_face
david_oyelowo/00000285.jpg,no_face
david_oyelowo/00000320.jpg,low_confidence
david_oyelowo/00000328.jpg,no_face
david_oyelowo/00000372.jpg,no_face
david_oyelowo/00000408.jpg,low_confidence
david_oyelowo/00000460.jpg,low_confidence
david_oyelowo/00000490.jpg,low_confidence
david_oyelowo/00000530.jpg,low_confidence
david_oyelowo/00000535.jpg,no_face
david_oyelowo/00000560.jpg,no_face
donald_glover/015.jpg,low_confidence
donald_glover/017.jpg,low_confidence
donald_glover/031.jpg,spoof_detected
donald_glover/034.jpg,low_confidence
donald_glover/054.jpg,low_confidence
donald_glover/087.jpg,low_confidence
donald_glover/098.jpg,no_face
donald_glover/108.jpg,low_confidence
donald_glover/125.jpg,low_confidence
dwayne_boyd/008.jpg,low_confidence
dwayne_boyd/012.jpg,low_confidence
dwayne_boyd/015.jpg,no_face
dwayne_boyd/018.jpg,low_confidence
dwayne_boyd/022.jpg,low_confidence
dwayne_boyd/038.jpg,low_confidence
dwayne_boyd/042.jpg,low_confidence
dwayne_boyd/053.jpg,low_confidence
dwayne_boyd/057.jpg,low_confidence
fabrice_eboue/001.jpg,spoof_detected
fabrice_eboue/006.jpg,low_confidence
kevin_levrone/009.jpg,no_face
kyle_massey/002.jpg,low_confidence
kyle_massey/006.jpg,low_confidence
kyle_massey/010.jpg,no_face
kyle_massey/011.jpg,low_confidence
kyle_massey/014.jpg,no_face
kyle_massey/021.jpg,no_face
kyle_massey/029.jpg,spoof_detected
kyle_massey/038.jpg,no_face
kyle_massey/039.jpg,low_confidence
kyle_massey/058.jpg,no_face
kyle_massey/059.jpg,low_confidence
kyle_massey/063.jpg,no_face
larry_flash_jenkins/001.jpg,low_confidence
larry_flash_jenkins/006.jpg,low_confidence
larry_flash_jenkins/011.jpg,low_confidence
larry_flash_jenkins/012.jpg,no_face
larry_flash_jenkins/013.jpg,low_confidence
larry_flash_jenkins/015.jpg,low_confidence
larry_flash_jenkins/023.jpg,spoof_detected
larry_flash_jenkins/026.jpg,spoof_detected
larry_flash_jenkins/027.jpg,spoof_detected
larry_flash_jenkins/033.jpg,low_confidence
larry_flash_jenkins/034.jpg,low_confidence
larry_flash_jenkins/043.jpg,low_confidence
larry_flash_jenkins/045.jpg,low_confidence
larry_flash_jenkins/050.jpg,spoof_detected
marlon_wayans/002.jpg,low_confidence
marlon_wayans/018.jpg,no_face
marlon_wayans/030.jpg,low_confidence
marlon_wayans/034.jpg,low_confidence
marlon_wayans/055.jpg,no_face
marlon_wayans/061.jpg,low_confidence
marlon_wayans/070.jpg,low_confidence
marlon_wayans/071.jpg,low_confidence
marlon_wayans/073.jpg,no_face
marlon_wayans/086.jpg,spoof_detected
marlon_wayans/097.jpg,low_confidence
marlon_wayans/103.jpg,no_face
marlon_wayans/111.jpg,no_face
marlon_wayans/114.jpg,no_face
michael_ealy/016.jpg,low_confidence
michael_ealy/033.jpg,low_confidence
michael_ealy/066.jpg,low_confidence
michael_ealy/074.jpg,low_confidence
michael_ealy/078.jpg,no_face
michael_ealy/097.jpg,low_confidence
michael_ealy/109.jpg,low_confidence
michael_ealy/112.jpg,low_confidence
michael_ealy/127.jpg,low_confidence
michael_ealy/132.jpg,low_confidence
michael_wayne_thomas/001.jpg,low_confidence
michael_wayne_thomas/005.jpg,low_confidence
michael_wayne_thomas/007.jpg,low_confidence
michael_wayne_thomas/014.jpg,spoof_detected
michael_wayne_thomas/020.jpg,low_confidence
michael_wayne_thomas/034.jpg,low_confidence
michael_wayne_thomas/037.jpg,low_confidence
michael_wayne_thomas/039.jpg,no_face
michael_wayne_thomas/043.jpg,no_face
michael_wayne_thomas/044.jpg,low_confidence
michael_wayne_thomas/045.jpg,low_confidence
michael_wayne_thomas/052.jpg,spoof_detected
michael_wayne_thomas/055.jpg,low_confidence
mos_def/005.jpg,low_confidence
mos_def/007.jpg,low_confidence
mos_def/010.jpg,low_confidence
mos_def/012.jpg,no_face
mos_def/015.jpg,low_confidence
mos_def/020.jpg,low_confidence
mos_def/028.jpg,low_confidence
mos_def/036.jpg,low_confidence
mos_def/037.jpg,no_face
mos_def/060.jpg,low_confidence
mos_def/061.jpg,no_face
orlando_jones/00000001.jpg,no_face
orlando_jones/00000004.jpg,no_face
orlando_jones/00000012.jpg,no_face
orlando_jones/00000053.jpg,no_face
orlando_jones/00000061.jpg,no_face
orlando_jones/00000067.jpg,no_face
orlando_jones/00000102.jpg,low_confidence
orlando_jones/00000152.jpg,no_face
orlando_jones/00000156.jpg,no_face
orlando_jones/00000170.jpg,no_face
orlando_jones/00000172.jpg,no_face
orlando_jones/00000194.jpg,no_face
orlando_jones/00000264.jpg,no_face
orlando_jones/00000272.jpg,no_face
orlando_jones/00000315.jpg,no_face
orlando_jones/00000410.jpg,low_confidence
orlando_jones/00000423.jpg,no_face
patrick_j_nicolas/016.jpg,low_confidence
patrick_j_nicolas/018.jpg,no_face
patrick_j_nicolas/019.jpg,low_confidence
patrick_j_nicolas/023.jpg,low_confidence
patrick_j_nicolas/026.jpg,low_confidence
patrick_j_nicolas/027.jpg,low_confidence
patrick_j_nicolas/029.jpg,low_confidence
patrick_j_nicolas/038.jpg,low_confidence
patrick_j_nicolas/043.jpg,low_confidence
patrick_j_nicolas/045.jpg,low_confidence
patrick_j_nicolas/047.jpg,no_face
patrick_j_nicolas/052.jpg,low_confidence
patrick_j_nicolas/053.jpg,low_confidence
randy_jackson/002.jpg,low_confidence
randy_jackson/044.jpg,no_face
randy_jackson/069.jpg,no_face
randy_jackson/087.jpg,low_confidence
randy_jackson/107.jpg,low_confidence
randy_jackson/121.jpg,low_confidence
randy_jackson/126.jpg,no_face
randy_jackson/128.jpg,low_confidence
randy_jackson/138.jpg,low_confidence
rico_e_anderson/004.jpg,no_face
rico_e_anderson/006.jpg,low_confidence
rico_e_anderson/010.jpg,low_confidence
rico_e_anderson/014.jpg,spoof_detected
rico_e_anderson/024.jpg,no_face
rico_e_anderson/025.jpg,low_confidence
rico_e_anderson/032.jpg,low_confidence
rico_e_anderson/033.jpg,low_confidence
rico_e_anderson/038.jpg,no_face
rico_e_anderson/039.jpg,low_confidence
rico_e_anderson/043.jpg,no_face
rico_e_anderson/044.jpg,no_face
rico_e_anderson/045.jpg,low_confidence
rico_e_anderson/049.jpg,low_confidence
rico_e_anderson/055.jpg,low_confidence
rico_e_anderson/065.jpg,low_confidence
rico_e_anderson/068.jpg,no_face
romany_malco/001.jpg,low_confidence
romany_malco/005.jpg,low_confidence
romany_malco/010.jpg,low_confidence
romany_malco/014.jpg,low_confidence
romany_malco/021.jpg,no_face
romany_malco/065.jpg,low_confidence
romany_malco/080.jpg,low_confidence
romany_malco/083.jpg,no_face
shemar_moore/006.jpg,low_confidence
shemar_moore/009.jpg,low_confidence
shemar_moore/035.jpg,low_confidence
shemar_moore/045.jpg,low_confidence
shemar_moore/046.jpg,low_confidence
shemar_moore/056.jpg,low_confidence
shemar_moore/073.jpg,low_confidence
shemar_moore/085.jpg,no_face
shemar_moore/097.jpg,low_confidence
shemar_moore/103.jpg,low_confidence
shemar_moore/115.jpg,no_face
shemar_moore/118.jpg,low_confidence
shemar_moore/121.jpg,low_confidence
snoop_dogg/012.jpg,low_confidence
snoop_dogg/014.jpg,low_confidence
snoop_dogg/041.jpg,no_face
snoop_dogg/079.jpg,low_confidence
snoop_dogg/087.jpg,low_confidence
snoop_dogg/100.jpg,no_face
snoop_dogg/104.jpg,low_confidence
snoop_dogg/115.jpg,low_confidence
snoop_dogg/123.jpg,no_face
snoop_dogg/130.jpg,low_confidence
snoop_dogg/135.jpg,low_confidence
snoop_dogg/161.jpg,low_confidence
snoop_dogg/165.jpg,low_confidence
steve_mcqueen/008.jpg,spoof_detected
steve_mcqueen/010.jpg,no_face
steve_mcqueen/024.jpg,low_confidence
steve_mcqueen/034.jpg,low_confidence
steve_mcqueen/052.jpg,no_face
steve_mcqueen/055.jpg,low_confidence
steve_mcqueen/068.jpg,low_confidence
steve_mcqueen/085.jpg,low_confidence
steve_mcqueen/086.jpg,no_face
todd_bridges/011.jpg,no_face
todd_bridges/012.jpg,spoof_detected
todd_bridges/013.jpg,low_confidence
todd_bridges/018.jpg,low_confidence
todd_bridges/019.jpg,low_confidence
todd_bridges/021.jpg,low_confidence
todd_bridges/022.jpg,low_confidence
todd_bridges/023.jpg,low_confidence
todd_bridges/024.jpg,low_confidence
todd_bridges/026.jpg,no_face
todd_bridges/034.jpg,spoof_detected
todd_bridges/035.jpg,spoof_detected
todd_bridges/042.jpg,low_confidence
todd_bridges/049.jpg,low_confidence
tracy_morgan/018.jpg,low_confidence
tracy_morgan/066.jpg,low_confidence
tracy_morgan/067.jpg,no_face
tracy_morgan/100.jpg,low_confidence
tracy_morgan/156.jpg,low_confidence
tyler_perry/015.jpg,low_confidence
tyler_perry/016.jpg,low_confidence
tyler_perry/017.jpg,no_face
tyler_perry/019.jpg,low_confidence
tyler_perry/041.jpg,low_confidence
tyler_perry/042.jpg,low_confidence
tyler_perry/063.jpg,low_confidence
tyler_perry/065.jpg,no_face
tyler_perry/086.jpg,low_confidence
tyler_perry/100.jpg,low_confidence
tyler_perry/113.jpg,low_confidence
tyler_perry/121.jpg,low_confidence
wyclef_jean/003.jpg,no_face
wyclef_jean/009.jpg,low_confidence
wyclef_jean/023.jpg,low_confidence
wyclef_jean/040.jpg,no_face
wyclef_jean/050.jpg,no_face
wyclef_jean/052.jpg,low_confidence
wyclef_jean/067.jpg,low_confidence
wyclef_jean/070.jpg,low_confidence
wyclef_jean/084.jpg,no_face
wyclef_jean/087.jpg,low_confidence
wyclef_jean/100.jpg,no_face
wyclef_jean/103.jpg,no_face
wyclef_jean/110.jpg,low_confidence
xzibit/001.jpg,low_confidence
xzibit/006.jpg,low_confidence
xzibit/007.jpg,low_confidence
xzibit/008.jpg,low_confidence
xzibit/009.jpg,low_confidence
xzibit/010.jpg,low_confidence
xzibit/013.jpg,low_confidence
xzibit/014.jpg,low_confidence
xzibit/016.jpg,low_confidence
xzibit/023.jpg,no_face
xzibit/024.jpg,low_confidence
xzibit/027.jpg,no_face
xzibit/030.jpg,low_confidence
xzibit/031.jpg,low_confidence
xzibit/034.jpg,no_face
abigail_spencer/013.jpg,no_face
abigail_spencer/014.jpg,low_confidence
abigail_spencer/015.jpg,no_face
abigail_spencer/023.jpg,no_face
abigail_spencer/033.jpg,no_face
abigail_spencer/046.jpg,low_confidence
abigail_spencer/047.jpg,low_confidence
abigail_spencer/061.jpg,low_confidence
abigail_spencer/065.jpg,no_face
abigail_spencer/083.jpg,low_confidence
abigail_spencer/084.jpg,low_confidence
abigail_spencer/086.jpg,low_confidence
abigail_spencer/087.jpg,low_confidence
abigail_spencer/091.jpg,low_confidence
abigail_spencer/105.jpg,low_confidence
abigail_spencer/107.jpg,no_face
alison_brie/035.jpg,low_confidence
alison_brie/041.jpg,low_confidence
alison_brie/125.jpg,low_confidence
alison_brie/144.jpg,low_confidence
alison_brie/202.jpg,low_confidence
anna_kendrick/001.jpg,low_confidence
anna_kendrick/041.jpg,low_confidence
anna_kendrick/054.jpg,no_face
anna_kendrick/061.jpg,low_confidence
anna_kendrick/067.jpg,low_confidence
anna_kendrick/097.jpg,no_face
anna_kendrick/107.jpg,no_face
anna_kendrick/124.jpg,low_confidence
anna_kendrick/137.jpg,no_face
anna_kendrick/141.jpg,no_face
anna_kendrick/167.jpg,no_face
anna_kendrick/201.jpg,no_face
anna_kendrick/204.jpg,low_confidence
anna_kendrick/207.jpg,low_confidence
anna_kendrick/221.jpg,low_confidence
anna_kendrick/237.jpg,low_confidence
anna_kendrick/241.jpg,no_face
annasophia_robb/011.jpg,low_confidence
annasophia_robb/014.jpg,low_confidence
annasophia_robb/017.jpg,low_confidence
annasophia_robb/034.jpg,low_confidence
annasophia_robb/044.jpg,low_confidence
annasophia_robb/047.jpg,low_confidence
annasophia_robb/060.jpg,low_confidence
annasophia_robb/064.jpg,low_confidence
annasophia_robb/072.jpg,no_face
annasophia_robb/080.jpg,spoof_detected
annasophia_robb/088.jpg,no_face
annasophia_robb/105.jpg,low_confidence
annasophia_robb/130.jpg,low_confidence
ariel_winter/004.jpg,low_confidence
ariel_winter/010.jpg,low_confidence
ariel_winter/027.jpg,low_confidence
ariel_winter/051.jpg,low_confidence
ariel_winter/083.jpg,low_confidence
ariel_winter/116.jpg,low_confidence
ariel_winter/122.jpg,low_confidence
ariel_winter/140.jpg,low_confidence
ariel_winter/170.jpg,low_confidence
ashley_avis/002.jpg,low_confidence
ashley_avis/003.jpg,no_face
ashley_avis/006.jpg,low_confidence
ashley_avis/007.jpg,no_face
ashley_avis/015.jpg,no_face
ashley_avis/020.jpg,low_confidence
ashley_avis/021.jpg,low_confidence
ashley_avis/022.jpg,low_confidence
ashley_avis/024.jpg,no_face
ashley_avis/045.jpg,no_face
ashley_avis/048.jpg,low_confidence
ashley_avis/054.jpg,low_confidence
ashley_avis/055.jpg,low_confidence
ashley_avis/066.jpg,no_face
ashley_avis/072.jpg,spoof_detected
ashley_avis/077.jpg,no_face
aubrey_plaza/003.jpg,no_face
aubrey_plaza/034.jpg,low_confidence
aubrey_plaza/035.jpg,low_confidence
aubrey_plaza/073.jpg,low_confidence
aubrey_plaza/075.jpg,low_confidence
aubrey_plaza/088.jpg,low_confidence
aubrey_plaza/106.jpg,low_confidence
aubrey_plaza/114.jpg,low_confidence
aubrey_plaza/127.jpg,no_face
bailee_madison/004.jpg,low_confidence
bailee_madison/007.jpg,low_confidence
bailee_madison/009.jpg,low_confidence
bailee_madison/015.jpg,no_face
bailee_madison/018.jpg,no_face
bailee_madison/025.jpg,low_confidence
bailee_madison/029.jpg,no_face
bailee_madison/042.jpg,no_face
bailee_madison/043.jpg,no_face
bailee_madison/049.jpg,no_face
bailee_madison/067.jpg,low_confidence
bailee_madison/075.jpg,low_confidence
barbara_hershey/003.jpg,spoof_detected
barbara_hershey/005.jpg,low_confidence
barbara_hershey/015.jpg,low_confidence
barbara_hershey/027.jpg,no_face
barbara_hershey/034.jpg,no_face
barbara_hershey/048.jpg,spoof_detected
barbara_hershey/049.jpg,no_face
barbara_hershey/056.jpg,low_confidence
barbara_hershey/075.jpg,no_face
barbara_hershey/077.jpg,no_face
barbara_hershey/082.jpg,no_face
barbara_hershey/084.jpg,low_confidence
barbara_hershey/085.jpg,no_face
barbara_hershey/090.jpg,no_face
barbara_hershey/095.jpg,low_confidence
bellamy_young/008.jpg,no_face
bellamy_young/015.jpg,low_confidence
bellamy_young/016.jpg,low_confidence
bellamy_young/019.jpg,low_confidence
bellamy_young/025.jpg,no_face
bellamy_young/031.jpg,spoof_detected
bellamy_young/044.jpg,no_face
bellamy_young/050.jpg,low_confidence
bellamy_young/053.jpg,spoof_detected
bellamy_young/055.jpg,no_face
bellamy_young/059.jpg,spoof_detected
bellamy_young/060.jpg,low_confidence
beth_riesgraf/003.jpg,low_confidence
beth_riesgraf/004.jpg,no_face
beth_riesgraf/005.jpg,low_confidence
beth_riesgraf/040.jpg,low_confidence
beth_riesgraf/052.jpg,no_face
beth_riesgraf/059.jpg,low_confidence
beth_riesgraf/066.jpg,low_confidence
beth_riesgraf/067.jpg,spoof_detected
beth_riesgraf/079.jpg,low_confidence
beth_riesgraf/081.jpg,low_confidence
beth_riesgraf/084.jpg,low_confidence
beth_riesgraf/087.jpg,low_confidence
beth_riesgraf/094.jpg,low_confidence
bitsie_tulloch/004.jpg,low_confidence
bitsie_tulloch/006.jpg,low_confidence
bitsie_tulloch/014.jpg,low_confidence
bitsie_tulloch/015.jpg,low_confidence
bitsie_tulloch/027.jpg,low_confidence
bitsie_tulloch/042.jpg,low_confidence
bitsie_tulloch/048.jpg,low_confidence
bitsie_tulloch/052.jpg,no_face
bitsie_tulloch/058.jpg,low_confidence
bitsie_tulloch/059.jpg,no_face
bitsie_tulloch/060.jpg,low_confidence
bitsie_tulloch/065.jpg,spoof_detected
bitsie_tulloch/067.jpg,low_confidence
britt_robertson/005.jpg,low_confidence
britt_robertson/020.jpg,spoof_detected
britt_robertson/032.jpg,low_confidence
britt_robertson/055.jpg,low_confidence
britt_robertson/082.jpg,low_confidence
britt_robertson/089.jpg,low_confidence
britt_robertson/106.jpg,no_face
britt_robertson/119.jpg,low_confidence
britt_robertson/136.jpg,low_confidence
britt_robertson/142.jpg,low_confidence
britt_robertson/160.jpg,low_confidence
brooke_elliott/002.jpg,low_confidence
brooke_elliott/011.jpg,low_confidence
brooke_elliott/015.jpg,low_confidence
brooke_elliott/021.jpg,no_face
brooke_elliott/030.jpg,low_confidence
brooke_elliott/034.jpg,low_confidence
brooke_elliott/038.jpg,low_confidence
brooke_elliott/040.jpg,low_confidence
brooke_elliott/042.jpg,no_face
brooke_elliott/044.jpg,low_confidence
brooke_elliott/049.jpg,no_face
brooke_elliott/051.jpg,low_confidence
brooke_elliott/054.jpg,low_confidence
bryce_dallas_howard/011.jpg,low_confidence
bryce_dallas_howard/027.jpg,no_face
bryce_dallas_howard/029.jpg,low_confidence
bryce_dallas_howard/046.jpg,low_confidence
bryce_dallas_howard/057.jpg,no_face
bryce_dallas_howard/068.jpg,low_confidence
bryce_dallas_howard/078.jpg,low_confidence
bryce_dallas_howard/098.jpg,low_confidence
bryce_dallas_howard/105.jpg,low_confidence
bryce_dallas_howard/109.jpg,low_confidence
bryce_dallas_howard/113.jpg,low_confidence
bryce_dallas_howard/116.jpg,low_confidence
bryce_dallas_howard/128.jpg,low_confidence
bryce_dallas_howard/130.jpg,low_confidence
bryce_dallas_howard/133.jpg,low_confidence
carrie_genzel/004.jpg,low_confidence
carrie_genzel/005.jpg,low_confidence
carrie_genzel/009.jpg,low_confidence
carrie_genzel/034.jpg,no_face
carrie_genzel/039.jpg,spoof_detected
carrie_genzel/042.jpg,spoof_detected
carrie_genzel/048.jpg,low_confidence
carrie_genzel/058.jpg,low_confidence
carrie_genzel/073.jpg,low_confidence
carrie_genzel/075.jpg,no_face
carrie_genzel/087.jpg,low_confidence
christa_b_allen/004.jpg,low_confidence
christa_b_allen/006.jpg,low_confidence
christa_b_allen/010.jpg,no_face
christa_b_allen/014.jpg,low_confidence
christa_b_allen/016.jpg,low_confidence
christa_b_allen/022.jpg,no_face
christa_b_allen/025.jpg,low_confidence
christa_b_allen/032.jpg,low_confidence
christa_b_allen/037.jpg,no_face
christa_b_allen/043.jpg,low_confidence
christa_b_allen/045.jpg,low_confidence
christa_b_allen/046.jpg,low_confidence
christa_b_allen/052.jpg,no_face
christa_b_allen/054.jpg,low_confidence
christa_b_allen/057.jpg,no_face
christa_miller/005.jpg,no_face
christa_miller/014.jpg,no_face
christa_miller/026.jpg,low_confidence
christa_miller/033.jpg,low_confidence
christa_miller/037.jpg,low_confidence
christa_miller/051.jpg,no_face
christa_miller/066.jpg,no_face
christa_miller/073.jpg,low_confidence
christa_miller/084.jpg,low_confidence
christa_miller/085.jpg,low_confidence
christa_miller/092.jpg,no_face
christa_miller/100.jpg,low_confidence
christine_lakin/003.jpg,low_confidence
christine_lakin/010.jpg,low_confidence
christine_lakin/011.jpg,low_confidence
christine_lakin/031.jpg,low_confidence
christine_lakin/036.jpg,low_confidence
christine_lakin/037.jpg,low_confidence
christine_lakin/042.jpg,low_confidence
christine_lakin/043.jpg,no_face
christine_lakin/047.jpg,no_face
christine_lakin/049.jpg,no_face
christine_lakin/050.jpg,low_confidence
christine_lakin/052.jpg,low_confidence
christine_lakin/053.jpg,no_face
christine_lakin/054.jpg,low_confidence
christine_lakin/059.jpg,no_face
christine_lakin/060.jpg,low_confidence
christine_lakin/069.jpg,low_confidence
claire_holt/001.jpg,no_face
claire_holt/002.jpg,low_confidence
claire_holt/003.jpg,low_confidence
claire_holt/008.jpg,low_confidence
claire_holt/011.jpg,low_confidence
claire_holt/026.jpg,low_confidence
claire_holt/043.jpg,no_face
claire_holt/046.jpg,no_face
claire_holt/058.jpg,no_face
claire_holt/064.jpg,low_confidence
claire_holt/066.jpg,low_confidence
claire_holt/067.jpg,low_confidence
claire_holt/068.jpg,low_confidence
claire_holt/069.jpg,no_face
clare_grant/001.jpg,low_confidence
clare_grant/010.jpg,low_confidence
clare_grant/013.jpg,no_face
clare_grant/016.jpg,no_face
clare_grant/032.jpg,no_face
clare_grant/044.jpg,low_confidence
clare_grant/048.jpg,no_face
clare_grant/050.jpg,low_confidence
clare_grant/058.jpg,low_confidence
clare_grant/059.jpg,low_confidence
darby_stanchfield/001.jpg,low_confidence
darby_stanchfield/004.jpg,low_confidence
darby_stanchfield/006.jpg,no_face
darby_stanchfield/008.jpg,low_confidence
darby_stanchfield/012.jpg,low_confidence
darby_stanchfield/015.jpg,no_face
darby_stanchfield/016.jpg,low_confidence
darby_stanchfield/018.jpg,no_face
darby_stanchfield/022.jpg,no_face
darby_stanchfield/024.jpg,low_confidence
darby_stanchfield/025.jpg,no_face
darby_stanchfield/034.jpg,spoof_detected
darby_stanchfield/046.jpg,no_face
darby_stanchfield/047.jpg,low_confidence
darby_stanchfield/048.jpg,no_face
darby_stanchfield/049.jpg,low_confidence
daveigh_chase/003.jpg,low_confidence
daveigh_chase/004.jpg,low_confidence
daveigh_chase/005.jpg,spoof_detected
daveigh_chase/008.jpg,low_confidence
daveigh_chase/009.jpg,low_confidence
daveigh_chase/014.jpg,no_face
daveigh_chase/015.jpg,low_confidence
daveigh_chase/016.jpg,no_face
daveigh_chase/018.jpg,no_face
daveigh_chase/019.jpg,low_confidence
daveigh_chase/023.jpg,low_confidence
daveigh_chase/024.jpg,spoof_detected
daveigh_chase/030.jpg,low_confidence
daveigh_chase/034.jpg,low_confidence
daveigh_chase/038.jpg,spoof_detected
daveigh_chase/046.jpg,no_face
daveigh_chase/054.jpg,low_confidence
daveigh_chase/059.jpg,low_confidence
deborah_ann_woll/007.jpg,no_face
deborah_ann_woll/012.jpg,no_face
deborah_ann_woll/017.jpg,low_confidence
deborah_ann_woll/020.jpg,low_confidence
deborah_ann_woll/029.jpg,low_confidence
deborah_ann_woll/039.jpg,low_confidence
deborah_ann_woll/047.jpg,spoof_detected
deborah_ann_woll/058.jpg,low_confidence
deborah_ann_woll/063.jpg,low_confidence
deborah_ann_woll/074.jpg,spoof_detected
deprise_brescia/023.jpg,low_confidence
deprise_brescia/025.jpg,low_confidence
deprise_brescia/028.jpg,spoof_detected
deprise_brescia/031.jpg,low_confidence
deprise_brescia/040.jpg,low_confidence
deprise_brescia/047.jpg,low_confidence
deprise_brescia/052.jpg,low_confidence
elena_eustache/002.jpg,low_confidence
elena_eustache/004.jpg,no_face
elena_eustache/009.jpg,low_confidence
elena_eustache/013.jpg,low_confidence
elena_eustache/015.jpg,low_confidence
elena_eustache/019.jpg,low_confidence
elena_eustache/023.jpg,low_confidence
elena_eustache/027.jpg,low_confidence
elena_eustache/036.jpg,low_confidence
elena_eustache/051.jpg,low_confidence
elena_eustache/054.jpg,low_confidence
elena_eustache/064.jpg,spoof_detected
elena_eustache/065.jpg,low_confidence
elena_eustache/070.jpg,low_confidence
elisa_donovan/00000005.jpg,no_face
elisa_donovan/00000009.jpg,no_face
elisa_donovan/00000055.jpg,no_face
elisa_donovan/00000114.jpg,low_confidence
elisa_donovan/00000135.jpg,low_confidence
elisa_donovan/00000143.jpg,no_face
elisa_donovan/00000183.jpg,no_face
elisa_donovan/00000190.jpg,no_face
elisa_donovan/00000194.jpg,no_face
elisa_donovan/00000242.jpg,low_confidence
elisa_donovan/00000300.jpg,no_face
elisa_donovan/00000306.jpg,no_face
elisa_donovan/00000348.jpg,no_face
elisa_donovan/00000358.jpg,no_face
elisa_donovan/00000404.jpg,no_face
elisa_donovan/00000409.jpg,no_face
elizabeth_mitchell/003.jpg,spoof_detected
elizabeth_mitchell/014.jpg,low_confidence
elizabeth_mitchell/032.jpg,spoof_detected
elizabeth_mitchell/044.jpg,low_confidence
elizabeth_mitchell/051.jpg,low_confidence
elizabeth_mitchell/054.jpg,low_confidence
elizabeth_mitchell/067.jpg,low_confidence
elizabeth_mitchell/073.jpg,no_face
elizabeth_mitchell/076.jpg,low_confidence
elizabeth_mitchell/098.jpg,no_face
elizabeth_mitchell/118.jpg,low_confidence
elizabeth_mitchell/124.jpg,low_confidence
elizabeth_mitchell/149.jpg,spoof_detected
elizabeth_mitchell/155.jpg,no_face
elizabeth_mitchell/159.jpg,low_confidence
fairuza_balk/012.jpg,low_confidence
fairuza_balk/019.jpg,no_face
fairuza_balk/021.jpg,spoof_detected
fairuza_balk/026.jpg,low_confidence
fairuza_balk/031.jpg,low_confidence
fairuza_balk/036.jpg,low_confidence
fairuza_balk/038.jpg,low_confidence
fairuza_balk/043.jpg,no_face
fairuza_balk/046.jpg,spoof_detected
fairuza_balk/051.jpg,low_confidence
fairuza_balk/062.jpg,low_confidence
fairuza_balk/066.jpg,spoof_detected
famke_janssen/006.jpg,no_face
famke_janssen/041.jpg,low_confidence
famke_janssen/066.jpg,low_confidence
famke_janssen/070.jpg,low_confidence
famke_janssen/080.jpg,low_confidence
famke_janssen/088.jpg,spoof_detected
famke_janssen/089.jpg,no_face
famke_janssen/090.jpg,low_confidence
famke_janssen/102.jpg,low_confidence
famke_janssen/124.jpg,no_face
gabriela_dias/004.jpg,low_confidence
gabriela_dias/005.jpg,low_confidence
gabriela_dias/009.jpg,low_confidence
gabriela_dias/010.jpg,low_confidence
gabriela_dias/018.jpg,low_confidence
gabriela_dias/019.jpg,low_confidence
gabriela_dias/021.jpg,low_confidence
gabriela_dias/027.jpg,low_confidence
gabriela_dias/029.jpg,spoof_detected
gabriela_dias/042.jpg,low_confidence
gabriela_dias/045.jpg,low_confidence
gabriela_dias/050.jpg,no_face
gabriela_dias/052.jpg,low_confidence
gabriela_dias/053.jpg,low_confidence
gabriela_dias/055.jpg,no_face
gabriela_dias/056.jpg,no_face
gabrielle_anwar/001.jpg,spoof_detected
gabrielle_anwar/008.jpg,spoof_detected
gabrielle_anwar/087.jpg,low_confidence
gabrielle_anwar/101.jpg,low_confidence
gabrielle_anwar/145.jpg,low_confidence
heather_matarazzo/001.jpg,low_confidence
heather_matarazzo/010.jpg,low_confidence
heather_matarazzo/014.jpg,no_face
heather_matarazzo/015.jpg,no_face
heather_matarazzo/016.jpg,no_face
heather_matarazzo/022.jpg,low_confidence
heather_matarazzo/023.jpg,low_confidence
heather_matarazzo/027.jpg,spoof_detected
heather_matarazzo/029.jpg,no_face
heather_matarazzo/032.jpg,no_face
heather_matarazzo/042.jpg,no_face
heather_matarazzo/045.jpg,no_face
heather_matarazzo/049.jpg,low_confidence
heather_mckinley/003.jpg,low_confidence
heather_mckinley/007.jpg,spoof_detected
heather_mckinley/014.jpg,no_face
heather_mckinley/033.jpg,spoof_detected
heather_mckinley/034.jpg,low_confidence
heather_mckinley/037.jpg,low_confidence
heather_mckinley/040.jpg,low_confidence
heather_mckinley/044.jpg,low_confidence
heather_mckinley/045.jpg,low_confidence
heather_mckinley/046.jpg,low_confidence
heather_mckinley/047.jpg,low_confidence
heather_mckinley/053.jpg,low_confidence
heather_mckinley/054.jpg,spoof_detected
heather_mckinley/067.jpg,spoof_detected
heather_mckinley/073.jpg,spoof_detected
heather_mckinley/082.jpg,low_confidence
helen_hunt/005.jpg,low_confidence
helen_hunt/028.jpg,low_confidence
helen_hunt/041.jpg,no_face
helen_hunt/044.jpg,low_confidence
helen_hunt/063.jpg,low_confidence
helen_hunt/073.jpg,low_confidence
helen_hunt/079.jpg,no_face
helen_hunt/083.jpg,low_confidence
helen_hunt/106.jpg,spoof_detected
helen_hunt/129.jpg,low_confidence
helen_hunt/154.jpg,low_confidence
helen_hunt/194.jpg,low_confidence
helen_hunt/239.jpg,low_confidence
helen_hunt/246.jpg,no_face
helen_hunt/263.jpg,low_confidence
helena_christensen/001.jpg,no_face
helena_christensen/004.jpg,low_confidence
helena_christensen/012.jpg,low_confidence
helena_christensen/015.jpg,low_confidence
helena_christensen/027.jpg,low_confidence
helena_christensen/039.jpg,low_confidence
helena_christensen/041.jpg,low_confidence
helena_christensen/043.jpg,no_face
helena_christensen/053.jpg,low_confidence
helena_christensen/065.jpg,low_confidence
helena_christensen/068.jpg,low_confidence
helena_christensen/071.jpg,low_confidence
helena_christensen/079.jpg,no_face
helena_christensen/087.jpg,low_confidence
holland_taylor/001.jpg,no_face
holland_taylor/003.jpg,low_confidence
holland_taylor/004.jpg,low_confidence
holland_taylor/006.jpg,no_face
holland_taylor/009.jpg,low_confidence
holland_taylor/010.jpg,low_confidence
holland_taylor/011.jpg,low_confidence
holland_taylor/013.jpg,low_confidence
holland_taylor/015.jpg,low_confidence
holland_taylor/018.jpg,low_confidence
holland_taylor/025.jpg,no_face
holland_taylor/029.jpg,low_confidence
jenn_gotzon/008.jpg,low_confidence
jenn_gotzon/009.jpg,no_face
jenn_gotzon/012.jpg,no_face
jenn_gotzon/028.jpg,low_confidence
jenn_gotzon/033.jpg,no_face
jenn_gotzon/034.jpg,low_confidence
jenn_gotzon/038.jpg,no_face
jenn_gotzon/044.jpg,low_confidence
jenn_gotzon/065.jpg,low_confidence
jenn_gotzon/073.jpg,low_confidence
jenn_gotzon/077.jpg,low_confidence
jenna_dewan-tatum/005.jpg,low_confidence
jenna_dewan-tatum/008.jpg,low_confidence
jenna_dewan-tatum/018.jpg,low_confidence
jenna_dewan-tatum/019.jpg,low_confidence
jenna_dewan-tatum/024.jpg,low_confidence
jenna_dewan-tatum/025.jpg,no_face
jenna_dewan-tatum/029.jpg,no_face
jenna_dewan-tatum/035.jpg,low_confidence
jenna_dewan-tatum/040.jpg,low_confidence
jenna_dewan-tatum/043.jpg,spoof_detected
jenna_dewan-tatum/044.jpg,low_confidence
jenna_dewan-tatum/055.jpg,low_confidence
jenna_dewan-tatum/123.jpg,low_confidence
jenna_dewan-tatum/144.jpg,spoof_detected
jenna_dewan-tatum/145.jpg,no_face
jenna_dewan-tatum/151.jpg,no_face
jennifer_carpenter/007.jpg,low_confidence
jennifer_carpenter/023.jpg,low_confidence
jennifer_carpenter/044.jpg,spoof_detected
jennifer_carpenter/063.jpg,low_confidence
jennifer_carpenter/069.jpg,low_confidence
jennifer_carpenter/075.jpg,low_confidence
jennifer_carpenter/104.jpg,no_face
jennifer_carpenter/140.jpg,no_face
jennifer_carpenter/184.jpg,low_confidence
jennifer_carpenter/189.jpg,low_confidence
jennifer_carpenter/194.jpg,low_confidence
jennifer_coolidge/005.jpg,low_confidence
jennifer_coolidge/009.jpg,low_confidence
jennifer_coolidge/014.jpg,no_face
jennifer_coolidge/025.jpg,no_face
jennifer_coolidge/027.jpg,low_confidence
jennifer_coolidge/039.jpg,no_face
jennifer_coolidge/040.jpg,low_confidence
jennifer_coolidge/048.jpg,low_confidence
jennifer_coolidge/049.jpg,no_face
jennifer_coolidge/058.jpg,no_face
jennifer_coolidge/062.jpg,no_face
jennifer_coolidge/065.jpg,low_confidence
jennifer_coolidge/075.jpg,no_face
jennifer_coolidge/082.jpg,no_face
jennifer_coolidge/084.jpg,no_face
jennifer_esposito/003.jpg,low_confidence
jennifer_esposito/006.jpg,no_face
jennifer_esposito/007.jpg,low_confidence
jennifer_esposito/011.jpg,no_face
jennifer_esposito/014.jpg,low_confidence
jennifer_esposito/015.jpg,low_confidence
jennifer_esposito/019.jpg,no_face
jennifer_esposito/021.jpg,low_confidence
jennifer_esposito/037.jpg,low_confidence
jennifer_esposito/039.jpg,low_confidence
jennifer_esposito/040.jpg,no_face
jennifer_esposito/042.jpg,no_face
jennifer_esposito/045.jpg,no_face
jennifer_esposito/053.jpg,low_confidence
jennifer_esposito/055.jpg,no_face
jennifer_esposito/080.jpg,low_confidence
jennifer_grey/007.jpg,low_confidence
jennifer_grey/014.jpg,spoof_detected
jennifer_grey/016.jpg,no_face
jennifer_grey/034.jpg,no_face
jennifer_grey/054.jpg,low_confidence
jennifer_grey/056.jpg,low_confidence
jennifer_grey/059.jpg,low_confidence
jennifer_grey/070.jpg,low_confidence
jennifer_grey/076.jpg,low_confidence
jennifer_grey/084.jpg,low_confidence
jennifer_grey/098.jpg,low_confidence
jennifer_grey/099.jpg,low_confidence
jennifer_grey/104.jpg,low_confidence
jennifer_grey/111.jpg,no_face
jennifer_grey/115.jpg,low_confidence
jenny_wade/004.jpg,low_confidence
jenny_wade/013.jpg,low_confidence
jenny_wade/015.jpg,low_confidence
jenny_wade/018.jpg,low_confidence
jenny_wade/019.jpg,low_confidence
jenny_wade/022.jpg,low_confidence
jenny_wade/026.jpg,no_face
jenny_wade/033.jpg,low_confidence
jenny_wade/035.jpg,no_face
jenny_wade/046.jpg,no_face
jenny_wade/048.jpg,no_face
jenny_wade/049.jpg,low_confidence
jenny_wade/051.jpg,no_face
jenny_wade/053.jpg,no_face
jenny_wade/060.jpg,low_confidence
jenny_wade/062.jpg,no_face
jess_weixler/002.jpg,low_confidence
jess_weixler/009.jpg,no_face
jess_weixler/011.jpg,spoof_detected
jess_weixler/018.jpg,low_confidence
jess_weixler/020.jpg,low_confidence
jess_weixler/022.jpg,low_confidence
jess_weixler/023.jpg,low_confidence
jess_weixler/027.jpg,no_face
jess_weixler/028.jpg,no_face
jess_weixler/032.jpg,low_confidence
jess_weixler/040.jpg,low_confidence
jess_weixler/044.jpg,no_face
jess_weixler/047.jpg,low_confidence
jess_weixler/057.jpg,low_confidence
jess_weixler/076.jpg,low_confidence
jessalyn_gilsig/004.jpg,no_face
jessalyn_gilsig/005.jpg,no_face
jessalyn_gilsig/027.jpg,no_face
jessalyn_gilsig/029.jpg,low_confidence
jessalyn_gilsig/037.jpg,low_confidence
jessalyn_gilsig/048.jpg,no_face
jessalyn_gilsig/054.jpg,no_face
jessalyn_gilsig/056.jpg,low_confidence
jessalyn_gilsig/060.jpg,no_face
jessalyn_gilsig/065.jpg,low_confidence
jessalyn_gilsig/070.jpg,no_face
jill_hennessy/012.jpg,no_face
jill_hennessy/015.jpg,spoof_detected
jill_hennessy/016.jpg,low_confidence
jill_hennessy/041.jpg,low_confidence
jill_hennessy/043.jpg,low_confidence
jill_hennessy/064.jpg,low_confidence
jill_hennessy/092.jpg,low_confidence
jill_hennessy/100.jpg,low_confidence
jill_hennessy/105.jpg,low_confidence
jill_hennessy/120.jpg,low_confidence
joey_lauren_adams/001.jpg,low_confidence
joey_lauren_adams/002.jpg,spoof_detected
joey_lauren_adams/004.jpg,low_confidence
joey_lauren_adams/006.jpg,low_confidence
joey_lauren_adams/016.jpg,no_face
joey_lauren_adams/019.jpg,spoof_detected
joey_lauren_adams/021.jpg,low_confidence
joey_lauren_adams/028.jpg,low_confidence
joey_lauren_adams/034.jpg,low_confidence
joey_lauren_adams/039.jpg,low_confidence
joey_lauren_adams/047.jpg,low_confidence
joey_lauren_adams/054.jpg,low_confidence
joey_lauren_adams/056.jpg,low_confidence
jordana_spiro/004.jpg,low_confidence
jordana_spiro/019.jpg,low_confidence
jordana_spiro/022.jpg,no_face
jordana_spiro/024.jpg,low_confidence
jordana_spiro/026.jpg,low_confidence
jordana_spiro/032.jpg,low_confidence
jordana_spiro/042.jpg,spoof_detected
jordana_spiro/046.jpg,low_confidence
jordana_spiro/049.jpg,low_confidence
jordana_spiro/051.jpg,low_confidence
jordana_spiro/052.jpg,spoof_detected
jordana_spiro/069.jpg,spoof_detected
jordana_spiro/070.jpg,low_confidence
joyce_giraud/006.jpg,low_confidence
joyce_giraud/017.jpg,low_confidence
joyce_giraud/019.jpg,spoof_detected
joyce_giraud/025.jpg,low_confidence
joyce_giraud/028.jpg,low_confidence
joyce_giraud/031.jpg,low_confidence
joyce_giraud/033.jpg,low_confidence
joyce_giraud/042.jpg,low_confidence
joyce_giraud/043.jpg,low_confidence
joyce_giraud/050.jpg,low_confidence
joyce_giraud/051.jpg,no_face
joyce_giraud/054.jpg,low_confidence
joyce_giraud/056.jpg,low_confidence
joyce_giraud/059.jpg,low_confidence
joyce_giraud/074.jpg,no_face
joyce_giraud/076.jpg,low_confidence
joyce_giraud/078.jpg,low_confidence
judy_davis/001.jpg,low_confidence
judy_davis/012.jpg,low_confidence
judy_davis/013.jpg,low_confidence
judy_davis/020.jpg,low_confidence
judy_davis/026.jpg,spoof_detected
judy_davis/028.jpg,spoof_detected
judy_davis/032.jpg,no_face
judy_davis/038.jpg,low_confidence
judy_davis/040.jpg,low_confidence
judy_davis/041.jpg,no_face
judy_davis/047.jpg,spoof_detected
judy_davis/052.jpg,low_confidence
judy_davis/054.jpg,low_confidence
julie_christie/007.jpg,low_confidence
julie_christie/010.jpg,low_confidence
julie_christie/013.jpg,no_face
julie_christie/020.jpg,low_confidence
julie_christie/022.jpg,no_face
julie_christie/029.jpg,no_face
julie_christie/035.jpg,low_confidence
julie_christie/045.jpg,low_confidence
julie_christie/054.jpg,no_face
julie_christie/055.jpg,low_confidence
julie_christie/057.jpg,low_confidence
julie_christie/063.jpg,no_face
julie_christie/064.jpg,low_confidence
julie_christie/069.jpg,spoof_detected
kaitlin_olson/004.jpg,low_confidence
kaitlin_olson/007.jpg,low_confidence
kaitlin_olson/011.jpg,no_face
kaitlin_olson/016.jpg,low_confidence
kaitlin_olson/033.jpg,low_confidence
kaitlin_olson/034.jpg,no_face
kaitlin_olson/036.jpg,no_face
kaitlin_olson/040.jpg,no_face
kaitlin_olson/048.jpg,no_face
kaitlin_olson/052.jpg,spoof_detected
kaitlin_olson/055.jpg,no_face
kaitlin_olson/057.jpg,no_face
kaitlin_olson/058.jpg,low_confidence
kaitlin_olson/059.jpg,low_confidence
karolina_kurkova/013.jpg,low_confidence
karolina_kurkova/028.jpg,low_confidence
karolina_kurkova/033.jpg,no_face
karolina_kurkova/035.jpg,spoof_detected
karolina_kurkova/041.jpg,low_confidence
karolina_kurkova/046.jpg,no_face
karolina_kurkova/065.jpg,low_confidence
karolina_kurkova/073.jpg,no_face
karolina_kurkova/087.jpg,low_confidence
kathleen_robertson/012.jpg,no_face
kathleen_robertson/013.jpg,low_confidence
kathleen_robertson/015.jpg,no_face
kathleen_robertson/021.jpg,low_confidence
kathleen_robertson/044.jpg,low_confidence
kathleen_robertson/047.jpg,no_face
kathleen_robertson/060.jpg,low_confidence
kathleen_robertson/063.jpg,low_confidence
kathleen_robertson/070.jpg,no_face
kathleen_robertson/074.jpg,low_confidence
kathleen_robertson/078.jpg,no_face
katie_cassidy/005.jpg,low_confidence
katie_cassidy/044.jpg,no_face
katie_cassidy/058.jpg,no_face
katie_cassidy/060.jpg,low_confidence
katie_cassidy/061.jpg,no_face
katie_cassidy/069.jpg,low_confidence
katie_cassidy/077.jpg,no_face
katie_cassidy/080.jpg,low_confidence
katie_cassidy/098.jpg,no_face
katie_cassidy/099.jpg,no_face
katie_cassidy/116.jpg,spoof_detected
katie_cassidy/119.jpg,no_face
katie_cassidy/123.jpg,low_confidence
katie_cassidy/158.jpg,no_face
katie_cassidy/161.jpg,low_confidence
kelli_garner/015.jpg,low_confidence
kelli_garner/019.jpg,low_confidence
kelli_garner/050.jpg,low_confidence
kelli_garner/052.jpg,low_confidence
kelli_garner/063.jpg,low_confidence
kelli_garner/067.jpg,low_confidence
kelli_garner/070.jpg,low_confidence
kelli_garner/081.jpg,low_confidence
kelli_garner/083.jpg,low_confidence
kelli_garner/089.jpg,low_confidence
kelli_garner/099.jpg,no_face
kelli_garner/100.jpg,spoof_detected
kelli_garner/107.jpg,low_confidence
kim_delaney/005.jpg,low_confidence
kim_delaney/006.jpg,spoof_detected
kim_delaney/011.jpg,low_confidence
kim_delaney/014.jpg,low_confidence
kim_delaney/015.jpg,low_confidence
kim_delaney/023.jpg,low_confidence
kim_delaney/035.jpg,low_confidence
kim_delaney/048.jpg,low_confidence
kim_delaney/053.jpg,spoof_detected
kim_delaney/057.jpg,low_confidence
kim_delaney/072.jpg,no_face
kim_delaney/073.jpg,low_confidence
kristin_bauer_van_straten/011.jpg,no_face
kristin_bauer_van_straten/016.jpg,low_confidence
kristin_bauer_van_straten/020.jpg,no_face
kristin_bauer_van_straten/021.jpg,low_confidence
kristin_bauer_van_straten/023.jpg,spoof_detected
kristin_bauer_van_straten/037.jpg,low_confidence
kristin_bauer_van_straten/041.jpg,no_face
kristin_bauer_van_straten/042.jpg,no_face
kristin_bauer_van_straten/044.jpg,low_confidence
kristin_bauer_van_straten/046.jpg,no_face
kristin_bauer_van_straten/057.jpg,no_face
kristin_bauer_van_straten/059.jpg,low_confidence
kristin_bauer_van_straten/063.jpg,low_confidence
kristin_bauer_van_straten/066.jpg,no_face
kristin_bauer_van_straten/067.jpg,low_confidence
kristinia_debarge/003.jpg,low_confidence
kristinia_debarge/013.jpg,low_confidence
kristinia_debarge/014.jpg,no_face
kristinia_debarge/017.jpg,low_confidence
kristinia_debarge/021.jpg,low_confidence
kristinia_debarge/026.jpg,low_confidence
kristinia_debarge/036.jpg,low_confidence
kristinia_debarge/037.jpg,low_confidence
kristinia_debarge/039.jpg,no_face
kristinia_debarge/043.jpg,low_confidence
kristinia_debarge/044.jpg,low_confidence
kristinia_debarge/045.jpg,low_confidence
kristinia_debarge/051.jpg,no_face
kristinia_debarge/056.jpg,low_confidence
krysten_ritter/004.jpg,low_confidence
krysten_ritter/023.jpg,low_confidence
krysten_ritter/024.jpg,no_face
krysten_ritter/034.jpg,no_face
krysten_ritter/040.jpg,spoof_detected
krysten_ritter/054.jpg,no_face
krysten_ritter/083.jpg,low_confidence
krysten_ritter/090.jpg,no_face
krysten_ritter/096.jpg,low_confidence
krysten_ritter/111.jpg,low_confidence
krysten_ritter/115.jpg,low_confidence
krysten_ritter/135.jpg,low_confidence
krysten_ritter/136.jpg,low_confidence
krysten_ritter/144.jpg,low_confidence
krysten_ritter/160.jpg,low_confidence
krysten_ritter/163.jpg,low_confidence
krysten_ritter/172.jpg,low_confidence
laura_vandervoort/010.jpg,low_confidence
laura_vandervoort/037.jpg,no_face
laura_vandervoort/041.jpg,low_confidence
laura_vandervoort/048.jpg,low_confidence
laura_vandervoort/069.jpg,no_face
laura_vandervoort/071.jpg,low_confidence
laura_vandervoort/085.jpg,low_confidence
laura_vandervoort/112.jpg,low_confidence
laura_vandervoort/130.jpg,low_confidence
laura_vandervoort/137.jpg,low_confidence
lea_thompson/040.jpg,no_face
lea_thompson/051.jpg,no_face
lea_thompson/052.jpg,no_face
lea_thompson/053.jpg,no_face
lea_thompson/061.jpg,low_confidence
lea_thompson/063.jpg,no_face
lea_thompson/064.jpg,low_confidence
lea_thompson/070.jpg,low_confidence
lea_thompson/081.jpg,low_confidence
lea_thompson/085.jpg,low_confidence
lea_thompson/086.jpg,low_confidence
lea_thompson/089.jpg,no_face
lea_thompson/092.jpg,low_confidence
lea_thompson/095.jpg,low_confidence
lea_thompson/106.jpg,spoof_detected
lea_thompson/110.jpg,low_confidence
lea_thompson/114.jpg,no_face
linda_gray/001.jpg,low_confidence
linda_gray/014.jpg,low_confidence
linda_gray/015.jpg,no_face
linda_gray/020.jpg,no_face
linda_gray/024.jpg,no_face
linda_gray/038.jpg,low_confidence
linda_gray/044.jpg,low_confidence
linda_gray/049.jpg,low_confidence
linda_gray/050.jpg,low_confidence
linda_gray/054.jpg,no_face
madeline_zima/002.jpg,low_confidence
madeline_zima/009.jpg,low_confidence
madeline_zima/011.jpg,no_face
madeline_zima/016.jpg,low_confidence
madeline_zima/022.jpg,spoof_detected
madeline_zima/023.jpg,low_confidence
madeline_zima/024.jpg,spoof_detected
madeline_zima/043.jpg,low_confidence
madeline_zima/045.jpg,low_confidence
madeline_zima/050.jpg,low_confidence
madeline_zima/055.jpg,low_confidence
madeline_zima/063.jpg,low_confidence
madeline_zima/085.jpg,low_confidence
madeline_zima/089.jpg,low_confidence
madeline_zima/093.jpg,low_confidence
marcia_cross/001.jpg,low_confidence
marcia_cross/019.jpg,low_confidence
marcia_cross/088.jpg,low_confidence
marcia_cross/101.jpg,no_face
marcia_cross/114.jpg,low_confidence
marcia_cross/116.jpg,low_confidence
marcia_cross/127.jpg,low_confidence
marcia_cross/137.jpg,spoof_detected
marcia_cross/158.jpg,low_confidence
marcia_cross/185.jpg,low_confidence
marcia_cross/196.jpg,low_confidence
marcia_cross/262.jpg,low_confidence
marcia_cross/283.jpg,low_confidence
marcia_cross/288.jpg,low_confidence
marcia_gay_harden/019.jpg,low_confidence
marcia_gay_harden/024.jpg,low_confidence
marcia_gay_harden/061.jpg,low_confidence
marcia_gay_harden/098.jpg,low_confidence
marcia_gay_harden/167.jpg,low_confidence
marcia_gay_harden/203.jpg,spoof_detected
marcia_gay_harden/208.jpg,low_confidence
marcia_gay_harden/214.jpg,spoof_detected
marcia_gay_harden/245.jpg,low_confidence
marcia_gay_harden/258.jpg,no_face
maria_menounos/010.jpg,low_confidence
maria_menounos/030.jpg,low_confidence
maria_menounos/093.jpg,spoof_detected
maria_menounos/121.jpg,low_confidence
maria_menounos/127.jpg,low_confidence
maria_menounos/139.jpg,low_confidence
maria_menounos/150.jpg,no_face
maria_menounos/186.jpg,low_confidence
maria_menounos/196.jpg,low_confidence
maria_menounos/223.jpg,low_confidence
maria_menounos/224.jpg,no_face
mary_lynn_rajskub/005.jpg,no_face
mary_lynn_rajskub/013.jpg,no_face
mary_lynn_rajskub/023.jpg,no_face
mary_lynn_rajskub/030.jpg,low_confidence
mary_lynn_rajskub/037.jpg,no_face
mary_lynn_rajskub/049.jpg,low_confidence
mary_lynn_rajskub/058.jpg,low_confidence
mary_lynn_rajskub/063.jpg,low_confidence
mary_lynn_rajskub/075.jpg,no_face
mary_lynn_rajskub/081.jpg,low_confidence
mary_lynn_rajskub/083.jpg,low_confidence
mary_lynn_rajskub/089.jpg,low_confidence
mary_lynn_rajskub/091.jpg,low_confidence
mary_lynn_rajskub/124.jpg,low_confidence
megan_marie_wilson/005.jpg,low_confidence
megan_marie_wilson/007.jpg,no_face
megan_marie_wilson/015.jpg,no_face
megan_marie_wilson/021.jpg,low_confidence
megan_marie_wilson/030.jpg,low_confidence
megan_marie_wilson/050.jpg,low_confidence
melanie_lynskey/003.jpg,spoof_detected
melanie_lynskey/012.jpg,no_face
melanie_lynskey/020.jpg,low_confidence
melanie_lynskey/029.jpg,no_face
melanie_lynskey/048.jpg,spoof_detected
melanie_lynskey/056.jpg,low_confidence
melanie_lynskey/057.jpg,no_face
melanie_lynskey/059.jpg,no_face
melanie_lynskey/070.jpg,low_confidence
melanie_lynskey/079.jpg,low_confidence
melanie_lynskey/089.jpg,spoof_detected
melanie_lynskey/093.jpg,no_face
melinda_clarke/001.jpg,low_confidence
melinda_clarke/015.jpg,low_confidence
melinda_clarke/023.jpg,no_face
melinda_clarke/035.jpg,low_confidence
melinda_clarke/043.jpg,no_face
melinda_clarke/044.jpg,no_face
melinda_clarke/077.jpg,no_face
melinda_clarke/078.jpg,no_face
melinda_clarke/080.jpg,low_confidence
melinda_clarke/085.jpg,low_confidence
melinda_clarke/091.jpg,low_confidence
melinda_clarke/093.jpg,no_face
melora_walters/014.jpg,low_confidence
melora_walters/020.jpg,spoof_detected
melora_walters/027.jpg,low_confidence
melora_walters/032.jpg,low_confidence
melora_walters/036.jpg,low_confidence
melora_walters/041.jpg,low_confidence
melora_walters/042.jpg,low_confidence
melora_walters/050.jpg,low_confidence
melora_walters/056.jpg,low_confidence
michelle_trachtenberg/025.jpg,low_confidence
michelle_trachtenberg/064.jpg,low_confidence
michelle_trachtenberg/085.jpg,no_face
michelle_trachtenberg/166.jpg,no_face
michelle_trachtenberg/170.jpg,spoof_detected
michelle_trachtenberg/171.jpg,low_confidence
michelle_trachtenberg/196.jpg,low_confidence
michelle_trachtenberg/205.jpg,low_confidence
michelle_trachtenberg/290.jpg,low_confidence
michelle_trachtenberg/302.jpg,low_confidence
michelle_trachtenberg/315.jpg,low_confidence
miranda_richardson/027.jpg,low_confidence
miranda_richardson/028.jpg,spoof_detected
miranda_richardson/035.jpg,low_confidence
miranda_richardson/039.jpg,no_face
miranda_richardson/044.jpg,low_confidence
miranda_richardson/047.jpg,low_confidence
miranda_richardson/049.jpg,low_confidence
miranda_richardson/050.jpg,low_confidence
miranda_richardson/052.jpg,low_confidence
miranda_richardson/055.jpg,low_confidence
miranda_richardson/056.jpg,low_confidence
miranda_richardson/068.jpg,low_confidence
mylene_dinh-robic/001.jpg,no_face
mylene_dinh-robic/004.jpg,low_confidence
mylene_dinh-robic/009.jpg,low_confidence
mylene_dinh-robic/010.jpg,low_confidence
mylene_dinh-robic/015.jpg,no_face
mylene_dinh-robic/906.jpg,no_face
mylene_dinh-robic/910.jpg,spoof_detected
mylene_dinh-robic/918.jpg,spoof_detected
mylene_dinh-robic/920.jpg,low_confidence
neve_campbell/014.jpg,no_face
neve_campbell/037.jpg,low_confidence
neve_campbell/040.jpg,spoof_detected
neve_campbell/053.jpg,low_confidence
neve_campbell/073.jpg,no_face
neve_campbell/075.jpg,low_confidence
neve_campbell/087.jpg,no_face
neve_campbell/102.jpg,low_confidence
neve_campbell/107.jpg,low_confidence
neve_campbell/112.jpg,no_face
neve_campbell/118.jpg,low_confidence
neve_campbell/130.jpg,low_confidence
neve_campbell/137.jpg,no_face
odette_annable/007.jpg,low_confidence
odette_annable/009.jpg,no_face
odette_annable/017.jpg,low_confidence
odette_annable/019.jpg,no_face
odette_annable/061.jpg,no_face
odette_annable/065.jpg,no_face
odette_annable/088.jpg,no_face
odette_annable/092.jpg,no_face
odette_annable/104.jpg,no_face
odette_annable/125.jpg,low_confidence
odette_annable/126.jpg,no_face
odette_annable/150.jpg,low_confidence
odette_annable/161.jpg,no_face
odette_annable/162.jpg,low_confidence
rachel_mcadams/010.jpg,low_confidence
rachel_mcadams/034.jpg,low_confidence
rachel_mcadams/083.jpg,spoof_detected
rachel_mcadams/110.jpg,low_confidence
rachel_mcadams/129.jpg,no_face
rachel_mcadams/135.jpg,no_face
rachel_mcadams/156.jpg,low_confidence
rachel_mcadams/162.jpg,low_confidence
rachel_mcadams/168.jpg,low_confidence
rachel_mcadams/181.jpg,low_confidence
rachel_mcadams/213.jpg,no_face
rachel_mcadams/225.jpg,low_confidence
rachel_mcadams/246.jpg,low_confidence
rachel_mcadams/263.jpg,low_confidence
rene_russo/032.jpg,no_face
rene_russo/040.jpg,low_confidence
rene_russo/041.jpg,spoof_detected
rene_russo/046.jpg,low_confidence
rene_russo/064.jpg,low_confidence
rene_russo/088.jpg,spoof_detected
rene_russo/089.jpg,low_confidence
rene_russo/114.jpg,no_face
rene_russo/124.jpg,low_confidence
rene_russo/126.jpg,spoof_detected
rene_russo/127.jpg,no_face
rene_russo/136.jpg,low_confidence
rene_russo/152.jpg,no_face
rene_russo/155.jpg,spoof_detected
rheagan_wallace/001.jpg,low_confidence
rheagan_wallace/003.jpg,spoof_detected
rheagan_wallace/004.jpg,low_confidence
rheagan_wallace/012.jpg,no_face
rheagan_wallace/015.jpg,no_face
rheagan_wallace/022.jpg,no_face
rheagan_wallace/028.jpg,low_confidence
rheagan_wallace/029.jpg,low_confidence
rheagan_wallace/038.jpg,no_face
rheagan_wallace/041.jpg,no_face
rheagan_wallace/042.jpg,no_face
rheagan_wallace/043.jpg,low_confidence
rheagan_wallace/045.jpg,no_face
rheagan_wallace/047.jpg,no_face
rheagan_wallace/050.jpg,low_confidence
rheagan_wallace/053.jpg,no_face
rheagan_wallace/055.jpg,low_confidence
rheagan_wallace/058.jpg,low_confidence
rhona_mitra/019.jpg,low_confidence
rhona_mitra/032.jpg,low_confidence
rhona_mitra/054.jpg,low_confidence
rhona_mitra/061.jpg,no_face
rhona_mitra/073.jpg,low_confidence
rhona_mitra/090.jpg,no_face
rhona_mitra/095.jpg,low_confidence
rhona_mitra/096.jpg,low_confidence
rhona_mitra/117.jpg,low_confidence
rhona_mitra/119.jpg,low_confidence
rhona_mitra/142.jpg,no_face
rhona_mitra/147.jpg,no_face
rhona_mitra/160.jpg,spoof_detected
romola_garai/001.jpg,no_face
romola_garai/004.jpg,low_confidence
romola_garai/013.jpg,no_face
romola_garai/017.jpg,low_confidence
romola_garai/020.jpg,low_confidence
romola_garai/022.jpg,no_face
romola_garai/033.jpg,low_confidence
romola_garai/034.jpg,low_confidence
romola_garai/048.jpg,low_confidence
romola_garai/055.jpg,low_confidence
romola_garai/057.jpg,low_confidence
romola_garai/058.jpg,low_confidence
romola_garai/063.jpg,low_confidence
rose_byrne/006.jpg,low_confidence
rose_byrne/013.jpg,no_face
rose_byrne/044.jpg,low_confidence
rose_byrne/048.jpg,low_confidence
rose_byrne/053.jpg,no_face
rose_byrne/074.jpg,spoof_detected
rose_byrne/079.jpg,spoof_detected
rose_byrne/082.jpg,spoof_detected
rose_byrne/155.jpg,no_face
rose_byrne/207.jpg,low_confidence
sadie_calvano/004.jpg,low_confidence
sadie_calvano/014.jpg,low_confidence
sadie_calvano/016.jpg,no_face
sadie_calvano/024.jpg,no_face
sadie_calvano/033.jpg,no_face
sadie_calvano/036.jpg,low_confidence
sadie_calvano/038.jpg,low_confidence
sadie_calvano/042.jpg,low_confidence
sadie_calvano/050.jpg,low_confidence
sadie_calvano/057.jpg,no_face
sadie_calvano/058.jpg,no_face
sadie_calvano/062.jpg,low_confidence
sadie_calvano/066.jpg,low_confidence
samantha_harris/002.jpg,spoof_detected
samantha_harris/010.jpg,low_confidence
samantha_harris/021.jpg,low_confidence
samantha_harris/024.jpg,low_confidence
samantha_harris/025.jpg,low_confidence
samantha_harris/032.jpg,low_confidence
samantha_harris/050.jpg,low_confidence
samantha_harris/058.jpg,low_confidence
samantha_harris/070.jpg,low_confidence
samantha_harris/079.jpg,no_face
samantha_harris/081.jpg,low_confidence
samantha_harris/087.jpg,low_confidence
samantha_harris/097.jpg,low_confidence
samantha_harris/099.jpg,low_confidence
sara_paxton/009.jpg,low_confidence
sara_paxton/010.jpg,no_face
sara_paxton/021.jpg,low_confidence
sara_paxton/022.jpg,no_face
sara_paxton/027.jpg,spoof_detected
sara_paxton/046.jpg,no_face
sara_paxton/047.jpg,no_face
sara_paxton/054.jpg,low_confidence
sara_paxton/067.jpg,low_confidence
sara_paxton/071.jpg,no_face
sara_paxton/076.jpg,low_confidence
sara_paxton/078.jpg,low_confidence
sara_paxton/080.jpg,no_face
sara_paxton/084.jpg,low_confidence
sara_paxton/087.jpg,low_confidence
sara_paxton/092.jpg,low_confidence
sara_paxton/093.jpg,low_confidence
shakira/007.jpg,no_face
shakira/014.jpg,no_face
shakira/022.jpg,no_face
shakira/024.jpg,no_face
shakira/033.jpg,low_confidence
shakira/039.jpg,no_face
shakira/044.jpg,no_face
shakira/045.jpg,no_face
shakira/053.jpg,low_confidence
shakira/076.jpg,low_confidence
shakira/077.jpg,no_face
shakira/087.jpg,no_face
shakira/093.jpg,no_face
shakira/095.jpg,no_face
shakira/100.jpg,no_face
shakira/102.jpg,low_confidence
shannon_woodward/009.jpg,no_face
shannon_woodward/012.jpg,low_confidence
shannon_woodward/017.jpg,low_confidence
shannon_woodward/020.jpg,low_confidence
shannon_woodward/022.jpg,low_confidence
shannon_woodward/026.jpg,no_face
shannon_woodward/028.jpg,low_confidence
shannon_woodward/038.jpg,no_face
shannon_woodward/040.jpg,no_face
shannon_woodward/047.jpg,low_confidence
shannon_woodward/054.jpg,low_confidence
shannon_woodward/057.jpg,low_confidence
sherrie_rose/002.jpg,spoof_detected
sherrie_rose/006.jpg,no_face
sherrie_rose/016.jpg,no_face
sherrie_rose/017.jpg,low_confidence
sherrie_rose/023.jpg,spoof_detected
sherrie_rose/024.jpg,no_face
sherrie_rose/031.jpg,low_confidence
sherrie_rose/032.jpg,low_confidence
sherrie_rose/038.jpg,low_confidence
sherrie_rose/040.jpg,no_face
sherrie_rose/041.jpg,no_face
sherrie_rose/046.jpg,low_confidence
sherrie_rose/047.jpg,spoof_detected
sherrie_rose/050.jpg,no_face
sherrie_rose/053.jpg,low_confidence
sherrie_rose/069.jpg,low_confidence
stacy_keibler/006.jpg,no_face
stacy_keibler/015.jpg,low_confidence
stacy_keibler/051.jpg,low_confidence
stacy_keibler/052.jpg,low_confidence
stacy_keibler/065.jpg,no_face
stacy_keibler/084.jpg,low_confidence
stacy_keibler/092.jpg,low_confidence
stacy_keibler/104.jpg,low_confidence
stacy_keibler/108.jpg,low_confidence
stacy_keibler/109.jpg,low_confidence
stacy_keibler/117.jpg,low_confidence
stacy_keibler/183.jpg,low_confidence
stacy_keibler/187.jpg,low_confidence
stacy_keibler/205.jpg,low_confidence
susan_downey/001.jpg,low_confidence
susan_downey/017.jpg,low_confidence
susan_downey/020.jpg,low_confidence
susan_downey/021.jpg,low_confidence
susan_downey/027.jpg,low_confidence
susan_downey/036.jpg,low_confidence
susan_downey/037.jpg,spoof_detected
susan_downey/040.jpg,low_confidence
susan_downey/048.jpg,low_confidence
susan_downey/052.jpg,low_confidence
susan_downey/064.jpg,no_face
susan_downey/066.jpg,no_face
susan_downey/071.jpg,no_face
susan_downey/072.jpg,low_confidence
susan_downey/073.jpg,no_face
tanit_phoenix/003.jpg,low_confidence
tanit_phoenix/009.jpg,low_confidence
tanit_phoenix/011.jpg,low_confidence
tanit_phoenix/013.jpg,low_confidence
tanit_phoenix/018.jpg,low_confidence
tanit_phoenix/019.jpg,low_confidence
tanit_phoenix/021.jpg,low_confidence
tanit_phoenix/024.jpg,low_confidence
tanit_phoenix/032.jpg,low_confidence
tanit_phoenix/038.jpg,low_confidence
tanit_phoenix/044.jpg,no_face
tanit_phoenix/046.jpg,low_confidence
tanit_phoenix/050.jpg,no_face
tanit_phoenix/053.jpg,low_confidence
tanit_phoenix/060.jpg,low_confidence
tanit_phoenix/065.jpg,low_confidence
taylor_swift/013.jpg,low_confidence
taylor_swift/043.jpg,low_confidence
taylor_swift/059.jpg,low_confidence
taylor_swift/089.jpg,no_face
taylor_swift/105.jpg,no_face
taylor_swift/135.jpg,no_face
taylor_swift/136.jpg,low_confidence
taylor_swift/160.jpg,no_face
taylor_swift/180.jpg,low_confidence
taylor_swift/182.jpg,no_face
taylor_swift/193.jpg,low_confidence
taylor_swift/240.jpg,no_face
taylor_swift/244.jpg,low_confidence
taylor_swift/274.jpg,no_face
taylor_swift/294.jpg,low_confidence
taylor_swift/337.jpg,no_face
terri_ivens/005.jpg,low_confidence
terri_ivens/024.jpg,low_confidence
terri_ivens/029.jpg,no_face
terri_ivens/044.jpg,no_face
terri_ivens/048.jpg,no_face
terri_ivens/055.jpg,no_face
terri_ivens/056.jpg,low_confidence
terri_ivens/059.jpg,no_face
terri_ivens/069.jpg,low_confidence
terri_ivens/071.jpg,low_confidence
terri_ivens/074.jpg,no_face
tricia_helfer/011.jpg,low_confidence
tricia_helfer/018.jpg,low_confidence
tricia_helfer/037.jpg,no_face
tricia_helfer/067.jpg,no_face
tricia_helfer/072.jpg,no_face
tricia_helfer/093.jpg,low_confidence
tricia_helfer/097.jpg,low_confidence
tricia_helfer/106.jpg,low_confidence
tricia_helfer/109.jpg,no_face
tricia_helfer/111.jpg,no_face
tricia_helfer/121.jpg,no_face
tricia_helfer/135.jpg,spoof_detected
tricia_helfer/139.jpg,no_face
valeria_golino/018.jpg,low_confidence
valeria_golino/019.jpg,low_confidence
valeria_golino/020.jpg,low_confidence
valeria_golino/024.jpg,low_confidence
valeria_golino/030.jpg,low_confidence
valeria_golino/034.jpg,low_confidence
valeria_golino/035.jpg,no_face
valeria_golino/039.jpg,low_confidence
valeria_golino/057.jpg,low_confidence
vicki_lewis/001.jpg,no_face
vicki_lewis/006.jpg,no_face
vicki_lewis/018.jpg,no_face
vicki_lewis/035.jpg,low_confidence
vicki_lewis/040.jpg,low_confidence
vicki_lewis/041.jpg,no_face
vicki_lewis/046.jpg,low_confidence
vicki_lewis/051.jpg,low_confidence
vicki_lewis/053.jpg,low_confidence
vicki_lewis/062.jpg,low_confidence
vicki_lewis/063.jpg,no_face
vicki_lewis/070.jpg,low_confidence
vicki_lewis/072.jpg,no_face
vicki_lewis/094.jpg,low_confidence
vicki_lewis/096.jpg,no_face
willa_holland/003.jpg,low_confidence
willa_holland/012.jpg,spoof_detected
willa_holland/021.jpg,low_confidence
willa_holland/029.jpg,spoof_detected
willa_holland/030.jpg,low_confidence
willa_holland/039.jpg,low_confidence
willa_holland/041.jpg,low_confidence
willa_holland/044.jpg,low_confidence
willa_holland/046.jpg,low_confidence
willa_holland/063.jpg,low_confidence
amir_arison/004.jpg,low_confidence
amir_arison/005.jpg,low_confidence
amir_arison/008.jpg,spoof_detected
amir_arison/010.jpg,low_confidence
amir_arison/013.jpg,low_confidence
amir_arison/016.jpg,low_confidence
amir_arison/027.jpg,low_confidence
amir_arison/033.jpg,low_confidence
amir_arison/042.jpg,low_confidence
anthony_hornus/007.jpg,low_confidence
anthony_hornus/009.jpg,low_confidence
anthony_hornus/010.jpg,no_face
anthony_hornus/013.jpg,spoof_detected
anthony_hornus/020.jpg,low_confidence
anthony_hornus/030.jpg,low_confidence
anthony_hornus/048.jpg,low_confidence
anthony_hornus/054.jpg,low_confidence
anthony_hornus/055.jpg,low_confidence
anthony_hornus/084.jpg,low_confidence
anthony_hornus/089.jpg,low_confidence
anthony_hornus/095.jpg,no_face
antonio_sabato_jr/026.jpg,low_confidence
antonio_sabato_jr/028.jpg,low_confidence
antonio_sabato_jr/030.jpg,low_confidence
antonio_sabato_jr/048.jpg,no_face
bernie_matthew/010.jpg,low_confidence
bernie_matthew/022.jpg,low_confidence
bernie_matthew/031.jpg,low_confidence
bernie_matthew/033.jpg,spoof_detected
bernie_matthew/035.jpg,low_confidence
bernie_matthew/036.jpg,low_confidence
bernie_matthew/037.jpg,no_face
bernie_matthew/039.jpg,low_confidence
bernie_matthew/041.jpg,low_confidence
bernie_matthew/045.jpg,low_confidence
bernie_matthew/046.jpg,low_confidence
bernie_matthew/048.jpg,low_confidence
bernie_matthew/053.jpg,low_confidence
billy_crudup/011.jpg,low_confidence
billy_crudup/057.jpg,spoof_detected
billy_crudup/092.jpg,spoof_detected
billy_crudup/099.jpg,low_confidence
billy_crudup/122.jpg,low_confidence
billy_crudup/125.jpg,low_confidence
billy_crudup/129.jpg,no_face
billy_crudup/131.jpg,no_face
billy_crudup/136.jpg,spoof_detected
billy_crudup/150.jpg,low_confidence
billy_crudup/153.jpg,low_confidence
cameron_crowe/001.jpg,low_confidence
cameron_crowe/003.jpg,no_face
cameron_crowe/007.jpg,no_face
cameron_crowe/010.jpg,no_face
cameron_crowe/011.jpg,low_confidence
cameron_crowe/012.jpg,no_face
cameron_crowe/016.jpg,low_confidence
cameron_crowe/024.jpg,no_face
cameron_crowe/026.jpg,no_face
cameron_crowe/027.jpg,low_confidence
cameron_crowe/031.jpg,no_face
cameron_crowe/033.jpg,no_face
cameron_crowe/039.jpg,no_face
cameron_crowe/041.jpg,low_confidence
cameron_crowe/043.jpg,low_confidence
cameron_crowe/051.jpg,low_confidence
chad_rook/014.jpg,spoof_detected
chad_rook/025.jpg,low_confidence
chad_rook/031.jpg,low_confidence
chad_rook/033.jpg,low_confidence
chad_rook/037.jpg,low_confidence
chad_rook/039.jpg,low_confidence
chad_rook/048.jpg,low_confidence
chad_rook/054.jpg,low_confidence
chad_rook/055.jpg,low_confidence
chad_rook/057.jpg,low_confidence
chad_rook/059.jpg,low_confidence
chad_rook/080.jpg,low_confidence
chris_colfer/017.jpg,low_confidence
chris_colfer/081.jpg,low_confidence
chris_colfer/097.jpg,low_confidence
chris_colfer/182.jpg,low_confidence
chris_colfer/194.jpg,low_confidence
chris_colfer/197.jpg,no_face
chris_colfer/209.jpg,spoof_detected
chris_colfer/213.jpg,spoof_detected
chris_harrison/002.jpg,low_confidence
chris_harrison/005.jpg,no_face
chris_harrison/007.jpg,low_confidence
chris_harrison/009.jpg,low_confidence
chris_harrison/012.jpg,low_confidence
chris_harrison/013.jpg,low_confidence
chris_harrison/014.jpg,low_confidence
chris_harrison/017.jpg,low_confidence
christopher_stadulis/001.jpg,spoof_detected
christopher_stadulis/002.jpg,low_confidence
christopher_stadulis/026.jpg,low_confidence
christopher_stadulis/039.jpg,low_confidence
christopher_stadulis/040.jpg,low_confidence
christopher_stadulis/041.jpg,low_confidence
christopher_stadulis/043.jpg,low_confidence
christopher_stadulis/045.jpg,low_confidence
christopher_stadulis/047.jpg,spoof_detected
christopher_stadulis/057.jpg,low_confidence
christopher_stadulis/061.jpg,low_confidence
clifton_collins_jr/001.jpg,low_confidence
clifton_collins_jr/029.jpg,low_confidence
clifton_collins_jr/042.jpg,low_confidence
clifton_collins_jr/077.jpg,low_confidence
clifton_collins_jr/098.jpg,low_confidence
clifton_collins_jr/102.jpg,low_confidence
clifton_collins_jr/106.jpg,spoof_detected
clifton_collins_jr/144.jpg,low_confidence
clifton_collins_jr/157.jpg,low_confidence
clifton_collins_jr/176.jpg,low_confidence
clifton_collins_jr/185.jpg,low_confidence
clifton_collins_jr/193.jpg,no_face
colin_ferguson/012.jpg,spoof_detected
colin_ferguson/029.jpg,low_confidence
colin_ferguson/038.jpg,low_confidence
colin_ferguson/040.jpg,low_confidence
colin_ferguson/048.jpg,low_confidence
colin_ferguson/052.jpg,low_confidence
colin_ferguson/057.jpg,low_confidence
colin_ferguson/058.jpg,low_confidence
colin_ferguson/069.jpg,spoof_detected
colin_ferguson/085.jpg,no_face
colin_ferguson/091.jpg,low_confidence
damian_lewis/012.jpg,low_confidence
damian_lewis/020.jpg,low_confidence
damian_lewis/037.jpg,low_confidence
damian_lewis/052.jpg,low_confidence
damian_lewis/053.jpg,low_confidence
damian_lewis/071.jpg,low_confidence
damian_lewis/072.jpg,low_confidence
damian_lewis/079.jpg,low_confidence
damian_lewis/119.jpg,no_face
damian_lewis/123.jpg,low_confidence
damian_lewis/131.jpg,low_confidence
damian_lewis/137.jpg,low_confidence
damian_lewis/163.jpg,no_face
danny_devito/041.jpg,low_confidence
danny_devito/050.jpg,low_confidence
danny_devito/102.jpg,low_confidence
danny_devito/117.jpg,no_face
danny_devito/139.jpg,low_confidence
danny_devito/146.jpg,spoof_detected
danny_devito/185.jpg,low_confidence
danny_devito/193.jpg,low_confidence
danny_devito/225.jpg,no_face
danny_devito/238.jpg,low_confidence
danny_devito/239.jpg,low_confidence
danny_devito/244.jpg,low_confidence
danny_devito/246.jpg,low_confidence
danny_huston/019.jpg,low_confidence
danny_huston/023.jpg,low_confidence
danny_huston/037.jpg,low_confidence
danny_huston/059.jpg,no_face
danny_huston/069.jpg,no_face
danny_huston/075.jpg,low_confidence
danny_huston/078.jpg,low_confidence
danny_huston/098.jpg,no_face
danny_huston/102.jpg,low_confidence
danny_huston/103.jpg,no_face
danny_huston/109.jpg,low_confidence
darian_weiss/003.jpg,low_confidence
darian_weiss/004.jpg,no_face
darian_weiss/005.jpg,spoof_detected
darian_weiss/006.jpg,low_confidence
darian_weiss/010.jpg,low_confidence
darian_weiss/014.jpg,low_confidence
darian_weiss/017.jpg,low_confidence
darian_weiss/018.jpg,low_confidence
darian_weiss/021.jpg,spoof_detected
darian_weiss/023.jpg,low_confidence
darian_weiss/024.jpg,no_face
darian_weiss/025.jpg,low_confidence
darian_weiss/026.jpg,low_confidence
darian_weiss/030.jpg,low_confidence
darian_weiss/035.jpg,low_confidence
david_cronenberg/005.jpg,low_confidence
david_cronenberg/008.jpg,low_confidence
david_cronenberg/009.jpg,low_confidence
david_cronenberg/010.jpg,low_confidence
david_cronenberg/011.jpg,low_confidence
david_cronenberg/012.jpg,low_confidence
david_cronenberg/015.jpg,spoof_detected
david_cronenberg/017.jpg,low_confidence
david_cronenberg/019.jpg,low_confidence
david_cronenberg/024.jpg,low_confidence
david_cronenberg/028.jpg,spoof_detected
david_cronenberg/038.jpg,low_confidence
david_cronenberg/052.jpg,low_confidence
david_cronenberg/055.jpg,low_confidence
david_henrie/008.jpg,low_confidence
david_henrie/035.jpg,low_confidence
david_henrie/043.jpg,low_confidence
david_henrie/049.jpg,low_confidence
david_henrie/053.jpg,low_confidence
david_henrie/059.jpg,low_confidence
david_pryor/015.jpg,spoof_detected
david_pryor/032.jpg,low_confidence
david_pryor/037.jpg,low_confidence
david_pryor/048.jpg,low_confidence
david_pryor/051.jpg,low_confidence
david_pryor/055.jpg,low_confidence
david_pryor/056.jpg,low_confidence
david_pryor/064.jpg,low_confidence
david_pryor/069.jpg,low_confidence
david_pryor/075.jpg,low_confidence
david_strathairn/006.jpg,no_face
david_strathairn/018.jpg,spoof_detected
david_strathairn/027.jpg,no_face
david_strathairn/028.jpg,low_confidence
david_strathairn/038.jpg,low_confidence
david_strathairn/042.jpg,low_confidence
david_strathairn/056.jpg,low_confidence
david_strathairn/063.jpg,low_confidence
david_strathairn/072.jpg,no_face
david_strathairn/094.jpg,low_confidence
david_strathairn/099.jpg,low_confidence
david_tennant/013.jpg,low_confidence
david_tennant/032.jpg,low_confidence
david_tennant/038.jpg,no_face
david_tennant/047.jpg,low_confidence
david_tennant/058.jpg,no_face
david_tennant/080.jpg,low_confidence
david_tennant/097.jpg,low_confidence
dean_cain/017.jpg,no_face
dean_cain/022.jpg,low_confidence
dean_cain/023.jpg,no_face
dean_cain/028.jpg,no_face
dean_cain/040.jpg,low_confidence
dean_cain/042.jpg,low_confidence
dean_cain/052.jpg,low_confidence
dean_cain/070.jpg,low_confidence
dean_cain/082.jpg,low_confidence
dean_cain/084.jpg,no_face
dolph_lundgren/006.jpg,low_confidence
dolph_lundgren/007.jpg,low_confidence
dolph_lundgren/012.jpg,low_confidence
dolph_lundgren/021.jpg,low_confidence
dolph_lundgren/029.jpg,spoof_detected
dolph_lundgren/030.jpg,low_confidence
dolph_lundgren/031.jpg,no_face
dolph_lundgren/051.jpg,low_confidence
dolph_lundgren/070.jpg,low_confidence
dolph_lundgren/072.jpg,no_face
dolph_lundgren/077.jpg,low_confidence
dolph_lundgren/082.jpg,low_confidence
dolph_lundgren/095.jpg,low_confidence
dominic_cooper/017.jpg,no_face
dominic_cooper/058.jpg,spoof_detected
dominic_cooper/063.jpg,low_confidence
dominic_cooper/066.jpg,low_confidence
dominic_cooper/092.jpg,low_confidence
dominic_cooper/128.jpg,no_face
dominic_cooper/133.jpg,low_confidence
donal_logue/003.jpg,no_face
donal_logue/004.jpg,low_confidence
donal_logue/007.jpg,low_confidence
donal_logue/013.jpg,low_confidence
donal_logue/015.jpg,low_confidence
donal_logue/033.jpg,no_face
donal_logue/034.jpg,low_confidence
donal_logue/043.jpg,low_confidence
donal_logue/045.jpg,no_face
donal_logue/050.jpg,no_face
donal_logue/052.jpg,low_confidence
donal_logue/053.jpg,low_confidence
donal_logue/056.jpg,no_face
donal_logue/060.jpg,low_confidence
dylan_mcdermott/027.jpg,low_confidence
dylan_mcdermott/033.jpg,low_confidence
dylan_mcdermott/058.jpg,spoof_detected
dylan_mcdermott/073.jpg,low_confidence
dylan_mcdermott/081.jpg,low_confidence
dylan_mcdermott/086.jpg,low_confidence
dylan_mcdermott/128.jpg,no_face
dylan_mcdermott/136.jpg,low_confidence
dylan_mcdermott/139.jpg,low_confidence
dylan_mcdermott/157.jpg,no_face
dylan_mcdermott/161.jpg,low_confidence
dylan_minnette/00000028.jpg,spoof_detected
dylan_minnette/00000034.jpg,low_confidence
dylan_minnette/00000040.jpg,low_confidence
dylan_minnette/00000047.jpg,no_face
dylan_minnette/00000053.jpg,spoof_detected
dylan_minnette/00000059.jpg,no_face
dylan_minnette/00000066.jpg,low_confidence
dylan_minnette/00000074.jpg,no_face
dylan_minnette/00000101.jpg,spoof_detected
dylan_minnette/00000118.jpg,no_face
dylan_minnette/00000136.jpg,low_confidence
dylan_minnette/00000161.jpg,no_face
dylan_minnette/00000288.jpg,low_confidence
dylan_minnette/00000354.jpg,low_confidence
dylan_minnette/00000356.jpg,low_confidence
dylan_minnette/00000416.jpg,no_face
eddie_cibrian/003.jpg,low_confidence
eddie_cibrian/021.jpg,low_confidence
eddie_cibrian/023.jpg,low_confidence
eddie_cibrian/024.jpg,no_face
eddie_cibrian/033.jpg,spoof_detected
eddie_cibrian/034.jpg,low_confidence
eddie_cibrian/035.jpg,low_confidence
eddie_cibrian/037.jpg,low_confidence
eddie_cibrian/041.jpg,low_confidence
eddie_cibrian/042.jpg,low_confidence
edoardo_purgatori/002.jpg,low_confidence
edoardo_purgatori/006.jpg,no_face
edoardo_purgatori/009.jpg,low_confidence
edoardo_purgatori/010.jpg,spoof_detected
edoardo_purgatori/016.jpg,spoof_detected
edoardo_purgatori/024.jpg,spoof_detected
edoardo_purgatori/027.jpg,low_confidence
edoardo_purgatori/034.jpg,low_confidence
edoardo_purgatori/038.jpg,no_face
edoardo_purgatori/042.jpg,low_confidence
edoardo_purgatori/045.jpg,low_confidence
edoardo_purgatori/046.jpg,low_confidence
edoardo_purgatori/048.jpg,no_face
eric_stonestreet/016.jpg,low_confidence
eric_stonestreet/034.jpg,low_confidence
eric_stonestreet/041.jpg,low_confidence
eric_stonestreet/057.jpg,low_confidence
eric_stonestreet/060.jpg,low_confidence
eric_stonestreet/066.jpg,low_confidence
eric_stonestreet/071.jpg,no_face
eric_stonestreet/089.jpg,low_confidence
eric_stonestreet/136.jpg,low_confidence
eric_stonestreet/180.jpg,low_confidence
eric_stonestreet/200.jpg,low_confidence
eric_stonestreet/264.jpg,no_face
eric_stonestreet/299.jpg,low_confidence
eric_stonestreet/300.jpg,low_confidence
federico_dordei/021.jpg,spoof_detected
federico_dordei/029.jpg,low_confidence
federico_dordei/053.jpg,spoof_detected
federico_dordei/065.jpg,no_face
federico_dordei/083.jpg,no_face
gulshan_grover/001.jpg,low_confidence
gulshan_grover/002.jpg,low_confidence
gulshan_grover/025.jpg,low_confidence
gulshan_grover/026.jpg,spoof_detected
gulshan_grover/046.jpg,spoof_detected
gulshan_grover/051.jpg,low_confidence
howie_mandel/005.jpg,no_face
howie_mandel/010.jpg,low_confidence
howie_mandel/021.jpg,low_confidence
howie_mandel/025.jpg,low_confidence
howie_mandel/047.jpg,low_confidence
howie_mandel/053.jpg,no_face
howie_mandel/067.jpg,no_face
howie_mandel/075.jpg,no_face
howie_mandel/095.jpg,low_confidence
howie_mandel/096.jpg,low_confidence
hubertus_geller/002.jpg,low_confidence
hubertus_geller/005.jpg,low_confidence
hubertus_geller/006.jpg,low_confidence
hubertus_geller/011.jpg,low_confidence
hubertus_geller/016.jpg,no_face
hubertus_geller/018.jpg,low_confidence
hubertus_geller/019.jpg,low_confidence
hubertus_geller/020.jpg,no_face
hubertus_geller/022.jpg,no_face
hubertus_geller/026.jpg,no_face
hubertus_geller/028.jpg,no_face
hubertus_geller/031.jpg,low_confidence
hubertus_geller/033.jpg,low_confidence
hubertus_geller/034.jpg,low_confidence
hubertus_geller/038.jpg,no_face
hubertus_geller/039.jpg,no_face
hubertus_geller/049.jpg,no_face
hugo_becker/004.jpg,low_confidence
hugo_becker/007.jpg,low_confidence
hugo_becker/009.jpg,no_face
hugo_becker/015.jpg,low_confidence
hugo_becker/018.jpg,no_face
hugo_becker/020.jpg,no_face
hugo_becker/024.jpg,no_face
hugo_becker/038.jpg,low_confidence
hugo_becker/039.jpg,low_confidence
hugo_becker/040.jpg,low_confidence
hugo_becker/043.jpg,no_face
hugo_becker/048.jpg,low_confidence
hugo_becker/051.jpg,low_confidence
hugo_becker/057.jpg,low_confidence
iain_glen/006.jpg,low_confidence
iain_glen/008.jpg,low_confidence
iain_glen/016.jpg,low_confidence
iain_glen/017.jpg,low_confidence
iain_glen/026.jpg,low_confidence
iain_glen/027.jpg,low_confidence
iain_glen/031.jpg,low_confidence
iain_glen/032.jpg,low_confidence
iain_glen/039.jpg,no_face
iain_glen/041.jpg,no_face
iain_glen/044.jpg,low_confidence
iain_glen/063.jpg,no_face
iain_glen/068.jpg,low_confidence
jackson_brundage/00000018.jpg,no_face
jackson_brundage/00000033.jpg,no_face
jackson_brundage/00000041.jpg,no_face
jackson_brundage/00000042.jpg,low_confidence
jackson_brundage/00000054.jpg,low_confidence
jackson_brundage/00000055.jpg,low_confidence
jackson_brundage/00000058.jpg,low_confidence
jackson_brundage/00000136.jpg,low_confidence
jackson_brundage/00000172.jpg,no_face
jackson_brundage/00000173.jpg,no_face
jackson_brundage/00000198.jpg,no_face
jackson_brundage/00000214.jpg,low_confidence
jackson_brundage/00000415.jpg,no_face
jackson_brundage/00000423.jpg,no_face
jackson_brundage/00000424.jpg,no_face
jackson_brundage/00000451.jpg,low_confidence
jackson_brundage/00000454.jpg,no_face
jackson_brundage/00000483.jpg,no_face
james_mcavoy/008.jpg,low_confidence
james_mcavoy/011.jpg,low_confidence
james_mcavoy/025.jpg,no_face
james_mcavoy/064.jpg,low_confidence
james_mcavoy/084.jpg,no_face
james_mcavoy/133.jpg,low_confidence
james_mcavoy/140.jpg,low_confidence
james_mcavoy/148.jpg,spoof_detected
james_mcavoy/156.jpg,low_confidence
james_mcavoy/163.jpg,low_confidence
james_mcavoy/164.jpg,low_confidence
james_mcavoy/179.jpg,no_face
james_van_der_beek/030.jpg,low_confidence
james_van_der_beek/037.jpg,spoof_detected
james_van_der_beek/043.jpg,no_face
james_van_der_beek/044.jpg,low_confidence
james_van_der_beek/046.jpg,no_face
james_van_der_beek/093.jpg,low_confidence
james_van_der_beek/102.jpg,spoof_detected
james_van_der_beek/104.jpg,low_confidence
james_van_der_beek/124.jpg,low_confidence
james_van_der_beek/126.jpg,low_confidence
james_van_der_beek/142.jpg,no_face
jason_behr/007.jpg,low_confidence
jason_behr/013.jpg,low_confidence
jason_behr/020.jpg,low_confidence
jason_behr/025.jpg,low_confidence
jason_behr/028.jpg,low_confidence
jason_behr/034.jpg,low_confidence
jason_behr/035.jpg,low_confidence
jason_behr/058.jpg,low_confidence
jason_behr/061.jpg,low_confidence
jason_patric/011.jpg,low_confidence
jason_patric/012.jpg,low_confidence
jason_patric/013.jpg,low_confidence
jason_patric/023.jpg,low_confidence
jason_patric/024.jpg,low_confidence
jason_patric/038.jpg,low_confidence
jason_patric/042.jpg,low_confidence
jason_patric/048.jpg,low_confidence
jason_patric/057.jpg,low_confidence
jason_patric/062.jpg,low_confidence
jason_patric/065.jpg,low_confidence
jason_patric/074.jpg,low_confidence
jason_patric/084.jpg,low_confidence
jeremy_renner/036.jpg,low_confidence
jeremy_renner/068.jpg,low_confidence
jeremy_renner/078.jpg,low_confidence
jeremy_renner/113.jpg,low_confidence
jeremy_renner/144.jpg,low_confidence
jeremy_renner/196.jpg,low_confidence
john_carroll_lynch/002.jpg,low_confidence
john_carroll_lynch/009.jpg,low_confidence
john_carroll_lynch/010.jpg,low_confidence
john_carroll_lynch/018.jpg,low_confidence
john_carroll_lynch/022.jpg,low_confidence
john_carroll_lynch/028.jpg,low_confidence
john_carroll_lynch/031.jpg,no_face
john_carroll_lynch/032.jpg,low_confidence
john_carroll_lynch/034.jpg,low_confidence
john_carroll_lynch/035.jpg,no_face
john_carroll_lynch/036.jpg,low_confidence
john_carroll_lynch/043.jpg,low_confidence
john_carroll_lynch/045.jpg,low_confidence
john_carroll_lynch/052.jpg,low_confidence
john_francis_daley/010.jpg,no_face
john_francis_daley/012.jpg,no_face
john_francis_daley/018.jpg,no_face
john_francis_daley/045.jpg,no_face
john_francis_daley/047.jpg,low_confidence
john_francis_daley/055.jpg,low_confidence
john_francis_daley/056.jpg,no_face
john_francis_daley/060.jpg,low_confidence
jon_cryer/011.jpg,low_confidence
jon_cryer/014.jpg,no_face
jon_cryer/023.jpg,no_face
jon_cryer/059.jpg,low_confidence
jon_cryer/126.jpg,low_confidence
jon_cryer/154.jpg,low_confidence
jon_cryer/213.jpg,no_face
joseph_lawrence/002.jpg,low_confidence
joseph_lawrence/009.jpg,low_confidence
joseph_lawrence/019.jpg,low_confidence
joseph_lawrence/023.jpg,low_confidence
joseph_lawrence/031.jpg,low_confidence
joseph_lawrence/036.jpg,low_confidence
joseph_lawrence/044.jpg,low_confidence
joseph_lawrence/047.jpg,no_face
joseph_lawrence/059.jpg,low_confidence
joseph_lawrence/061.jpg,low_confidence
joseph_steven/004.jpg,low_confidence
joseph_steven/012.jpg,low_confidence
joseph_steven/025.jpg,low_confidence
joseph_steven/026.jpg,no_face
joseph_steven/027.jpg,spoof_detected
joseph_steven/031.jpg,no_face
joseph_steven/033.jpg,low_confidence
joseph_steven/036.jpg,low_confidence
joseph_steven/046.jpg,low_confidence
joseph_steven/050.jpg,low_confidence
joseph_steven/051.jpg,low_confidence
joseph_steven/057.jpg,spoof_detected
joseph_steven/066.jpg,no_face
joseph_steven/067.jpg,low_confidence
joseph_steven/068.jpg,no_face
joseph_steven/069.jpg,low_confidence
joseph_steven/070.jpg,low_confidence
josh_cooke/001.jpg,low_confidence
josh_cooke/015.jpg,low_confidence
josh_cooke/017.jpg,low_confidence
josh_cooke/021.jpg,low_confidence
josh_cooke/034.jpg,low_confidence
josh_cooke/054.jpg,spoof_detected
josh_cooke/055.jpg,low_confidence
josh_cooke/056.jpg,low_confidence
josh_cooke/073.jpg,no_face
josh_cooke/076.jpg,low_confidence
josh_hartnett/011.jpg,spoof_detected
josh_hartnett/059.jpg,low_confidence
josh_hartnett/076.jpg,low_confidence
josh_hartnett/100.jpg,low_confidence
josh_hartnett/143.jpg,low_confidence
josh_hartnett/156.jpg,low_confidence
josh_hartnett/179.jpg,low_confidence
josh_hartnett/185.jpg,low_confidence
josh_hartnett/203.jpg,spoof_detected
josh_hartnett/208.jpg,low_confidence
josh_holloway/006.jpg,spoof_detected
josh_holloway/008.jpg,low_confidence
josh_holloway/025.jpg,low_confidence
josh_holloway/057.jpg,low_confidence
josh_holloway/061.jpg,low_confidence
josh_holloway/092.jpg,low_confidence
josh_holloway/093.jpg,low_confidence
josh_holloway/097.jpg,low_confidence
josh_holloway/105.jpg,low_confidence
josh_holloway/107.jpg,low_confidence
judge_reinhold/009.jpg,no_face
judge_reinhold/011.jpg,no_face
judge_reinhold/033.jpg,no_face
judge_reinhold/036.jpg,spoof_detected
judge_reinhold/037.jpg,no_face
judge_reinhold/038.jpg,low_confidence
judge_reinhold/040.jpg,spoof_detected
judge_reinhold/054.jpg,low_confidence
judge_reinhold/056.jpg,low_confidence
judge_reinhold/057.jpg,low_confidence
judge_reinhold/059.jpg,low_confidence
judge_reinhold/060.jpg,low_confidence
judge_reinhold/061.jpg,no_face
larry_laverty/003.jpg,no_face
larry_laverty/010.jpg,low_confidence
larry_laverty/017.jpg,low_confidence
larry_laverty/018.jpg,no_face
larry_laverty/020.jpg,no_face
larry_laverty/023.jpg,low_confidence
larry_laverty/028.jpg,low_confidence
larry_laverty/034.jpg,low_confidence
larry_laverty/036.jpg,no_face
larry_laverty/037.jpg,spoof_detected
larry_laverty/042.jpg,low_confidence
larry_laverty/056.jpg,low_confidence
larry_laverty/069.jpg,no_face
larry_laverty/073.jpg,low_confidence
larry_laverty/078.jpg,low_confidence
larry_laverty/079.jpg,low_confidence
louis_ck/003.jpg,low_confidence
louis_ck/004.jpg,low_confidence
louis_ck/005.jpg,low_confidence
louis_ck/007.jpg,low_confidence
louis_ck/008.jpg,low_confidence
louis_ck/009.jpg,low_confidence
louis_ck/010.jpg,low_confidence
louis_ck/012.jpg,no_face
louis_ck/043.jpg,no_face
louis_ck/054.jpg,no_face
louis_ck/059.jpg,low_confidence
louis_ck/065.jpg,low_confidence
louis_ck/070.jpg,low_confidence
louis_ck/105.jpg,low_confidence
luke_wilson/004.jpg,low_confidence
luke_wilson/008.jpg,low_confidence
luke_wilson/027.jpg,low_confidence
luke_wilson/034.jpg,low_confidence
luke_wilson/035.jpg,spoof_detected
luke_wilson/045.jpg,low_confidence
luke_wilson/132.jpg,low_confidence
luke_wilson/137.jpg,low_confidence
luke_wilson/170.jpg,low_confidence
luke_wilson/181.jpg,low_confidence
luke_wilson/188.jpg,low_confidence
mads_mikkelsen/003.jpg,no_face
mads_mikkelsen/005.jpg,low_confidence
mads_mikkelsen/008.jpg,low_confidence
mads_mikkelsen/010.jpg,no_face
mads_mikkelsen/011.jpg,low_confidence
mads_mikkelsen/013.jpg,low_confidence
mads_mikkelsen/054.jpg,low_confidence
mads_mikkelsen/065.jpg,low_confidence
mads_mikkelsen/076.jpg,low_confidence
mads_mikkelsen/093.jpg,low_confidence
mads_mikkelsen/108.jpg,low_confidence
mads_mikkelsen/116.jpg,low_confidence
manu_bennett/005.jpg,low_confidence
manu_bennett/008.jpg,spoof_detected
manu_bennett/015.jpg,low_confidence
manu_bennett/021.jpg,spoof_detected
manu_bennett/024.jpg,low_confidence
manu_bennett/025.jpg,low_confidence
manu_bennett/028.jpg,low_confidence
manu_bennett/034.jpg,low_confidence
manu_bennett/041.jpg,no_face
manu_bennett/045.jpg,low_confidence
manu_bennett/057.jpg,low_confidence
manu_bennett/062.jpg,no_face
manu_bennett/066.jpg,low_confidence
manu_bennett/067.jpg,no_face
manu_bennett/072.jpg,low_confidence
mark_salling/030.jpg,spoof_detected
mark_salling/041.jpg,low_confidence
mark_salling/055.jpg,low_confidence
mark_salling/070.jpg,spoof_detected
mark_salling/091.jpg,low_confidence
mark_salling/094.jpg,low_confidence
mark_salling/100.jpg,low_confidence
mark_strong/007.jpg,low_confidence
mark_strong/016.jpg,low_confidence
mark_strong/039.jpg,low_confidence
mark_strong/040.jpg,spoof_detected
mark_strong/041.jpg,no_face
mark_strong/062.jpg,low_confidence
mark_strong/072.jpg,low_confidence
mark_strong/073.jpg,spoof_detected
mark_strong/086.jpg,low_confidence
mark_taormino/001.jpg,spoof_detected
mark_taormino/014.jpg,low_confidence
mark_taormino/022.jpg,spoof_detected
mark_taormino/050.jpg,low_confidence
mark_taormino/052.jpg,low_confidence
max_greenfield/018.jpg,low_confidence
max_greenfield/044.jpg,low_confidence
max_greenfield/070.jpg,no_face
max_greenfield/072.jpg,low_confidence
max_greenfield/088.jpg,low_confidence
max_greenfield/097.jpg,low_confidence
max_greenfield/105.jpg,low_confidence
max_greenfield/137.jpg,no_face
max_greenfield/138.jpg,low_confidence
max_greenfield/147.jpg,low_confidence
max_greenfield/186.jpg,low_confidence
max_greenfield/193.jpg,low_confidence
max_greenfield/207.jpg,low_confidence
maximilian_law/004.jpg,low_confidence
maximilian_law/016.jpg,no_face
maximilian_law/038.jpg,spoof_detected
maximilian_law/048.jpg,low_confidence
maximilian_law/049.jpg,low_confidence
maximilian_law/051.jpg,spoof_detected
maximilian_law/056.jpg,spoof_detected
maximilian_law/060.jpg,low_confidence
maximilian_law/065.jpg,low_confidence
maximilian_law/067.jpg,spoof_detected
michael_cera/040.jpg,no_face
michael_cera/058.jpg,low_confidence
michael_cera/062.jpg,low_confidence
michael_cera/075.jpg,no_face
michael_cera/104.jpg,low_confidence
michael_cera/106.jpg,low_confidence
michael_cera/110.jpg,spoof_detected
michael_cera/121.jpg,low_confidence
michael_cera/126.jpg,low_confidence
michael_cera/154.jpg,low_confidence
michael_cera/168.jpg,low_confidence
michael_cera/179.jpg,low_confidence
michael_cera/189.jpg,low_confidence
michael_sheen/019.jpg,low_confidence
michael_sheen/052.jpg,low_confidence
michael_sheen/056.jpg,low_confidence
michael_sheen/059.jpg,no_face
michael_sheen/095.jpg,low_confidence
michael_sheen/118.jpg,no_face
michael_sheen/125.jpg,low_confidence
michael_sheen/133.jpg,low_confidence
michael_sheen/157.jpg,low_confidence
michael_sheen/158.jpg,spoof_detected
michael_sheen/168.jpg,spoof_detected
michael_sheen/170.jpg,low_confidence
michael_sheen/172.jpg,spoof_detected
mitchel_musso/001.jpg,low_confidence
mitchel_musso/004.jpg,low_confidence
mitchel_musso/013.jpg,low_confidence
mitchel_musso/015.jpg,no_face
mitchel_musso/017.jpg,low_confidence
mitchel_musso/018.jpg,no_face
mitchel_musso/021.jpg,low_confidence
mitchel_musso/024.jpg,low_confidence
mitchel_musso/025.jpg,low_confidence
mitchel_musso/031.jpg,low_confidence
mitchel_musso/032.jpg,low_confidence
mitchel_musso/034.jpg,low_confidence
mitchel_musso/035.jpg,low_confidence
mitchel_musso/037.jpg,spoof_detected
mitchel_musso/041.jpg,low_confidence
mitchel_musso/044.jpg,no_face
mitchel_musso/054.jpg,no_face
mitchel_musso/057.jpg,low_confidence
patrick_dempsey/050.jpg,low_confidence
patrick_dempsey/067.jpg,no_face
patrick_dempsey/174.jpg,low_confidence
patrick_dempsey/351.jpg,low_confidence
paul_haggis/010.jpg,low_confidence
paul_haggis/020.jpg,no_face
paul_haggis/031.jpg,low_confidence
paul_haggis/032.jpg,low_confidence
paul_haggis/040.jpg,low_confidence
paul_haggis/046.jpg,low_confidence
paul_haggis/076.jpg,low_confidence
paul_haggis/087.jpg,low_confidence
paul_haggis/088.jpg,low_confidence
paul_haggis/098.jpg,low_confidence
paul_haggis/099.jpg,low_confidence
paul_haggis/106.jpg,low_confidence
paul_haggis/119.jpg,low_confidence
paul_haggis/137.jpg,low_confidence
paul_haggis/145.jpg,low_confidence
peter_facinelli/015.jpg,no_face
peter_facinelli/033.jpg,no_face
peter_facinelli/036.jpg,low_confidence
peter_facinelli/042.jpg,low_confidence
peter_facinelli/074.jpg,low_confidence
peter_facinelli/075.jpg,low_confidence
peter_facinelli/079.jpg,low_confidence
peter_facinelli/108.jpg,low_confidence
peter_facinelli/114.jpg,low_confidence
peter_facinelli/128.jpg,spoof_detected
peter_facinelli/135.jpg,low_confidence
peter_facinelli/138.jpg,low_confidence
peter_facinelli/144.jpg,low_confidence
phil_keoghan/025.jpg,low_confidence
phil_keoghan/026.jpg,low_confidence
phil_keoghan/038.jpg,spoof_detected
phil_keoghan/041.jpg,low_confidence
phil_keoghan/043.jpg,low_confidence
phil_keoghan/049.jpg,low_confidence
phil_keoghan/059.jpg,low_confidence
rick_gonzalez/019.jpg,low_confidence
rick_gonzalez/027.jpg,low_confidence
rick_gonzalez/042.jpg,low_confidence
rick_gonzalez/063.jpg,low_confidence
rick_gonzalez/064.jpg,low_confidence
rick_gonzalez/073.jpg,low_confidence
ricky_gervais/024.jpg,low_confidence
ricky_gervais/077.jpg,low_confidence
ricky_gervais/078.jpg,low_confidence
ricky_gervais/125.jpg,low_confidence
ricky_gervais/132.jpg,no_face
ricky_gervais/135.jpg,no_face
ricky_gervais/139.jpg,no_face
ricky_gervais/155.jpg,no_face
rob_corddry/005.jpg,no_face
rob_corddry/008.jpg,no_face
rob_corddry/010.jpg,low_confidence
rob_corddry/017.jpg,no_face
rob_corddry/031.jpg,low_confidence
rob_corddry/032.jpg,spoof_detected
rob_corddry/040.jpg,no_face
rob_corddry/045.jpg,no_face
rob_corddry/051.jpg,no_face
rob_corddry/054.jpg,no_face
rob_corddry/073.jpg,no_face
rob_corddry/074.jpg,no_face
rob_corddry/079.jpg,low_confidence
rob_corddry/083.jpg,low_confidence
rob_corddry/086.jpg,low_confidence
robert_englund/009.jpg,low_confidence
robert_englund/010.jpg,no_face
robert_englund/011.jpg,low_confidence
robert_englund/012.jpg,no_face
robert_englund/013.jpg,low_confidence
robert_englund/014.jpg,no_face
robert_englund/015.jpg,low_confidence
robert_englund/017.jpg,low_confidence
robert_englund/020.jpg,no_face
robert_englund/021.jpg,low_confidence
robert_englund/022.jpg,low_confidence
robert_englund/023.jpg,no_face
robert_englund/024.jpg,low_confidence
robert_englund/025.jpg,no_face
robert_englund/028.jpg,low_confidence
robert_zemeckis/006.jpg,low_confidence
robert_zemeckis/007.jpg,no_face
robert_zemeckis/013.jpg,low_confidence
robert_zemeckis/019.jpg,low_confidence
robert_zemeckis/023.jpg,low_confidence
robert_zemeckis/024.jpg,no_face
robert_zemeckis/030.jpg,no_face
robert_zemeckis/031.jpg,low_confidence
robert_zemeckis/042.jpg,spoof_detected
robert_zemeckis/050.jpg,no_face
robert_zemeckis/056.jpg,low_confidence
robert_zemeckis/059.jpg,low_confidence
roberto_lombardi/009.jpg,low_confidence
roberto_lombardi/021.jpg,low_confidence
roberto_lombardi/025.jpg,low_confidence
roberto_lombardi/031.jpg,low_confidence
roberto_lombardi/035.jpg,spoof_detected
roberto_lombardi/048.jpg,low_confidence
roberto_lombardi/055.jpg,low_confidence
roberto_lombardi/059.jpg,low_confidence
roberto_lombardi/064.jpg,no_face
roberto_lombardi/066.jpg,low_confidence
roberto_lombardi/071.jpg,low_confidence
roberto_lombardi/072.jpg,no_face
roberto_sanz_sanchez/005.jpg,no_face
roberto_sanz_sanchez/014.jpg,low_confidence
roberto_sanz_sanchez/023.jpg,no_face
roberto_sanz_sanchez/027.jpg,low_confidence
roberto_sanz_sanchez/037.jpg,low_confidence
roberto_sanz_sanchez/038.jpg,no_face
roberto_sanz_sanchez/039.jpg,low_confidence
roberto_sanz_sanchez/040.jpg,low_confidence
roberto_sanz_sanchez/045.jpg,low_confidence
roberto_sanz_sanchez/055.jpg,no_face
roberto_sanz_sanchez/057.jpg,low_confidence
roberto_sanz_sanchez/061.jpg,no_face
roberto_sanz_sanchez/078.jpg,low_confidence
robin_thicke/001.jpg,low_confidence
robin_thicke/002.jpg,low_confidence
robin_thicke/003.jpg,low_confidence
robin_thicke/006.jpg,low_confidence
robin_thicke/011.jpg,low_confidence
robin_thicke/031.jpg,low_confidence
robin_thicke/032.jpg,low_confidence
robin_thicke/043.jpg,low_confidence
robin_thicke/052.jpg,low_confidence
robin_thicke/062.jpg,low_confidence
robin_thicke/066.jpg,low_confidence
rocky_verma/002.jpg,spoof_detected
rocky_verma/035.jpg,low_confidence
rocky_verma/047.jpg,low_confidence
ronald_e_giles/007.jpg,low_confidence
ronald_e_giles/014.jpg,low_confidence
ronald_e_giles/035.jpg,low_confidence
ronald_e_giles/041.jpg,low_confidence
ronald_e_giles/042.jpg,low_confidence
ronald_e_giles/046.jpg,low_confidence
ronald_e_giles/054.jpg,low_confidence
ronald_e_giles/058.jpg,low_confidence
ronald_e_giles/066.jpg,low_confidence
ronald_e_giles/067.jpg,low_confidence
ronald_e_giles/074.jpg,low_confidence
ronald_e_giles/076.jpg,low_confidence
ronald_e_giles/077.jpg,low_confidence
ronald_e_giles/083.jpg,low_confidence
ronald_e_giles/090.jpg,low_confidence
russ_cootey/011.jpg,low_confidence
russ_cootey/014.jpg,no_face
russ_cootey/016.jpg,low_confidence
russ_cootey/018.jpg,low_confidence
russ_cootey/020.jpg,low_confidence
russ_cootey/024.jpg,low_confidence
russ_cootey/028.jpg,low_confidence
russ_cootey/029.jpg,low_confidence
russ_cootey/039.jpg,low_confidence
russ_cootey/040.jpg,no_face
russ_cootey/042.jpg,low_confidence
russ_cootey/045.jpg,no_face
russ_cootey/049.jpg,low_confidence
russ_cootey/052.jpg,low_confidence
russ_cootey/054.jpg,low_confidence
russ_cootey/058.jpg,no_face
ryan_o'neal/009.jpg,low_confidence
ryan_o'neal/017.jpg,low_confidence
ryan_o'neal/037.jpg,low_confidence
ryan_o'neal/038.jpg,no_face
ryan_o'neal/041.jpg,spoof_detected
ryan_o'neal/048.jpg,spoof_detected
ryan_o'neal/053.jpg,low_confidence
ryan_o'neal/061.jpg,low_confidence
ryan_o'neal/088.jpg,low_confidence
ryan_o'neal/091.jpg,low_confidence
ryan_o'neal/106.jpg,low_confidence
sam_neill/034.jpg,low_confidence
sam_neill/037.jpg,low_confidence
sam_neill/048.jpg,low_confidence
sam_neill/056.jpg,low_confidence
sam_neill/058.jpg,low_confidence
sam_neill/066.jpg,no_face
sam_neill/069.jpg,spoof_detected
sam_neill/076.jpg,low_confidence
sam_neill/084.jpg,low_confidence
sam_neill/085.jpg,low_confidence
sam_neill/100.jpg,spoof_detected
sam_neill/119.jpg,low_confidence
sam_neill/123.jpg,low_confidence
scott_a_martin/001.jpg,no_face
scott_a_martin/002.jpg,spoof_detected
scott_a_martin/005.jpg,low_confidence
scott_a_martin/008.jpg,low_confidence
scott_a_martin/017.jpg,low_confidence
scott_a_martin/018.jpg,low_confidence
scott_a_martin/022.jpg,low_confidence
scott_a_martin/025.jpg,spoof_detected
scott_a_martin/029.jpg,low_confidence
scott_a_martin/043.jpg,no_face
scott_a_martin/044.jpg,low_confidence
scott_a_martin/045.jpg,low_confidence
scott_a_martin/048.jpg,low_confidence
scott_a_martin/050.jpg,low_confidence
scott_bakula/007.jpg,low_confidence
scott_bakula/008.jpg,low_confidence
scott_bakula/013.jpg,low_confidence
scott_bakula/018.jpg,low_confidence
scott_bakula/070.jpg,low_confidence
scott_bakula/088.jpg,spoof_detected
scott_bakula/093.jpg,no_face
scott_bakula/100.jpg,low_confidence
scott_bakula/103.jpg,low_confidence
scott_caan/008.jpg,low_confidence
scott_caan/032.jpg,low_confidence
scott_caan/037.jpg,low_confidence
scott_caan/074.jpg,low_confidence
scott_caan/086.jpg,no_face
scott_caan/109.jpg,no_face
scott_caan/115.jpg,no_face
scott_caan/132.jpg,no_face
scott_caan/170.jpg,low_confidence
scott_caan/192.jpg,low_confidence
scott_caan/203.jpg,low_confidence
seann_william_scott/042.jpg,no_face
seann_william_scott/064.jpg,low_confidence
seann_william_scott/078.jpg,no_face
seann_william_scott/091.jpg,no_face
seann_william_scott/097.jpg,low_confidence
seann_william_scott/106.jpg,low_confidence
seann_william_scott/110.jpg,no_face
seann_william_scott/114.jpg,low_confidence
seann_william_scott/156.jpg,low_confidence
sendhil_ramamurthy/012.jpg,no_face
sendhil_ramamurthy/023.jpg,low_confidence
sendhil_ramamurthy/024.jpg,low_confidence
sendhil_ramamurthy/035.jpg,low_confidence
sendhil_ramamurthy/039.jpg,low_confidence
sendhil_ramamurthy/045.jpg,low_confidence
sendhil_ramamurthy/053.jpg,no_face
sendhil_ramamurthy/074.jpg,low_confidence
sendhil_ramamurthy/078.jpg,low_confidence
shane_west/039.jpg,low_confidence
shane_west/040.jpg,low_confidence
shane_west/055.jpg,low_confidence
shane_west/065.jpg,low_confidence
shane_west/073.jpg,low_confidence
shane_west/105.jpg,low_confidence
shane_west/125.jpg,low_confidence
shane_west/131.jpg,low_confidence
shane_west/137.jpg,low_confidence
shane_west/173.jpg,low_confidence
shane_west/176.jpg,no_face
shane_west/204.jpg,no_face
stephen_lang/009.jpg,low_confidence
stephen_lang/016.jpg,no_face
stephen_lang/018.jpg,low_confidence
stephen_lang/019.jpg,no_face
stephen_lang/026.jpg,low_confidence
stephen_lang/031.jpg,low_confidence
stephen_lang/040.jpg,low_confidence
stephen_lang/042.jpg,low_confidence
stephen_lang/044.jpg,no_face
stephen_lang/045.jpg,low_confidence
stephen_lang/049.jpg,spoof_detected
stephen_lang/050.jpg,low_confidence
stephen_lang/055.jpg,no_face
stephen_lang/072.jpg,low_confidence
stephen_lang/077.jpg,low_confidence
sting/027.jpg,low_confidence
sting/034.jpg,no_face
sting/095.jpg,low_confidence
sting/101.jpg,low_confidence
sting/106.jpg,low_confidence
sting/107.jpg,low_confidence
sting/113.jpg,low_confidence
sting/131.jpg,low_confidence
sting/137.jpg,no_face
sting/142.jpg,no_face
sting/176.jpg,low_confidence
sting/178.jpg,no_face
sting/186.jpg,low_confidence
thomas_jane/017.jpg,no_face
thomas_jane/025.jpg,no_face
thomas_jane/029.jpg,low_confidence
thomas_jane/033.jpg,no_face
thomas_jane/037.jpg,low_confidence
thomas_jane/048.jpg,low_confidence
thomas_jane/051.jpg,low_confidence
thomas_jane/058.jpg,no_face
thomas_jane/102.jpg,low_confidence
thomas_jane/106.jpg,no_face
thomas_jane/115.jpg,low_confidence
thomas_jane/116.jpg,low_confidence
thomas_jane/138.jpg,no_face
thomas_jane/148.jpg,no_face
timothy_spall/005.jpg,spoof_detected
timothy_spall/008.jpg,low_confidence
timothy_spall/027.jpg,low_confidence
timothy_spall/046.jpg,no_face
timothy_spall/049.jpg,low_confidence
timothy_spall/050.jpg,low_confidence
timothy_spall/051.jpg,no_face
timothy_spall/057.jpg,low_confidence
timothy_spall/060.jpg,low_confidence
timothy_spall/062.jpg,no_face
timothy_spall/066.jpg,no_face
tom_bergeron/002.jpg,spoof_detected
tom_bergeron/008.jpg,low_confidence
tom_bergeron/011.jpg,low_confidence
tom_bergeron/022.jpg,spoof_detected
tom_bergeron/034.jpg,low_confidence
tom_bergeron/053.jpg,spoof_detected
tom_bergeron/094.jpg,spoof_detected
tom_bergeron/095.jpg,low_confidence
tom_bergeron/102.jpg,spoof_detected
tom_bergeron/109.jpg,spoof_detected
tom_wilkinson/010.jpg,low_confidence
tom_wilkinson/014.jpg,low_confidence
tom_wilkinson/015.jpg,low_confidence
tom_wilkinson/016.jpg,no_face
tom_wilkinson/023.jpg,spoof_detected
tom_wilkinson/024.jpg,low_confidence
tom_wilkinson/027.jpg,spoof_detected
tom_wilkinson/038.jpg,low_confidence
tom_wilkinson/043.jpg,low_confidence
tom_wilkinson/047.jpg,low_confidence
tom_wilkinson/049.jpg,low_confidence
tom_wilkinson/053.jpg,no_face
tom_wilkinson/061.jpg,low_confidence
tom_wilkinson/062.jpg,low_confidence
tony_oller/026.jpg,low_confidence
tony_oller/028.jpg,low_confidence
tony_oller/032.jpg,no_face
tony_oller/034.jpg,low_confidence
tony_oller/052.jpg,low_confidence
tony_oller/054.jpg,no_face
tony_oller/058.jpg,low_confidence
tony_oller/066.jpg,low_confidence
tony_oller/081.jpg,low_confidence
tony_oller/084.jpg,low_confidence
tony_oller/086.jpg,low_confidence
tony_oller/088.jpg,low_confidence
tony_oller/102.jpg,low_confidence
trevor_donovan/019.jpg,spoof_detected
trevor_donovan/026.jpg,low_confidence
trevor_donovan/030.jpg,no_face
trevor_donovan/047.jpg,low_confidence
trevor_donovan/062.jpg,low_confidence
trevor_donovan/063.jpg,no_face
trevor_donovan/096.jpg,low_confidence
trevor_donovan/114.jpg,low_confidence
trevor_donovan/118.jpg,low_confidence
trevor_donovan/122.jpg,low_confidence
victor_webster/001.jpg,low_confidence
victor_webster/012.jpg,low_confidence
victor_webster/016.jpg,low_confidence
victor_webster/017.jpg,low_confidence
victor_webster/025.jpg,low_confidence
victor_webster/028.jpg,low_confidence
victor_webster/034.jpg,no_face
victor_webster/041.jpg,no_face
victor_webster/042.jpg,low_confidence
wilson_cleveland/019.jpg,spoof_detected
wilson_cleveland/022.jpg,no_face
wilson_cleveland/025.jpg,low_confidence
wilson_cleveland/026.jpg,low_confidence
wilson_cleveland/040.jpg,low_confidence
wilson_cleveland/044.jpg,spoof_detected
wilson_cleveland/046.jpg,low_confidence
wilson_cleveland/057.jpg,low_confidence
wyatt_smith/010.jpg,low_confidence
wyatt_smith/012.jpg,no_face
wyatt_smith/013.jpg,low_confidence
wyatt_smith/016.jpg,low_confidence
wyatt_smith/020.jpg,low_confidence
wyatt_smith/021.jpg,low_confidence
wyatt_smith/026.jpg,low_confidence
wyatt_smith/032.jpg,low_confidence
wyatt_smith/049.jpg,no_face
wyatt_smith/053.jpg,low_confidence
wyatt_smith/054.jpg,no_face
wyatt_smith/057.jpg,low_confidence
wyatt_smith/058.jpg,no_face
wyatt_smith/063.jpg,no_face
wyatt_smith/069.jpg,low_confidence
wyatt_smith/073.jpg,low_confidence
wyatt_smith/075.jpg,no_face
zachary_knighton/004.jpg,no_face
zachary_knighton/005.jpg,low_confidence
zachary_knighton/012.jpg,low_confidence
zachary_knighton/020.jpg,low_confidence
zachary_knighton/021.jpg,low_confidence
zachary_knighton/033.jpg,low_confidence
zachary_knighton/046.jpg,low_confidence
zachary_knighton/054.jpg,low_confidence
zachary_knighton/063.jpg,low_confidence
zachary_knighton/076.jpg,no_face
zachary_knighton/077.jpg,no_face
zachary_knighton/082.jpg,no_face
zachary_knighton/096.jpg,no_face
zachary_quinto/005.jpg,low_confidence
zachary_quinto/025.jpg,low_confidence
zachary_quinto/054.jpg,low_confidence
zachary_quinto/075.jpg,low_confidence
zachary_quinto/078.jpg,low_confidence
zachary_quinto/123.jpg,low_confidence
zachary_quinto/139.jpg,low_confidence
zachary_quinto/218.jpg,low_confidence
zachary_quinto/226.jpg,low_confidence
