dataset,tier,variant,type,enroll,verify
cplfw,select,hard_bpsk,FalseReject,Anders_Fogh_Rasmussen_1_0000,Anders_Fogh_Rasmussen_2_0000
cplfw,select,hard_bpsk,FalseReject,Brad_Johnson_1_0000,Brad_Johnson_2_0000
cplfw,select,hard_bpsk,FalseReject,Candice_Bergen_2_0000,Candice_Bergen_3_0000
cplfw,select,hard_bpsk,FalseReject,Prince_Philippe_1_0000,Prince_Philippe_2_0000
cplfw,select,hard_bpsk,FalseReject,Erika_Christensen_2_0000,Erika_Christensen_3_0000
cplfw,select,hard_bpsk,FalseReject,Tyra_Banks_2_0000,Tyra_Banks_3_0000
cplfw,select,hard_bpsk,FalseReject,Tim_Blake_Nelson_1_0000,Tim_Blake_Nelson_2_0000
cplfw,select,hard_bpsk,FalseReject,Sigourney_Weaver_1_0000,Sigourney_Weaver_2_0000
cplfw,select,hard_bpsk,FalseReject,Simon_Yam_2_0000,Simon_Yam_3_0000
cplfw,select,hard_bpsk,FalseReject,Billy_Bob_Thornton_2_0000,Billy_Bob_Thornton_3_0000
cplfw,select,hard_bpsk,FalseReject,Rick_Perry_1_0000,Rick_Perry_3_0000
cplfw,select,hard_bpsk,FalseReject,Nina_Jacobson_1_0000,Nina_Jacobson_3_0000
cplfw,select,hard_bpsk,FalseReject,Prince_Rainier_III_1_0000,Prince_Rainier_III_2_0000
cplfw,select,hard_bpsk,FalseReject,Maria_Callas_1_0000,Maria_Callas_2_0000
cplfw,select,hard_bpsk,FalseReject,Alfonso_Cuaron_1_0000,Alfonso_Cuaron_3_0000
cplfw,select,hard_bpsk,FalseReject,Tom_Glavine_2_0000,Tom_Glavine_3_0000
cplfw,select,hard_bpsk,FalseReject,Sterling_Hitchcock_1_0000,Sterling_Hitchcock_3_0000
cplfw,select,hard_bpsk,FalseReject,Martina_Hingis_1_0000,Martina_Hingis_3_0000
cplfw,select,hard_bpsk,FalseReject,Pascal_Affi_Nguessan_1_0000,Pascal_Affi_Nguessan_3_0000
cplfw,select,hard_bpsk,FalseReject,Jerry_Tarkanian_1_0000,Jerry_Tarkanian_2_0000
cplfw,select,hard_bpsk,FalseReject,Jerry_Tarkanian_1_0000,Jerry_Tarkanian_3_0000
cplfw,select,hard_bpsk,FalseReject,Benjamin_Netanyahu_1_0000,Benjamin_Netanyahu_3_0000
cplfw,select,hard_bpsk,FalseReject,Sergio_Garcia_1_0000,Sergio_Garcia_2_0000
cplfw,select,hard_bpsk,FalseReject,Dimitar_Berbatov_1_0000,Dimitar_Berbatov_2_0000
cplfw,select,hard_bpsk,FalseReject,Matthew_Broderick_1_0000,Matthew_Broderick_2_0000
cplfw,select,hard_bpsk,FalseReject,Tom_Glavine_1_0000,Tom_Glavine_2_0000
cplfw,select,hard_bpsk,FalseReject,Lindsey_Graham_1_0000,Lindsey_Graham_2_0000
cplfw,select,hard_bpsk,FalseReject,Gary_Williams_1_0000,Gary_Williams_2_0000
cplfw,select,hard_bpsk,FalseReject,Jimmy_Carter_1_0000,Jimmy_Carter_3_0000
cplfw,select,hard_bpsk,FalseReject,Nina_Jacobson_1_0000,Nina_Jacobson_2_0000
cplfw,select,hard_bpsk,FalseReject,Lindsey_Graham_2_0000,Lindsey_Graham_3_0000
cplfw,select,hard_bpsk,FalseReject,Woody_Allen_2_0000,Woody_Allen_3_0000
cplfw,select,hard_bpsk,FalseReject,Nong_Duc_Manh_1_0000,Nong_Duc_Manh_3_0000
cplfw,select,hard_bpsk,FalseReject,Bode_Miller_1_0000,Bode_Miller_3_0000
cplfw,select,hard_bpsk,FalseReject,Hugo_Conte_1_0000,Hugo_Conte_3_0000
cplfw,select,hard_bpsk,FalseReject,Peter_Bacanovic_1_0000,Peter_Bacanovic_2_0000
cplfw,select,hard_bpsk,FalseReject,Jelena_Dokic_1_0000,Jelena_Dokic_3_0000
cplfw,select,hard_bpsk,FalseReject,Theresa_May_2_0000,Theresa_May_3_0000
cplfw,select,hard_bpsk,FalseReject,Dany_Heatley_1_0000,Dany_Heatley_3_0000
cplfw,select,hard_bpsk,FalseReject,Ed_Sullivan_1_0000,Ed_Sullivan_2_0000
cplfw,select,hard_bpsk,FalseReject,Patricia_Wartusch_1_0000,Patricia_Wartusch_3_0000
cplfw,select,hard_bpsk,FalseReject,Melissa_Joan_Hart_2_0000,Melissa_Joan_Hart_3_0000
cplfw,select,hard_bpsk,FalseReject,Boris_Jordan_1_0000,Boris_Jordan_3_0000
cplfw,select,hard_bpsk,FalseReject,Dwayne_Johnson_1_0000,Dwayne_Johnson_2_0000
cplfw,select,hard_bpsk,FalseReject,Kimora_Lee_2_0000,Kimora_Lee_3_0000
cplfw,select,hard_bpsk,FalseReject,Kate_Lee_1_0000,Kate_Lee_2_0000
cplfw,select,hard_bpsk,FalseReject,Priscilla_Presley_2_0000,Priscilla_Presley_3_0000
cplfw,select,hard_bpsk,FalseReject,Mary_Sue_Coleman_2_0000,Mary_Sue_Coleman_3_0000
cplfw,select,hard_bpsk,FalseReject,Bob_Stoops_1_0000,Bob_Stoops_3_0000
cplfw,select,hard_bpsk,FalseReject,Dusty_Baker_1_0000,Dusty_Baker_3_0000
cplfw,select,hard_bpsk,FalseReject,Tippi_Hedren_1_0000,Tippi_Hedren_2_0000
cplfw,select,hard_bpsk,FalseReject,Priscilla_Presley_1_0000,Priscilla_Presley_3_0000
cplfw,select,hard_bpsk,FalseReject,Ed_Sullivan_1_0000,Ed_Sullivan_3_0000
cplfw,select,hard_bpsk,FalseReject,Charles_Schumer_1_0000,Charles_Schumer_3_0000
cplfw,select,hard_bpsk,FalseReject,Svetislav_Pesic_1_0000,Svetislav_Pesic_3_0000
cplfw,select,hard_bpsk,FalseReject,Mary_Sue_Coleman_1_0000,Mary_Sue_Coleman_3_0000
cplfw,select,hard_bpsk,FalseReject,Don_Flanagan_1_0000,Don_Flanagan_2_0000
cplfw,select,hard_bpsk,FalseReject,John_Burkett_1_0000,John_Burkett_2_0000
cplfw,select,hard_bpsk,FalseReject,Prince_William_1_0000,Prince_William_2_0000
cplfw,select,hard_bpsk,FalseReject,Terry_Hoeppner_1_0000,Terry_Hoeppner_3_0000
cplfw,select,hard_bpsk,FalseReject,Juan_Ignacio_Chela_1_0000,Juan_Ignacio_Chela_2_0000
cplfw,select,hard_bpsk,FalseReject,Andre_Techine_1_0000,Andre_Techine_3_0000
cplfw,select,hard_bpsk,FalseReject,Patricia_Wartusch_1_0000,Patricia_Wartusch_2_0000
cplfw,select,hard_bpsk,FalseReject,Sarah_Hughes_1_0000,Sarah_Hughes_3_0000
cplfw,select,hard_bpsk,FalseReject,Joe_Crede_1_0000,Joe_Crede_2_0000
cplfw,select,hard_bpsk,FalseReject,Sarah_Hughes_2_0000,Sarah_Hughes_3_0000
cplfw,select,hard_bpsk,FalseReject,Harry_Kalas_1_0000,Harry_Kalas_2_0000
cplfw,select,hard_bpsk,FalseReject,Felipe_De_Borbon_2_0000,Felipe_De_Borbon_3_0000
cplfw,select,hard_bpsk,FalseReject,Don_Flanagan_1_0000,Don_Flanagan_3_0000
cplfw,select,hard_bpsk,FalseReject,Patricia_Wartusch_2_0000,Patricia_Wartusch_3_0000
cplfw,select,hard_bpsk,FalseReject,Harvey_Weinstein_1_0000,Harvey_Weinstein_2_0000
cplfw,select,hard_bpsk,FalseReject,Jonathan_Horton_1_0000,Jonathan_Horton_3_0000
cplfw,select,hard_bpsk,FalseReject,David_Zeplowitz_1_0000,David_Zeplowitz_3_0000
cplfw,select,hard_bpsk,FalseReject,Nanni_Moretti_2_0000,Nanni_Moretti_3_0000
cplfw,select,hard_bpsk,FalseReject,Nanni_Moretti_1_0000,Nanni_Moretti_2_0000
cplfw,select,hard_bpsk,FalseReject,Paula_Dobriansky_1_0000,Paula_Dobriansky_2_0000
cplfw,select,hard_bpsk,FalseReject,Megawati_Sukarnoputri_1_0000,Megawati_Sukarnoputri_2_0000
cplfw,select,hard_bpsk,FalseReject,Carly_Fiorina_1_0000,Carly_Fiorina_2_0000
cplfw,select,hard_bpsk,FalseReject,Jules_Asner_2_0000,Jules_Asner_3_0000
cplfw,select,hard_bpsk,FalseReject,Princess_Caroline_1_0000,Princess_Caroline_3_0000
cplfw,select,hard_bpsk,FalseReject,Kate_Burton_1_0000,Kate_Burton_2_0000
cplfw,select,hard_bpsk,FalseReject,Antonio_Catania_1_0000,Antonio_Catania_2_0000
cplfw,select,hard_bpsk,FalseReject,Jerry_Springer_1_0000,Jerry_Springer_2_0000
cplfw,select,hard_bpsk,FalseReject,Tung_Chee-hwa_1_0000,Tung_Chee-hwa_3_0000
cplfw,select,hard_bpsk,FalseReject,El_Hadji_Diouf_2_0000,El_Hadji_Diouf_3_0000
cplfw,select,hard_bpsk,FalseReject,El_Hadji_Diouf_1_0000,El_Hadji_Diouf_3_0000
cplfw,select,hard_bpsk,FalseReject,Jules_Asner_1_0000,Jules_Asner_3_0000
cplfw,select,hard_bpsk,FalseReject,Laurence_Tribe_1_0000,Laurence_Tribe_3_0000
cplfw,select,hard_bpsk,FalseReject,Jonathan_Horton_1_0000,Jonathan_Horton_2_0000
cplfw,select,hard_bpsk,FalseReject,Biljana_Plavsic_1_0000,Biljana_Plavsic_3_0000
cplfw,select,hard_bpsk,FalseReject,Marc-Andre_Fleury_1_0000,Marc-Andre_Fleury_3_0000
cplfw,select,hard_bpsk,FalseReject,Peter_Chan_2_0000,Peter_Chan_3_0000
cplfw,select,hard_bpsk,FalseReject,Chung_Mong-joon_1_0000,Chung_Mong-joon_2_0000
cplfw,select,hard_bpsk,FalseReject,Andrew_Luster_1_0000,Andrew_Luster_2_0000
cplfw,select,hard_bpsk,FalseReject,Diane_Lane_1_0000,Diane_Lane_3_0000
cplfw,select,hard_bpsk,FalseReject,Bernard_Landry_2_0000,Bernard_Landry_3_0000
cplfw,select,hard_bpsk,FalseReject,Chung_Mong-joon_2_0000,Chung_Mong-joon_3_0000
cplfw,select,hard_bpsk,FalseReject,Hana_Makhmalbaf_1_0000,Hana_Makhmalbaf_3_0000
cplfw,select,hard_bpsk,FalseReject,Hana_Makhmalbaf_2_0000,Hana_Makhmalbaf_3_0000
cplfw,select,hard_bpsk,FalseReject,Steven_Seagal_1_0000,Steven_Seagal_3_0000
cplfw,select,hard_bpsk,FalseReject,Danny_Ainge_2_0000,Danny_Ainge_3_0000
cplfw,select,hard_bpsk,FalseReject,David_Zeplowitz_1_0000,David_Zeplowitz_2_0000
cplfw,select,hard_bpsk,FalseReject,Renee_Zellweger_1_0000,Renee_Zellweger_3_0000
cplfw,select,hard_bpsk,FalseReject,Jessica_Lynch_2_0000,Jessica_Lynch_3_0000
cplfw,select,hard_bpsk,FalseReject,Sheryl_Crow_1_0000,Sheryl_Crow_3_0000
cplfw,select,hard_bpsk,FalseReject,Roseanne_Barr_1_0000,Roseanne_Barr_2_0000
cplfw,select,hard_bpsk,FalseReject,Greg_Kinnear_1_0000,Greg_Kinnear_3_0000
cplfw,select,hard_bpsk,FalseReject,Dustin_Hoffman_1_0000,Dustin_Hoffman_3_0000
cplfw,select,hard_bpsk,FalseReject,Alfonso_Portillo_2_0000,Alfonso_Portillo_3_0000
cplfw,select,hard_bpsk,FalseReject,Carlos_Barragan_1_0000,Carlos_Barragan_2_0000
cplfw,select,hard_bpsk,FalseReject,Dan_Wheldon_1_0000,Dan_Wheldon_2_0000
cplfw,select,hard_bpsk,FalseReject,Tony_Curtis_1_0000,Tony_Curtis_3_0000
cplfw,select,hard_bpsk,FalseReject,Asmaa_Assad_1_0000,Asmaa_Assad_2_0000
cplfw,select,hard_bpsk,FalseReject,Juan_Valencia_Osorio_2_0000,Juan_Valencia_Osorio_3_0000
cplfw,select,hard_bpsk,FalseReject,Pedro_Solbes_1_0000,Pedro_Solbes_2_0000
cplfw,select,hard_bpsk,FalseReject,Cristina_Fernandez_1_0000,Cristina_Fernandez_2_0000
cplfw,select,hard_bpsk,FalseReject,Lily_Safra_2_0000,Lily_Safra_3_0000
cplfw,select,hard_bpsk,FalseReject,Carla_Sullivan_2_0000,Carla_Sullivan_3_0000
cplfw,select,hard_bpsk,FalseReject,Madonna_1_0000,Madonna_2_0000
cplfw,select,hard_bpsk,FalseReject,Juan_Manuel_Marquez_2_0000,Juan_Manuel_Marquez_3_0000
cplfw,select,hard_bpsk,FalseReject,Andy_Roddick_1_0000,Andy_Roddick_3_0000
cplfw,select,hard_bpsk,FalseReject,Lech_Walesa_1_0000,Lech_Walesa_3_0000
cplfw,select,hard_bpsk,FalseReject,Fernando_Leon_de_Aranoa_1_0000,Fernando_Leon_de_Aranoa_3_0000
cplfw,select,hard_bpsk,FalseReject,Jaime_Pressly_1_0000,Jaime_Pressly_3_0000
cplfw,select,hard_bpsk,FalseReject,Nick_Cassavetes_1_0000,Nick_Cassavetes_2_0000
cplfw,select,hard_bpsk,FalseReject,Juan_Manuel_Marquez_1_0000,Juan_Manuel_Marquez_3_0000
cplfw,select,hard_bpsk,FalseReject,Wes_Craven_1_0000,Wes_Craven_2_0000
cplfw,select,hard_bpsk,FalseReject,Liza_Minnelli_1_0000,Liza_Minnelli_2_0000
cplfw,select,hard_bpsk,FalseReject,Terri_Clark_2_0000,Terri_Clark_3_0000
cplfw,select,hard_bpsk,FalseReject,Rick_Carlisle_1_0000,Rick_Carlisle_2_0000
cplfw,select,hard_bpsk,FalseReject,Wayne_Ferreira_1_0000,Wayne_Ferreira_3_0000
cplfw,select,hard_bpsk,FalseReject,Robbie_Williams_1_0000,Robbie_Williams_2_0000
cplfw,select,hard_bpsk,FalseReject,Jerry_Lewis_1_0000,Jerry_Lewis_2_0000
cplfw,select,hard_bpsk,FalseReject,Lisa_Marie_Presley_1_0000,Lisa_Marie_Presley_2_0000
cplfw,select,hard_bpsk,FalseReject,Severino_Antinori_1_0000,Severino_Antinori_3_0000
cplfw,select,hard_bpsk,FalseReject,Frank_Pallone_1_0000,Frank_Pallone_3_0000
cplfw,select,hard_bpsk,FalseReject,Jane_Leeves_1_0000,Jane_Leeves_3_0000
cplfw,select,hard_bpsk,FalseReject,Paris_Hilton_1_0000,Paris_Hilton_3_0000
cplfw,select,hard_bpsk,FalseReject,Clay_Aiken_1_0000,Clay_Aiken_3_0000
cplfw,select,hard_bpsk,FalseReject,Muhammad_Ali_1_0000,Muhammad_Ali_2_0000
cplfw,select,hard_bpsk,FalseReject,David_Bisbal_1_0000,David_Bisbal_3_0000
cplfw,select,hard_bpsk,FalseReject,Kate_Hudson_1_0000,Kate_Hudson_3_0000
cplfw,select,hard_bpsk,FalseReject,Kate_Hudson_1_0000,Kate_Hudson_2_0000
cplfw,select,hard_bpsk,FalseReject,Robbie_Williams_1_0000,Robbie_Williams_3_0000
cplfw,select,hard_bpsk,FalseReject,Robbie_Williams_2_0000,Robbie_Williams_3_0000
cplfw,select,hard_bpsk,FalseReject,Joshua_Gracin_1_0000,Joshua_Gracin_2_0000
cplfw,select,hard_bpsk,FalseReject,Marion_Barry_1_0000,Marion_Barry_2_0000
cplfw,select,hard_bpsk,FalseReject,Luciano_Bovicelli_2_0000,Luciano_Bovicelli_3_0000
cplfw,select,hard_bpsk,FalseReject,Jeff_Bridges_1_0000,Jeff_Bridges_3_0000
cplfw,select,hard_bpsk,FalseReject,Ian_Moran_1_0000,Ian_Moran_3_0000
cplfw,select,hard_bpsk,FalseReject,Patty_Sheehan_2_0000,Patty_Sheehan_3_0000
cplfw,select,hard_bpsk,FalseReject,Luciano_Bovicelli_1_0000,Luciano_Bovicelli_3_0000
cplfw,select,hard_bpsk,FalseReject,Bono_1_0000,Bono_2_0000
cplfw,select,hard_bpsk,FalseReject,Erin_Runnion_1_0000,Erin_Runnion_2_0000
cplfw,select,hard_bpsk,FalseReject,Derek_King_1_0000,Derek_King_3_0000
cplfw,select,hard_bpsk,FalseReject,Lenny_Wilkens_1_0000,Lenny_Wilkens_3_0000
cplfw,select,hard_bpsk,FalseReject,Keith_Van_Horn_1_0000,Keith_Van_Horn_2_0000
cplfw,select,hard_bpsk,FalseReject,Otto_Reich_1_0000,Otto_Reich_2_0000
cplfw,select,hard_bpsk,FalseReject,Rolandas_Paksas_1_0000,Rolandas_Paksas_3_0000
cplfw,select,hard_bpsk,FalseReject,Ben_Affleck_1_0000,Ben_Affleck_3_0000
cplfw,select,hard_bpsk,FalseReject,Gil_de_Ferran_1_0000,Gil_de_Ferran_2_0000
cplfw,select,hard_bpsk,FalseReject,Ivan_Shvedoff_1_0000,Ivan_Shvedoff_3_0000
cplfw,select,hard_bpsk,FalseReject,Ian_Thorpe_1_0000,Ian_Thorpe_2_0000
cplfw,select,hard_bpsk,FalseReject,Marty_Mornhinweg_1_0000,Marty_Mornhinweg_3_0000
cplfw,select,hard_bpsk,FalseReject,John_Fox_1_0000,John_Fox_2_0000
cplfw,select,hard_bpsk,FalseReject,Stanley_Tong_1_0000,Stanley_Tong_2_0000
cplfw,select,hard_bpsk,FalseReject,Mickey_Gilley_1_0000,Mickey_Gilley_3_0000
cplfw,select,hard_bpsk,FalseReject,Ian_Thorpe_2_0000,Ian_Thorpe_3_0000
cplfw,select,hard_bpsk,FalseReject,Isabelle_Huppert_1_0000,Isabelle_Huppert_3_0000
cplfw,select,hard_bpsk,FalseReject,Omar_Sharif_1_0000,Omar_Sharif_3_0000
cplfw,select,hard_bpsk,FalseReject,Ben_Broussard_1_0000,Ben_Broussard_2_0000
cplfw,select,hard_bpsk,FalseReject,Elena_Likhovtseva_1_0000,Elena_Likhovtseva_2_0000
cplfw,select,hard_bpsk,FalseReject,Jacques_Villeneuve_1_0000,Jacques_Villeneuve_2_0000
cplfw,select,hard_bpsk,FalseReject,Collis_Temple_III_1_0000,Collis_Temple_III_2_0000
cplfw,select,hard_bpsk,FalseReject,Hunter_Kemper_1_0000,Hunter_Kemper_3_0000
cplfw,select,hard_bpsk,FalseReject,Mae_Jemison_1_0000,Mae_Jemison_3_0000
cplfw,select,hard_bpsk,FalseReject,Angela_Alvarado_Rosa_2_0000,Angela_Alvarado_Rosa_3_0000
cplfw,select,hard_bpsk,FalseReject,Jim_Paxson_2_0000,Jim_Paxson_3_0000
cplfw,select,hard_bpsk,FalseReject,Conchita_Martinez_1_0000,Conchita_Martinez_3_0000
cplfw,select,hard_bpsk,FalseReject,Uma_Thurman_1_0000,Uma_Thurman_3_0000
cplfw,select,hard_bpsk,FalseReject,Liliana_Cavani_1_0000,Liliana_Cavani_2_0000
cplfw,select,hard_bpsk,FalseReject,Gil_de_Ferran_2_0000,Gil_de_Ferran_3_0000
cplfw,select,hard_bpsk,FalseReject,Patty_Sheehan_1_0000,Patty_Sheehan_2_0000
cplfw,select,hard_bpsk,FalseReject,Ben_Affleck_1_0000,Ben_Affleck_2_0000
cplfw,select,hard_bpsk,FalseReject,Amanda_Coetzer_1_0000,Amanda_Coetzer_2_0000
cplfw,select,hard_bpsk,FalseReject,Peter_Camejo_1_0000,Peter_Camejo_3_0000
cplfw,select,hard_bpsk,FalseReject,Tina_Andrews_2_0000,Tina_Andrews_3_0000
cplfw,select,hard_bpsk,FalseReject,Jose_Carlo_Fernandez_2_0000,Jose_Carlo_Fernandez_3_0000
cplfw,select,hard_bpsk,FalseReject,Ivan_Shvedoff_1_0000,Ivan_Shvedoff_2_0000
cplfw,select,hard_bpsk,FalseReject,Johnny_Benson_1_0000,Johnny_Benson_3_0000
cplfw,select,hard_bpsk,FalseReject,Jim_Paxson_1_0000,Jim_Paxson_3_0000
cplfw,select,hard_bpsk,FalseReject,Diego_Armando_Maradona_2_0000,Diego_Armando_Maradona_3_0000
cplfw,select,hard_bpsk,FalseReject,Hermann_Maier_1_0000,Hermann_Maier_3_0000
cplfw,select,hard_bpsk,FalseReject,Carlton_Dotson_1_0000,Carlton_Dotson_2_0000
cplfw,select,hard_bpsk,FalseReject,John_Wayne_1_0000,John_Wayne_3_0000
cplfw,select,hard_bpsk,FalseReject,Joe_Gatti_1_0000,Joe_Gatti_2_0000
cplfw,select,hard_bpsk,FalseReject,Jose_Carlo_Fernandez_1_0000,Jose_Carlo_Fernandez_2_0000
cplfw,select,hard_bpsk,FalseReject,Steve_Park_1_0000,Steve_Park_2_0000
cplfw,select,hard_bpsk,FalseReject,Tina_Andrews_1_0000,Tina_Andrews_3_0000
cplfw,select,hard_bpsk,FalseReject,Pedro_Martinez_1_0000,Pedro_Martinez_3_0000
cplfw,select,hard_bpsk,FalseReject,Boris_Henry_1_0000,Boris_Henry_3_0000
cplfw,select,hard_bpsk,FalseReject,Bill_Paxton_2_0000,Bill_Paxton_3_0000
cplfw,select,hard_bpsk,FalseReject,Juan_Roman_Riquelme_1_0000,Juan_Roman_Riquelme_2_0000
cplfw,select,hard_bpsk,FalseReject,Ramon_Delgado_1_0000,Ramon_Delgado_3_0000
cplfw,select,hard_bpsk,FalseReject,Pedro_Almodovar_1_0000,Pedro_Almodovar_3_0000
cplfw,select,hard_bpsk,FalseReject,Roger_Federer_1_0000,Roger_Federer_3_0000
cplfw,select,hard_bpsk,FalseReject,Gerard_Depardieu_1_0000,Gerard_Depardieu_2_0000
cplfw,select,hard_bpsk,FalseReject,Peter_Arnett_1_0000,Peter_Arnett_2_0000
cplfw,select,hard_bpsk,FalseReject,Boris_Henry_2_0000,Boris_Henry_3_0000
cplfw,select,hard_bpsk,FalseReject,Chris_Cornell_1_0000,Chris_Cornell_3_0000
cplfw,select,hard_bpsk,FalseReject,Ana_Claudia_Talancon_1_0000,Ana_Claudia_Talancon_2_0000
cplfw,select,hard_bpsk,FalseReject,Nicolas_Escude_2_0000,Nicolas_Escude_3_0000
cplfw,select,hard_bpsk,FalseReject,Christoph_Daum_2_0000,Christoph_Daum_3_0000
cplfw,select,hard_bpsk,FalseReject,Peter_Arnett_2_0000,Peter_Arnett_3_0000
cplfw,select,hard_bpsk,FalseReject,Jimmy_Iovine_1_0000,Jimmy_Iovine_3_0000
cplfw,select,hard_bpsk,FalseReject,Leszek_Miller_2_0000,Leszek_Miller_3_0000
cplfw,select,hard_bpsk,FalseReject,Parthiv_Patel_1_0000,Parthiv_Patel_2_0000
cplfw,select,hard_bpsk,FalseReject,Elisabeth_Welch_2_0000,Elisabeth_Welch_3_0000
cplfw,select,hard_bpsk,FalseReject,Toni_Braxton_1_0000,Toni_Braxton_3_0000
cplfw,select,hard_bpsk,FalseReject,Aishwarya_Rai_1_0000,Aishwarya_Rai_2_0000
cplfw,select,hard_bpsk,FalseReject,Winona_Ryder_2_0000,Winona_Ryder_3_0000
cplfw,select,hard_bpsk,FalseReject,Ellen_DeGeneres_1_0000,Ellen_DeGeneres_3_0000
cplfw,select,hard_bpsk,FalseReject,Inocencio_Arias_1_0000,Inocencio_Arias_3_0000
cplfw,select,hard_bpsk,FalseReject,Steve_Zahn_2_0000,Steve_Zahn_3_0000
cplfw,select,hard_bpsk,FalseReject,Wally_Szczerbiak_2_0000,Wally_Szczerbiak_3_0000
cplfw,select,hard_bpsk,FalseReject,Winona_Ryder_1_0000,Winona_Ryder_3_0000
cplfw,select,hard_bpsk,FalseReject,Scott_Weiland_2_0000,Scott_Weiland_3_0000
cplfw,select,hard_bpsk,FalseReject,Gordon_Lightfoot_1_0000,Gordon_Lightfoot_2_0000
cplfw,select,hard_bpsk,FalseReject,Troy_Garity_1_0000,Troy_Garity_3_0000
cplfw,select,hard_bpsk,FalseReject,Rosario_Dawson_1_0000,Rosario_Dawson_3_0000
cplfw,select,hard_bpsk,FalseReject,Pedro_Martinez_1_0000,Pedro_Martinez_2_0000
cplfw,select,hard_bpsk,FalseReject,Ali_Bin_Hussein_1_0000,Ali_Bin_Hussein_3_0000
cplfw,select,hard_bpsk,FalseReject,Alan_Zemaitis_2_0000,Alan_Zemaitis_3_0000
cplfw,select,hard_bpsk,FalseReject,Cristina_Saralegui_1_0000,Cristina_Saralegui_2_0000
cplfw,select,hard_bpsk,FalseReject,Kristin_Scott_1_0000,Kristin_Scott_2_0000
cplfw,select,hard_bpsk,FalseReject,Dominique_de_Villepin_1_0000,Dominique_de_Villepin_2_0000
cplfw,select,hard_bpsk,FalseReject,Billy_Beane_1_0000,Billy_Beane_2_0000
cplfw,select,hard_bpsk,FalseReject,Marissa_Jaret_Winokur_1_0000,Marissa_Jaret_Winokur_2_0000
cplfw,select,hard_bpsk,FalseReject,Dennis_Franchione_2_0000,Dennis_Franchione_3_0000
cplfw,select,hard_bpsk,FalseReject,Luis_Gonzalez_1_0000,Luis_Gonzalez_3_0000
cplfw,select,hard_bpsk,FalseReject,Carson_Palmer_1_0000,Carson_Palmer_2_0000
cplfw,select,hard_bpsk,FalseReject,Rupert_Murdoch_1_0000,Rupert_Murdoch_3_0000
cplfw,select,hard_bpsk,FalseReject,Mesut_Yilmaz_1_0000,Mesut_Yilmaz_2_0000
cplfw,select,hard_bpsk,FalseReject,Matt_Anderson_1_0000,Matt_Anderson_2_0000
cplfw,select,hard_bpsk,FalseReject,Paul_Pierce_1_0000,Paul_Pierce_3_0000
cplfw,select,hard_bpsk,FalseReject,Fayssal_Mekdad_1_0000,Fayssal_Mekdad_3_0000
cplfw,select,hard_bpsk,FalseReject,Bill_Curry_2_0000,Bill_Curry_3_0000
cplfw,select,hard_bpsk,FalseReject,Vanessa_Williams_1_0000,Vanessa_Williams_2_0000
cplfw,select,hard_bpsk,FalseReject,Joaquin_Sanchez_1_0000,Joaquin_Sanchez_3_0000
cplfw,select,hard_bpsk,FalseReject,Pedro_Pauleta_2_0000,Pedro_Pauleta_3_0000
cplfw,select,hard_bpsk,FalseReject,Elsa_Zylberstein_1_0000,Elsa_Zylberstein_2_0000
cplfw,select,hard_bpsk,FalseReject,Jan_Peter_Balkenende_1_0000,Jan_Peter_Balkenende_2_0000
cplfw,select,hard_bpsk,FalseReject,Kyra_Sedgwick_1_0000,Kyra_Sedgwick_2_0000
cplfw,select,hard_bpsk,FalseReject,Patti_Labelle_1_0000,Patti_Labelle_2_0000
cplfw,select,hard_bpsk,FalseReject,Martha_Sahagun_de_Fox_2_0000,Martha_Sahagun_de_Fox_3_0000
cplfw,select,hard_bpsk,FalseReject,Eduard_Shevardnadze_1_0000,Eduard_Shevardnadze_2_0000
cplfw,select,hard_bpsk,FalseReject,Roger_Machado_1_0000,Roger_Machado_3_0000
cplfw,select,hard_bpsk,FalseReject,Anthony_LaPaglia_2_0000,Anthony_LaPaglia_3_0000
cplfw,select,hard_bpsk,FalseReject,Vladimir_Putin_1_0000,Vladimir_Putin_2_0000
cplfw,select,hard_bpsk,FalseReject,Marta_Dominguz_2_0000,Marta_Dominguz_3_0000
cplfw,select,hard_bpsk,FalseReject,Eric_Lloyd_1_0000,Eric_Lloyd_3_0000
cplfw,select,hard_bpsk,FalseReject,Boris_Yeltsin_1_0000,Boris_Yeltsin_3_0000
cplfw,select,hard_bpsk,FalseReject,George_Gregan_1_0000,George_Gregan_3_0000
cplfw,select,hard_bpsk,FalseReject,Sam_Torrance_1_0000,Sam_Torrance_3_0000
cplfw,select,hard_bpsk,FalseReject,George_Gregan_2_0000,George_Gregan_3_0000
cplfw,select,hard_bpsk,FalseReject,Claudine_Farrell_2_0000,Claudine_Farrell_3_0000
cplfw,select,hard_bpsk,FalseReject,Charlotte_Church_2_0000,Charlotte_Church_3_0000
cplfw,select,hard_bpsk,FalseReject,Steve_Fehr_2_0000,Steve_Fehr_3_0000
cplfw,select,hard_bpsk,FalseReject,Liu_Ye_1_0000,Liu_Ye_2_0000
cplfw,select,hard_bpsk,FalseReject,Eduard_Shevardnadze_2_0000,Eduard_Shevardnadze_3_0000
cplfw,select,hard_bpsk,FalseReject,Elsa_Zylberstein_1_0000,Elsa_Zylberstein_3_0000
cplfw,select,hard_bpsk,FalseReject,Britney_Spears_2_0000,Britney_Spears_3_0000
cplfw,select,hard_bpsk,FalseReject,Toby_Keith_2_0000,Toby_Keith_3_0000
cplfw,select,hard_bpsk,FalseReject,Alan_Mulally_1_0000,Alan_Mulally_2_0000
cplfw,select,hard_bpsk,FalseReject,Terry_Stotts_1_0000,Terry_Stotts_2_0000
cplfw,select,hard_bpsk,FalseReject,Atal_Bihari_Vajpayee_1_0000,Atal_Bihari_Vajpayee_3_0000
cplfw,select,hard_bpsk,FalseReject,Liu_Ye_1_0000,Liu_Ye_3_0000
cplfw,select,hard_bpsk,FalseReject,Leslie_Caldwell_2_0000,Leslie_Caldwell_3_0000
cplfw,select,hard_bpsk,FalseReject,Yana_Klochkova_1_0000,Yana_Klochkova_3_0000
cplfw,select,hard_bpsk,FalseReject,Donald_Carty_1_0000,Donald_Carty_3_0000
cplfw,select,hard_bpsk,FalseReject,Roberto_Benigni_1_0000,Roberto_Benigni_3_0000
cplfw,select,hard_bpsk,FalseReject,Kellie_Coffey_2_0000,Kellie_Coffey_3_0000
cplfw,select,hard_bpsk,FalseReject,Bill_Herrion_2_0000,Bill_Herrion_3_0000
cplfw,select,hard_bpsk,FalseReject,Gordana_Grubin_2_0000,Gordana_Grubin_3_0000
cplfw,select,hard_bpsk,FalseReject,Keiko_Sofia_Fujimori_1_0000,Keiko_Sofia_Fujimori_2_0000
cplfw,select,hard_bpsk,FalseReject,Ed_Book_1_0000,Ed_Book_2_0000
cplfw,select,hard_bpsk,FalseReject,Jan_Bjoerklund_1_0000,Jan_Bjoerklund_3_0000
cplfw,select,hard_bpsk,FalseReject,Lawrence_MacAulay_1_0000,Lawrence_MacAulay_3_0000
cplfw,select,hard_bpsk,FalseReject,Fernando_Gonzalez_1_0000,Fernando_Gonzalez_3_0000
cplfw,select,hard_bpsk,FalseReject,Elisha_Cuthbert_1_0000,Elisha_Cuthbert_3_0000
cplfw,select,hard_bpsk,FalseReject,Mike_Bryan_2_0000,Mike_Bryan_3_0000
cplfw,select,hard_bpsk,FalseReject,Nikki_Reed_1_0000,Nikki_Reed_3_0000
cplfw,select,hard_bpsk,FalseReject,Kathryn_Morris_1_0000,Kathryn_Morris_3_0000
cplfw,select,hard_bpsk,FalseReject,Julio_Iglesias_Jr_1_0000,Julio_Iglesias_Jr_2_0000
cplfw,select,hard_bpsk,FalseReject,Danny_Glover_1_0000,Danny_Glover_3_0000
cplfw,select,hard_bpsk,FalseReject,Takeshi_Kitano_1_0000,Takeshi_Kitano_2_0000
cplfw,select,hard_bpsk,FalseReject,Claudia_Cardinale_1_0000,Claudia_Cardinale_2_0000
cplfw,select,hard_bpsk,FalseReject,Edward_Norton_1_0000,Edward_Norton_3_0000
cplfw,select,hard_bpsk,FalseReject,Nikki_Cascone_1_0000,Nikki_Cascone_3_0000
cplfw,select,hard_bpsk,FalseReject,Kurt_Russell_1_0000,Kurt_Russell_2_0000
cplfw,select,hard_bpsk,FalseReject,Nikki_Cascone_1_0000,Nikki_Cascone_2_0000
cplfw,select,hard_bpsk,FalseReject,Bob_Hartley_2_0000,Bob_Hartley_3_0000
cplfw,select,hard_bpsk,FalseReject,Graciano_Rocchigiani_1_0000,Graciano_Rocchigiani_2_0000
cplfw,select,hard_bpsk,FalseReject,Robert_Redford_1_0000,Robert_Redford_3_0000
cplfw,select,hard_bpsk,FalseReject,Nikki_Reed_2_0000,Nikki_Reed_3_0000
cplfw,select,hard_bpsk,FalseReject,Felix_Trinidad_2_0000,Felix_Trinidad_3_0000
cplfw,select,hard_bpsk,FalseReject,Fernando_Valenzuela_2_0000,Fernando_Valenzuela_3_0000
cplfw,select,hard_bpsk,FalseReject,Bartosz_Kizierowski_1_0000,Bartosz_Kizierowski_3_0000
cplfw,select,hard_bpsk,FalseReject,Stephen_Webster_2_0000,Stephen_Webster_3_0000
cplfw,select,hard_bpsk,FalseReject,Kathryn_Morris_1_0000,Kathryn_Morris_2_0000
cplfw,select,hard_bpsk,FalseReject,Nona_Gaye_2_0000,Nona_Gaye_3_0000
cplfw,select,hard_bpsk,FalseReject,Lawrence_MacAulay_2_0000,Lawrence_MacAulay_3_0000
cplfw,select,hard_bpsk,FalseReject,John_Kerry_1_0000,John_Kerry_2_0000
cplfw,select,hard_bpsk,FalseReject,Felix_Trinidad_1_0000,Felix_Trinidad_3_0000
cplfw,select,hard_bpsk,FalseReject,Saparmurat_Niyazov_2_0000,Saparmurat_Niyazov_3_0000
cplfw,select,hard_bpsk,FalseReject,Shane_Mosley_1_0000,Shane_Mosley_2_0000
cplfw,select,hard_bpsk,FalseReject,Sebastian_Porto_1_0000,Sebastian_Porto_3_0000
cplfw,select,hard_bpsk,FalseReject,Kelly_Osbourne_1_0000,Kelly_Osbourne_3_0000
cplfw,select,hard_bpsk,FalseReject,Venus_Williams_1_0000,Venus_Williams_2_0000
cplfw,select,hard_bpsk,FalseReject,Bill_Richardson_1_0000,Bill_Richardson_3_0000
cplfw,select,hard_bpsk,FalseReject,Jean_Charest_1_0000,Jean_Charest_2_0000
cplfw,select,hard_bpsk,FalseReject,Blythe_Danner_2_0000,Blythe_Danner_3_0000
cplfw,select,hard_bpsk,FalseReject,Sarah_Michelle_Gellar_1_0000,Sarah_Michelle_Gellar_3_0000
cplfw,select,hard_bpsk,FalseReject,Robinson_Stevenin_1_0000,Robinson_Stevenin_2_0000
cplfw,select,hard_bpsk,FalseReject,Danny_Glover_2_0000,Danny_Glover_3_0000
cplfw,select,hard_bpsk,FalseReject,Charlie_Hunnam_1_0000,Charlie_Hunnam_3_0000
cplfw,select,hard_bpsk,FalseReject,Mikhail_Khodorkovsky_1_0000,Mikhail_Khodorkovsky_3_0000
cplfw,select,hard_bpsk,FalseReject,Natalie_Cole_2_0000,Natalie_Cole_3_0000
cplfw,select,hard_bpsk,FalseReject,George_Allen_1_0000,George_Allen_2_0000
cplfw,select,hard_bpsk,FalseReject,Chistian_Stahl_2_0000,Chistian_Stahl_3_0000
cplfw,select,hard_bpsk,FalseReject,Lars_Von_Trier_1_0000,Lars_Von_Trier_3_0000
cplfw,select,hard_bpsk,FalseReject,Vicente_Fernandez_1_0000,Vicente_Fernandez_3_0000
cplfw,select,hard_bpsk,FalseReject,Laila_Ali_1_0000,Laila_Ali_2_0000
cplfw,select,hard_bpsk,FalseReject,Patricia_Clarkson_2_0000,Patricia_Clarkson_3_0000
cplfw,select,hard_bpsk,FalseReject,Alexa_Vega_1_0000,Alexa_Vega_2_0000
cplfw,select,hard_bpsk,FalseReject,George_Harrison_1_0000,George_Harrison_3_0000
cplfw,select,hard_bpsk,FalseReject,Alicia_Witt_1_0000,Alicia_Witt_2_0000
cplfw,select,hard_bpsk,FalseReject,Tara_VanDerveer_1_0000,Tara_VanDerveer_2_0000
cplfw,select,hard_bpsk,FalseReject,Tony_Fernandes_2_0000,Tony_Fernandes_3_0000
cplfw,select,hard_bpsk,FalseReject,Alicia_Witt_2_0000,Alicia_Witt_3_0000
cplfw,select,hard_bpsk,FalseReject,Joanna_Poitier_1_0000,Joanna_Poitier_3_0000
cplfw,select,hard_bpsk,FalseReject,Eduardo_Romero_1_0000,Eduardo_Romero_3_0000
cplfw,select,hard_bpsk,FalseReject,George_Voinovich_1_0000,George_Voinovich_3_0000
cplfw,select,hard_bpsk,FalseReject,Yoriko_Kawaguchi_1_0000,Yoriko_Kawaguchi_2_0000
cplfw,select,hard_bpsk,FalseReject,John_Allen_Muhammad_1_0000,John_Allen_Muhammad_3_0000
cplfw,select,hard_bpsk,FalseReject,Gary_Doer_2_0000,Gary_Doer_3_0000
cplfw,select,hard_bpsk,FalseReject,Mark_Swartz_1_0000,Mark_Swartz_2_0000
cplfw,select,hard_bpsk,FalseReject,Chistian_Stahl_1_0000,Chistian_Stahl_3_0000
cplfw,select,hard_bpsk,FalseReject,Ernie_Els_1_0000,Ernie_Els_2_0000
cplfw,select,hard_bpsk,FalseReject,Mark_Swartz_2_0000,Mark_Swartz_3_0000
cplfw,select,hard_bpsk,FalseReject,Norman_Mineta_1_0000,Norman_Mineta_3_0000
cplfw,select,hard_bpsk,FalseReject,Ismail_Cem_2_0000,Ismail_Cem_3_0000
cplfw,select,hard_bpsk,FalseReject,Michel_Duclos_1_0000,Michel_Duclos_3_0000
cplfw,select,hard_bpsk,FalseReject,Natalie_Cole_1_0000,Natalie_Cole_3_0000
cplfw,select,hard_bpsk,FalseReject,Jerry_Hall_2_0000,Jerry_Hall_3_0000
cplfw,select,hard_bpsk,FalseReject,Kathleen_Kennedy_Townsend_1_0000,Kathleen_Kennedy_Townsend_3_0000
cplfw,select,hard_bpsk,FalseReject,Ricky_Martin_1_0000,Ricky_Martin_2_0000
cplfw,select,hard_bpsk,FalseReject,Ashley_Judd_1_0000,Ashley_Judd_3_0000
cplfw,select,hard_bpsk,FalseReject,Javier_Weber_1_0000,Javier_Weber_3_0000
cplfw,select,hard_bpsk,FalseReject,Al_Davis_2_0000,Al_Davis_3_0000
cplfw,select,hard_bpsk,FalseReject,Dominique_Perben_1_0000,Dominique_Perben_2_0000
cplfw,select,hard_bpsk,FalseReject,Chistian_Stahl_1_0000,Chistian_Stahl_2_0000
cplfw,select,hard_bpsk,FalseReject,Vince_Gill_1_0000,Vince_Gill_3_0000
cplfw,select,hard_bpsk,FalseReject,Marcus_Allen_2_0000,Marcus_Allen_3_0000
cplfw,select,hard_bpsk,FalseReject,Tony_Shalhoub_2_0000,Tony_Shalhoub_3_0000
cplfw,select,hard_bpsk,FalseReject,Joan_Laporta_2_0000,Joan_Laporta_3_0000
cplfw,select,hard_bpsk,FalseReject,Bertie_Ahern_1_0000,Bertie_Ahern_3_0000
cplfw,select,hard_bpsk,FalseReject,Sepp_Blatter_1_0000,Sepp_Blatter_3_0000
cplfw,select,hard_bpsk,FalseReject,Columba_Bush_1_0000,Columba_Bush_3_0000
cplfw,select,hard_bpsk,FalseReject,Scott_Wolf_2_0000,Scott_Wolf_3_0000
cplfw,select,hard_bpsk,FalseReject,Benjamin_Franklin_1_0000,Benjamin_Franklin_2_0000
cplfw,select,hard_bpsk,FalseReject,Romain_Duris_2_0000,Romain_Duris_3_0000
cplfw,select,hard_bpsk,FalseReject,Ralf_Schumacher_1_0000,Ralf_Schumacher_3_0000
cplfw,select,hard_bpsk,FalseReject,Jesse_Ventura_1_0000,Jesse_Ventura_3_0000
cplfw,select,hard_bpsk,FalseReject,Luc_Montagnier_2_0000,Luc_Montagnier_3_0000
cplfw,select,hard_bpsk,FalseReject,Allen_Iverson_1_0000,Allen_Iverson_3_0000
cplfw,select,hard_bpsk,FalseReject,Elizabeth_Dole_2_0000,Elizabeth_Dole_3_0000
cplfw,select,hard_bpsk,FalseReject,Cesar_Gaviria_2_0000,Cesar_Gaviria_3_0000
cplfw,select,hard_bpsk,FalseReject,Iva_Majoli_2_0000,Iva_Majoli_3_0000
cplfw,select,hard_bpsk,FalseReject,Gustavo_Kuerten_1_0000,Gustavo_Kuerten_2_0000
cplfw,select,hard_bpsk,FalseReject,Sanja_Papic_1_0000,Sanja_Papic_2_0000
cplfw,select,hard_bpsk,FalseReject,Luc_Montagnier_1_0000,Luc_Montagnier_2_0000
cplfw,select,hard_bpsk,FalseReject,Cecilia_Chang_1_0000,Cecilia_Chang_2_0000
cplfw,select,hard_bpsk,FalseReject,Gordon_Campbell_2_0000,Gordon_Campbell_3_0000
cplfw,select,hard_bpsk,FalseReject,Jay_Rasulo_1_0000,Jay_Rasulo_3_0000
cplfw,select,hard_bpsk,FalseReject,David_Suazo_1_0000,David_Suazo_2_0000
cplfw,select,hard_bpsk,FalseReject,Romain_Duris_1_0000,Romain_Duris_2_0000
cplfw,select,hard_bpsk,FalseReject,Iva_Majoli_1_0000,Iva_Majoli_3_0000
cplfw,select,hard_bpsk,FalseReject,Gary_Winnick_1_0000,Gary_Winnick_3_0000
cplfw,select,hard_bpsk,FalseReject,Debbie_Reynolds_1_0000,Debbie_Reynolds_2_0000
cplfw,select,hard_bpsk,FalseReject,Peter_Lundgren_2_0000,Peter_Lundgren_3_0000
cplfw,select,hard_bpsk,FalseReject,Jada_Pinkett_Smith_1_0000,Jada_Pinkett_Smith_2_0000
cplfw,select,hard_bpsk,FalseReject,David_Spade_1_0000,David_Spade_3_0000
cplfw,select,hard_bpsk,FalseReject,Peter_Lundgren_1_0000,Peter_Lundgren_2_0000
cplfw,select,hard_bpsk,FalseReject,David_Dodge_2_0000,David_Dodge_3_0000
cplfw,select,hard_bpsk,FalseReject,Patsy_Kensit_2_0000,Patsy_Kensit_3_0000
cplfw,select,hard_bpsk,FalseReject,Diana_Taurasi_2_0000,Diana_Taurasi_3_0000
cplfw,select,hard_bpsk,FalseReject,David_Spade_2_0000,David_Spade_3_0000
cplfw,select,hard_bpsk,FalseReject,Jane_Krakowski_1_0000,Jane_Krakowski_3_0000
cplfw,select,hard_bpsk,FalseReject,David_Suazo_1_0000,David_Suazo_3_0000
cplfw,select,hard_bpsk,FalseReject,Mona_Rishmawi_2_0000,Mona_Rishmawi_3_0000
cplfw,select,hard_bpsk,FalseReject,Cesar_Gaviria_1_0000,Cesar_Gaviria_3_0000
cplfw,select,hard_bpsk,FalseReject,Jim_Flaherty_1_0000,Jim_Flaherty_3_0000
cplfw,select,hard_bpsk,FalseReject,Scott_Wolf_1_0000,Scott_Wolf_3_0000
cplfw,select,hard_bpsk,FalseReject,Jim_Thome_1_0000,Jim_Thome_3_0000
cplfw,select,hard_bpsk,FalseReject,Laura_Pausini_1_0000,Laura_Pausini_3_0000
cplfw,select,hard_bpsk,FalseReject,Sid_Caesar_1_0000,Sid_Caesar_3_0000
cplfw,select,hard_bpsk,FalseReject,Hugo_Colace_1_0000,Hugo_Colace_3_0000
cplfw,select,hard_bpsk,FalseReject,Robbie_Fowler_1_0000,Robbie_Fowler_2_0000
cplfw,select,hard_bpsk,FalseReject,Sid_Caesar_1_0000,Sid_Caesar_2_0000
cplfw,select,hard_bpsk,FalseReject,Elena_Dementieva_1_0000,Elena_Dementieva_3_0000
cplfw,select,hard_bpsk,FalseReject,Jim_Tressel_2_0000,Jim_Tressel_3_0000
cplfw,select,hard_bpsk,FalseReject,Lynn_Redgrave_2_0000,Lynn_Redgrave_3_0000
cplfw,select,hard_bpsk,FalseAccept,Brian_Griese_3_0000,Sergio_Garcia_1_0000
cplfw,select,hard_bpsk,FalseAccept,Serena_Williams_1_0000,Venus_Williams_1_0000
cplfw,select,soft_llr_v1,FalseReject,Anders_Fogh_Rasmussen_1_0000,Anders_Fogh_Rasmussen_2_0000
cplfw,select,soft_llr_v1,FalseReject,Brad_Johnson_1_0000,Brad_Johnson_2_0000
cplfw,select,soft_llr_v1,FalseReject,Candice_Bergen_2_0000,Candice_Bergen_3_0000
cplfw,select,soft_llr_v1,FalseReject,Prince_Philippe_1_0000,Prince_Philippe_2_0000
cplfw,select,soft_llr_v1,FalseReject,Linus_Roache_1_0000,Linus_Roache_2_0000
cplfw,select,soft_llr_v1,FalseReject,Stan_Kroenke_1_0000,Stan_Kroenke_2_0000
cplfw,select,soft_llr_v1,FalseReject,Erika_Christensen_2_0000,Erika_Christensen_3_0000
cplfw,select,soft_llr_v1,FalseReject,Jimmy_Kimmel_1_0000,Jimmy_Kimmel_3_0000
cplfw,select,soft_llr_v1,FalseReject,Tyra_Banks_2_0000,Tyra_Banks_3_0000
cplfw,select,soft_llr_v1,FalseReject,Tim_Blake_Nelson_1_0000,Tim_Blake_Nelson_2_0000
cplfw,select,soft_llr_v1,FalseReject,Sam_Brownback_1_0000,Sam_Brownback_2_0000
cplfw,select,soft_llr_v1,FalseReject,Sigourney_Weaver_1_0000,Sigourney_Weaver_2_0000
cplfw,select,soft_llr_v1,FalseReject,Simon_Yam_2_0000,Simon_Yam_3_0000
cplfw,select,soft_llr_v1,FalseReject,Simon_Yam_1_0000,Simon_Yam_3_0000
cplfw,select,soft_llr_v1,FalseReject,Sigourney_Weaver_2_0000,Sigourney_Weaver_3_0000
cplfw,select,soft_llr_v1,FalseReject,Billy_Bob_Thornton_2_0000,Billy_Bob_Thornton_3_0000
cplfw,select,soft_llr_v1,FalseReject,Rick_Perry_1_0000,Rick_Perry_3_0000
cplfw,select,soft_llr_v1,FalseReject,Woody_Allen_1_0000,Woody_Allen_3_0000
cplfw,select,soft_llr_v1,FalseReject,Nina_Jacobson_1_0000,Nina_Jacobson_3_0000
cplfw,select,soft_llr_v1,FalseReject,Prince_Rainier_III_1_0000,Prince_Rainier_III_2_0000
cplfw,select,soft_llr_v1,FalseReject,Maria_Callas_1_0000,Maria_Callas_2_0000
cplfw,select,soft_llr_v1,FalseReject,Taylor_Twellman_2_0000,Taylor_Twellman_3_0000
cplfw,select,soft_llr_v1,FalseReject,Stefan_Tafrov_1_0000,Stefan_Tafrov_2_0000
cplfw,select,soft_llr_v1,FalseReject,Nursultan_Nazarbayev_1_0000,Nursultan_Nazarbayev_3_0000
cplfw,select,soft_llr_v1,FalseReject,Martin_Cauchon_1_0000,Martin_Cauchon_3_0000
cplfw,select,soft_llr_v1,FalseReject,Maria_Callas_1_0000,Maria_Callas_3_0000
cplfw,select,soft_llr_v1,FalseReject,Alfonso_Cuaron_1_0000,Alfonso_Cuaron_3_0000
cplfw,select,soft_llr_v1,FalseReject,Jimmy_Kimmel_2_0000,Jimmy_Kimmel_3_0000
cplfw,select,soft_llr_v1,FalseReject,Billy_Bob_Thornton_1_0000,Billy_Bob_Thornton_2_0000
cplfw,select,soft_llr_v1,FalseReject,Luis_Ernesto_Derbez_Bautista_1_0000,Luis_Ernesto_Derbez_Bautista_2_0000
cplfw,select,soft_llr_v1,FalseReject,Tom_Glavine_2_0000,Tom_Glavine_3_0000
cplfw,select,soft_llr_v1,FalseReject,Sterling_Hitchcock_1_0000,Sterling_Hitchcock_3_0000
cplfw,select,soft_llr_v1,FalseReject,Martina_Hingis_1_0000,Martina_Hingis_3_0000
cplfw,select,soft_llr_v1,FalseReject,Ruth_Bader_Ginsburg_1_0000,Ruth_Bader_Ginsburg_2_0000
cplfw,select,soft_llr_v1,FalseReject,Pascal_Affi_Nguessan_1_0000,Pascal_Affi_Nguessan_3_0000
cplfw,select,soft_llr_v1,FalseReject,Rachel_Kempson_2_0000,Rachel_Kempson_1_0000
cplfw,select,soft_llr_v1,FalseReject,Jerry_Tarkanian_1_0000,Jerry_Tarkanian_2_0000
cplfw,select,soft_llr_v1,FalseReject,Fernando_Sanz_1_0000,Fernando_Sanz_3_0000
cplfw,select,soft_llr_v1,FalseReject,Jerry_Tarkanian_1_0000,Jerry_Tarkanian_3_0000
cplfw,select,soft_llr_v1,FalseReject,Benjamin_Netanyahu_1_0000,Benjamin_Netanyahu_3_0000
cplfw,select,soft_llr_v1,FalseReject,Sergio_Garcia_1_0000,Sergio_Garcia_2_0000
cplfw,select,soft_llr_v1,FalseReject,Jennifer_Garner_1_0000,Jennifer_Garner_3_0000
cplfw,select,soft_llr_v1,FalseReject,Dimitar_Berbatov_1_0000,Dimitar_Berbatov_2_0000
cplfw,select,soft_llr_v1,FalseReject,Tom_Harkin_1_0000,Tom_Harkin_2_0000
cplfw,select,soft_llr_v1,FalseReject,Matthew_Broderick_1_0000,Matthew_Broderick_2_0000
cplfw,select,soft_llr_v1,FalseReject,Martin_Keown_1_0000,Martin_Keown_2_0000
cplfw,select,soft_llr_v1,FalseReject,Tom_Glavine_1_0000,Tom_Glavine_2_0000
cplfw,select,soft_llr_v1,FalseReject,Lindsey_Graham_1_0000,Lindsey_Graham_2_0000
cplfw,select,soft_llr_v1,FalseReject,Gary_Williams_1_0000,Gary_Williams_2_0000
cplfw,select,soft_llr_v1,FalseReject,Tom_Coverdale_1_0000,Tom_Coverdale_2_0000
cplfw,select,soft_llr_v1,FalseReject,Jimmy_Carter_1_0000,Jimmy_Carter_3_0000
cplfw,select,soft_llr_v1,FalseReject,Andre_Bucher_1_0000,Andre_Bucher_2_0000
cplfw,select,soft_llr_v1,FalseReject,Sam_Brownback_2_0000,Sam_Brownback_3_0000
cplfw,select,soft_llr_v1,FalseReject,Cecilia_Cheung_1_0000,Cecilia_Cheung_2_0000
cplfw,select,soft_llr_v1,FalseReject,Christian_Lacroix_2_0000,Christian_Lacroix_3_0000
cplfw,select,soft_llr_v1,FalseReject,Nina_Jacobson_1_0000,Nina_Jacobson_2_0000
cplfw,select,soft_llr_v1,FalseReject,Jeremy_Greenstock_1_0000,Jeremy_Greenstock_2_0000
cplfw,select,soft_llr_v1,FalseReject,Bill_Nelson_2_0000,Bill_Nelson_3_0000
cplfw,select,soft_llr_v1,FalseReject,Lindsey_Graham_2_0000,Lindsey_Graham_3_0000
cplfw,select,soft_llr_v1,FalseReject,Woody_Allen_2_0000,Woody_Allen_3_0000
cplfw,select,soft_llr_v1,FalseReject,Tom_Harkin_2_0000,Tom_Harkin_3_0000
cplfw,select,soft_llr_v1,FalseReject,Martin_Sheen_1_0000,Martin_Sheen_3_0000
cplfw,select,soft_llr_v1,FalseReject,Nong_Duc_Manh_1_0000,Nong_Duc_Manh_3_0000
cplfw,select,soft_llr_v1,FalseReject,Bode_Miller_1_0000,Bode_Miller_3_0000
cplfw,select,soft_llr_v1,FalseReject,Hugo_Conte_1_0000,Hugo_Conte_3_0000
cplfw,select,soft_llr_v1,FalseReject,Peter_Bacanovic_1_0000,Peter_Bacanovic_2_0000
cplfw,select,soft_llr_v1,FalseReject,Jelena_Dokic_1_0000,Jelena_Dokic_3_0000
cplfw,select,soft_llr_v1,FalseReject,Theresa_May_2_0000,Theresa_May_3_0000
cplfw,select,soft_llr_v1,FalseReject,Dany_Heatley_1_0000,Dany_Heatley_3_0000
cplfw,select,soft_llr_v1,FalseReject,Tony_Blair_1_0000,Tony_Blair_3_0000
cplfw,select,soft_llr_v1,FalseReject,Catherine_Bell_1_0000,Catherine_Bell_3_0000
cplfw,select,soft_llr_v1,FalseReject,Ed_Sullivan_1_0000,Ed_Sullivan_2_0000
cplfw,select,soft_llr_v1,FalseReject,Patricia_Wartusch_1_0000,Patricia_Wartusch_3_0000
cplfw,select,soft_llr_v1,FalseReject,Shane_Hmiel_2_0000,Shane_Hmiel_3_0000
cplfw,select,soft_llr_v1,FalseReject,Iveta_Benesova_1_0000,Iveta_Benesova_3_0000
cplfw,select,soft_llr_v1,FalseReject,Melissa_Joan_Hart_2_0000,Melissa_Joan_Hart_3_0000
cplfw,select,soft_llr_v1,FalseReject,Mario_Kreutzberger_2_0000,Mario_Kreutzberger_3_0000
cplfw,select,soft_llr_v1,FalseReject,Boris_Jordan_1_0000,Boris_Jordan_3_0000
cplfw,select,soft_llr_v1,FalseReject,Dwayne_Johnson_1_0000,Dwayne_Johnson_2_0000
cplfw,select,soft_llr_v1,FalseReject,Sandra_Bullock_1_0000,Sandra_Bullock_2_0000
cplfw,select,soft_llr_v1,FalseReject,Kimora_Lee_2_0000,Kimora_Lee_3_0000
cplfw,select,soft_llr_v1,FalseReject,Eve_Pelletier_1_0000,Eve_Pelletier_2_0000
cplfw,select,soft_llr_v1,FalseReject,Kate_Lee_1_0000,Kate_Lee_2_0000
cplfw,select,soft_llr_v1,FalseReject,Arturo_Gatti_1_0000,Arturo_Gatti_2_0000
cplfw,select,soft_llr_v1,FalseReject,Priscilla_Presley_2_0000,Priscilla_Presley_3_0000
cplfw,select,soft_llr_v1,FalseReject,Mary_Sue_Coleman_2_0000,Mary_Sue_Coleman_3_0000
cplfw,select,soft_llr_v1,FalseReject,Mehdi_Baala_1_0000,Mehdi_Baala_3_0000
cplfw,select,soft_llr_v1,FalseReject,Bob_Stoops_1_0000,Bob_Stoops_3_0000
cplfw,select,soft_llr_v1,FalseReject,Mike_Sherman_2_0000,Mike_Sherman_3_0000
cplfw,select,soft_llr_v1,FalseReject,Brett_Hawke_1_0000,Brett_Hawke_3_0000
cplfw,select,soft_llr_v1,FalseReject,Wang_Yingfan_1_0000,Wang_Yingfan_3_0000
cplfw,select,soft_llr_v1,FalseReject,Dusty_Baker_1_0000,Dusty_Baker_3_0000
cplfw,select,soft_llr_v1,FalseReject,Nelson_Mandela_1_0000,Nelson_Mandela_3_0000
cplfw,select,soft_llr_v1,FalseReject,Tippi_Hedren_1_0000,Tippi_Hedren_2_0000
cplfw,select,soft_llr_v1,FalseReject,Chanda_Rubin_1_0000,Chanda_Rubin_2_0000
cplfw,select,soft_llr_v1,FalseReject,Priscilla_Presley_1_0000,Priscilla_Presley_3_0000
cplfw,select,soft_llr_v1,FalseReject,Brennon_Leighton_1_0000,Brennon_Leighton_2_0000
cplfw,select,soft_llr_v1,FalseReject,Joe_Strummer_1_0000,Joe_Strummer_2_0000
cplfw,select,soft_llr_v1,FalseReject,Svetislav_Pesic_1_0000,Svetislav_Pesic_2_0000
cplfw,select,soft_llr_v1,FalseReject,Hu_Jintao_1_0000,Hu_Jintao_2_0000
cplfw,select,soft_llr_v1,FalseReject,Juljia_Vysotskij_1_0000,Juljia_Vysotskij_2_0000
cplfw,select,soft_llr_v1,FalseReject,Bode_Miller_1_0000,Bode_Miller_2_0000
cplfw,select,soft_llr_v1,FalseReject,Bob_Stoops_1_0000,Bob_Stoops_2_0000
cplfw,select,soft_llr_v1,FalseReject,Ed_Sullivan_1_0000,Ed_Sullivan_3_0000
cplfw,select,soft_llr_v1,FalseReject,Annette_Lu_1_0000,Annette_Lu_3_0000
cplfw,select,soft_llr_v1,FalseReject,Charles_Schumer_1_0000,Charles_Schumer_3_0000
cplfw,select,soft_llr_v1,FalseReject,Tom_DeLay_1_0000,Tom_DeLay_3_0000
cplfw,select,soft_llr_v1,FalseReject,Bill_Gates_1_0000,Bill_Gates_2_0000
cplfw,select,soft_llr_v1,FalseReject,Mary_Sue_Coleman_1_0000,Mary_Sue_Coleman_2_0000
cplfw,select,soft_llr_v1,FalseReject,Svetislav_Pesic_1_0000,Svetislav_Pesic_3_0000
cplfw,select,soft_llr_v1,FalseReject,Mary_Sue_Coleman_1_0000,Mary_Sue_Coleman_3_0000
cplfw,select,soft_llr_v1,FalseReject,Richard_Tubb_2_0000,Richard_Tubb_3_0000
cplfw,select,soft_llr_v1,FalseReject,Steven_Tyler_1_0000,Steven_Tyler_3_0000
cplfw,select,soft_llr_v1,FalseReject,Don_Flanagan_1_0000,Don_Flanagan_2_0000
cplfw,select,soft_llr_v1,FalseReject,Ed_Rendell_1_0000,Ed_Rendell_2_0000
cplfw,select,soft_llr_v1,FalseReject,John_Burkett_1_0000,John_Burkett_2_0000
cplfw,select,soft_llr_v1,FalseReject,Prince_William_1_0000,Prince_William_2_0000
cplfw,select,soft_llr_v1,FalseReject,Mikhail_Kalashnikov_1_0000,Mikhail_Kalashnikov_3_0000
cplfw,select,soft_llr_v1,FalseReject,Jimmy_Smits_1_0000,Jimmy_Smits_3_0000
cplfw,select,soft_llr_v1,FalseReject,Lindsay_Davenport_1_0000,Lindsay_Davenport_3_0000
cplfw,select,soft_llr_v1,FalseReject,Terry_Hoeppner_1_0000,Terry_Hoeppner_3_0000
cplfw,select,soft_llr_v1,FalseReject,Charles_Bronson_1_0000,Charles_Bronson_2_0000
cplfw,select,soft_llr_v1,FalseReject,Werner_Schlager_2_0000,Werner_Schlager_3_0000
cplfw,select,soft_llr_v1,FalseReject,Placido_Domingo_1_0000,Placido_Domingo_3_0000
cplfw,select,soft_llr_v1,FalseReject,Juan_Ignacio_Chela_1_0000,Juan_Ignacio_Chela_2_0000
cplfw,select,soft_llr_v1,FalseReject,Felicity_Huffman_1_0000,Felicity_Huffman_3_0000
cplfw,select,soft_llr_v1,FalseReject,Johnny_Hallyday_1_0000,Johnny_Hallyday_2_0000
cplfw,select,soft_llr_v1,FalseReject,Andre_Techine_1_0000,Andre_Techine_3_0000
cplfw,select,soft_llr_v1,FalseReject,Natalie_Maines_2_0000,Natalie_Maines_3_0000
cplfw,select,soft_llr_v1,FalseReject,Alberto_Sordi_1_0000,Alberto_Sordi_2_0000
cplfw,select,soft_llr_v1,FalseReject,Carey_Lowell_1_0000,Carey_Lowell_3_0000
cplfw,select,soft_llr_v1,FalseReject,Khalid_Khannouchi_1_0000,Khalid_Khannouchi_3_0000
cplfw,select,soft_llr_v1,FalseReject,Patricia_Wartusch_1_0000,Patricia_Wartusch_2_0000
cplfw,select,soft_llr_v1,FalseReject,Raul_Rivero_1_0000,Raul_Rivero_2_0000
cplfw,select,soft_llr_v1,FalseReject,Sarah_Hughes_1_0000,Sarah_Hughes_3_0000
cplfw,select,soft_llr_v1,FalseReject,Joe_Crede_1_0000,Joe_Crede_2_0000
cplfw,select,soft_llr_v1,FalseReject,Sarah_Hughes_2_0000,Sarah_Hughes_3_0000
cplfw,select,soft_llr_v1,FalseReject,Dick_Clark_1_0000,Dick_Clark_3_0000
cplfw,select,soft_llr_v1,FalseReject,Annette_Lu_2_0000,Annette_Lu_3_0000
cplfw,select,soft_llr_v1,FalseReject,Dany_Heatley_1_0000,Dany_Heatley_2_0000
cplfw,select,soft_llr_v1,FalseReject,Eve_Pelletier_2_0000,Eve_Pelletier_3_0000
cplfw,select,soft_llr_v1,FalseReject,Harry_Kalas_1_0000,Harry_Kalas_2_0000
cplfw,select,soft_llr_v1,FalseReject,Felipe_De_Borbon_2_0000,Felipe_De_Borbon_3_0000
cplfw,select,soft_llr_v1,FalseReject,Don_Flanagan_1_0000,Don_Flanagan_3_0000
cplfw,select,soft_llr_v1,FalseReject,Terunobu_Maeda_1_0000,Terunobu_Maeda_3_0000
cplfw,select,soft_llr_v1,FalseReject,Jesse_Helms_1_0000,Jesse_Helms_2_0000
cplfw,select,soft_llr_v1,FalseReject,Jorge_Batlle_2_0000,Jorge_Batlle_3_0000
cplfw,select,soft_llr_v1,FalseReject,Patricia_Wartusch_2_0000,Patricia_Wartusch_3_0000
cplfw,select,soft_llr_v1,FalseReject,Abdullah_1_0000,Abdullah_2_0000
cplfw,select,soft_llr_v1,FalseReject,Harvey_Weinstein_1_0000,Harvey_Weinstein_2_0000
cplfw,select,soft_llr_v1,FalseReject,Joey_Harrington_2_0000,Joey_Harrington_3_0000
cplfw,select,soft_llr_v1,FalseReject,Jonathan_Horton_1_0000,Jonathan_Horton_3_0000
cplfw,select,soft_llr_v1,FalseReject,Garth_Drabinsky_1_0000,Garth_Drabinsky_3_0000
cplfw,select,soft_llr_v1,FalseReject,David_Zeplowitz_1_0000,David_Zeplowitz_3_0000
cplfw,select,soft_llr_v1,FalseReject,Megawati_Sukarnoputri_1_0000,Megawati_Sukarnoputri_3_0000
cplfw,select,soft_llr_v1,FalseReject,Nanni_Moretti_2_0000,Nanni_Moretti_3_0000
cplfw,select,soft_llr_v1,FalseReject,Paula_Dobriansky_2_0000,Paula_Dobriansky_3_0000
cplfw,select,soft_llr_v1,FalseReject,Nanni_Moretti_1_0000,Nanni_Moretti_2_0000
cplfw,select,soft_llr_v1,FalseReject,Dan_Duquette_1_0000,Dan_Duquette_2_0000
cplfw,select,soft_llr_v1,FalseReject,Paula_Dobriansky_1_0000,Paula_Dobriansky_2_0000
cplfw,select,soft_llr_v1,FalseReject,Carly_Fiorina_1_0000,Carly_Fiorina_2_0000
cplfw,select,soft_llr_v1,FalseReject,Jules_Asner_2_0000,Jules_Asner_3_0000
cplfw,select,soft_llr_v1,FalseReject,Princess_Caroline_1_0000,Princess_Caroline_3_0000
cplfw,select,soft_llr_v1,FalseReject,Kate_Burton_1_0000,Kate_Burton_2_0000
cplfw,select,soft_llr_v1,FalseReject,Eric_Bana_1_0000,Eric_Bana_2_0000
cplfw,select,soft_llr_v1,FalseReject,Penny_Lancaster_1_0000,Penny_Lancaster_2_0000
cplfw,select,soft_llr_v1,FalseReject,Antonio_Catania_1_0000,Antonio_Catania_2_0000
cplfw,select,soft_llr_v1,FalseReject,Daniel_Ortega_1_0000,Daniel_Ortega_2_0000
cplfw,select,soft_llr_v1,FalseReject,Pat_Burns_2_0000,Pat_Burns_3_0000
cplfw,select,soft_llr_v1,FalseReject,Oscar_De_La_Hoya_2_0000,Oscar_De_La_Hoya_3_0000
cplfw,select,soft_llr_v1,FalseReject,Jerry_Springer_1_0000,Jerry_Springer_2_0000
cplfw,select,soft_llr_v1,FalseReject,Joseph_Biden_2_0000,Joseph_Biden_3_0000
cplfw,select,soft_llr_v1,FalseReject,Tung_Chee-hwa_1_0000,Tung_Chee-hwa_3_0000
cplfw,select,soft_llr_v1,FalseReject,El_Hadji_Diouf_2_0000,El_Hadji_Diouf_3_0000
cplfw,select,soft_llr_v1,FalseReject,Dan_Duquette_1_0000,Dan_Duquette_3_0000
cplfw,select,soft_llr_v1,FalseReject,Matthew_Perry_1_0000,Matthew_Perry_3_0000
cplfw,select,soft_llr_v1,FalseReject,Laurence_Tribe_1_0000,Laurence_Tribe_2_0000
cplfw,select,soft_llr_v1,FalseReject,Wanda_de_la_Jesus_1_0000,Wanda_de_la_Jesus_2_0000
cplfw,select,soft_llr_v1,FalseReject,El_Hadji_Diouf_1_0000,El_Hadji_Diouf_3_0000
cplfw,select,soft_llr_v1,FalseReject,Craig_Morgan_2_0000,Craig_Morgan_3_0000
cplfw,select,soft_llr_v1,FalseReject,Abdullah_1_0000,Abdullah_3_0000
cplfw,select,soft_llr_v1,FalseReject,Laurence_Tribe_1_0000,Laurence_Tribe_3_0000
cplfw,select,soft_llr_v1,FalseReject,Jonathan_Horton_1_0000,Jonathan_Horton_2_0000
cplfw,select,soft_llr_v1,FalseReject,Biljana_Plavsic_1_0000,Biljana_Plavsic_3_0000
cplfw,select,soft_llr_v1,FalseReject,Kevin_Hearn_1_0000,Kevin_Hearn_2_0000
cplfw,select,soft_llr_v1,FalseReject,Marc-Andre_Fleury_1_0000,Marc-Andre_Fleury_3_0000
cplfw,select,soft_llr_v1,FalseReject,Leland_Chapman_1_0000,Leland_Chapman_2_0000
cplfw,select,soft_llr_v1,FalseReject,Anita_DeFrantz_1_0000,Anita_DeFrantz_2_0000
cplfw,select,soft_llr_v1,FalseReject,Peter_Chan_2_0000,Peter_Chan_3_0000
cplfw,select,soft_llr_v1,FalseReject,Chung_Mong-joon_1_0000,Chung_Mong-joon_2_0000
cplfw,select,soft_llr_v1,FalseReject,Marie-Reine_Le_Gougne_1_0000,Marie-Reine_Le_Gougne_2_0000
cplfw,select,soft_llr_v1,FalseReject,Serge_Klarsfeld_1_0000,Serge_Klarsfeld_3_0000
cplfw,select,soft_llr_v1,FalseReject,Martin_Lawrence_1_0000,Martin_Lawrence_3_0000
cplfw,select,soft_llr_v1,FalseReject,Todd_MacCulloch_1_0000,Todd_MacCulloch_3_0000
cplfw,select,soft_llr_v1,FalseReject,Andrew_Luster_1_0000,Andrew_Luster_2_0000
cplfw,select,soft_llr_v1,FalseReject,Diane_Lane_1_0000,Diane_Lane_3_0000
cplfw,select,soft_llr_v1,FalseReject,Shane_Warne_1_0000,Shane_Warne_3_0000
cplfw,select,soft_llr_v1,FalseReject,Leland_Chapman_1_0000,Leland_Chapman_3_0000
cplfw,select,soft_llr_v1,FalseReject,Colleen_Atwood_1_0000,Colleen_Atwood_2_0000
cplfw,select,soft_llr_v1,FalseReject,Bernard_Landry_2_0000,Bernard_Landry_3_0000
cplfw,select,soft_llr_v1,FalseReject,Chung_Mong-joon_2_0000,Chung_Mong-joon_3_0000
cplfw,select,soft_llr_v1,FalseReject,Jamie_King_1_0000,Jamie_King_3_0000
cplfw,select,soft_llr_v1,FalseReject,Hana_Makhmalbaf_1_0000,Hana_Makhmalbaf_3_0000
cplfw,select,soft_llr_v1,FalseReject,Hana_Makhmalbaf_2_0000,Hana_Makhmalbaf_3_0000
cplfw,select,soft_llr_v1,FalseReject,Chea_Sophara_2_0000,Chea_Sophara_3_0000
cplfw,select,soft_llr_v1,FalseReject,Steven_Seagal_1_0000,Steven_Seagal_3_0000
cplfw,select,soft_llr_v1,FalseReject,Darren_Clarke_1_0000,Darren_Clarke_2_0000
cplfw,select,soft_llr_v1,FalseReject,Giannina_Facio_1_0000,Giannina_Facio_2_0000
cplfw,select,soft_llr_v1,FalseReject,Danny_Ainge_2_0000,Danny_Ainge_3_0000
cplfw,select,soft_llr_v1,FalseReject,David_Zeplowitz_1_0000,David_Zeplowitz_2_0000
cplfw,select,soft_llr_v1,FalseReject,Matthew_Perry_2_0000,Matthew_Perry_3_0000
cplfw,select,soft_llr_v1,FalseReject,Joe_Mantegna_1_0000,Joe_Mantegna_2_0000
cplfw,select,soft_llr_v1,FalseReject,Renee_Zellweger_1_0000,Renee_Zellweger_3_0000
cplfw,select,soft_llr_v1,FalseReject,Norm_Coleman_1_0000,Norm_Coleman_2_0000
cplfw,select,soft_llr_v1,FalseReject,Jessica_Lynch_2_0000,Jessica_Lynch_3_0000
cplfw,select,soft_llr_v1,FalseReject,Samira_Makhmalbaf_2_0000,Samira_Makhmalbaf_3_0000
cplfw,select,soft_llr_v1,FalseReject,Sheryl_Crow_1_0000,Sheryl_Crow_3_0000
cplfw,select,soft_llr_v1,FalseReject,Nanni_Moretti_1_0000,Nanni_Moretti_3_0000
cplfw,select,soft_llr_v1,FalseReject,Harvey_Weinstein_1_0000,Harvey_Weinstein_3_0000
cplfw,select,soft_llr_v1,FalseReject,Roseanne_Barr_1_0000,Roseanne_Barr_2_0000
cplfw,select,soft_llr_v1,FalseReject,Ruben_Studdard_1_0000,Ruben_Studdard_3_0000
cplfw,select,soft_llr_v1,FalseReject,Nicole_Parker_2_0000,Nicole_Parker_3_0000
cplfw,select,soft_llr_v1,FalseReject,Greg_Kinnear_1_0000,Greg_Kinnear_3_0000
cplfw,select,soft_llr_v1,FalseReject,John_Stallworth_1_0000,John_Stallworth_2_0000
cplfw,select,soft_llr_v1,FalseReject,Dustin_Hoffman_1_0000,Dustin_Hoffman_3_0000
cplfw,select,soft_llr_v1,FalseReject,Alfonso_Portillo_2_0000,Alfonso_Portillo_3_0000
cplfw,select,soft_llr_v1,FalseReject,John_Ruiz_2_0000,John_Ruiz_3_0000
cplfw,select,soft_llr_v1,FalseReject,Tony_Curtis_2_0000,Tony_Curtis_3_0000
cplfw,select,soft_llr_v1,FalseReject,Carlos_Barragan_1_0000,Carlos_Barragan_2_0000
cplfw,select,soft_llr_v1,FalseReject,Phil_Vassar_1_0000,Phil_Vassar_2_0000
cplfw,select,soft_llr_v1,FalseReject,Dan_Wheldon_1_0000,Dan_Wheldon_2_0000
cplfw,select,soft_llr_v1,FalseReject,Tony_Curtis_1_0000,Tony_Curtis_3_0000
cplfw,select,soft_llr_v1,FalseReject,Adam_Sandler_1_0000,Adam_Sandler_3_0000
cplfw,select,soft_llr_v1,FalseReject,Roberto_Carlos_1_0000,Roberto_Carlos_3_0000
cplfw,select,soft_llr_v1,FalseReject,Asmaa_Assad_1_0000,Asmaa_Assad_2_0000
cplfw,select,soft_llr_v1,FalseReject,John_Scarlett_1_0000,John_Scarlett_2_0000
cplfw,select,soft_llr_v1,FalseReject,Matthew_Ouimet_1_0000,Matthew_Ouimet_2_0000
cplfw,select,soft_llr_v1,FalseReject,Clay_Aiken_1_0000,Clay_Aiken_2_0000
cplfw,select,soft_llr_v1,FalseReject,Juan_Valencia_Osorio_2_0000,Juan_Valencia_Osorio_3_0000
cplfw,select,soft_llr_v1,FalseReject,Pedro_Solbes_1_0000,Pedro_Solbes_2_0000
cplfw,select,soft_llr_v1,FalseReject,Jean-Claude_Van_Damme_2_0000,Jean-Claude_Van_Damme_3_0000
cplfw,select,soft_llr_v1,FalseReject,Richard_Virenque_1_0000,Richard_Virenque_2_0000
cplfw,select,soft_llr_v1,FalseReject,Cristina_Fernandez_1_0000,Cristina_Fernandez_2_0000
cplfw,select,soft_llr_v1,FalseReject,Lily_Safra_2_0000,Lily_Safra_3_0000
cplfw,select,soft_llr_v1,FalseReject,Carla_Sullivan_2_0000,Carla_Sullivan_3_0000
cplfw,select,soft_llr_v1,FalseReject,Frank_Pallone_2_0000,Frank_Pallone_3_0000
cplfw,select,soft_llr_v1,FalseReject,Mathias_Reichhold_2_0000,Mathias_Reichhold_3_0000
cplfw,select,soft_llr_v1,FalseReject,Stephane_Rousseau_2_0000,Stephane_Rousseau_3_0000
cplfw,select,soft_llr_v1,FalseReject,Mariah_Carey_1_0000,Mariah_Carey_3_0000
cplfw,select,soft_llr_v1,FalseReject,Madonna_1_0000,Madonna_2_0000
cplfw,select,soft_llr_v1,FalseReject,Juan_Manuel_Marquez_2_0000,Juan_Manuel_Marquez_3_0000
cplfw,select,soft_llr_v1,FalseReject,Andy_Roddick_1_0000,Andy_Roddick_3_0000
cplfw,select,soft_llr_v1,FalseReject,Tom_Sizemore_1_0000,Tom_Sizemore_3_0000
cplfw,select,soft_llr_v1,FalseReject,John_Franco_1_0000,John_Franco_3_0000
cplfw,select,soft_llr_v1,FalseReject,Cynthia_Rowley_1_0000,Cynthia_Rowley_3_0000
cplfw,select,soft_llr_v1,FalseReject,Rainer_Gut_1_0000,Rainer_Gut_3_0000
cplfw,select,soft_llr_v1,FalseReject,Bob_Dole_1_0000,Bob_Dole_2_0000
cplfw,select,soft_llr_v1,FalseReject,Lech_Walesa_1_0000,Lech_Walesa_3_0000
cplfw,select,soft_llr_v1,FalseReject,Fernando_Leon_de_Aranoa_1_0000,Fernando_Leon_de_Aranoa_3_0000
cplfw,select,soft_llr_v1,FalseReject,Garry_Kasparov_1_0000,Garry_Kasparov_2_0000
cplfw,select,soft_llr_v1,FalseReject,Jaime_Pressly_1_0000,Jaime_Pressly_3_0000
cplfw,select,soft_llr_v1,FalseReject,Kaisser_Bazan_1_0000,Kaisser_Bazan_3_0000
cplfw,select,soft_llr_v1,FalseReject,Nick_Cassavetes_1_0000,Nick_Cassavetes_2_0000
cplfw,select,soft_llr_v1,FalseReject,Juan_Manuel_Marquez_1_0000,Juan_Manuel_Marquez_3_0000
cplfw,select,soft_llr_v1,FalseReject,Wes_Craven_1_0000,Wes_Craven_2_0000
cplfw,select,soft_llr_v1,FalseReject,Pierre_Boulanger_1_0000,Pierre_Boulanger_2_0000
cplfw,select,soft_llr_v1,FalseReject,Liza_Minnelli_1_0000,Liza_Minnelli_2_0000
cplfw,select,soft_llr_v1,FalseReject,Tom_Daschle_1_0000,Tom_Daschle_2_0000
cplfw,select,soft_llr_v1,FalseReject,Terri_Clark_2_0000,Terri_Clark_3_0000
cplfw,select,soft_llr_v1,FalseReject,Rick_Carlisle_1_0000,Rick_Carlisle_2_0000
cplfw,select,soft_llr_v1,FalseReject,Brooke_Gordon_1_0000,Brooke_Gordon_3_0000
cplfw,select,soft_llr_v1,FalseReject,Wayne_Ferreira_1_0000,Wayne_Ferreira_3_0000
cplfw,select,soft_llr_v1,FalseReject,Robbie_Williams_1_0000,Robbie_Williams_2_0000
cplfw,select,soft_llr_v1,FalseReject,Nicole_Parker_1_0000,Nicole_Parker_3_0000
cplfw,select,soft_llr_v1,FalseReject,Jerry_Lewis_1_0000,Jerry_Lewis_2_0000
cplfw,select,soft_llr_v1,FalseReject,Lisa_Marie_Presley_1_0000,Lisa_Marie_Presley_2_0000
cplfw,select,soft_llr_v1,FalseReject,Severino_Antinori_1_0000,Severino_Antinori_3_0000
cplfw,select,soft_llr_v1,FalseReject,Diego_Diego_Lerman_1_0000,Diego_Diego_Lerman_2_0000
cplfw,select,soft_llr_v1,FalseReject,Frank_Pallone_1_0000,Frank_Pallone_3_0000
cplfw,select,soft_llr_v1,FalseReject,Jane_Leeves_1_0000,Jane_Leeves_3_0000
cplfw,select,soft_llr_v1,FalseReject,Paris_Hilton_1_0000,Paris_Hilton_3_0000
cplfw,select,soft_llr_v1,FalseReject,Clay_Aiken_1_0000,Clay_Aiken_3_0000
cplfw,select,soft_llr_v1,FalseReject,Agnelo_Queiroz_1_0000,Agnelo_Queiroz_3_0000
cplfw,select,soft_llr_v1,FalseReject,Muhammad_Ali_1_0000,Muhammad_Ali_2_0000
cplfw,select,soft_llr_v1,FalseReject,David_Bisbal_1_0000,David_Bisbal_3_0000
cplfw,select,soft_llr_v1,FalseReject,Tim_Henman_1_0000,Tim_Henman_2_0000
cplfw,select,soft_llr_v1,FalseReject,Kate_Hudson_1_0000,Kate_Hudson_3_0000
cplfw,select,soft_llr_v1,FalseReject,Kate_Hudson_1_0000,Kate_Hudson_2_0000
cplfw,select,soft_llr_v1,FalseReject,Pete_Sampras_2_0000,Pete_Sampras_3_0000
cplfw,select,soft_llr_v1,FalseReject,Robbie_Williams_1_0000,Robbie_Williams_3_0000
cplfw,select,soft_llr_v1,FalseReject,Francisco_Flores_1_0000,Francisco_Flores_2_0000
cplfw,select,soft_llr_v1,FalseReject,Robbie_Williams_2_0000,Robbie_Williams_3_0000
cplfw,select,soft_llr_v1,FalseReject,Joshua_Gracin_1_0000,Joshua_Gracin_2_0000
cplfw,select,soft_llr_v1,FalseReject,Iban_Mayo_1_0000,Iban_Mayo_3_0000
cplfw,select,soft_llr_v1,FalseReject,Eric_Staal_1_0000,Eric_Staal_2_0000
cplfw,select,soft_llr_v1,FalseReject,Marion_Barry_1_0000,Marion_Barry_2_0000
cplfw,select,soft_llr_v1,FalseReject,Elizabeth_Smart_1_0000,Elizabeth_Smart_3_0000
cplfw,select,soft_llr_v1,FalseReject,Luciano_Bovicelli_2_0000,Luciano_Bovicelli_3_0000
cplfw,select,soft_llr_v1,FalseReject,Jeff_Bridges_1_0000,Jeff_Bridges_3_0000
cplfw,select,soft_llr_v1,FalseReject,Ian_Moran_1_0000,Ian_Moran_3_0000
cplfw,select,soft_llr_v1,FalseReject,Patty_Sheehan_2_0000,Patty_Sheehan_3_0000
cplfw,select,soft_llr_v1,FalseReject,Paul_Gascoigne_1_0000,Paul_Gascoigne_2_0000
cplfw,select,soft_llr_v1,FalseReject,Luciano_Bovicelli_1_0000,Luciano_Bovicelli_3_0000
cplfw,select,soft_llr_v1,FalseReject,Joe_Gatti_2_0000,Joe_Gatti_3_0000
cplfw,select,soft_llr_v1,FalseReject,Ian_Moran_1_0000,Ian_Moran_2_0000
cplfw,select,soft_llr_v1,FalseReject,Bono_1_0000,Bono_2_0000
cplfw,select,soft_llr_v1,FalseReject,Erin_Runnion_1_0000,Erin_Runnion_2_0000
cplfw,select,soft_llr_v1,FalseReject,Daniel_Scioli_1_0000,Daniel_Scioli_3_0000
cplfw,select,soft_llr_v1,FalseReject,Derek_King_1_0000,Derek_King_3_0000
cplfw,select,soft_llr_v1,FalseReject,Jerry_Rice_2_0000,Jerry_Rice_3_0000
cplfw,select,soft_llr_v1,FalseReject,Lenny_Wilkens_1_0000,Lenny_Wilkens_3_0000
cplfw,select,soft_llr_v1,FalseReject,Ajit_Agarkar_1_0000,Ajit_Agarkar_2_0000
cplfw,select,soft_llr_v1,FalseReject,Keith_Van_Horn_1_0000,Keith_Van_Horn_2_0000
cplfw,select,soft_llr_v1,FalseReject,Elena_Likhovtseva_1_0000,Elena_Likhovtseva_3_0000
cplfw,select,soft_llr_v1,FalseReject,Otto_Reich_1_0000,Otto_Reich_2_0000
cplfw,select,soft_llr_v1,FalseReject,Rolandas_Paksas_1_0000,Rolandas_Paksas_3_0000
cplfw,select,soft_llr_v1,FalseReject,Nicolas_Cage_1_0000,Nicolas_Cage_2_0000
cplfw,select,soft_llr_v1,FalseReject,Ben_Affleck_1_0000,Ben_Affleck_3_0000
cplfw,select,soft_llr_v1,FalseReject,Gil_de_Ferran_1_0000,Gil_de_Ferran_2_0000
cplfw,select,soft_llr_v1,FalseReject,Ivan_Shvedoff_1_0000,Ivan_Shvedoff_3_0000
cplfw,select,soft_llr_v1,FalseReject,Ian_Thorpe_1_0000,Ian_Thorpe_2_0000
cplfw,select,soft_llr_v1,FalseReject,Sebastian_Saja_1_0000,Sebastian_Saja_2_0000
cplfw,select,soft_llr_v1,FalseReject,Mae_Jemison_2_0000,Mae_Jemison_3_0000
cplfw,select,soft_llr_v1,FalseReject,Joe_Gatti_1_0000,Joe_Gatti_3_0000
cplfw,select,soft_llr_v1,FalseReject,Liv_Tyler_1_0000,Liv_Tyler_2_0000
cplfw,select,soft_llr_v1,FalseReject,David_Brinkley_1_0000,David_Brinkley_3_0000
cplfw,select,soft_llr_v1,FalseReject,Alanna_Ubach_1_0000,Alanna_Ubach_3_0000
cplfw,select,soft_llr_v1,FalseReject,Marty_Mornhinweg_1_0000,Marty_Mornhinweg_3_0000
cplfw,select,soft_llr_v1,FalseReject,John_Fox_1_0000,John_Fox_2_0000
cplfw,select,soft_llr_v1,FalseReject,Stanley_Tong_1_0000,Stanley_Tong_2_0000
cplfw,select,soft_llr_v1,FalseReject,Liliana_Cavani_1_0000,Liliana_Cavani_3_0000
cplfw,select,soft_llr_v1,FalseReject,Mickey_Gilley_1_0000,Mickey_Gilley_3_0000
cplfw,select,soft_llr_v1,FalseReject,Tina_Andrews_1_0000,Tina_Andrews_2_0000
cplfw,select,soft_llr_v1,FalseReject,Ian_Thorpe_2_0000,Ian_Thorpe_3_0000
cplfw,select,soft_llr_v1,FalseReject,Dan_Guerrero_1_0000,Dan_Guerrero_2_0000
cplfw,select,soft_llr_v1,FalseReject,Rand_Miller_2_0000,Rand_Miller_3_0000
cplfw,select,soft_llr_v1,FalseReject,Isabelle_Huppert_1_0000,Isabelle_Huppert_3_0000
cplfw,select,soft_llr_v1,FalseReject,Omar_Sharif_1_0000,Omar_Sharif_3_0000
cplfw,select,soft_llr_v1,FalseReject,Ben_Broussard_1_0000,Ben_Broussard_2_0000
cplfw,select,soft_llr_v1,FalseReject,Landon_Donovan_1_0000,Landon_Donovan_2_0000
cplfw,select,soft_llr_v1,FalseReject,Henri_Proglio_1_0000,Henri_Proglio_3_0000
cplfw,select,soft_llr_v1,FalseReject,Robert_Nillson_1_0000,Robert_Nillson_2_0000
cplfw,select,soft_llr_v1,FalseReject,Elena_Likhovtseva_1_0000,Elena_Likhovtseva_2_0000
cplfw,select,soft_llr_v1,FalseReject,Jacques_Villeneuve_1_0000,Jacques_Villeneuve_2_0000
cplfw,select,soft_llr_v1,FalseReject,Collis_Temple_III_1_0000,Collis_Temple_III_2_0000
cplfw,select,soft_llr_v1,FalseReject,Zhang_Ziyi_1_0000,Zhang_Ziyi_3_0000
cplfw,select,soft_llr_v1,FalseReject,Conan_OBrien_1_0000,Conan_OBrien_3_0000
cplfw,select,soft_llr_v1,FalseReject,Guillaume_Depardieu_1_0000,Guillaume_Depardieu_2_0000
cplfw,select,soft_llr_v1,FalseReject,Paul_Bettany_1_0000,Paul_Bettany_3_0000
cplfw,select,soft_llr_v1,FalseReject,Christine_Todd_Whitman_1_0000,Christine_Todd_Whitman_3_0000
cplfw,select,soft_llr_v1,FalseReject,Hunter_Kemper_1_0000,Hunter_Kemper_3_0000
cplfw,select,soft_llr_v1,FalseReject,Richard_Pennington_2_0000,Richard_Pennington_3_0000
cplfw,select,soft_llr_v1,FalseReject,Mae_Jemison_1_0000,Mae_Jemison_3_0000
cplfw,select,soft_llr_v1,FalseReject,Angela_Alvarado_Rosa_2_0000,Angela_Alvarado_Rosa_3_0000
cplfw,select,soft_llr_v1,FalseReject,Claudio_Lopez_2_0000,Claudio_Lopez_3_0000
cplfw,select,soft_llr_v1,FalseReject,Tian_Zhuang_Zhuang_1_0000,Tian_Zhuang_Zhuang_2_0000
cplfw,select,soft_llr_v1,FalseReject,Jim_Paxson_2_0000,Jim_Paxson_3_0000
cplfw,select,soft_llr_v1,FalseReject,John_Walsh_1_0000,John_Walsh_2_0000
cplfw,select,soft_llr_v1,FalseReject,Conchita_Martinez_1_0000,Conchita_Martinez_3_0000
cplfw,select,soft_llr_v1,FalseReject,Uma_Thurman_1_0000,Uma_Thurman_3_0000
cplfw,select,soft_llr_v1,FalseReject,Don_King_1_0000,Don_King_3_0000
cplfw,select,soft_llr_v1,FalseReject,John_Edwards_1_0000,John_Edwards_3_0000
cplfw,select,soft_llr_v1,FalseReject,Liliana_Cavani_1_0000,Liliana_Cavani_2_0000
cplfw,select,soft_llr_v1,FalseReject,Gil_de_Ferran_2_0000,Gil_de_Ferran_3_0000
cplfw,select,soft_llr_v1,FalseReject,Richard_Myers_2_0000,Richard_Myers_3_0000
cplfw,select,soft_llr_v1,FalseReject,Patty_Sheehan_1_0000,Patty_Sheehan_2_0000
cplfw,select,soft_llr_v1,FalseReject,Liv_Tyler_1_0000,Liv_Tyler_3_0000
cplfw,select,soft_llr_v1,FalseReject,Ben_Affleck_1_0000,Ben_Affleck_2_0000
cplfw,select,soft_llr_v1,FalseReject,John_Edwards_2_0000,John_Edwards_3_0000
cplfw,select,soft_llr_v1,FalseReject,Amanda_Coetzer_1_0000,Amanda_Coetzer_2_0000
cplfw,select,soft_llr_v1,FalseReject,Collis_Temple_III_2_0000,Collis_Temple_III_3_0000
cplfw,select,soft_llr_v1,FalseReject,Dan_Guerrero_1_0000,Dan_Guerrero_3_0000
cplfw,select,soft_llr_v1,FalseReject,Tim_Pawlenty_2_0000,Tim_Pawlenty_3_0000
cplfw,select,soft_llr_v1,FalseReject,Adrian_Annus_2_0000,Adrian_Annus_3_0000
cplfw,select,soft_llr_v1,FalseReject,Richard_Gere_1_0000,Richard_Gere_2_0000
cplfw,select,soft_llr_v1,FalseReject,Arianna_Huffington_1_0000,Arianna_Huffington_2_0000
cplfw,select,soft_llr_v1,FalseReject,William_Shatner_1_0000,William_Shatner_2_0000
cplfw,select,soft_llr_v1,FalseReject,Peter_Camejo_1_0000,Peter_Camejo_3_0000
cplfw,select,soft_llr_v1,FalseReject,James_Butts_1_0000,James_Butts_2_0000
cplfw,select,soft_llr_v1,FalseReject,Gil_de_Ferran_1_0000,Gil_de_Ferran_3_0000
cplfw,select,soft_llr_v1,FalseReject,Susie_Castillo_1_0000,Susie_Castillo_2_0000
cplfw,select,soft_llr_v1,FalseReject,Tina_Andrews_2_0000,Tina_Andrews_3_0000
cplfw,select,soft_llr_v1,FalseReject,Jose_Carlo_Fernandez_2_0000,Jose_Carlo_Fernandez_3_0000
cplfw,select,soft_llr_v1,FalseReject,Harry_Schmidt_1_0000,Harry_Schmidt_3_0000
cplfw,select,soft_llr_v1,FalseReject,Ivan_Shvedoff_1_0000,Ivan_Shvedoff_2_0000
cplfw,select,soft_llr_v1,FalseReject,Rand_Miller_1_0000,Rand_Miller_2_0000
cplfw,select,soft_llr_v1,FalseReject,Tim_Pawlenty_1_0000,Tim_Pawlenty_3_0000
cplfw,select,soft_llr_v1,FalseReject,William_Shatner_1_0000,William_Shatner_3_0000
cplfw,select,soft_llr_v1,FalseReject,Johnny_Benson_1_0000,Johnny_Benson_3_0000
cplfw,select,soft_llr_v1,FalseReject,Tim_Curry_1_0000,Tim_Curry_2_0000
cplfw,select,soft_llr_v1,FalseReject,Sebastian_Saja_2_0000,Sebastian_Saja_3_0000
cplfw,select,soft_llr_v1,FalseReject,Jim_Paxson_1_0000,Jim_Paxson_3_0000
cplfw,select,soft_llr_v1,FalseReject,Diego_Armando_Maradona_2_0000,Diego_Armando_Maradona_3_0000
cplfw,select,soft_llr_v1,FalseReject,Amanda_Coetzer_2_0000,Amanda_Coetzer_3_0000
cplfw,select,soft_llr_v1,FalseReject,Hermann_Maier_1_0000,Hermann_Maier_3_0000
cplfw,select,soft_llr_v1,FalseReject,Betty_Williams_1_0000,Betty_Williams_3_0000
cplfw,select,soft_llr_v1,FalseReject,Gary_Locke_1_0000,Gary_Locke_3_0000
cplfw,select,soft_llr_v1,FalseReject,Carlton_Dotson_1_0000,Carlton_Dotson_2_0000
cplfw,select,soft_llr_v1,FalseReject,John_Wayne_1_0000,John_Wayne_3_0000
cplfw,select,soft_llr_v1,FalseReject,Joe_Gatti_1_0000,Joe_Gatti_2_0000
cplfw,select,soft_llr_v1,FalseReject,Jose_Carlo_Fernandez_1_0000,Jose_Carlo_Fernandez_2_0000
cplfw,select,soft_llr_v1,FalseReject,Aitor_Gonzalez_2_0000,Aitor_Gonzalez_3_0000
cplfw,select,soft_llr_v1,FalseReject,Steve_Park_1_0000,Steve_Park_2_0000
cplfw,select,soft_llr_v1,FalseReject,Tina_Andrews_1_0000,Tina_Andrews_3_0000
cplfw,select,soft_llr_v1,FalseReject,Wally_Szczerbiak_1_0000,Wally_Szczerbiak_3_0000
cplfw,select,soft_llr_v1,FalseReject,Pedro_Martinez_1_0000,Pedro_Martinez_3_0000
cplfw,select,soft_llr_v1,FalseReject,David_Blaine_2_0000,David_Blaine_3_0000
cplfw,select,soft_llr_v1,FalseReject,Frank_Murkowski_1_0000,Frank_Murkowski_2_0000
cplfw,select,soft_llr_v1,FalseReject,Roger_Federer_2_0000,Roger_Federer_3_0000
cplfw,select,soft_llr_v1,FalseReject,Dean_Barkley_2_0000,Dean_Barkley_3_0000
cplfw,select,soft_llr_v1,FalseReject,Petro_Symonenko_1_0000,Petro_Symonenko_2_0000
cplfw,select,soft_llr_v1,FalseReject,Don_Siegelman_2_0000,Don_Siegelman_3_0000
cplfw,select,soft_llr_v1,FalseReject,Boris_Henry_1_0000,Boris_Henry_3_0000
cplfw,select,soft_llr_v1,FalseReject,Bill_Paxton_2_0000,Bill_Paxton_3_0000
cplfw,select,soft_llr_v1,FalseReject,Juan_Roman_Riquelme_1_0000,Juan_Roman_Riquelme_2_0000
cplfw,select,soft_llr_v1,FalseReject,Don_Matthews_1_0000,Don_Matthews_3_0000
cplfw,select,soft_llr_v1,FalseReject,Taufik_Hidayat_2_0000,Taufik_Hidayat_3_0000
cplfw,select,soft_llr_v1,FalseReject,David_Heymann_1_0000,David_Heymann_3_0000
cplfw,select,soft_llr_v1,FalseReject,Jennifer_Gratz_1_0000,Jennifer_Gratz_2_0000
cplfw,select,soft_llr_v1,FalseReject,Ramon_Delgado_1_0000,Ramon_Delgado_3_0000
cplfw,select,soft_llr_v1,FalseReject,Petria_Thomas_1_0000,Petria_Thomas_2_0000
cplfw,select,soft_llr_v1,FalseReject,Jeane_Kirkpatrick_2_0000,Jeane_Kirkpatrick_3_0000
cplfw,select,soft_llr_v1,FalseReject,Pedro_Almodovar_1_0000,Pedro_Almodovar_3_0000
cplfw,select,soft_llr_v1,FalseReject,Roger_Federer_1_0000,Roger_Federer_3_0000
cplfw,select,soft_llr_v1,FalseReject,Tom_Smothers_2_0000,Tom_Smothers_3_0000
cplfw,select,soft_llr_v1,FalseReject,Gerard_Depardieu_1_0000,Gerard_Depardieu_2_0000
cplfw,select,soft_llr_v1,FalseReject,Dinah_Turner_2_0000,Dinah_Turner_3_0000
cplfw,select,soft_llr_v1,FalseReject,Jean-David_Levitte_1_0000,Jean-David_Levitte_3_0000
cplfw,select,soft_llr_v1,FalseReject,Richard_Penniman_1_0000,Richard_Penniman_3_0000
cplfw,select,soft_llr_v1,FalseReject,Peter_Arnett_1_0000,Peter_Arnett_2_0000
cplfw,select,soft_llr_v1,FalseReject,Boris_Henry_2_0000,Boris_Henry_3_0000
cplfw,select,soft_llr_v1,FalseReject,Condoleezza_Rice_1_0000,Condoleezza_Rice_3_0000
cplfw,select,soft_llr_v1,FalseReject,Chris_Cornell_1_0000,Chris_Cornell_3_0000
cplfw,select,soft_llr_v1,FalseReject,Taufik_Hidayat_1_0000,Taufik_Hidayat_3_0000
cplfw,select,soft_llr_v1,FalseReject,Sherri_Coale_1_0000,Sherri_Coale_3_0000
cplfw,select,soft_llr_v1,FalseReject,Gerard_Depardieu_1_0000,Gerard_Depardieu_3_0000
cplfw,select,soft_llr_v1,FalseReject,Ana_Claudia_Talancon_1_0000,Ana_Claudia_Talancon_2_0000
cplfw,select,soft_llr_v1,FalseReject,Nicolas_Escude_2_0000,Nicolas_Escude_3_0000
cplfw,select,soft_llr_v1,FalseReject,Frank_Stallone_1_0000,Frank_Stallone_3_0000
cplfw,select,soft_llr_v1,FalseReject,Gordon_Lightfoot_1_0000,Gordon_Lightfoot_3_0000
cplfw,select,soft_llr_v1,FalseReject,Christoph_Daum_2_0000,Christoph_Daum_3_0000
cplfw,select,soft_llr_v1,FalseReject,Donald_Pettit_1_0000,Donald_Pettit_3_0000
cplfw,select,soft_llr_v1,FalseReject,Dean_Barkley_1_0000,Dean_Barkley_3_0000
cplfw,select,soft_llr_v1,FalseReject,Peter_Arnett_2_0000,Peter_Arnett_3_0000
cplfw,select,soft_llr_v1,FalseReject,Frank_Murkowski_1_0000,Frank_Murkowski_3_0000
cplfw,select,soft_llr_v1,FalseReject,Claudia_Schiffer_1_0000,Claudia_Schiffer_2_0000
cplfw,select,soft_llr_v1,FalseReject,John_Garamendi_1_0000,John_Garamendi_2_0000
cplfw,select,soft_llr_v1,FalseReject,Guillermo_Canas_1_0000,Guillermo_Canas_3_0000
cplfw,select,soft_llr_v1,FalseReject,Sean_OKeefe_1_0000,Sean_OKeefe_3_0000
cplfw,select,soft_llr_v1,FalseReject,Jimmy_Iovine_1_0000,Jimmy_Iovine_3_0000
cplfw,select,soft_llr_v1,FalseReject,Leszek_Miller_2_0000,Leszek_Miller_3_0000
cplfw,select,soft_llr_v1,FalseReject,Michael_Keaton_1_0000,Michael_Keaton_2_0000
cplfw,select,soft_llr_v1,FalseReject,Parthiv_Patel_1_0000,Parthiv_Patel_2_0000
cplfw,select,soft_llr_v1,FalseReject,Ain_Seppik_1_0000,Ain_Seppik_2_0000
cplfw,select,soft_llr_v1,FalseReject,Chloe_Sevigny_2_0000,Chloe_Sevigny_3_0000
cplfw,select,soft_llr_v1,FalseReject,Monte_Kiffin_1_0000,Monte_Kiffin_3_0000
cplfw,select,soft_llr_v1,FalseReject,Naoto_Kan_2_0000,Naoto_Kan_3_0000
cplfw,select,soft_llr_v1,FalseReject,Naoto_Kan_1_0000,Naoto_Kan_3_0000
cplfw,select,soft_llr_v1,FalseReject,Chris_Cookson_1_0000,Chris_Cookson_2_0000
cplfw,select,soft_llr_v1,FalseReject,Tirunesh_Dibaba_1_0000,Tirunesh_Dibaba_2_0000
cplfw,select,soft_llr_v1,FalseReject,Toni_Braxton_1_0000,Toni_Braxton_3_0000
cplfw,select,soft_llr_v1,FalseReject,Sasha_Alexander_2_0000,Sasha_Alexander_3_0000
cplfw,select,soft_llr_v1,FalseReject,Bill_Paxton_1_0000,Bill_Paxton_2_0000
cplfw,select,soft_llr_v1,FalseReject,Aishwarya_Rai_1_0000,Aishwarya_Rai_2_0000
cplfw,select,soft_llr_v1,FalseReject,Billy_Graham_2_0000,Billy_Graham_3_0000
cplfw,select,soft_llr_v1,FalseReject,Winona_Ryder_2_0000,Winona_Ryder_3_0000
cplfw,select,soft_llr_v1,FalseReject,Claudia_Schiffer_1_0000,Claudia_Schiffer_3_0000
cplfw,select,soft_llr_v1,FalseReject,Ellen_DeGeneres_1_0000,Ellen_DeGeneres_3_0000
cplfw,select,soft_llr_v1,FalseReject,Roberto_Robaina_1_0000,Roberto_Robaina_2_0000
cplfw,select,soft_llr_v1,FalseReject,Inocencio_Arias_1_0000,Inocencio_Arias_3_0000
cplfw,select,soft_llr_v1,FalseReject,Heath_Ledger_1_0000,Heath_Ledger_2_0000
cplfw,select,soft_llr_v1,FalseReject,Steve_Zahn_2_0000,Steve_Zahn_3_0000
cplfw,select,soft_llr_v1,FalseReject,Wally_Szczerbiak_2_0000,Wally_Szczerbiak_3_0000
cplfw,select,soft_llr_v1,FalseReject,Doug_Collins_1_0000,Doug_Collins_2_0000
cplfw,select,soft_llr_v1,FalseReject,Winona_Ryder_1_0000,Winona_Ryder_3_0000
cplfw,select,soft_llr_v1,FalseReject,Lili_Taylor_1_0000,Lili_Taylor_3_0000
cplfw,select,soft_llr_v1,FalseReject,Scott_Weiland_2_0000,Scott_Weiland_3_0000
cplfw,select,soft_llr_v1,FalseReject,Gordon_Lightfoot_1_0000,Gordon_Lightfoot_2_0000
cplfw,select,soft_llr_v1,FalseReject,Peter_Greenspun_1_0000,Peter_Greenspun_2_0000
cplfw,select,soft_llr_v1,FalseReject,Antje_Buschschulte_2_0000,Antje_Buschschulte_3_0000
cplfw,select,soft_llr_v1,FalseReject,Troy_Garity_1_0000,Troy_Garity_3_0000
cplfw,select,soft_llr_v1,FalseReject,Rosario_Dawson_1_0000,Rosario_Dawson_3_0000
cplfw,select,soft_llr_v1,FalseReject,Michael_Caine_1_0000,Michael_Caine_3_0000
cplfw,select,soft_llr_v1,FalseReject,Pedro_Martinez_1_0000,Pedro_Martinez_2_0000
cplfw,select,soft_llr_v1,FalseReject,Rosario_Dawson_2_0000,Rosario_Dawson_3_0000
cplfw,select,soft_llr_v1,FalseReject,James_Baker_1_0000,James_Baker_3_0000
cplfw,select,soft_llr_v1,FalseReject,Michael_Keaton_2_0000,Michael_Keaton_3_0000
cplfw,select,soft_llr_v1,FalseReject,Ali_Bin_Hussein_1_0000,Ali_Bin_Hussein_3_0000
cplfw,select,soft_llr_v1,FalseReject,Troy_Garity_1_0000,Troy_Garity_2_0000
cplfw,select,soft_llr_v1,FalseReject,Antje_Buschschulte_1_0000,Antje_Buschschulte_3_0000
cplfw,select,soft_llr_v1,FalseReject,Alan_Zemaitis_2_0000,Alan_Zemaitis_3_0000
cplfw,select,soft_llr_v1,FalseReject,Cristina_Saralegui_1_0000,Cristina_Saralegui_2_0000
cplfw,select,soft_llr_v1,FalseReject,Lincoln_Chafee_2_0000,Lincoln_Chafee_3_0000
cplfw,select,soft_llr_v1,FalseReject,Dinah_Turner_1_0000,Dinah_Turner_3_0000
cplfw,select,soft_llr_v1,FalseReject,Kristin_Scott_1_0000,Kristin_Scott_2_0000
cplfw,select,soft_llr_v1,FalseReject,Amelie_Mauresmo_1_0000,Amelie_Mauresmo_3_0000
cplfw,select,soft_llr_v1,FalseReject,Dominique_de_Villepin_1_0000,Dominique_de_Villepin_2_0000
cplfw,select,soft_llr_v1,FalseReject,Marissa_Jaret_Winokur_1_0000,Marissa_Jaret_Winokur_3_0000
cplfw,select,soft_llr_v1,FalseReject,Eric_Lloyd_2_0000,Eric_Lloyd_3_0000
cplfw,select,soft_llr_v1,FalseReject,Billy_Beane_1_0000,Billy_Beane_2_0000
cplfw,select,soft_llr_v1,FalseReject,Hannah_Stockbauer_2_0000,Hannah_Stockbauer_3_0000
cplfw,select,soft_llr_v1,FalseReject,Yasar_Yakis_1_0000,Yasar_Yakis_2_0000
cplfw,select,soft_llr_v1,FalseReject,Marissa_Jaret_Winokur_1_0000,Marissa_Jaret_Winokur_2_0000
cplfw,select,soft_llr_v1,FalseReject,Dennis_Franchione_2_0000,Dennis_Franchione_3_0000
cplfw,select,soft_llr_v1,FalseReject,Luis_Gonzalez_1_0000,Luis_Gonzalez_3_0000
cplfw,select,soft_llr_v1,FalseReject,Carson_Palmer_1_0000,Carson_Palmer_2_0000
cplfw,select,soft_llr_v1,FalseReject,Warren_Beatty_1_0000,Warren_Beatty_2_0000
cplfw,select,soft_llr_v1,FalseReject,Phil_Mickelson_1_0000,Phil_Mickelson_3_0000
cplfw,select,soft_llr_v1,FalseReject,Amy_Cotton_2_0000,Amy_Cotton_3_0000
cplfw,select,soft_llr_v1,FalseReject,Robin_Wright_Penn_1_0000,Robin_Wright_Penn_3_0000
cplfw,select,soft_llr_v1,FalseReject,Rupert_Murdoch_1_0000,Rupert_Murdoch_3_0000
cplfw,select,soft_llr_v1,FalseReject,Mesut_Yilmaz_1_0000,Mesut_Yilmaz_2_0000
cplfw,select,soft_llr_v1,FalseReject,Matt_Anderson_1_0000,Matt_Anderson_2_0000
cplfw,select,soft_llr_v1,FalseReject,Mark_Kelly_1_0000,Mark_Kelly_3_0000
cplfw,select,soft_llr_v1,FalseReject,Paul_Pierce_1_0000,Paul_Pierce_3_0000
cplfw,select,soft_llr_v1,FalseReject,Fayssal_Mekdad_1_0000,Fayssal_Mekdad_3_0000
cplfw,select,soft_llr_v1,FalseReject,Bill_Curry_2_0000,Bill_Curry_3_0000
cplfw,select,soft_llr_v1,FalseReject,Jacky_Cheung_1_0000,Jacky_Cheung_3_0000
cplfw,select,soft_llr_v1,FalseReject,Sergei_Ivanov_2_0000,Sergei_Ivanov_3_0000
cplfw,select,soft_llr_v1,FalseReject,Vanessa_Williams_1_0000,Vanessa_Williams_2_0000
cplfw,select,soft_llr_v1,FalseReject,Joaquin_Sanchez_1_0000,Joaquin_Sanchez_3_0000
cplfw,select,soft_llr_v1,FalseReject,Alex_Corretja_1_0000,Alex_Corretja_2_0000
cplfw,select,soft_llr_v1,FalseReject,Pedro_Pauleta_2_0000,Pedro_Pauleta_3_0000
cplfw,select,soft_llr_v1,FalseReject,Elsa_Zylberstein_1_0000,Elsa_Zylberstein_2_0000
cplfw,select,soft_llr_v1,FalseReject,Pedro_Pauleta_1_0000,Pedro_Pauleta_2_0000
cplfw,select,soft_llr_v1,FalseReject,Jan_Peter_Balkenende_1_0000,Jan_Peter_Balkenende_2_0000
cplfw,select,soft_llr_v1,FalseReject,Roberto_Benigni_1_0000,Roberto_Benigni_2_0000
cplfw,select,soft_llr_v1,FalseReject,Kyra_Sedgwick_1_0000,Kyra_Sedgwick_2_0000
cplfw,select,soft_llr_v1,FalseReject,Patti_Labelle_1_0000,Patti_Labelle_2_0000
cplfw,select,soft_llr_v1,FalseReject,Pedro_Pauleta_1_0000,Pedro_Pauleta_3_0000
cplfw,select,soft_llr_v1,FalseReject,John_Mayer_1_0000,John_Mayer_3_0000
cplfw,select,soft_llr_v1,FalseReject,Jean_Chretien_1_0000,Jean_Chretien_2_0000
cplfw,select,soft_llr_v1,FalseReject,Daniel_Day-Lewis_1_0000,Daniel_Day-Lewis_3_0000
cplfw,select,soft_llr_v1,FalseReject,Ilan_Goldfajn_1_0000,Ilan_Goldfajn_3_0000
cplfw,select,soft_llr_v1,FalseReject,Susan_Sarandon_1_0000,Susan_Sarandon_3_0000
cplfw,select,soft_llr_v1,FalseReject,Jim_Hendry_1_0000,Jim_Hendry_3_0000
cplfw,select,soft_llr_v1,FalseReject,Martha_Sahagun_de_Fox_2_0000,Martha_Sahagun_de_Fox_3_0000
cplfw,select,soft_llr_v1,FalseReject,Felipe_Perez_Roque_2_0000,Felipe_Perez_Roque_3_0000
cplfw,select,soft_llr_v1,FalseReject,Jean-Rene_Fourtou_1_0000,Jean-Rene_Fourtou_2_0000
cplfw,select,soft_llr_v1,FalseReject,Barbara_Boxer_1_0000,Barbara_Boxer_3_0000
cplfw,select,soft_llr_v1,FalseReject,Eduard_Shevardnadze_1_0000,Eduard_Shevardnadze_2_0000
cplfw,select,soft_llr_v1,FalseReject,Rodrigo_Rato_1_0000,Rodrigo_Rato_2_0000
cplfw,select,soft_llr_v1,FalseReject,Roger_Machado_1_0000,Roger_Machado_3_0000
cplfw,select,soft_llr_v1,FalseReject,Juan_Antonio_Samaranch_1_0000,Juan_Antonio_Samaranch_2_0000
cplfw,select,soft_llr_v1,FalseReject,Anthony_LaPaglia_2_0000,Anthony_LaPaglia_3_0000
cplfw,select,soft_llr_v1,FalseReject,Vladimir_Putin_1_0000,Vladimir_Putin_2_0000
cplfw,select,soft_llr_v1,FalseReject,Marta_Dominguz_2_0000,Marta_Dominguz_3_0000
cplfw,select,soft_llr_v1,FalseReject,Jim_Hendry_2_0000,Jim_Hendry_3_0000
cplfw,select,soft_llr_v1,FalseReject,Warren_Beatty_1_0000,Warren_Beatty_3_0000
cplfw,select,soft_llr_v1,FalseReject,Brad_Brownell_1_0000,Brad_Brownell_3_0000
cplfw,select,soft_llr_v1,FalseReject,Alex_Corretja_1_0000,Alex_Corretja_3_0000
cplfw,select,soft_llr_v1,FalseReject,William_Hochul_2_0000,William_Hochul_3_0000
cplfw,select,soft_llr_v1,FalseReject,Eric_Lloyd_1_0000,Eric_Lloyd_3_0000
cplfw,select,soft_llr_v1,FalseReject,Frederique_van_der_Wal_1_0000,Frederique_van_der_Wal_3_0000
cplfw,select,soft_llr_v1,FalseReject,Rodrigo_Rato_1_0000,Rodrigo_Rato_3_0000
cplfw,select,soft_llr_v1,FalseReject,Steve_Kerr_1_0000,Steve_Kerr_3_0000
cplfw,select,soft_llr_v1,FalseReject,Boris_Yeltsin_1_0000,Boris_Yeltsin_3_0000
cplfw,select,soft_llr_v1,FalseReject,George_Gregan_1_0000,George_Gregan_3_0000
cplfw,select,soft_llr_v1,FalseReject,Sam_Torrance_1_0000,Sam_Torrance_3_0000
cplfw,select,soft_llr_v1,FalseReject,George_Gregan_2_0000,George_Gregan_3_0000
cplfw,select,soft_llr_v1,FalseReject,Claudine_Farrell_2_0000,Claudine_Farrell_3_0000
cplfw,select,soft_llr_v1,FalseReject,Jerry_Jones_1_0000,Jerry_Jones_3_0000
cplfw,select,soft_llr_v1,FalseReject,Charlotte_Church_2_0000,Charlotte_Church_3_0000
cplfw,select,soft_llr_v1,FalseReject,Luke_Ridnour_1_0000,Luke_Ridnour_2_0000
cplfw,select,soft_llr_v1,FalseReject,Steve_Fehr_2_0000,Steve_Fehr_3_0000
cplfw,select,soft_llr_v1,FalseReject,Alan_Mulally_1_0000,Alan_Mulally_3_0000
cplfw,select,soft_llr_v1,FalseReject,Heather_Locklear_1_0000,Heather_Locklear_2_0000
cplfw,select,soft_llr_v1,FalseReject,Bill_Belichick_1_0000,Bill_Belichick_2_0000
cplfw,select,soft_llr_v1,FalseReject,Jennifer_Aniston_2_0000,Jennifer_Aniston_3_0000
cplfw,select,soft_llr_v1,FalseReject,Liu_Ye_1_0000,Liu_Ye_2_0000
cplfw,select,soft_llr_v1,FalseReject,Steve_Kerr_1_0000,Steve_Kerr_2_0000
cplfw,select,soft_llr_v1,FalseReject,Vanessa_Williams_1_0000,Vanessa_Williams_3_0000
cplfw,select,soft_llr_v1,FalseReject,Tim_Chapman_1_0000,Tim_Chapman_3_0000
cplfw,select,soft_llr_v1,FalseReject,Eduard_Shevardnadze_2_0000,Eduard_Shevardnadze_3_0000
cplfw,select,soft_llr_v1,FalseReject,Vanessa_Williams_2_0000,Vanessa_Williams_3_0000
cplfw,select,soft_llr_v1,FalseReject,Elsa_Zylberstein_1_0000,Elsa_Zylberstein_3_0000
cplfw,select,soft_llr_v1,FalseReject,Leo_Mullin_2_0000,Leo_Mullin_3_0000
cplfw,select,soft_llr_v1,FalseReject,Britney_Spears_2_0000,Britney_Spears_3_0000
cplfw,select,soft_llr_v1,FalseReject,Mike_Miller_1_0000,Mike_Miller_3_0000
cplfw,select,soft_llr_v1,FalseReject,Toby_Keith_2_0000,Toby_Keith_3_0000
cplfw,select,soft_llr_v1,FalseReject,Alan_Mulally_1_0000,Alan_Mulally_2_0000
cplfw,select,soft_llr_v1,FalseReject,Terry_Stotts_1_0000,Terry_Stotts_2_0000
cplfw,select,soft_llr_v1,FalseReject,Joseph_Estrada_1_0000,Joseph_Estrada_2_0000
cplfw,select,soft_llr_v1,FalseReject,Liu_Ye_2_0000,Liu_Ye_3_0000
cplfw,select,soft_llr_v1,FalseReject,Atal_Bihari_Vajpayee_1_0000,Atal_Bihari_Vajpayee_3_0000
cplfw,select,soft_llr_v1,FalseReject,Liu_Ye_1_0000,Liu_Ye_3_0000
cplfw,select,soft_llr_v1,FalseReject,Luiz_Inacio_Lula_da_Silva_1_0000,Luiz_Inacio_Lula_da_Silva_3_0000
cplfw,select,soft_llr_v1,FalseReject,Angela_Merkel_1_0000,Angela_Merkel_2_0000
cplfw,select,soft_llr_v1,FalseReject,Phil_Bennett_1_0000,Phil_Bennett_2_0000
cplfw,select,soft_llr_v1,FalseReject,Steve_Lavin_1_0000,Steve_Lavin_2_0000
cplfw,select,soft_llr_v1,FalseReject,Leslie_Caldwell_2_0000,Leslie_Caldwell_3_0000
cplfw,select,soft_llr_v1,FalseReject,Yana_Klochkova_1_0000,Yana_Klochkova_3_0000
cplfw,select,soft_llr_v1,FalseReject,Donald_Carty_1_0000,Donald_Carty_3_0000
cplfw,select,soft_llr_v1,FalseReject,John_Jumper_1_0000,John_Jumper_2_0000
cplfw,select,soft_llr_v1,FalseReject,Phil_Bennett_1_0000,Phil_Bennett_3_0000
cplfw,select,soft_llr_v1,FalseReject,Roberto_Benigni_1_0000,Roberto_Benigni_3_0000
cplfw,select,soft_llr_v1,FalseReject,Kellie_Coffey_2_0000,Kellie_Coffey_3_0000
cplfw,select,soft_llr_v1,FalseReject,Bill_Herrion_2_0000,Bill_Herrion_3_0000
cplfw,select,soft_llr_v1,FalseReject,Gordana_Grubin_2_0000,Gordana_Grubin_3_0000
cplfw,select,soft_llr_v1,FalseReject,Colin_Montgomerie_2_0000,Colin_Montgomerie_3_0000
cplfw,select,soft_llr_v1,FalseReject,Joaquim_Levy_1_0000,Joaquim_Levy_2_0000
cplfw,select,soft_llr_v1,FalseReject,Keiko_Sofia_Fujimori_1_0000,Keiko_Sofia_Fujimori_2_0000
cplfw,select,soft_llr_v1,FalseReject,Emanuel_Ginobili_1_0000,Emanuel_Ginobili_2_0000
cplfw,select,soft_llr_v1,FalseReject,Ed_Book_1_0000,Ed_Book_2_0000
cplfw,select,soft_llr_v1,FalseReject,Jan_Bjoerklund_1_0000,Jan_Bjoerklund_3_0000
cplfw,select,soft_llr_v1,FalseReject,Bill_Guerin_1_0000,Bill_Guerin_3_0000
cplfw,select,soft_llr_v1,FalseReject,Keiko_Sofia_Fujimori_2_0000,Keiko_Sofia_Fujimori_3_0000
cplfw,select,soft_llr_v1,FalseReject,Nicolas_Macrozonaris_1_0000,Nicolas_Macrozonaris_2_0000
cplfw,select,soft_llr_v1,FalseReject,Lori_Berenson_1_0000,Lori_Berenson_3_0000
cplfw,select,soft_llr_v1,FalseReject,Lawrence_MacAulay_1_0000,Lawrence_MacAulay_3_0000
cplfw,select,soft_llr_v1,FalseReject,Fernando_Gonzalez_1_0000,Fernando_Gonzalez_3_0000
cplfw,select,soft_llr_v1,FalseReject,Martin_Luther_King_III_1_0000,Martin_Luther_King_III_2_0000
cplfw,select,soft_llr_v1,FalseReject,Elisha_Cuthbert_1_0000,Elisha_Cuthbert_3_0000
cplfw,select,soft_llr_v1,FalseReject,Mike_Bryan_2_0000,Mike_Bryan_3_0000
cplfw,select,soft_llr_v1,FalseReject,Nikki_Reed_1_0000,Nikki_Reed_3_0000
cplfw,select,soft_llr_v1,FalseReject,Lou_Piniella_1_0000,Lou_Piniella_2_0000
cplfw,select,soft_llr_v1,FalseReject,Blythe_Danner_1_0000,Blythe_Danner_2_0000
cplfw,select,soft_llr_v1,FalseReject,Tracee_Ellis_Ross_1_0000,Tracee_Ellis_Ross_2_0000
cplfw,select,soft_llr_v1,FalseReject,Kathryn_Morris_1_0000,Kathryn_Morris_3_0000
cplfw,select,soft_llr_v1,FalseReject,Julio_Iglesias_Jr_1_0000,Julio_Iglesias_Jr_2_0000
cplfw,select,soft_llr_v1,FalseReject,Jay_Garner_1_0000,Jay_Garner_2_0000
cplfw,select,soft_llr_v1,FalseReject,Bill_Herrion_1_0000,Bill_Herrion_2_0000
cplfw,select,soft_llr_v1,FalseReject,John_Prescott_1_0000,John_Prescott_2_0000
cplfw,select,soft_llr_v1,FalseReject,Kathryn_Morris_2_0000,Kathryn_Morris_3_0000
cplfw,select,soft_llr_v1,FalseReject,Danny_Glover_1_0000,Danny_Glover_3_0000
cplfw,select,soft_llr_v1,FalseReject,Jean-Claude_Trichet_1_0000,Jean-Claude_Trichet_2_0000
cplfw,select,soft_llr_v1,FalseReject,Emanuel_Ginobili_2_0000,Emanuel_Ginobili_3_0000
cplfw,select,soft_llr_v1,FalseReject,Takeshi_Kitano_1_0000,Takeshi_Kitano_2_0000
cplfw,select,soft_llr_v1,FalseReject,Claudia_Cardinale_1_0000,Claudia_Cardinale_2_0000
cplfw,select,soft_llr_v1,FalseReject,Edward_Norton_1_0000,Edward_Norton_3_0000
cplfw,select,soft_llr_v1,FalseReject,Nikki_Cascone_1_0000,Nikki_Cascone_3_0000
cplfw,select,soft_llr_v1,FalseReject,Kurt_Russell_1_0000,Kurt_Russell_2_0000
cplfw,select,soft_llr_v1,FalseReject,Nikki_Cascone_1_0000,Nikki_Cascone_2_0000
cplfw,select,soft_llr_v1,FalseReject,Ion_Tiriac_1_0000,Ion_Tiriac_3_0000
cplfw,select,soft_llr_v1,FalseReject,Mario_Lobo_Zagallo_2_0000,Mario_Lobo_Zagallo_3_0000
cplfw,select,soft_llr_v1,FalseReject,Cameron_Diaz_1_0000,Cameron_Diaz_2_0000
cplfw,select,soft_llr_v1,FalseReject,Bob_Hartley_2_0000,Bob_Hartley_3_0000
cplfw,select,soft_llr_v1,FalseReject,Elena_Bereznaya_1_0000,Elena_Bereznaya_2_0000
cplfw,select,soft_llr_v1,FalseReject,Beyonce_Knowles_1_0000,Beyonce_Knowles_2_0000
cplfw,select,soft_llr_v1,FalseReject,Charlene_Barshefsky_1_0000,Charlene_Barshefsky_3_0000
cplfw,select,soft_llr_v1,FalseReject,Pedro_Malan_1_0000,Pedro_Malan_3_0000
cplfw,select,soft_llr_v1,FalseReject,Munir_Akram_2_0000,Munir_Akram_3_0000
cplfw,select,soft_llr_v1,FalseReject,Graciano_Rocchigiani_1_0000,Graciano_Rocchigiani_2_0000
cplfw,select,soft_llr_v1,FalseReject,Nadia_Petrova_1_0000,Nadia_Petrova_2_0000
cplfw,select,soft_llr_v1,FalseReject,Robert_Redford_1_0000,Robert_Redford_3_0000
cplfw,select,soft_llr_v1,FalseReject,Gordana_Grubin_1_0000,Gordana_Grubin_3_0000
cplfw,select,soft_llr_v1,FalseReject,Martin_McGuinness_1_0000,Martin_McGuinness_3_0000
cplfw,select,soft_llr_v1,FalseReject,Steve_Nash_1_0000,Steve_Nash_3_0000
cplfw,select,soft_llr_v1,FalseReject,Luis_Figo_2_0000,Luis_Figo_3_0000
cplfw,select,soft_llr_v1,FalseReject,Nikki_Reed_2_0000,Nikki_Reed_3_0000
cplfw,select,soft_llr_v1,FalseReject,Felix_Trinidad_2_0000,Felix_Trinidad_3_0000
cplfw,select,soft_llr_v1,FalseReject,John_Sununu_1_0000,John_Sununu_2_0000
cplfw,select,soft_llr_v1,FalseReject,Fernando_Valenzuela_2_0000,Fernando_Valenzuela_3_0000
cplfw,select,soft_llr_v1,FalseReject,Bartosz_Kizierowski_1_0000,Bartosz_Kizierowski_3_0000
cplfw,select,soft_llr_v1,FalseReject,Steve_McManaman_1_0000,Steve_McManaman_2_0000
cplfw,select,soft_llr_v1,FalseReject,Stephen_Webster_2_0000,Stephen_Webster_3_0000
cplfw,select,soft_llr_v1,FalseReject,Jay_Garner_1_0000,Jay_Garner_3_0000
cplfw,select,soft_llr_v1,FalseReject,Kathryn_Morris_1_0000,Kathryn_Morris_2_0000
cplfw,select,soft_llr_v1,FalseReject,John_Malkovich_2_0000,John_Malkovich_3_0000
cplfw,select,soft_llr_v1,FalseReject,Nona_Gaye_2_0000,Nona_Gaye_3_0000
cplfw,select,soft_llr_v1,FalseReject,Lawrence_MacAulay_2_0000,Lawrence_MacAulay_3_0000
cplfw,select,soft_llr_v1,FalseReject,John_Kerry_1_0000,John_Kerry_2_0000
cplfw,select,soft_llr_v1,FalseReject,Felix_Trinidad_1_0000,Felix_Trinidad_3_0000
cplfw,select,soft_llr_v1,FalseReject,Saparmurat_Niyazov_2_0000,Saparmurat_Niyazov_3_0000
cplfw,select,soft_llr_v1,FalseReject,Daniel_Montenegro_1_0000,Daniel_Montenegro_2_0000
cplfw,select,soft_llr_v1,FalseReject,Shane_Mosley_1_0000,Shane_Mosley_2_0000
cplfw,select,soft_llr_v1,FalseReject,Sebastian_Porto_1_0000,Sebastian_Porto_3_0000
cplfw,select,soft_llr_v1,FalseReject,Kelly_Osbourne_1_0000,Kelly_Osbourne_3_0000
cplfw,select,soft_llr_v1,FalseReject,Venus_Williams_1_0000,Venus_Williams_2_0000
cplfw,select,soft_llr_v1,FalseReject,Filippo_Inzaghi_1_0000,Filippo_Inzaghi_2_0000
cplfw,select,soft_llr_v1,FalseReject,Tracee_Ellis_Ross_1_0000,Tracee_Ellis_Ross_3_0000
cplfw,select,soft_llr_v1,FalseReject,Edward_Norton_1_0000,Edward_Norton_2_0000
cplfw,select,soft_llr_v1,FalseReject,Sebastian_Cuattrin_1_0000,Sebastian_Cuattrin_3_0000
cplfw,select,soft_llr_v1,FalseReject,Bill_Richardson_1_0000,Bill_Richardson_3_0000
cplfw,select,soft_llr_v1,FalseReject,Jean_Charest_1_0000,Jean_Charest_2_0000
cplfw,select,soft_llr_v1,FalseReject,Blythe_Danner_2_0000,Blythe_Danner_3_0000
cplfw,select,soft_llr_v1,FalseReject,Francis_Ricciardone_1_0000,Francis_Ricciardone_3_0000
cplfw,select,soft_llr_v1,FalseReject,Sarah_Michelle_Gellar_1_0000,Sarah_Michelle_Gellar_3_0000
cplfw,select,soft_llr_v1,FalseReject,Robinson_Stevenin_1_0000,Robinson_Stevenin_2_0000
cplfw,select,soft_llr_v1,FalseReject,Julie_Goodenough_1_0000,Julie_Goodenough_3_0000
cplfw,select,soft_llr_v1,FalseReject,Danny_Glover_2_0000,Danny_Glover_3_0000
cplfw,select,soft_llr_v1,FalseReject,Charlie_Hunnam_1_0000,Charlie_Hunnam_3_0000
cplfw,select,soft_llr_v1,FalseReject,Jack_Welch_1_0000,Jack_Welch_3_0000
cplfw,select,soft_llr_v1,FalseReject,Miyako_Miyazaki_2_0000,Miyako_Miyazaki_3_0000
cplfw,select,soft_llr_v1,FalseReject,Zhang_Wenkang_1_0000,Zhang_Wenkang_2_0000
cplfw,select,soft_llr_v1,FalseReject,Mikhail_Khodorkovsky_1_0000,Mikhail_Khodorkovsky_3_0000
cplfw,select,soft_llr_v1,FalseReject,Junichi_Inamoto_1_0000,Junichi_Inamoto_2_0000
cplfw,select,soft_llr_v1,FalseReject,Natalie_Cole_2_0000,Natalie_Cole_3_0000
cplfw,select,soft_llr_v1,FalseReject,Mark_Polansky_1_0000,Mark_Polansky_3_0000
cplfw,select,soft_llr_v1,FalseReject,George_Allen_1_0000,George_Allen_2_0000
cplfw,select,soft_llr_v1,FalseReject,Chistian_Stahl_2_0000,Chistian_Stahl_3_0000
cplfw,select,soft_llr_v1,FalseReject,Lars_Von_Trier_1_0000,Lars_Von_Trier_3_0000
cplfw,select,soft_llr_v1,FalseReject,Vicente_Fernandez_1_0000,Vicente_Fernandez_3_0000
cplfw,select,soft_llr_v1,FalseReject,Julio_Cesar_Chavez_2_0000,Julio_Cesar_Chavez_3_0000
cplfw,select,soft_llr_v1,FalseReject,Makiko_Tanaka_1_0000,Makiko_Tanaka_3_0000
cplfw,select,soft_llr_v1,FalseReject,Laila_Ali_1_0000,Laila_Ali_2_0000
cplfw,select,soft_llr_v1,FalseReject,Patricia_Clarkson_2_0000,Patricia_Clarkson_3_0000
cplfw,select,soft_llr_v1,FalseReject,Alexa_Vega_1_0000,Alexa_Vega_2_0000
cplfw,select,soft_llr_v1,FalseReject,George_Harrison_1_0000,George_Harrison_3_0000
cplfw,select,soft_llr_v1,FalseReject,Tony_Clement_1_0000,Tony_Clement_2_0000
cplfw,select,soft_llr_v1,FalseReject,Alicia_Witt_1_0000,Alicia_Witt_2_0000
cplfw,select,soft_llr_v1,FalseReject,Roy_Halladay_1_0000,Roy_Halladay_3_0000
cplfw,select,soft_llr_v1,FalseReject,Mary_Steenburgen_2_0000,Mary_Steenburgen_3_0000
cplfw,select,soft_llr_v1,FalseReject,Tara_VanDerveer_1_0000,Tara_VanDerveer_2_0000
cplfw,select,soft_llr_v1,FalseReject,Tony_Fernandes_2_0000,Tony_Fernandes_3_0000
cplfw,select,soft_llr_v1,FalseReject,Alvaro_Uribe_1_0000,Alvaro_Uribe_2_0000
cplfw,select,soft_llr_v1,FalseReject,Javier_Weber_2_0000,Javier_Weber_3_0000
cplfw,select,soft_llr_v1,FalseReject,Alicia_Witt_2_0000,Alicia_Witt_3_0000
cplfw,select,soft_llr_v1,FalseReject,Dominique_Perben_1_0000,Dominique_Perben_3_0000
cplfw,select,soft_llr_v1,FalseReject,Andrew_Weissmann_1_0000,Andrew_Weissmann_3_0000
cplfw,select,soft_llr_v1,FalseReject,Vagit_Alekperov_1_0000,Vagit_Alekperov_2_0000
cplfw,select,soft_llr_v1,FalseReject,Joanna_Poitier_1_0000,Joanna_Poitier_3_0000
cplfw,select,soft_llr_v1,FalseReject,Asa_Hutchinson_1_0000,Asa_Hutchinson_3_0000
cplfw,select,soft_llr_v1,FalseReject,Lubomir_Zaoralek_1_0000,Lubomir_Zaoralek_2_0000
cplfw,select,soft_llr_v1,FalseReject,Eduardo_Romero_1_0000,Eduardo_Romero_3_0000
cplfw,select,soft_llr_v1,FalseReject,Janine_Pietsch_1_0000,Janine_Pietsch_3_0000
cplfw,select,soft_llr_v1,FalseReject,Wolfgang_Clement_1_0000,Wolfgang_Clement_2_0000
cplfw,select,soft_llr_v1,FalseReject,George_Voinovich_1_0000,George_Voinovich_3_0000
cplfw,select,soft_llr_v1,FalseReject,Joanna_Poitier_1_0000,Joanna_Poitier_2_0000
cplfw,select,soft_llr_v1,FalseReject,Asa_Hutchinson_1_0000,Asa_Hutchinson_2_0000
cplfw,select,soft_llr_v1,FalseReject,Franco_Frattini_1_0000,Franco_Frattini_3_0000
cplfw,select,soft_llr_v1,FalseReject,Yoriko_Kawaguchi_1_0000,Yoriko_Kawaguchi_2_0000
cplfw,select,soft_llr_v1,FalseReject,Vicente_Fernandez_2_0000,Vicente_Fernandez_3_0000
cplfw,select,soft_llr_v1,FalseReject,John_Allen_Muhammad_1_0000,John_Allen_Muhammad_3_0000
cplfw,select,soft_llr_v1,FalseReject,Zinedine_Zidane_1_0000,Zinedine_Zidane_3_0000
cplfw,select,soft_llr_v1,FalseReject,Cedric_Benson_1_0000,Cedric_Benson_2_0000
cplfw,select,soft_llr_v1,FalseReject,Gary_Doer_2_0000,Gary_Doer_3_0000
cplfw,select,soft_llr_v1,FalseReject,Mark_Swartz_1_0000,Mark_Swartz_2_0000
cplfw,select,soft_llr_v1,FalseReject,Chistian_Stahl_1_0000,Chistian_Stahl_3_0000
cplfw,select,soft_llr_v1,FalseReject,Ernie_Els_1_0000,Ernie_Els_2_0000
cplfw,select,soft_llr_v1,FalseReject,Joan_Jett_1_0000,Joan_Jett_3_0000
cplfw,select,soft_llr_v1,FalseReject,Patrick_Roy_2_0000,Patrick_Roy_3_0000
cplfw,select,soft_llr_v1,FalseReject,Mark_Swartz_2_0000,Mark_Swartz_3_0000
cplfw,select,soft_llr_v1,FalseReject,Alastair_Campbell_2_0000,Alastair_Campbell_3_0000
cplfw,select,soft_llr_v1,FalseReject,Princess_Masako_1_0000,Princess_Masako_3_0000
cplfw,select,soft_llr_v1,FalseReject,Jo_Dee_Messina_1_0000,Jo_Dee_Messina_2_0000
cplfw,select,soft_llr_v1,FalseReject,Norman_Mineta_1_0000,Norman_Mineta_3_0000
cplfw,select,soft_llr_v1,FalseReject,Ismail_Cem_2_0000,Ismail_Cem_3_0000
cplfw,select,soft_llr_v1,FalseReject,Paul-Henri_Mathieu_1_0000,Paul-Henri_Mathieu_3_0000
cplfw,select,soft_llr_v1,FalseReject,Michel_Duclos_1_0000,Michel_Duclos_3_0000
cplfw,select,soft_llr_v1,FalseReject,George_Allen_1_0000,George_Allen_3_0000
cplfw,select,soft_llr_v1,FalseReject,Natalie_Cole_1_0000,Natalie_Cole_3_0000
cplfw,select,soft_llr_v1,FalseReject,Jerry_Hall_2_0000,Jerry_Hall_3_0000
cplfw,select,soft_llr_v1,FalseReject,Luis_Fonsi_1_0000,Luis_Fonsi_3_0000
cplfw,select,soft_llr_v1,FalseReject,Kathleen_Kennedy_Townsend_1_0000,Kathleen_Kennedy_Townsend_3_0000
cplfw,select,soft_llr_v1,FalseReject,Kristen_Breitweiser_1_0000,Kristen_Breitweiser_3_0000
cplfw,select,soft_llr_v1,FalseReject,Zhang_Wenkang_1_0000,Zhang_Wenkang_3_0000
cplfw,select,soft_llr_v1,FalseReject,Ricky_Martin_1_0000,Ricky_Martin_2_0000
cplfw,select,soft_llr_v1,FalseReject,Ashley_Judd_1_0000,Ashley_Judd_3_0000
cplfw,select,soft_llr_v1,FalseReject,Kevin_Spacey_1_0000,Kevin_Spacey_3_0000
cplfw,select,soft_llr_v1,FalseReject,Kevin_James_1_0000,Kevin_James_3_0000
cplfw,select,soft_llr_v1,FalseReject,Javier_Weber_1_0000,Javier_Weber_3_0000
cplfw,select,soft_llr_v1,FalseReject,Ashley_Judd_1_0000,Ashley_Judd_2_0000
cplfw,select,soft_llr_v1,FalseReject,Al_Davis_2_0000,Al_Davis_3_0000
cplfw,select,soft_llr_v1,FalseReject,Dominique_Perben_1_0000,Dominique_Perben_2_0000
cplfw,select,soft_llr_v1,FalseReject,Chistian_Stahl_1_0000,Chistian_Stahl_2_0000
cplfw,select,soft_llr_v1,FalseReject,Rachel_Leigh_Cook_1_0000,Rachel_Leigh_Cook_3_0000
cplfw,select,soft_llr_v1,FalseReject,Vince_Gill_1_0000,Vince_Gill_3_0000
cplfw,select,soft_llr_v1,FalseReject,Marcus_Allen_2_0000,Marcus_Allen_3_0000
cplfw,select,soft_llr_v1,FalseReject,Al_Davis_1_0000,Al_Davis_2_0000
cplfw,select,soft_llr_v1,FalseReject,Irina_Lobacheva_1_0000,Irina_Lobacheva_2_0000
cplfw,select,soft_llr_v1,FalseReject,Tony_Shalhoub_1_0000,Tony_Shalhoub_2_0000
cplfw,select,soft_llr_v1,FalseReject,Peter_Greenaway_1_0000,Peter_Greenaway_3_0000
cplfw,select,soft_llr_v1,FalseReject,Charlie_Sheen_1_0000,Charlie_Sheen_2_0000
cplfw,select,soft_llr_v1,FalseReject,Tony_Shalhoub_2_0000,Tony_Shalhoub_3_0000
cplfw,select,soft_llr_v1,FalseReject,Tony_Fernandes_1_0000,Tony_Fernandes_2_0000
cplfw,select,soft_llr_v1,FalseReject,Wolfgang_Schuessel_2_0000,Wolfgang_Schuessel_3_0000
cplfw,select,soft_llr_v1,FalseReject,Joan_Laporta_2_0000,Joan_Laporta_3_0000
cplfw,select,soft_llr_v1,FalseReject,Stephen_Friedman_1_0000,Stephen_Friedman_2_0000
cplfw,select,soft_llr_v1,FalseReject,Bertie_Ahern_1_0000,Bertie_Ahern_3_0000
cplfw,select,soft_llr_v1,FalseReject,Sepp_Blatter_1_0000,Sepp_Blatter_3_0000
cplfw,select,soft_llr_v1,FalseReject,Columba_Bush_1_0000,Columba_Bush_3_0000
cplfw,select,soft_llr_v1,FalseReject,Geno_Auriemma_1_0000,Geno_Auriemma_3_0000
cplfw,select,soft_llr_v1,FalseReject,Donald_Trump_2_0000,Donald_Trump_3_0000
cplfw,select,soft_llr_v1,FalseReject,Alina_Kabaeva_1_0000,Alina_Kabaeva_3_0000
cplfw,select,soft_llr_v1,FalseReject,John_Norquist_2_0000,John_Norquist_3_0000
cplfw,select,soft_llr_v1,FalseReject,Columba_Bush_2_0000,Columba_Bush_3_0000
cplfw,select,soft_llr_v1,FalseReject,Marcelo_Ebrard_1_0000,Marcelo_Ebrard_2_0000
cplfw,select,soft_llr_v1,FalseReject,Scott_Wolf_2_0000,Scott_Wolf_3_0000
cplfw,select,soft_llr_v1,FalseReject,Benjamin_Franklin_1_0000,Benjamin_Franklin_2_0000
cplfw,select,soft_llr_v1,FalseReject,Romain_Duris_2_0000,Romain_Duris_3_0000
cplfw,select,soft_llr_v1,FalseReject,Sid_Caesar_2_0000,Sid_Caesar_3_0000
cplfw,select,soft_llr_v1,FalseReject,Ralf_Schumacher_1_0000,Ralf_Schumacher_3_0000
cplfw,select,soft_llr_v1,FalseReject,Billy_Boyd_2_0000,Billy_Boyd_3_0000
cplfw,select,soft_llr_v1,FalseReject,Timothy_McVeigh_1_0000,Timothy_McVeigh_3_0000
cplfw,select,soft_llr_v1,FalseReject,Slobodan_Milosevic_2_0000,Slobodan_Milosevic_3_0000
cplfw,select,soft_llr_v1,FalseReject,Jesse_Ventura_1_0000,Jesse_Ventura_3_0000
cplfw,select,soft_llr_v1,FalseReject,Luc_Montagnier_2_0000,Luc_Montagnier_3_0000
cplfw,select,soft_llr_v1,FalseReject,Jayson_Williams_1_0000,Jayson_Williams_3_0000
cplfw,select,soft_llr_v1,FalseReject,George_W_Bush_1_0000,George_W_Bush_3_0000
cplfw,select,soft_llr_v1,FalseReject,Allen_Iverson_1_0000,Allen_Iverson_3_0000
cplfw,select,soft_llr_v1,FalseReject,Theo_Epstein_1_0000,Theo_Epstein_3_0000
cplfw,select,soft_llr_v1,FalseReject,Zafarullah_Khan_Jamali_1_0000,Zafarullah_Khan_Jamali_2_0000
cplfw,select,soft_llr_v1,FalseReject,Elizabeth_Dole_2_0000,Elizabeth_Dole_3_0000
cplfw,select,soft_llr_v1,FalseReject,Stacy_Dragila_1_0000,Stacy_Dragila_3_0000
cplfw,select,soft_llr_v1,FalseReject,Tom_Tunney_1_0000,Tom_Tunney_3_0000
cplfw,select,soft_llr_v1,FalseReject,Michael_Jackson_1_0000,Michael_Jackson_2_0000
cplfw,select,soft_llr_v1,FalseReject,Peter_Goldmark_2_0000,Peter_Goldmark_3_0000
cplfw,select,soft_llr_v1,FalseReject,Cesar_Gaviria_2_0000,Cesar_Gaviria_3_0000
cplfw,select,soft_llr_v1,FalseReject,Aaron_Tippin_2_0000,Aaron_Tippin_3_0000
cplfw,select,soft_llr_v1,FalseReject,Iva_Majoli_2_0000,Iva_Majoli_3_0000
cplfw,select,soft_llr_v1,FalseReject,Tino_Martinez_2_0000,Tino_Martinez_3_0000
cplfw,select,soft_llr_v1,FalseReject,Gustavo_Kuerten_1_0000,Gustavo_Kuerten_2_0000
cplfw,select,soft_llr_v1,FalseReject,Sanja_Papic_1_0000,Sanja_Papic_2_0000
cplfw,select,soft_llr_v1,FalseReject,Arie_Haan_1_0000,Arie_Haan_3_0000
cplfw,select,soft_llr_v1,FalseReject,Luc_Montagnier_1_0000,Luc_Montagnier_2_0000
cplfw,select,soft_llr_v1,FalseReject,Cecilia_Chang_1_0000,Cecilia_Chang_2_0000
cplfw,select,soft_llr_v1,FalseReject,Peter_Lundgren_1_0000,Peter_Lundgren_3_0000
cplfw,select,soft_llr_v1,FalseReject,Mike_Martz_1_0000,Mike_Martz_2_0000
cplfw,select,soft_llr_v1,FalseReject,Gordon_Campbell_2_0000,Gordon_Campbell_3_0000
cplfw,select,soft_llr_v1,FalseReject,Michael_Bloomberg_1_0000,Michael_Bloomberg_2_0000
cplfw,select,soft_llr_v1,FalseReject,James_Cunningham_1_0000,James_Cunningham_3_0000
cplfw,select,soft_llr_v1,FalseReject,Jay_Rasulo_1_0000,Jay_Rasulo_3_0000
cplfw,select,soft_llr_v1,FalseReject,Qazi_Hussain_Ahmed_1_0000,Qazi_Hussain_Ahmed_2_0000
cplfw,select,soft_llr_v1,FalseReject,David_Suazo_1_0000,David_Suazo_2_0000
cplfw,select,soft_llr_v1,FalseReject,Gustavo_Kuerten_1_0000,Gustavo_Kuerten_3_0000
cplfw,select,soft_llr_v1,FalseReject,Ross_Verba_2_0000,Ross_Verba_3_0000
cplfw,select,soft_llr_v1,FalseReject,Romain_Duris_1_0000,Romain_Duris_2_0000
cplfw,select,soft_llr_v1,FalseReject,Iva_Majoli_1_0000,Iva_Majoli_3_0000
cplfw,select,soft_llr_v1,FalseReject,Brendan_Hansen_2_0000,Brendan_Hansen_3_0000
cplfw,select,soft_llr_v1,FalseReject,Gary_Winnick_1_0000,Gary_Winnick_3_0000
cplfw,select,soft_llr_v1,FalseReject,Salman_Rushdie_1_0000,Salman_Rushdie_2_0000
cplfw,select,soft_llr_v1,FalseReject,Debbie_Reynolds_1_0000,Debbie_Reynolds_2_0000
cplfw,select,soft_llr_v1,FalseReject,Peter_Lundgren_2_0000,Peter_Lundgren_3_0000
cplfw,select,soft_llr_v1,FalseReject,Jada_Pinkett_Smith_1_0000,Jada_Pinkett_Smith_2_0000
cplfw,select,soft_llr_v1,FalseReject,James_Gibson_2_0000,James_Gibson_3_0000
cplfw,select,soft_llr_v1,FalseReject,David_Spade_1_0000,David_Spade_3_0000
cplfw,select,soft_llr_v1,FalseReject,Augustin_Calleri_1_0000,Augustin_Calleri_2_0000
cplfw,select,soft_llr_v1,FalseReject,Shawn_Marion_1_0000,Shawn_Marion_2_0000
cplfw,select,soft_llr_v1,FalseReject,Peter_Lundgren_1_0000,Peter_Lundgren_2_0000
cplfw,select,soft_llr_v1,FalseReject,William_Burns_2_0000,William_Burns_3_0000
cplfw,select,soft_llr_v1,FalseReject,David_Dodge_2_0000,David_Dodge_3_0000
cplfw,select,soft_llr_v1,FalseReject,Patsy_Kensit_2_0000,Patsy_Kensit_3_0000
cplfw,select,soft_llr_v1,FalseReject,Martin_Scorsese_1_0000,Martin_Scorsese_3_0000
cplfw,select,soft_llr_v1,FalseReject,Lina_Krasnoroutskaya_2_0000,Lina_Krasnoroutskaya_3_0000
cplfw,select,soft_llr_v1,FalseReject,Diana_Taurasi_2_0000,Diana_Taurasi_3_0000
cplfw,select,soft_llr_v1,FalseReject,David_Spade_2_0000,David_Spade_3_0000
cplfw,select,soft_llr_v1,FalseReject,Jane_Krakowski_1_0000,Jane_Krakowski_3_0000
cplfw,select,soft_llr_v1,FalseReject,David_Suazo_1_0000,David_Suazo_3_0000
cplfw,select,soft_llr_v1,FalseReject,Mona_Rishmawi_2_0000,Mona_Rishmawi_3_0000
cplfw,select,soft_llr_v1,FalseReject,David_Heyman_2_0000,David_Heyman_3_0000
cplfw,select,soft_llr_v1,FalseReject,Colin_Jackson_1_0000,Colin_Jackson_3_0000
cplfw,select,soft_llr_v1,FalseReject,Tony_Parker_1_0000,Tony_Parker_2_0000
cplfw,select,soft_llr_v1,FalseReject,Cesar_Gaviria_1_0000,Cesar_Gaviria_3_0000
cplfw,select,soft_llr_v1,FalseReject,Gary_Winnick_2_0000,Gary_Winnick_3_0000
cplfw,select,soft_llr_v1,FalseReject,Jim_Flaherty_1_0000,Jim_Flaherty_3_0000
cplfw,select,soft_llr_v1,FalseReject,Scott_Wolf_1_0000,Scott_Wolf_3_0000
cplfw,select,soft_llr_v1,FalseReject,Jon_Gruden_2_0000,Jon_Gruden_3_0000
cplfw,select,soft_llr_v1,FalseReject,Ashanti_1_0000,Ashanti_2_0000
cplfw,select,soft_llr_v1,FalseReject,Jim_Thome_1_0000,Jim_Thome_3_0000
cplfw,select,soft_llr_v1,FalseReject,Deepa_Mehta_2_0000,Deepa_Mehta_3_0000
cplfw,select,soft_llr_v1,FalseReject,Elena_Dementieva_1_0000,Elena_Dementieva_2_0000
cplfw,select,soft_llr_v1,FalseReject,Laura_Pausini_1_0000,Laura_Pausini_3_0000
cplfw,select,soft_llr_v1,FalseReject,Janusz_Kaminski_1_0000,Janusz_Kaminski_3_0000
cplfw,select,soft_llr_v1,FalseReject,Alina_Kabaeva_2_0000,Alina_Kabaeva_3_0000
cplfw,select,soft_llr_v1,FalseReject,Adam_Mair_1_0000,Adam_Mair_2_0000
cplfw,select,soft_llr_v1,FalseReject,Josh_Kronfeld_1_0000,Josh_Kronfeld_3_0000
cplfw,select,soft_llr_v1,FalseReject,Robert_Towne_1_0000,Robert_Towne_2_0000
cplfw,select,soft_llr_v1,FalseReject,Sid_Caesar_1_0000,Sid_Caesar_3_0000
cplfw,select,soft_llr_v1,FalseReject,Simon_Cowell_1_0000,Simon_Cowell_2_0000
cplfw,select,soft_llr_v1,FalseReject,David_Heyman_1_0000,David_Heyman_2_0000
cplfw,select,soft_llr_v1,FalseReject,Hugo_Colace_1_0000,Hugo_Colace_3_0000
cplfw,select,soft_llr_v1,FalseReject,Ambrose_Lee_1_0000,Ambrose_Lee_3_0000
cplfw,select,soft_llr_v1,FalseReject,Robbie_Fowler_1_0000,Robbie_Fowler_2_0000
cplfw,select,soft_llr_v1,FalseReject,Sid_Caesar_1_0000,Sid_Caesar_2_0000
cplfw,select,soft_llr_v1,FalseReject,Ricky_Barnes_1_0000,Ricky_Barnes_2_0000
cplfw,select,soft_llr_v1,FalseReject,Elena_Dementieva_1_0000,Elena_Dementieva_3_0000
cplfw,select,soft_llr_v1,FalseReject,Ross_Verba_1_0000,Ross_Verba_3_0000
cplfw,select,soft_llr_v1,FalseReject,Jim_Tressel_2_0000,Jim_Tressel_3_0000
cplfw,select,soft_llr_v1,FalseReject,Lynn_Redgrave_2_0000,Lynn_Redgrave_3_0000
cplfw,select,empirical_llr,FalseReject,Prince_Philippe_1_0000,Prince_Philippe_2_0000
cplfw,select,empirical_llr,FalseReject,Erika_Christensen_2_0000,Erika_Christensen_3_0000
cplfw,select,empirical_llr,FalseReject,Tyra_Banks_2_0000,Tyra_Banks_3_0000
cplfw,select,empirical_llr,FalseReject,Billy_Bob_Thornton_2_0000,Billy_Bob_Thornton_3_0000
cplfw,select,empirical_llr,FalseReject,Nina_Jacobson_1_0000,Nina_Jacobson_3_0000
cplfw,select,empirical_llr,FalseReject,Maria_Callas_1_0000,Maria_Callas_3_0000
cplfw,select,empirical_llr,FalseReject,Alfonso_Cuaron_1_0000,Alfonso_Cuaron_3_0000
cplfw,select,empirical_llr,FalseReject,Jerry_Tarkanian_1_0000,Jerry_Tarkanian_2_0000
cplfw,select,empirical_llr,FalseReject,Jerry_Tarkanian_1_0000,Jerry_Tarkanian_3_0000
cplfw,select,empirical_llr,FalseReject,Sergio_Garcia_1_0000,Sergio_Garcia_2_0000
cplfw,select,empirical_llr,FalseReject,Matthew_Broderick_1_0000,Matthew_Broderick_2_0000
cplfw,select,empirical_llr,FalseReject,Lindsey_Graham_1_0000,Lindsey_Graham_2_0000
cplfw,select,empirical_llr,FalseReject,Jimmy_Carter_1_0000,Jimmy_Carter_3_0000
cplfw,select,empirical_llr,FalseReject,Nina_Jacobson_1_0000,Nina_Jacobson_2_0000
cplfw,select,empirical_llr,FalseReject,Lindsey_Graham_2_0000,Lindsey_Graham_3_0000
cplfw,select,empirical_llr,FalseReject,Bode_Miller_1_0000,Bode_Miller_3_0000
cplfw,select,empirical_llr,FalseReject,Hugo_Conte_1_0000,Hugo_Conte_3_0000
cplfw,select,empirical_llr,FalseReject,Jelena_Dokic_1_0000,Jelena_Dokic_3_0000
cplfw,select,empirical_llr,FalseReject,Dany_Heatley_1_0000,Dany_Heatley_3_0000
cplfw,select,empirical_llr,FalseReject,Patricia_Wartusch_1_0000,Patricia_Wartusch_3_0000
cplfw,select,empirical_llr,FalseReject,Melissa_Joan_Hart_2_0000,Melissa_Joan_Hart_3_0000
cplfw,select,empirical_llr,FalseReject,Kate_Lee_1_0000,Kate_Lee_2_0000
cplfw,select,empirical_llr,FalseReject,Mary_Sue_Coleman_2_0000,Mary_Sue_Coleman_3_0000
cplfw,select,empirical_llr,FalseReject,Dusty_Baker_1_0000,Dusty_Baker_3_0000
cplfw,select,empirical_llr,FalseReject,Tippi_Hedren_1_0000,Tippi_Hedren_2_0000
cplfw,select,empirical_llr,FalseReject,Priscilla_Presley_1_0000,Priscilla_Presley_3_0000
cplfw,select,empirical_llr,FalseReject,Bode_Miller_1_0000,Bode_Miller_2_0000
cplfw,select,empirical_llr,FalseReject,Ed_Sullivan_1_0000,Ed_Sullivan_3_0000
cplfw,select,empirical_llr,FalseReject,Svetislav_Pesic_1_0000,Svetislav_Pesic_3_0000
cplfw,select,empirical_llr,FalseReject,Don_Flanagan_1_0000,Don_Flanagan_2_0000
cplfw,select,empirical_llr,FalseReject,John_Burkett_1_0000,John_Burkett_2_0000
cplfw,select,empirical_llr,FalseReject,Juan_Ignacio_Chela_1_0000,Juan_Ignacio_Chela_2_0000
cplfw,select,empirical_llr,FalseReject,Andre_Techine_1_0000,Andre_Techine_3_0000
cplfw,select,empirical_llr,FalseReject,Patricia_Wartusch_1_0000,Patricia_Wartusch_2_0000
cplfw,select,empirical_llr,FalseReject,Joe_Crede_1_0000,Joe_Crede_2_0000
cplfw,select,empirical_llr,FalseReject,Sarah_Hughes_2_0000,Sarah_Hughes_3_0000
cplfw,select,empirical_llr,FalseReject,Dany_Heatley_1_0000,Dany_Heatley_2_0000
cplfw,select,empirical_llr,FalseReject,Harry_Kalas_1_0000,Harry_Kalas_2_0000
cplfw,select,empirical_llr,FalseReject,Felipe_De_Borbon_2_0000,Felipe_De_Borbon_3_0000
cplfw,select,empirical_llr,FalseReject,Don_Flanagan_1_0000,Don_Flanagan_3_0000
cplfw,select,empirical_llr,FalseReject,Patricia_Wartusch_2_0000,Patricia_Wartusch_3_0000
cplfw,select,empirical_llr,FalseReject,David_Zeplowitz_1_0000,David_Zeplowitz_3_0000
cplfw,select,empirical_llr,FalseReject,Nanni_Moretti_1_0000,Nanni_Moretti_2_0000
cplfw,select,empirical_llr,FalseReject,Paula_Dobriansky_1_0000,Paula_Dobriansky_2_0000
cplfw,select,empirical_llr,FalseReject,Carly_Fiorina_1_0000,Carly_Fiorina_2_0000
cplfw,select,empirical_llr,FalseReject,Antonio_Catania_1_0000,Antonio_Catania_2_0000
cplfw,select,empirical_llr,FalseReject,Tung_Chee-hwa_1_0000,Tung_Chee-hwa_3_0000
cplfw,select,empirical_llr,FalseReject,Laurence_Tribe_1_0000,Laurence_Tribe_3_0000
cplfw,select,empirical_llr,FalseReject,Jonathan_Horton_1_0000,Jonathan_Horton_2_0000
cplfw,select,empirical_llr,FalseReject,Peter_Chan_2_0000,Peter_Chan_3_0000
cplfw,select,empirical_llr,FalseReject,Chung_Mong-joon_1_0000,Chung_Mong-joon_2_0000
cplfw,select,empirical_llr,FalseReject,Bernard_Landry_2_0000,Bernard_Landry_3_0000
cplfw,select,empirical_llr,FalseReject,Chung_Mong-joon_2_0000,Chung_Mong-joon_3_0000
cplfw,select,empirical_llr,FalseReject,Hana_Makhmalbaf_2_0000,Hana_Makhmalbaf_3_0000
cplfw,select,empirical_llr,FalseReject,David_Zeplowitz_1_0000,David_Zeplowitz_2_0000
cplfw,select,empirical_llr,FalseReject,Jessica_Lynch_2_0000,Jessica_Lynch_3_0000
cplfw,select,empirical_llr,FalseReject,Roseanne_Barr_1_0000,Roseanne_Barr_2_0000
cplfw,select,empirical_llr,FalseReject,Alfonso_Portillo_2_0000,Alfonso_Portillo_3_0000
cplfw,select,empirical_llr,FalseReject,Carlos_Barragan_1_0000,Carlos_Barragan_2_0000
cplfw,select,empirical_llr,FalseReject,Tony_Curtis_1_0000,Tony_Curtis_3_0000
cplfw,select,empirical_llr,FalseReject,Asmaa_Assad_1_0000,Asmaa_Assad_2_0000
cplfw,select,empirical_llr,FalseReject,Juan_Valencia_Osorio_2_0000,Juan_Valencia_Osorio_3_0000
cplfw,select,empirical_llr,FalseReject,Cristina_Fernandez_1_0000,Cristina_Fernandez_2_0000
cplfw,select,empirical_llr,FalseReject,Lily_Safra_2_0000,Lily_Safra_3_0000
cplfw,select,empirical_llr,FalseReject,Carla_Sullivan_2_0000,Carla_Sullivan_3_0000
cplfw,select,empirical_llr,FalseReject,Madonna_1_0000,Madonna_2_0000
cplfw,select,empirical_llr,FalseReject,Juan_Manuel_Marquez_2_0000,Juan_Manuel_Marquez_3_0000
cplfw,select,empirical_llr,FalseReject,Andy_Roddick_1_0000,Andy_Roddick_3_0000
cplfw,select,empirical_llr,FalseReject,Lech_Walesa_1_0000,Lech_Walesa_3_0000
cplfw,select,empirical_llr,FalseReject,Fernando_Leon_de_Aranoa_1_0000,Fernando_Leon_de_Aranoa_3_0000
cplfw,select,empirical_llr,FalseReject,Juan_Manuel_Marquez_1_0000,Juan_Manuel_Marquez_3_0000
cplfw,select,empirical_llr,FalseReject,Liza_Minnelli_1_0000,Liza_Minnelli_2_0000
cplfw,select,empirical_llr,FalseReject,Terri_Clark_2_0000,Terri_Clark_3_0000
cplfw,select,empirical_llr,FalseReject,Rick_Carlisle_1_0000,Rick_Carlisle_2_0000
cplfw,select,empirical_llr,FalseReject,Jerry_Lewis_1_0000,Jerry_Lewis_2_0000
cplfw,select,empirical_llr,FalseReject,Lisa_Marie_Presley_1_0000,Lisa_Marie_Presley_2_0000
cplfw,select,empirical_llr,FalseReject,Severino_Antinori_1_0000,Severino_Antinori_3_0000
cplfw,select,empirical_llr,FalseReject,Jane_Leeves_1_0000,Jane_Leeves_3_0000
cplfw,select,empirical_llr,FalseReject,Muhammad_Ali_1_0000,Muhammad_Ali_2_0000
cplfw,select,empirical_llr,FalseReject,Kate_Hudson_1_0000,Kate_Hudson_3_0000
cplfw,select,empirical_llr,FalseReject,Kate_Hudson_1_0000,Kate_Hudson_2_0000
cplfw,select,empirical_llr,FalseReject,Joshua_Gracin_1_0000,Joshua_Gracin_2_0000
cplfw,select,empirical_llr,FalseReject,Marion_Barry_1_0000,Marion_Barry_2_0000
cplfw,select,empirical_llr,FalseReject,Luciano_Bovicelli_2_0000,Luciano_Bovicelli_3_0000
cplfw,select,empirical_llr,FalseReject,Jeff_Bridges_1_0000,Jeff_Bridges_3_0000
cplfw,select,empirical_llr,FalseReject,Ian_Moran_1_0000,Ian_Moran_3_0000
cplfw,select,empirical_llr,FalseReject,Patty_Sheehan_2_0000,Patty_Sheehan_3_0000
cplfw,select,empirical_llr,FalseReject,Luciano_Bovicelli_1_0000,Luciano_Bovicelli_3_0000
cplfw,select,empirical_llr,FalseReject,Bono_1_0000,Bono_2_0000
cplfw,select,empirical_llr,FalseReject,Erin_Runnion_1_0000,Erin_Runnion_2_0000
cplfw,select,empirical_llr,FalseReject,Lenny_Wilkens_1_0000,Lenny_Wilkens_3_0000
cplfw,select,empirical_llr,FalseReject,Keith_Van_Horn_1_0000,Keith_Van_Horn_2_0000
cplfw,select,empirical_llr,FalseReject,Rolandas_Paksas_1_0000,Rolandas_Paksas_3_0000
cplfw,select,empirical_llr,FalseReject,Gil_de_Ferran_1_0000,Gil_de_Ferran_2_0000
cplfw,select,empirical_llr,FalseReject,Liv_Tyler_1_0000,Liv_Tyler_2_0000
cplfw,select,empirical_llr,FalseReject,John_Fox_1_0000,John_Fox_2_0000
cplfw,select,empirical_llr,FalseReject,Isabelle_Huppert_1_0000,Isabelle_Huppert_3_0000
cplfw,select,empirical_llr,FalseReject,Omar_Sharif_1_0000,Omar_Sharif_3_0000
cplfw,select,empirical_llr,FalseReject,Ben_Broussard_1_0000,Ben_Broussard_2_0000
cplfw,select,empirical_llr,FalseReject,Landon_Donovan_1_0000,Landon_Donovan_2_0000
cplfw,select,empirical_llr,FalseReject,Jacques_Villeneuve_1_0000,Jacques_Villeneuve_2_0000
cplfw,select,empirical_llr,FalseReject,Hunter_Kemper_1_0000,Hunter_Kemper_3_0000
cplfw,select,empirical_llr,FalseReject,Angela_Alvarado_Rosa_2_0000,Angela_Alvarado_Rosa_3_0000
cplfw,select,empirical_llr,FalseReject,Uma_Thurman_1_0000,Uma_Thurman_3_0000
cplfw,select,empirical_llr,FalseReject,Liliana_Cavani_1_0000,Liliana_Cavani_2_0000
cplfw,select,empirical_llr,FalseReject,Gil_de_Ferran_2_0000,Gil_de_Ferran_3_0000
cplfw,select,empirical_llr,FalseReject,Peter_Camejo_1_0000,Peter_Camejo_3_0000
cplfw,select,empirical_llr,FalseReject,Gil_de_Ferran_1_0000,Gil_de_Ferran_3_0000
cplfw,select,empirical_llr,FalseReject,Tina_Andrews_2_0000,Tina_Andrews_3_0000
cplfw,select,empirical_llr,FalseReject,Johnny_Benson_1_0000,Johnny_Benson_3_0000
cplfw,select,empirical_llr,FalseReject,Jim_Paxson_1_0000,Jim_Paxson_3_0000
cplfw,select,empirical_llr,FalseReject,Diego_Armando_Maradona_2_0000,Diego_Armando_Maradona_3_0000
cplfw,select,empirical_llr,FalseReject,Carlton_Dotson_1_0000,Carlton_Dotson_2_0000
cplfw,select,empirical_llr,FalseReject,Jose_Carlo_Fernandez_1_0000,Jose_Carlo_Fernandez_2_0000
cplfw,select,empirical_llr,FalseReject,Steve_Park_1_0000,Steve_Park_2_0000
cplfw,select,empirical_llr,FalseReject,Tina_Andrews_1_0000,Tina_Andrews_3_0000
cplfw,select,empirical_llr,FalseReject,Pedro_Martinez_1_0000,Pedro_Martinez_3_0000
cplfw,select,empirical_llr,FalseReject,Boris_Henry_1_0000,Boris_Henry_3_0000
cplfw,select,empirical_llr,FalseReject,Bill_Paxton_2_0000,Bill_Paxton_3_0000
cplfw,select,empirical_llr,FalseReject,Juan_Roman_Riquelme_1_0000,Juan_Roman_Riquelme_2_0000
cplfw,select,empirical_llr,FalseReject,Pedro_Almodovar_1_0000,Pedro_Almodovar_3_0000
cplfw,select,empirical_llr,FalseReject,Gerard_Depardieu_1_0000,Gerard_Depardieu_2_0000
cplfw,select,empirical_llr,FalseReject,Peter_Arnett_1_0000,Peter_Arnett_2_0000
cplfw,select,empirical_llr,FalseReject,Boris_Henry_2_0000,Boris_Henry_3_0000
cplfw,select,empirical_llr,FalseReject,Chris_Cornell_1_0000,Chris_Cornell_3_0000
cplfw,select,empirical_llr,FalseReject,Christoph_Daum_2_0000,Christoph_Daum_3_0000
cplfw,select,empirical_llr,FalseReject,Leszek_Miller_2_0000,Leszek_Miller_3_0000
cplfw,select,empirical_llr,FalseReject,Winona_Ryder_2_0000,Winona_Ryder_3_0000
cplfw,select,empirical_llr,FalseReject,Ellen_DeGeneres_1_0000,Ellen_DeGeneres_3_0000
cplfw,select,empirical_llr,FalseReject,Inocencio_Arias_1_0000,Inocencio_Arias_3_0000
cplfw,select,empirical_llr,FalseReject,Steve_Zahn_2_0000,Steve_Zahn_3_0000
cplfw,select,empirical_llr,FalseReject,Wally_Szczerbiak_2_0000,Wally_Szczerbiak_3_0000
cplfw,select,empirical_llr,FalseReject,Winona_Ryder_1_0000,Winona_Ryder_3_0000
cplfw,select,empirical_llr,FalseReject,Pedro_Martinez_1_0000,Pedro_Martinez_2_0000
cplfw,select,empirical_llr,FalseReject,Ali_Bin_Hussein_1_0000,Ali_Bin_Hussein_3_0000
cplfw,select,empirical_llr,FalseReject,Alan_Zemaitis_2_0000,Alan_Zemaitis_3_0000
cplfw,select,empirical_llr,FalseReject,Kristin_Scott_1_0000,Kristin_Scott_2_0000
cplfw,select,empirical_llr,FalseReject,Billy_Beane_1_0000,Billy_Beane_2_0000
cplfw,select,empirical_llr,FalseReject,Marissa_Jaret_Winokur_1_0000,Marissa_Jaret_Winokur_2_0000
cplfw,select,empirical_llr,FalseReject,Luis_Gonzalez_1_0000,Luis_Gonzalez_3_0000
cplfw,select,empirical_llr,FalseReject,Rupert_Murdoch_1_0000,Rupert_Murdoch_3_0000
cplfw,select,empirical_llr,FalseReject,Matt_Anderson_1_0000,Matt_Anderson_2_0000
cplfw,select,empirical_llr,FalseReject,Fayssal_Mekdad_1_0000,Fayssal_Mekdad_3_0000
cplfw,select,empirical_llr,FalseReject,Bill_Curry_2_0000,Bill_Curry_3_0000
cplfw,select,empirical_llr,FalseReject,Pedro_Pauleta_2_0000,Pedro_Pauleta_3_0000
cplfw,select,empirical_llr,FalseReject,Jan_Peter_Balkenende_1_0000,Jan_Peter_Balkenende_2_0000
cplfw,select,empirical_llr,FalseReject,Kyra_Sedgwick_1_0000,Kyra_Sedgwick_2_0000
cplfw,select,empirical_llr,FalseReject,Patti_Labelle_1_0000,Patti_Labelle_2_0000
cplfw,select,empirical_llr,FalseReject,Martha_Sahagun_de_Fox_2_0000,Martha_Sahagun_de_Fox_3_0000
cplfw,select,empirical_llr,FalseReject,Eduard_Shevardnadze_1_0000,Eduard_Shevardnadze_2_0000
cplfw,select,empirical_llr,FalseReject,Roger_Machado_1_0000,Roger_Machado_3_0000
cplfw,select,empirical_llr,FalseReject,Anthony_LaPaglia_2_0000,Anthony_LaPaglia_3_0000
cplfw,select,empirical_llr,FalseReject,Marta_Dominguz_2_0000,Marta_Dominguz_3_0000
cplfw,select,empirical_llr,FalseReject,George_Gregan_1_0000,George_Gregan_3_0000
cplfw,select,empirical_llr,FalseReject,Sam_Torrance_1_0000,Sam_Torrance_3_0000
cplfw,select,empirical_llr,FalseReject,George_Gregan_2_0000,George_Gregan_3_0000
cplfw,select,empirical_llr,FalseReject,Charlotte_Church_2_0000,Charlotte_Church_3_0000
cplfw,select,empirical_llr,FalseReject,Steve_Fehr_2_0000,Steve_Fehr_3_0000
cplfw,select,empirical_llr,FalseReject,Liu_Ye_1_0000,Liu_Ye_2_0000
cplfw,select,empirical_llr,FalseReject,Vanessa_Williams_1_0000,Vanessa_Williams_3_0000
cplfw,select,empirical_llr,FalseReject,Eduard_Shevardnadze_2_0000,Eduard_Shevardnadze_3_0000
cplfw,select,empirical_llr,FalseReject,Elsa_Zylberstein_1_0000,Elsa_Zylberstein_3_0000
cplfw,select,empirical_llr,FalseReject,Britney_Spears_2_0000,Britney_Spears_3_0000
cplfw,select,empirical_llr,FalseReject,Toby_Keith_2_0000,Toby_Keith_3_0000
cplfw,select,empirical_llr,FalseReject,Alan_Mulally_1_0000,Alan_Mulally_2_0000
cplfw,select,empirical_llr,FalseReject,Atal_Bihari_Vajpayee_1_0000,Atal_Bihari_Vajpayee_3_0000
cplfw,select,empirical_llr,FalseReject,Liu_Ye_1_0000,Liu_Ye_3_0000
cplfw,select,empirical_llr,FalseReject,Yana_Klochkova_1_0000,Yana_Klochkova_3_0000
cplfw,select,empirical_llr,FalseReject,Kellie_Coffey_2_0000,Kellie_Coffey_3_0000
cplfw,select,empirical_llr,FalseReject,Bill_Herrion_2_0000,Bill_Herrion_3_0000
cplfw,select,empirical_llr,FalseReject,Ed_Book_1_0000,Ed_Book_2_0000
cplfw,select,empirical_llr,FalseReject,Elisha_Cuthbert_1_0000,Elisha_Cuthbert_3_0000
cplfw,select,empirical_llr,FalseReject,Julio_Iglesias_Jr_1_0000,Julio_Iglesias_Jr_2_0000
cplfw,select,empirical_llr,FalseReject,Danny_Glover_1_0000,Danny_Glover_3_0000
cplfw,select,empirical_llr,FalseReject,Takeshi_Kitano_1_0000,Takeshi_Kitano_2_0000
cplfw,select,empirical_llr,FalseReject,Claudia_Cardinale_1_0000,Claudia_Cardinale_2_0000
cplfw,select,empirical_llr,FalseReject,Nikki_Cascone_1_0000,Nikki_Cascone_3_0000
cplfw,select,empirical_llr,FalseReject,Kurt_Russell_1_0000,Kurt_Russell_2_0000
cplfw,select,empirical_llr,FalseReject,Nikki_Cascone_1_0000,Nikki_Cascone_2_0000
cplfw,select,empirical_llr,FalseReject,Nikki_Reed_2_0000,Nikki_Reed_3_0000
cplfw,select,empirical_llr,FalseReject,Felix_Trinidad_2_0000,Felix_Trinidad_3_0000
cplfw,select,empirical_llr,FalseReject,Fernando_Valenzuela_2_0000,Fernando_Valenzuela_3_0000
cplfw,select,empirical_llr,FalseReject,Bartosz_Kizierowski_1_0000,Bartosz_Kizierowski_3_0000
cplfw,select,empirical_llr,FalseReject,Nona_Gaye_2_0000,Nona_Gaye_3_0000
cplfw,select,empirical_llr,FalseReject,John_Kerry_1_0000,John_Kerry_2_0000
cplfw,select,empirical_llr,FalseReject,Felix_Trinidad_1_0000,Felix_Trinidad_3_0000
cplfw,select,empirical_llr,FalseReject,Saparmurat_Niyazov_2_0000,Saparmurat_Niyazov_3_0000
cplfw,select,empirical_llr,FalseReject,Shane_Mosley_1_0000,Shane_Mosley_2_0000
cplfw,select,empirical_llr,FalseReject,Sebastian_Porto_1_0000,Sebastian_Porto_3_0000
cplfw,select,empirical_llr,FalseReject,Kelly_Osbourne_1_0000,Kelly_Osbourne_3_0000
cplfw,select,empirical_llr,FalseReject,Bill_Richardson_1_0000,Bill_Richardson_3_0000
cplfw,select,empirical_llr,FalseReject,Jean_Charest_1_0000,Jean_Charest_2_0000
cplfw,select,empirical_llr,FalseReject,Blythe_Danner_2_0000,Blythe_Danner_3_0000
cplfw,select,empirical_llr,FalseReject,Sarah_Michelle_Gellar_1_0000,Sarah_Michelle_Gellar_3_0000
cplfw,select,empirical_llr,FalseReject,Danny_Glover_2_0000,Danny_Glover_3_0000
cplfw,select,empirical_llr,FalseReject,Mikhail_Khodorkovsky_1_0000,Mikhail_Khodorkovsky_3_0000
cplfw,select,empirical_llr,FalseReject,Junichi_Inamoto_1_0000,Junichi_Inamoto_2_0000
cplfw,select,empirical_llr,FalseReject,Natalie_Cole_2_0000,Natalie_Cole_3_0000
cplfw,select,empirical_llr,FalseReject,George_Allen_1_0000,George_Allen_2_0000
cplfw,select,empirical_llr,FalseReject,Chistian_Stahl_2_0000,Chistian_Stahl_3_0000
cplfw,select,empirical_llr,FalseReject,Vicente_Fernandez_1_0000,Vicente_Fernandez_3_0000
cplfw,select,empirical_llr,FalseReject,Laila_Ali_1_0000,Laila_Ali_2_0000
cplfw,select,empirical_llr,FalseReject,Alexa_Vega_1_0000,Alexa_Vega_2_0000
cplfw,select,empirical_llr,FalseReject,George_Harrison_1_0000,George_Harrison_3_0000
cplfw,select,empirical_llr,FalseReject,Alicia_Witt_1_0000,Alicia_Witt_2_0000
cplfw,select,empirical_llr,FalseReject,Tara_VanDerveer_1_0000,Tara_VanDerveer_2_0000
cplfw,select,empirical_llr,FalseReject,Alicia_Witt_2_0000,Alicia_Witt_3_0000
cplfw,select,empirical_llr,FalseReject,John_Allen_Muhammad_1_0000,John_Allen_Muhammad_3_0000
cplfw,select,empirical_llr,FalseReject,Gary_Doer_2_0000,Gary_Doer_3_0000
cplfw,select,empirical_llr,FalseReject,Mark_Swartz_1_0000,Mark_Swartz_2_0000
cplfw,select,empirical_llr,FalseReject,Chistian_Stahl_1_0000,Chistian_Stahl_3_0000
cplfw,select,empirical_llr,FalseReject,Patrick_Roy_2_0000,Patrick_Roy_3_0000
cplfw,select,empirical_llr,FalseReject,Mark_Swartz_2_0000,Mark_Swartz_3_0000
cplfw,select,empirical_llr,FalseReject,Norman_Mineta_1_0000,Norman_Mineta_3_0000
cplfw,select,empirical_llr,FalseReject,Michel_Duclos_1_0000,Michel_Duclos_3_0000
cplfw,select,empirical_llr,FalseReject,Natalie_Cole_1_0000,Natalie_Cole_3_0000
cplfw,select,empirical_llr,FalseReject,Kathleen_Kennedy_Townsend_1_0000,Kathleen_Kennedy_Townsend_3_0000
cplfw,select,empirical_llr,FalseReject,Ricky_Martin_1_0000,Ricky_Martin_2_0000
cplfw,select,empirical_llr,FalseReject,Javier_Weber_1_0000,Javier_Weber_3_0000
cplfw,select,empirical_llr,FalseReject,Al_Davis_2_0000,Al_Davis_3_0000
cplfw,select,empirical_llr,FalseReject,Dominique_Perben_1_0000,Dominique_Perben_2_0000
cplfw,select,empirical_llr,FalseReject,Chistian_Stahl_1_0000,Chistian_Stahl_2_0000
cplfw,select,empirical_llr,FalseReject,Vince_Gill_1_0000,Vince_Gill_3_0000
cplfw,select,empirical_llr,FalseReject,Marcus_Allen_2_0000,Marcus_Allen_3_0000
cplfw,select,empirical_llr,FalseReject,Tony_Shalhoub_2_0000,Tony_Shalhoub_3_0000
cplfw,select,empirical_llr,FalseReject,Columba_Bush_1_0000,Columba_Bush_3_0000
cplfw,select,empirical_llr,FalseReject,Benjamin_Franklin_1_0000,Benjamin_Franklin_2_0000
cplfw,select,empirical_llr,FalseReject,Romain_Duris_2_0000,Romain_Duris_3_0000
cplfw,select,empirical_llr,FalseReject,Ralf_Schumacher_1_0000,Ralf_Schumacher_3_0000
cplfw,select,empirical_llr,FalseReject,Cesar_Gaviria_2_0000,Cesar_Gaviria_3_0000
cplfw,select,empirical_llr,FalseReject,Gustavo_Kuerten_1_0000,Gustavo_Kuerten_2_0000
cplfw,select,empirical_llr,FalseReject,Sanja_Papic_1_0000,Sanja_Papic_2_0000
cplfw,select,empirical_llr,FalseReject,Luc_Montagnier_1_0000,Luc_Montagnier_2_0000
cplfw,select,empirical_llr,FalseReject,Cecilia_Chang_1_0000,Cecilia_Chang_2_0000
cplfw,select,empirical_llr,FalseReject,Gordon_Campbell_2_0000,Gordon_Campbell_3_0000
cplfw,select,empirical_llr,FalseReject,Iva_Majoli_1_0000,Iva_Majoli_3_0000
cplfw,select,empirical_llr,FalseReject,Dan_Kellner_1_0000,Dan_Kellner_3_0000
cplfw,select,empirical_llr,FalseReject,Peter_Lundgren_2_0000,Peter_Lundgren_3_0000
cplfw,select,empirical_llr,FalseReject,Jada_Pinkett_Smith_1_0000,Jada_Pinkett_Smith_2_0000
cplfw,select,empirical_llr,FalseReject,David_Spade_1_0000,David_Spade_3_0000
cplfw,select,empirical_llr,FalseReject,Peter_Lundgren_1_0000,Peter_Lundgren_2_0000
cplfw,select,empirical_llr,FalseReject,Patsy_Kensit_2_0000,Patsy_Kensit_3_0000
cplfw,select,empirical_llr,FalseReject,David_Spade_2_0000,David_Spade_3_0000
cplfw,select,empirical_llr,FalseReject,David_Suazo_1_0000,David_Suazo_3_0000
cplfw,select,empirical_llr,FalseReject,Mona_Rishmawi_2_0000,Mona_Rishmawi_3_0000
cplfw,select,empirical_llr,FalseReject,Jim_Thome_1_0000,Jim_Thome_3_0000
cplfw,select,empirical_llr,FalseReject,Laura_Pausini_1_0000,Laura_Pausini_3_0000
cplfw,select,empirical_llr,FalseReject,Sid_Caesar_1_0000,Sid_Caesar_3_0000
cplfw,select,empirical_llr,FalseReject,Jim_Tressel_2_0000,Jim_Tressel_3_0000
cplfw,select,empirical_llr,FalseReject,Lynn_Redgrave_2_0000,Lynn_Redgrave_3_0000
cplfw,select,empirical_llr,FalseAccept,Serena_Williams_1_0000,Venus_Williams_1_0000
