identity,cache_filename_1,cache_filename_2,fold
able_wanamakok,able_wanamakok_0015.npy,able_wanamakok_0025.npy,Asian_Females
able_wanamakok,able_wanamakok_0015.npy,able_wanamakok_0041.npy,Asian_Females
able_wanamakok,able_wanamakok_0027.npy,able_wanamakok_0041.npy,Asian_Females
able_wanamakok,able_wanamakok_0012.npy,able_wanamakok_0024.npy,Asian_Females
able_wanamakok,able_wanamakok_0015.npy,able_wanamakok_0056.npy,Asian_Females
able_wanamakok,able_wanamakok_0012.npy,able_wanamakok_0015.npy,Asian_Females
able_wanamakok,able_wanamakok_0024.npy,able_wanamakok_0042.npy,Asian_Females
able_wanamakok,able_wanamakok_0025.npy,able_wanamakok_0041.npy,Asian_Females
able_wanamakok,able_wanamakok_0012.npy,able_wanamakok_0027.npy,Asian_Females
able_wanamakok,able_wanamakok_0007.npy,able_wanamakok_0025.npy,Asian_Females
anna_maria_perez_de_tagle,anna_maria_perez_de_tagle_0082.npy,anna_maria_perez_de_tagle_0093.npy,Asian_Females
anna_tsuchiya,anna_tsuchiya_0019.npy,anna_tsuchiya_0050.npy,Asian_Females
anna_tsuchiya,anna_tsuchiya_0015.npy,anna_tsuchiya_0044.npy,Asian_Females
anna_tsuchiya,anna_tsuchiya_0003.npy,anna_tsuchiya_0019.npy,Asian_Females
anna_tsuchiya,anna_tsuchiya_0001.npy,anna_tsuchiya_0050.npy,Asian_Females
anna_tsuchiya,anna_tsuchiya_0005.npy,anna_tsuchiya_0015.npy,Asian_Females
anna_tsuchiya,anna_tsuchiya_0015.npy,anna_tsuchiya_0042.npy,Asian_Females
anna_tsuchiya,anna_tsuchiya_0001.npy,anna_tsuchiya_0005.npy,Asian_Females
anna_tsuchiya,anna_tsuchiya_0001.npy,anna_tsuchiya_0003.npy,Asian_Females
anna_tsuchiya,anna_tsuchiya_0003.npy,anna_tsuchiya_0042.npy,Asian_Females
anna_tsuchiya,anna_tsuchiya_0001.npy,anna_tsuchiya_0018.npy,Asian_Females
aubrey_anderson-emmons,aubrey_anderson-emmons_0001.npy,aubrey_anderson-emmons_0002.npy,Asian_Females
aubrey_anderson-emmons,aubrey_anderson-emmons_0014.npy,aubrey_anderson-emmons_0029.npy,Asian_Females
aubrey_anderson-emmons,aubrey_anderson-emmons_0015.npy,aubrey_anderson-emmons_0029.npy,Asian_Females
aubrey_anderson-emmons,aubrey_anderson-emmons_0001.npy,aubrey_anderson-emmons_0033.npy,Asian_Females
aubrey_anderson-emmons,aubrey_anderson-emmons_0002.npy,aubrey_anderson-emmons_0033.npy,Asian_Females
aubrey_anderson-emmons,aubrey_anderson-emmons_0001.npy,aubrey_anderson-emmons_0015.npy,Asian_Females
aubrey_anderson-emmons,aubrey_anderson-emmons_0001.npy,aubrey_anderson-emmons_0014.npy,Asian_Females
aubrey_anderson-emmons,aubrey_anderson-emmons_0015.npy,aubrey_anderson-emmons_0033.npy,Asian_Females
aubrey_anderson-emmons,aubrey_anderson-emmons_0002.npy,aubrey_anderson-emmons_0015.npy,Asian_Females
aubrey_anderson-emmons,aubrey_anderson-emmons_0002.npy,aubrey_anderson-emmons_0029.npy,Asian_Females
fala_chen,fala_chen_0062.npy,fala_chen_0063.npy,Asian_Females
fala_chen,fala_chen_0062.npy,fala_chen_0069.npy,Asian_Females
fala_chen,fala_chen_0062.npy,fala_chen_0073.npy,Asian_Females
fala_chen,fala_chen_0063.npy,fala_chen_0069.npy,Asian_Females
fala_chen,fala_chen_0063.npy,fala_chen_0073.npy,Asian_Females
fala_chen,fala_chen_0069.npy,fala_chen_0073.npy,Asian_Females
fumino_kimura,fumino_kimura_0007.npy,fumino_kimura_0021.npy,Asian_Females
fumino_kimura,fumino_kimura_0022.npy,fumino_kimura_0061.npy,Asian_Females
fumino_kimura,fumino_kimura_0016.npy,fumino_kimura_0049.npy,Asian_Females
fumino_kimura,fumino_kimura_0047.npy,fumino_kimura_0049.npy,Asian_Females
fumino_kimura,fumino_kimura_0016.npy,fumino_kimura_0028.npy,Asian_Females
fumino_kimura,fumino_kimura_0022.npy,fumino_kimura_0062.npy,Asian_Females
fumino_kimura,fumino_kimura_0055.npy,fumino_kimura_0062.npy,Asian_Females
fumino_kimura,fumino_kimura_0028.npy,fumino_kimura_0055.npy,Asian_Females
fumino_kimura,fumino_kimura_0049.npy,fumino_kimura_0054.npy,Asian_Females
fumino_kimura,fumino_kimura_0016.npy,fumino_kimura_0061.npy,Asian_Females
gong_hyo_jin,gong_hyo_jin_0025.npy,gong_hyo_jin_0057.npy,Asian_Females
gong_hyo_jin,gong_hyo_jin_0023.npy,gong_hyo_jin_0026.npy,Asian_Females
gong_hyo_jin,gong_hyo_jin_0025.npy,gong_hyo_jin_0026.npy,Asian_Females
gong_hyo_jin,gong_hyo_jin_0017.npy,gong_hyo_jin_0057.npy,Asian_Females
gong_hyo_jin,gong_hyo_jin_0008.npy,gong_hyo_jin_0059.npy,Asian_Females
gong_hyo_jin,gong_hyo_jin_0008.npy,gong_hyo_jin_0037.npy,Asian_Females
gong_hyo_jin,gong_hyo_jin_0037.npy,gong_hyo_jin_0059.npy,Asian_Females
gong_hyo_jin,gong_hyo_jin_0020.npy,gong_hyo_jin_0023.npy,Asian_Females
gong_hyo_jin,gong_hyo_jin_0030.npy,gong_hyo_jin_0059.npy,Asian_Females
gong_hyo_jin,gong_hyo_jin_0056.npy,gong_hyo_jin_0059.npy,Asian_Females
gong_seung_yeon,gong_seung_yeon_0024.npy,gong_seung_yeon_0039.npy,Asian_Females
gong_seung_yeon,gong_seung_yeon_0012.npy,gong_seung_yeon_0036.npy,Asian_Females
gong_seung_yeon,gong_seung_yeon_0052.npy,gong_seung_yeon_0057.npy,Asian_Females
gong_seung_yeon,gong_seung_yeon_0022.npy,gong_seung_yeon_0049.npy,Asian_Females
gong_seung_yeon,gong_seung_yeon_0020.npy,gong_seung_yeon_0049.npy,Asian_Females
gong_seung_yeon,gong_seung_yeon_0022.npy,gong_seung_yeon_0052.npy,Asian_Females
gong_seung_yeon,gong_seung_yeon_0022.npy,gong_seung_yeon_0025.npy,Asian_Females
gong_seung_yeon,gong_seung_yeon_0036.npy,gong_seung_yeon_0057.npy,Asian_Females
gong_seung_yeon,gong_seung_yeon_0027.npy,gong_seung_yeon_0049.npy,Asian_Females
gong_seung_yeon,gong_seung_yeon_0039.npy,gong_seung_yeon_0054.npy,Asian_Females
jinny_ng,jinny_ng_0024.npy,jinny_ng_0048.npy,Asian_Females
jinny_ng,jinny_ng_0048.npy,jinny_ng_0049.npy,Asian_Females
jinny_ng,jinny_ng_0020.npy,jinny_ng_0049.npy,Asian_Females
jinny_ng,jinny_ng_0030.npy,jinny_ng_0048.npy,Asian_Females
jinny_ng,jinny_ng_0027.npy,jinny_ng_0055.npy,Asian_Females
jinny_ng,jinny_ng_0020.npy,jinny_ng_0055.npy,Asian_Females
jinny_ng,jinny_ng_0020.npy,jinny_ng_0027.npy,Asian_Females
jinny_ng,jinny_ng_0020.npy,jinny_ng_0024.npy,Asian_Females
jinny_ng,jinny_ng_0048.npy,jinny_ng_0055.npy,Asian_Females
jinny_ng,jinny_ng_0024.npy,jinny_ng_0055.npy,Asian_Females
jun_hasegawa,jun_hasegawa_0031.npy,jun_hasegawa_0068.npy,Asian_Females
jun_hasegawa,jun_hasegawa_0049.npy,jun_hasegawa_0050.npy,Asian_Females
jun_hasegawa,jun_hasegawa_0031.npy,jun_hasegawa_0039.npy,Asian_Females
jun_hasegawa,jun_hasegawa_0018.npy,jun_hasegawa_0056.npy,Asian_Females
jun_hasegawa,jun_hasegawa_0008.npy,jun_hasegawa_0056.npy,Asian_Females
jun_hasegawa,jun_hasegawa_0008.npy,jun_hasegawa_0050.npy,Asian_Females
jun_hasegawa,jun_hasegawa_0039.npy,jun_hasegawa_0068.npy,Asian_Females
jun_hasegawa,jun_hasegawa_0049.npy,jun_hasegawa_0052.npy,Asian_Females
jun_hasegawa,jun_hasegawa_0039.npy,jun_hasegawa_0050.npy,Asian_Females
jun_hasegawa,jun_hasegawa_0050.npy,jun_hasegawa_0052.npy,Asian_Females
lee_jung_hyun,lee_jung_hyun_0052.npy,lee_jung_hyun_0058.npy,Asian_Females
lee_jung_hyun,lee_jung_hyun_0010.npy,lee_jung_hyun_0037.npy,Asian_Females
lee_jung_hyun,lee_jung_hyun_0037.npy,lee_jung_hyun_0052.npy,Asian_Females
lee_jung_hyun,lee_jung_hyun_0002.npy,lee_jung_hyun_0052.npy,Asian_Females
lee_jung_hyun,lee_jung_hyun_0002.npy,lee_jung_hyun_0013.npy,Asian_Females
lee_jung_hyun,lee_jung_hyun_0010.npy,lee_jung_hyun_0018.npy,Asian_Females
lee_jung_hyun,lee_jung_hyun_0037.npy,lee_jung_hyun_0058.npy,Asian_Females
lee_jung_hyun,lee_jung_hyun_0051.npy,lee_jung_hyun_0058.npy,Asian_Females
lee_jung_hyun,lee_jung_hyun_0018.npy,lee_jung_hyun_0051.npy,Asian_Females
lee_jung_hyun,lee_jung_hyun_0010.npy,lee_jung_hyun_0013.npy,Asian_Females
lee_young_ae,lee_young_ae_0025.npy,lee_young_ae_0060.npy,Asian_Females
lee_young_ae,lee_young_ae_0015.npy,lee_young_ae_0059.npy,Asian_Females
lee_young_ae,lee_young_ae_0051.npy,lee_young_ae_0056.npy,Asian_Females
lee_young_ae,lee_young_ae_0005.npy,lee_young_ae_0060.npy,Asian_Females
lee_young_ae,lee_young_ae_0025.npy,lee_young_ae_0062.npy,Asian_Females
lee_young_ae,lee_young_ae_0005.npy,lee_young_ae_0045.npy,Asian_Females
lee_young_ae,lee_young_ae_0002.npy,lee_young_ae_0025.npy,Asian_Females
lee_young_ae,lee_young_ae_0027.npy,lee_young_ae_0056.npy,Asian_Females
lee_young_ae,lee_young_ae_0009.npy,lee_young_ae_0020.npy,Asian_Females
lee_young_ae,lee_young_ae_0059.npy,lee_young_ae_0060.npy,Asian_Females
li_na_tennis,li_na_tennis_0028.npy,li_na_tennis_0053.npy,Asian_Females
li_na_tennis,li_na_tennis_0026.npy,li_na_tennis_0053.npy,Asian_Females
li_na_tennis,li_na_tennis_0022.npy,li_na_tennis_0056.npy,Asian_Females
li_na_tennis,li_na_tennis_0036.npy,li_na_tennis_0043.npy,Asian_Females
li_na_tennis,li_na_tennis_0007.npy,li_na_tennis_0043.npy,Asian_Females
li_na_tennis,li_na_tennis_0010.npy,li_na_tennis_0022.npy,Asian_Females
li_na_tennis,li_na_tennis_0026.npy,li_na_tennis_0056.npy,Asian_Females
li_na_tennis,li_na_tennis_0008.npy,li_na_tennis_0009.npy,Asian_Females
li_na_tennis,li_na_tennis_0007.npy,li_na_tennis_0012.npy,Asian_Females
li_na_tennis,li_na_tennis_0008.npy,li_na_tennis_0043.npy,Asian_Females
li_yuchun,li_yuchun_0006.npy,li_yuchun_0064.npy,Asian_Females
li_yuchun,li_yuchun_0032.npy,li_yuchun_0064.npy,Asian_Females
li_yuchun,li_yuchun_0032.npy,li_yuchun_0055.npy,Asian_Females
li_yuchun,li_yuchun_0018.npy,li_yuchun_0048.npy,Asian_Females
li_yuchun,li_yuchun_0018.npy,li_yuchun_0032.npy,Asian_Females
li_yuchun,li_yuchun_0047.npy,li_yuchun_0063.npy,Asian_Females
li_yuchun,li_yuchun_0011.npy,li_yuchun_0063.npy,Asian_Females
li_yuchun,li_yuchun_0011.npy,li_yuchun_0048.npy,Asian_Females
li_yuchun,li_yuchun_0014.npy,li_yuchun_0047.npy,Asian_Females
li_yuchun,li_yuchun_0057.npy,li_yuchun_0063.npy,Asian_Females
lucy_liu,lucy_liu_0044.npy,lucy_liu_0054.npy,Asian_Females
lucy_liu,lucy_liu_0008.npy,lucy_liu_0057.npy,Asian_Females
lucy_liu,lucy_liu_0056.npy,lucy_liu_0064.npy,Asian_Females
lucy_liu,lucy_liu_0039.npy,lucy_liu_0057.npy,Asian_Females
lucy_liu,lucy_liu_0013.npy,lucy_liu_0056.npy,Asian_Females
lucy_liu,lucy_liu_0004.npy,lucy_liu_0008.npy,Asian_Females
lucy_liu,lucy_liu_0056.npy,lucy_liu_0070.npy,Asian_Females
lucy_liu,lucy_liu_0039.npy,lucy_liu_0071.npy,Asian_Females
lucy_liu,lucy_liu_0038.npy,lucy_liu_0039.npy,Asian_Females
lucy_liu,lucy_liu_0048.npy,lucy_liu_0070.npy,Asian_Females
maggie_q,maggie_q_0210.npy,maggie_q_0289.npy,Asian_Females
maggie_q,maggie_q_0193.npy,maggie_q_0240.npy,Asian_Females
maggie_q,maggie_q_0240.npy,maggie_q_0289.npy,Asian_Females
maggie_q,maggie_q_0193.npy,maggie_q_0210.npy,Asian_Females
maggie_q,maggie_q_0018.npy,maggie_q_0281.npy,Asian_Females
maggie_q,maggie_q_0281.npy,maggie_q_0289.npy,Asian_Females
maggie_q,maggie_q_0018.npy,maggie_q_0210.npy,Asian_Females
maggie_q,maggie_q_0018.npy,maggie_q_0289.npy,Asian_Females
maggie_q,maggie_q_0210.npy,maggie_q_0281.npy,Asian_Females
maggie_q,maggie_q_0193.npy,maggie_q_0289.npy,Asian_Females
marmee_cosico,marmee_cosico_0041.npy,marmee_cosico_0062.npy,Asian_Females
marmee_cosico,marmee_cosico_0062.npy,marmee_cosico_0079.npy,Asian_Females
marmee_cosico,marmee_cosico_0028.npy,marmee_cosico_0079.npy,Asian_Females
marmee_cosico,marmee_cosico_0028.npy,marmee_cosico_0062.npy,Asian_Females
marmee_cosico,marmee_cosico_0028.npy,marmee_cosico_0041.npy,Asian_Females
marmee_cosico,marmee_cosico_0062.npy,marmee_cosico_0063.npy,Asian_Females
marmee_cosico,marmee_cosico_0028.npy,marmee_cosico_0063.npy,Asian_Females
marmee_cosico,marmee_cosico_0063.npy,marmee_cosico_0079.npy,Asian_Females
marmee_cosico,marmee_cosico_0041.npy,marmee_cosico_0079.npy,Asian_Females
marmee_cosico,marmee_cosico_0041.npy,marmee_cosico_0063.npy,Asian_Females
maureen_mendoza,maureen_mendoza_0006.npy,maureen_mendoza_0007.npy,Asian_Females
maureen_mendoza,maureen_mendoza_0006.npy,maureen_mendoza_0028.npy,Asian_Females
maureen_mendoza,maureen_mendoza_0007.npy,maureen_mendoza_0028.npy,Asian_Females
mika_nakashima,mika_nakashima_0021.npy,mika_nakashima_0053.npy,Asian_Females
mika_nakashima,mika_nakashima_0033.npy,mika_nakashima_0064.npy,Asian_Females
mika_nakashima,mika_nakashima_0033.npy,mika_nakashima_0066.npy,Asian_Females
mika_nakashima,mika_nakashima_0066.npy,mika_nakashima_0067.npy,Asian_Females
mika_nakashima,mika_nakashima_0032.npy,mika_nakashima_0033.npy,Asian_Females
mika_nakashima,mika_nakashima_0053.npy,mika_nakashima_0064.npy,Asian_Females
mika_nakashima,mika_nakashima_0045.npy,mika_nakashima_0064.npy,Asian_Females
mika_nakashima,mika_nakashima_0012.npy,mika_nakashima_0021.npy,Asian_Females
mika_nakashima,mika_nakashima_0021.npy,mika_nakashima_0064.npy,Asian_Females
mika_nakashima,mika_nakashima_0021.npy,mika_nakashima_0032.npy,Asian_Females
ming_xi,ming_xi_0037.npy,ming_xi_0055.npy,Asian_Females
ming_xi,ming_xi_0009.npy,ming_xi_0062.npy,Asian_Females
ming_xi,ming_xi_0017.npy,ming_xi_0055.npy,Asian_Females
ming_xi,ming_xi_0050.npy,ming_xi_0052.npy,Asian_Females
ming_xi,ming_xi_0009.npy,ming_xi_0055.npy,Asian_Females
ming_xi,ming_xi_0019.npy,ming_xi_0067.npy,Asian_Females
ming_xi,ming_xi_0009.npy,ming_xi_0019.npy,Asian_Females
ming_xi,ming_xi_0048.npy,ming_xi_0067.npy,Asian_Females
ming_xi,ming_xi_0024.npy,ming_xi_0067.npy,Asian_Females
ming_xi,ming_xi_0037.npy,ming_xi_0052.npy,Asian_Females
minori_chihara,minori_chihara_0031.npy,minori_chihara_0049.npy,Asian_Females
minori_chihara,minori_chihara_0044.npy,minori_chihara_0052.npy,Asian_Females
minori_chihara,minori_chihara_0039.npy,minori_chihara_0043.npy,Asian_Females
minori_chihara,minori_chihara_0019.npy,minori_chihara_0043.npy,Asian_Females
minori_chihara,minori_chihara_0019.npy,minori_chihara_0036.npy,Asian_Females
minori_chihara,minori_chihara_0044.npy,minori_chihara_0046.npy,Asian_Females
minori_chihara,minori_chihara_0031.npy,minori_chihara_0046.npy,Asian_Females
minori_chihara,minori_chihara_0036.npy,minori_chihara_0049.npy,Asian_Females
minori_chihara,minori_chihara_0046.npy,minori_chihara_0052.npy,Asian_Females
minori_chihara,minori_chihara_0019.npy,minori_chihara_0049.npy,Asian_Females
moametal,moametal_0011.npy,moametal_0034.npy,Asian_Females
moametal,moametal_0045.npy,moametal_0056.npy,Asian_Females
moametal,moametal_0055.npy,moametal_0056.npy,Asian_Females
moametal,moametal_0031.npy,moametal_0056.npy,Asian_Females
moametal,moametal_0011.npy,moametal_0045.npy,Asian_Females
moametal,moametal_0042.npy,moametal_0049.npy,Asian_Females
moametal,moametal_0042.npy,moametal_0043.npy,Asian_Females
moametal,moametal_0011.npy,moametal_0043.npy,Asian_Females
moametal,moametal_0031.npy,moametal_0049.npy,Asian_Females
moametal,moametal_0043.npy,moametal_0045.npy,Asian_Females
momoe_yamaguchi,momoe_yamaguchi_0032.npy,momoe_yamaguchi_0038.npy,Asian_Females
momoe_yamaguchi,momoe_yamaguchi_0032.npy,momoe_yamaguchi_0042.npy,Asian_Females
momoe_yamaguchi,momoe_yamaguchi_0038.npy,momoe_yamaguchi_0042.npy,Asian_Females
puff_guo,puff_guo_0043.npy,puff_guo_0050.npy,Asian_Females
puff_guo,puff_guo_0005.npy,puff_guo_0050.npy,Asian_Females
puff_guo,puff_guo_0013.npy,puff_guo_0036.npy,Asian_Females
puff_guo,puff_guo_0043.npy,puff_guo_0052.npy,Asian_Females
puff_guo,puff_guo_0010.npy,puff_guo_0036.npy,Asian_Females
puff_guo,puff_guo_0007.npy,puff_guo_0052.npy,Asian_Females
puff_guo,puff_guo_0033.npy,puff_guo_0041.npy,Asian_Females
puff_guo,puff_guo_0033.npy,puff_guo_0050.npy,Asian_Females
puff_guo,puff_guo_0005.npy,puff_guo_0025.npy,Asian_Females
puff_guo,puff_guo_0005.npy,puff_guo_0007.npy,Asian_Females
shin_min_a,shin_min_a_0017.npy,shin_min_a_0060.npy,Asian_Females
shin_min_a,shin_min_a_0008.npy,shin_min_a_0032.npy,Asian_Females
shin_min_a,shin_min_a_0033.npy,shin_min_a_0060.npy,Asian_Females
shin_min_a,shin_min_a_0017.npy,shin_min_a_0052.npy,Asian_Females
shin_min_a,shin_min_a_0022.npy,shin_min_a_0032.npy,Asian_Females
shin_min_a,shin_min_a_0022.npy,shin_min_a_0062.npy,Asian_Females
shin_min_a,shin_min_a_0025.npy,shin_min_a_0033.npy,Asian_Females
shin_min_a,shin_min_a_0025.npy,shin_min_a_0052.npy,Asian_Females
shin_min_a,shin_min_a_0025.npy,shin_min_a_0056.npy,Asian_Females
shin_min_a,shin_min_a_0022.npy,shin_min_a_0033.npy,Asian_Females
sumetal,sumetal_0012.npy,sumetal_0047.npy,Asian_Females
sumetal,sumetal_0010.npy,sumetal_0054.npy,Asian_Females
sumetal,sumetal_0013.npy,sumetal_0028.npy,Asian_Females
sumetal,sumetal_0013.npy,sumetal_0016.npy,Asian_Females
sumetal,sumetal_0001.npy,sumetal_0055.npy,Asian_Females
sumetal,sumetal_0040.npy,sumetal_0047.npy,Asian_Females
sumetal,sumetal_0001.npy,sumetal_0012.npy,Asian_Females
sumetal,sumetal_0010.npy,sumetal_0016.npy,Asian_Females
sumetal,sumetal_0033.npy,sumetal_0054.npy,Asian_Females
sumetal,sumetal_0054.npy,sumetal_0055.npy,Asian_Females
tila_tequila,tila_tequila_0918.npy,tila_tequila_0959.npy,Asian_Females
tila_tequila,tila_tequila_0932.npy,tila_tequila_0950.npy,Asian_Females
tila_tequila,tila_tequila_0909.npy,tila_tequila_0950.npy,Asian_Females
tila_tequila,tila_tequila_0946.npy,tila_tequila_0958.npy,Asian_Females
tila_tequila,tila_tequila_0918.npy,tila_tequila_0958.npy,Asian_Females
tila_tequila,tila_tequila_0924.npy,tila_tequila_0955.npy,Asian_Females
tila_tequila,tila_tequila_0958.npy,tila_tequila_0964.npy,Asian_Females
tila_tequila,tila_tequila_0911.npy,tila_tequila_0915.npy,Asian_Females
tila_tequila,tila_tequila_0926.npy,tila_tequila_0951.npy,Asian_Females
tila_tequila,tila_tequila_0915.npy,tila_tequila_0935.npy,Asian_Females
vivian_wu,vivian_wu_0011.npy,vivian_wu_0013.npy,Asian_Females
vivian_wu,vivian_wu_0011.npy,vivian_wu_0012.npy,Asian_Females
vivian_wu,vivian_wu_0012.npy,vivian_wu_0013.npy,Asian_Females
xu_jinglei,xu_jinglei_0030.npy,xu_jinglei_0061.npy,Asian_Females
xu_jinglei,xu_jinglei_0041.npy,xu_jinglei_0061.npy,Asian_Females
xu_jinglei,xu_jinglei_0001.npy,xu_jinglei_0061.npy,Asian_Females
xu_jinglei,xu_jinglei_0012.npy,xu_jinglei_0015.npy,Asian_Females
xu_jinglei,xu_jinglei_0001.npy,xu_jinglei_0036.npy,Asian_Females
xu_jinglei,xu_jinglei_0011.npy,xu_jinglei_0034.npy,Asian_Females
xu_jinglei,xu_jinglei_0015.npy,xu_jinglei_0041.npy,Asian_Females
xu_jinglei,xu_jinglei_0001.npy,xu_jinglei_0034.npy,Asian_Females
xu_jinglei,xu_jinglei_0001.npy,xu_jinglei_0016.npy,Asian_Females
xu_jinglei,xu_jinglei_0012.npy,xu_jinglei_0030.npy,Asian_Females
zhou_xun,zhou_xun_0003.npy,zhou_xun_0036.npy,Asian_Females
zhou_xun,zhou_xun_0001.npy,zhou_xun_0057.npy,Asian_Females
zhou_xun,zhou_xun_0003.npy,zhou_xun_0013.npy,Asian_Females
zhou_xun,zhou_xun_0003.npy,zhou_xun_0011.npy,Asian_Females
zhou_xun,zhou_xun_0036.npy,zhou_xun_0053.npy,Asian_Females
zhou_xun,zhou_xun_0001.npy,zhou_xun_0010.npy,Asian_Females
zhou_xun,zhou_xun_0029.npy,zhou_xun_0053.npy,Asian_Females
zhou_xun,zhou_xun_0022.npy,zhou_xun_0038.npy,Asian_Females
zhou_xun,zhou_xun_0000.npy,zhou_xun_0001.npy,Asian_Females
zhou_xun,zhou_xun_0000.npy,zhou_xun_0029.npy,Asian_Females
aaron_yoo,aaron_yoo_0045.npy,aaron_yoo_0371.npy,Asian_Males
aaron_yoo,aaron_yoo_0017.npy,aaron_yoo_0045.npy,Asian_Males
aaron_yoo,aaron_yoo_0017.npy,aaron_yoo_0371.npy,Asian_Males
aaron_yoo,aaron_yoo_0017.npy,aaron_yoo_0106.npy,Asian_Males
aaron_yoo,aaron_yoo_0045.npy,aaron_yoo_0106.npy,Asian_Males
aaron_yoo,aaron_yoo_0106.npy,aaron_yoo_0371.npy,Asian_Males
bang_yong_guk,bang_yong_guk_0020.npy,bang_yong_guk_0037.npy,Asian_Males
bang_yong_guk,bang_yong_guk_0001.npy,bang_yong_guk_0004.npy,Asian_Males
bang_yong_guk,bang_yong_guk_0020.npy,bang_yong_guk_0042.npy,Asian_Males
bang_yong_guk,bang_yong_guk_0037.npy,bang_yong_guk_0042.npy,Asian_Males
bang_yong_guk,bang_yong_guk_0042.npy,bang_yong_guk_0044.npy,Asian_Males
bang_yong_guk,bang_yong_guk_0001.npy,bang_yong_guk_0037.npy,Asian_Males
bang_yong_guk,bang_yong_guk_0001.npy,bang_yong_guk_0046.npy,Asian_Males
bang_yong_guk,bang_yong_guk_0001.npy,bang_yong_guk_0020.npy,Asian_Males
bang_yong_guk,bang_yong_guk_0004.npy,bang_yong_guk_0037.npy,Asian_Males
bang_yong_guk,bang_yong_guk_0010.npy,bang_yong_guk_0046.npy,Asian_Males
big_bang_g-dragon,big_bang_g-dragon_0035.npy,big_bang_g-dragon_0050.npy,Asian_Males
big_bang_g-dragon,big_bang_g-dragon_0017.npy,big_bang_g-dragon_0035.npy,Asian_Males
big_bang_g-dragon,big_bang_g-dragon_0028.npy,big_bang_g-dragon_0051.npy,Asian_Males
big_bang_g-dragon,big_bang_g-dragon_0013.npy,big_bang_g-dragon_0051.npy,Asian_Males
big_bang_g-dragon,big_bang_g-dragon_0049.npy,big_bang_g-dragon_0050.npy,Asian_Males
big_bang_g-dragon,big_bang_g-dragon_0012.npy,big_bang_g-dragon_0046.npy,Asian_Males
big_bang_g-dragon,big_bang_g-dragon_0001.npy,big_bang_g-dragon_0046.npy,Asian_Males
big_bang_g-dragon,big_bang_g-dragon_0012.npy,big_bang_g-dragon_0049.npy,Asian_Males
big_bang_g-dragon,big_bang_g-dragon_0006.npy,big_bang_g-dragon_0051.npy,Asian_Males
big_bang_g-dragon,big_bang_g-dragon_0006.npy,big_bang_g-dragon_0012.npy,Asian_Males
brandon_soo_hoo,brandon_soo_hoo_0016.npy,brandon_soo_hoo_0022.npy,Asian_Males
brandon_soo_hoo,brandon_soo_hoo_0017.npy,brandon_soo_hoo_0022.npy,Asian_Males
brandon_soo_hoo,brandon_soo_hoo_0017.npy,brandon_soo_hoo_0023.npy,Asian_Males
brandon_soo_hoo,brandon_soo_hoo_0016.npy,brandon_soo_hoo_0023.npy,Asian_Males
brandon_soo_hoo,brandon_soo_hoo_0016.npy,brandon_soo_hoo_0017.npy,Asian_Males
brandon_soo_hoo,brandon_soo_hoo_0022.npy,brandon_soo_hoo_0023.npy,Asian_Males
cha_seung_won,cha_seung_won_0023.npy,cha_seung_won_0028.npy,Asian_Males
cha_seung_won,cha_seung_won_0008.npy,cha_seung_won_0021.npy,Asian_Males
cha_seung_won,cha_seung_won_0006.npy,cha_seung_won_0008.npy,Asian_Males
cha_seung_won,cha_seung_won_0019.npy,cha_seung_won_0044.npy,Asian_Males
cha_seung_won,cha_seung_won_0021.npy,cha_seung_won_0044.npy,Asian_Males
cha_seung_won,cha_seung_won_0008.npy,cha_seung_won_0023.npy,Asian_Males
cha_seung_won,cha_seung_won_0019.npy,cha_seung_won_0028.npy,Asian_Males
cha_seung_won,cha_seung_won_0021.npy,cha_seung_won_0040.npy,Asian_Males
cha_seung_won,cha_seung_won_0006.npy,cha_seung_won_0029.npy,Asian_Males
cha_seung_won,cha_seung_won_0021.npy,cha_seung_won_0029.npy,Asian_Males
chanyeol,chanyeol_0037.npy,chanyeol_0038.npy,Asian_Males
chanyeol,chanyeol_0028.npy,chanyeol_0070.npy,Asian_Males
chanyeol,chanyeol_0028.npy,chanyeol_0037.npy,Asian_Males
chanyeol,chanyeol_0037.npy,chanyeol_0058.npy,Asian_Males
chanyeol,chanyeol_0003.npy,chanyeol_0004.npy,Asian_Males
chanyeol,chanyeol_0028.npy,chanyeol_0060.npy,Asian_Males
chanyeol,chanyeol_0003.npy,chanyeol_0037.npy,Asian_Males
chanyeol,chanyeol_0036.npy,chanyeol_0059.npy,Asian_Males
chanyeol,chanyeol_0036.npy,chanyeol_0058.npy,Asian_Males
chanyeol,chanyeol_0015.npy,chanyeol_0037.npy,Asian_Males
chin_han,chin_han_0058.npy,chin_han_0069.npy,Asian_Males
chin_han,chin_han_0006.npy,chin_han_0298.npy,Asian_Males
chin_han,chin_han_0025.npy,chin_han_0298.npy,Asian_Males
chin_han,chin_han_0006.npy,chin_han_0058.npy,Asian_Males
chin_han,chin_han_0006.npy,chin_han_0025.npy,Asian_Males
chin_han,chin_han_0044.npy,chin_han_0069.npy,Asian_Males
chin_han,chin_han_0003.npy,chin_han_0058.npy,Asian_Males
chin_han,chin_han_0006.npy,chin_han_0003.npy,Asian_Males
chin_han,chin_han_0044.npy,chin_han_0058.npy,Asian_Males
chin_han,chin_han_0069.npy,chin_han_0298.npy,Asian_Males
craig_fong,craig_fong_0024.npy,craig_fong_0078.npy,Asian_Males
craig_fong,craig_fong_0042.npy,craig_fong_0078.npy,Asian_Males
craig_fong,craig_fong_0007.npy,craig_fong_0019.npy,Asian_Males
craig_fong,craig_fong_0024.npy,craig_fong_0031.npy,Asian_Males
craig_fong,craig_fong_0031.npy,craig_fong_0042.npy,Asian_Males
craig_fong,craig_fong_0031.npy,craig_fong_0075.npy,Asian_Males
craig_fong,craig_fong_0024.npy,craig_fong_0060.npy,Asian_Males
craig_fong,craig_fong_0007.npy,craig_fong_0024.npy,Asian_Males
craig_fong,craig_fong_0019.npy,craig_fong_0075.npy,Asian_Males
craig_fong,craig_fong_0019.npy,craig_fong_0060.npy,Asian_Males
daniel_henney,daniel_henney_0055.npy,daniel_henney_0056.npy,Asian_Males
daniel_henney,daniel_henney_0000.npy,daniel_henney_0007.npy,Asian_Males
daniel_henney,daniel_henney_0048.npy,daniel_henney_0053.npy,Asian_Males
daniel_henney,daniel_henney_0036.npy,daniel_henney_0048.npy,Asian_Males
daniel_henney,daniel_henney_0013.npy,daniel_henney_0037.npy,Asian_Males
daniel_henney,daniel_henney_0015.npy,daniel_henney_0054.npy,Asian_Males
daniel_henney,daniel_henney_0008.npy,daniel_henney_0009.npy,Asian_Males
daniel_henney,daniel_henney_0007.npy,daniel_henney_0054.npy,Asian_Males
daniel_henney,daniel_henney_0015.npy,daniel_henney_0053.npy,Asian_Males
daniel_henney,daniel_henney_0008.npy,daniel_henney_0036.npy,Asian_Males
godfrey_gao,godfrey_gao_0033.npy,godfrey_gao_0046.npy,Asian_Males
godfrey_gao,godfrey_gao_0007.npy,godfrey_gao_0011.npy,Asian_Males
godfrey_gao,godfrey_gao_0002.npy,godfrey_gao_0004.npy,Asian_Males
godfrey_gao,godfrey_gao_0010.npy,godfrey_gao_0046.npy,Asian_Males
godfrey_gao,godfrey_gao_0002.npy,godfrey_gao_0041.npy,Asian_Males
godfrey_gao,godfrey_gao_0012.npy,godfrey_gao_0038.npy,Asian_Males
godfrey_gao,godfrey_gao_0004.npy,godfrey_gao_0030.npy,Asian_Males
godfrey_gao,godfrey_gao_0039.npy,godfrey_gao_0041.npy,Asian_Males
godfrey_gao,godfrey_gao_0011.npy,godfrey_gao_0039.npy,Asian_Males
godfrey_gao,godfrey_gao_0023.npy,godfrey_gao_0039.npy,Asian_Males
hiroki_narimiya,hiroki_narimiya_0051.npy,hiroki_narimiya_0058.npy,Asian_Males
hiroki_narimiya,hiroki_narimiya_0039.npy,hiroki_narimiya_0074.npy,Asian_Males
hiroki_narimiya,hiroki_narimiya_0009.npy,hiroki_narimiya_0031.npy,Asian_Males
hiroki_narimiya,hiroki_narimiya_0051.npy,hiroki_narimiya_0077.npy,Asian_Males
hiroki_narimiya,hiroki_narimiya_0024.npy,hiroki_narimiya_0074.npy,Asian_Males
hiroki_narimiya,hiroki_narimiya_0009.npy,hiroki_narimiya_0074.npy,Asian_Males
hiroki_narimiya,hiroki_narimiya_0005.npy,hiroki_narimiya_0076.npy,Asian_Males
hiroki_narimiya,hiroki_narimiya_0005.npy,hiroki_narimiya_0031.npy,Asian_Males
hiroki_narimiya,hiroki_narimiya_0031.npy,hiroki_narimiya_0058.npy,Asian_Males
hiroki_narimiya,hiroki_narimiya_0026.npy,hiroki_narimiya_0076.npy,Asian_Males
hua_chenyu,hua_chenyu_0018.npy,hua_chenyu_0031.npy,Asian_Males
hua_chenyu,hua_chenyu_0009.npy,hua_chenyu_0026.npy,Asian_Males
hua_chenyu,hua_chenyu_0030.npy,hua_chenyu_0043.npy,Asian_Males
hua_chenyu,hua_chenyu_0010.npy,hua_chenyu_0026.npy,Asian_Males
hua_chenyu,hua_chenyu_0018.npy,hua_chenyu_0043.npy,Asian_Males
hua_chenyu,hua_chenyu_0030.npy,hua_chenyu_0049.npy,Asian_Males
hua_chenyu,hua_chenyu_0029.npy,hua_chenyu_0049.npy,Asian_Males
hua_chenyu,hua_chenyu_0010.npy,hua_chenyu_0040.npy,Asian_Males
hua_chenyu,hua_chenyu_0031.npy,hua_chenyu_0034.npy,Asian_Males
hua_chenyu,hua_chenyu_0036.npy,hua_chenyu_0043.npy,Asian_Males
huang_xiaoming,huang_xiaoming_0006.npy,huang_xiaoming_0009.npy,Asian_Males
huang_xiaoming,huang_xiaoming_0004.npy,huang_xiaoming_0022.npy,Asian_Males
huang_xiaoming,huang_xiaoming_0006.npy,huang_xiaoming_0037.npy,Asian_Males
huang_xiaoming,huang_xiaoming_0020.npy,huang_xiaoming_0037.npy,Asian_Males
huang_xiaoming,huang_xiaoming_0009.npy,huang_xiaoming_0022.npy,Asian_Males
huang_xiaoming,huang_xiaoming_0006.npy,huang_xiaoming_0068.npy,Asian_Males
huang_xiaoming,huang_xiaoming_0022.npy,huang_xiaoming_0037.npy,Asian_Males
huang_xiaoming,huang_xiaoming_0001.npy,huang_xiaoming_0017.npy,Asian_Males
huang_xiaoming,huang_xiaoming_0006.npy,huang_xiaoming_0017.npy,Asian_Males
huang_xiaoming,huang_xiaoming_0017.npy,huang_xiaoming_0026.npy,Asian_Males
jack_ma,jack_ma_0207.npy,jack_ma_0289.npy,Asian_Males
jack_ma,jack_ma_0289.npy,jack_ma_0422.npy,Asian_Males
jack_ma,jack_ma_0328.npy,jack_ma_0422.npy,Asian_Males
jack_ma,jack_ma_0289.npy,jack_ma_0328.npy,Asian_Males
jack_ma,jack_ma_0223.npy,jack_ma_0422.npy,Asian_Males
jack_ma,jack_ma_0207.npy,jack_ma_0223.npy,Asian_Males
jack_ma,jack_ma_0223.npy,jack_ma_0328.npy,Asian_Males
jack_ma,jack_ma_0207.npy,jack_ma_0422.npy,Asian_Males
jack_ma,jack_ma_0223.npy,jack_ma_0289.npy,Asian_Males
jack_ma,jack_ma_0207.npy,jack_ma_0328.npy,Asian_Males
jaejoong,jaejoong_0047.npy,jaejoong_0056.npy,Asian_Males
jaejoong,jaejoong_0011.npy,jaejoong_0032.npy,Asian_Males
jaejoong,jaejoong_0043.npy,jaejoong_0057.npy,Asian_Males
jaejoong,jaejoong_0021.npy,jaejoong_0051.npy,Asian_Males
jaejoong,jaejoong_0006.npy,jaejoong_0056.npy,Asian_Males
jaejoong,jaejoong_0056.npy,jaejoong_0057.npy,Asian_Males
jaejoong,jaejoong_0021.npy,jaejoong_0047.npy,Asian_Males
jaejoong,jaejoong_0040.npy,jaejoong_0063.npy,Asian_Males
jaejoong,jaejoong_0032.npy,jaejoong_0047.npy,Asian_Males
jaejoong,jaejoong_0009.npy,jaejoong_0057.npy,Asian_Males
jang_keun_suk,jang_keun_suk_0045.npy,jang_keun_suk_0049.npy,Asian_Males
jang_keun_suk,jang_keun_suk_0045.npy,jang_keun_suk_0058.npy,Asian_Males
jang_keun_suk,jang_keun_suk_0028.npy,jang_keun_suk_0051.npy,Asian_Males
jang_keun_suk,jang_keun_suk_0026.npy,jang_keun_suk_0058.npy,Asian_Males
jang_keun_suk,jang_keun_suk_0006.npy,jang_keun_suk_0051.npy,Asian_Males
jang_keun_suk,jang_keun_suk_0015.npy,jang_keun_suk_0049.npy,Asian_Males
jang_keun_suk,jang_keun_suk_0012.npy,jang_keun_suk_0026.npy,Asian_Males
jang_keun_suk,jang_keun_suk_0026.npy,jang_keun_suk_0060.npy,Asian_Males
jang_keun_suk,jang_keun_suk_0049.npy,jang_keun_suk_0051.npy,Asian_Males
jang_keun_suk,jang_keun_suk_0026.npy,jang_keun_suk_0028.npy,Asian_Males
jet_li,jet_li_0056.npy,jet_li_0125.npy,Asian_Males
jet_li,jet_li_0004.npy,jet_li_0127.npy,Asian_Males
jet_li,jet_li_0125.npy,jet_li_0127.npy,Asian_Males
jet_li,jet_li_0004.npy,jet_li_0125.npy,Asian_Males
jet_li,jet_li_0056.npy,jet_li_0127.npy,Asian_Males
jet_li,jet_li_0004.npy,jet_li_0056.npy,Asian_Males
ji_chang_wook,ji_chang_wook_0037.npy,ji_chang_wook_0059.npy,Asian_Males
ji_chang_wook,ji_chang_wook_0024.npy,ji_chang_wook_0037.npy,Asian_Males
ji_chang_wook,ji_chang_wook_0046.npy,ji_chang_wook_0050.npy,Asian_Males
ji_chang_wook,ji_chang_wook_0007.npy,ji_chang_wook_0046.npy,Asian_Males
ji_chang_wook,ji_chang_wook_0005.npy,ji_chang_wook_0037.npy,Asian_Males
ji_chang_wook,ji_chang_wook_0037.npy,ji_chang_wook_0038.npy,Asian_Males
ji_chang_wook,ji_chang_wook_0005.npy,ji_chang_wook_0046.npy,Asian_Males
ji_chang_wook,ji_chang_wook_0030.npy,ji_chang_wook_0050.npy,Asian_Males
ji_chang_wook,ji_chang_wook_0024.npy,ji_chang_wook_0050.npy,Asian_Males
ji_chang_wook,ji_chang_wook_0002.npy,ji_chang_wook_0046.npy,Asian_Males
jian,jian_0006.npy,jian_0037.npy,Asian_Males
jian,jian_0028.npy,jian_0053.npy,Asian_Males
jian,jian_0010.npy,jian_0053.npy,Asian_Males
jian,jian_0037.npy,jian_0047.npy,Asian_Males
jian,jian_0010.npy,jian_0047.npy,Asian_Males
jian,jian_0025.npy,jian_0053.npy,Asian_Males
jian,jian_0010.npy,jian_0028.npy,Asian_Males
jian,jian_0011.npy,jian_0053.npy,Asian_Males
jian,jian_0027.npy,jian_0053.npy,Asian_Males
jian,jian_0011.npy,jian_0025.npy,Asian_Males
john_woo,john_woo_0001.npy,john_woo_0019.npy,Asian_Males
john_woo,john_woo_0009.npy,john_woo_0017.npy,Asian_Males
john_woo,john_woo_0016.npy,john_woo_0017.npy,Asian_Males
john_woo,john_woo_0009.npy,john_woo_0019.npy,Asian_Males
john_woo,john_woo_0016.npy,john_woo_0019.npy,Asian_Males
john_woo,john_woo_0009.npy,john_woo_0016.npy,Asian_Males
john_woo,john_woo_0001.npy,john_woo_0017.npy,Asian_Males
john_woo,john_woo_0017.npy,john_woo_0019.npy,Asian_Males
john_woo,john_woo_0001.npy,john_woo_0009.npy,Asian_Males
john_woo,john_woo_0001.npy,john_woo_0016.npy,Asian_Males
joo_jin_mo,joo_jin_mo_0000.npy,joo_jin_mo_0024.npy,Asian_Males
joo_jin_mo,joo_jin_mo_0024.npy,joo_jin_mo_0028.npy,Asian_Males
joo_jin_mo,joo_jin_mo_0028.npy,joo_jin_mo_0042.npy,Asian_Males
joo_jin_mo,joo_jin_mo_0020.npy,joo_jin_mo_0028.npy,Asian_Males
joo_jin_mo,joo_jin_mo_0045.npy,joo_jin_mo_0055.npy,Asian_Males
joo_jin_mo,joo_jin_mo_0032.npy,joo_jin_mo_0039.npy,Asian_Males
joo_jin_mo,joo_jin_mo_0000.npy,joo_jin_mo_0032.npy,Asian_Males
joo_jin_mo,joo_jin_mo_0044.npy,joo_jin_mo_0055.npy,Asian_Males
joo_jin_mo,joo_jin_mo_0028.npy,joo_jin_mo_0039.npy,Asian_Males
joo_jin_mo,joo_jin_mo_0044.npy,joo_jin_mo_0045.npy,Asian_Males
jung_woo_sung,jung_woo_sung_0017.npy,jung_woo_sung_0043.npy,Asian_Males
jung_woo_sung,jung_woo_sung_0020.npy,jung_woo_sung_0026.npy,Asian_Males
jung_woo_sung,jung_woo_sung_0032.npy,jung_woo_sung_0041.npy,Asian_Males
jung_woo_sung,jung_woo_sung_0000.npy,jung_woo_sung_0011.npy,Asian_Males
jung_woo_sung,jung_woo_sung_0025.npy,jung_woo_sung_0034.npy,Asian_Males
jung_woo_sung,jung_woo_sung_0000.npy,jung_woo_sung_0054.npy,Asian_Males
jung_woo_sung,jung_woo_sung_0017.npy,jung_woo_sung_0032.npy,Asian_Males
jung_woo_sung,jung_woo_sung_0043.npy,jung_woo_sung_0054.npy,Asian_Males
jung_woo_sung,jung_woo_sung_0022.npy,jung_woo_sung_0054.npy,Asian_Males
jung_woo_sung,jung_woo_sung_0020.npy,jung_woo_sung_0032.npy,Asian_Males
jung_yong_hwa,jung_yong_hwa_0028.npy,jung_yong_hwa_0033.npy,Asian_Males
jung_yong_hwa,jung_yong_hwa_0001.npy,jung_yong_hwa_0029.npy,Asian_Males
jung_yong_hwa,jung_yong_hwa_0028.npy,jung_yong_hwa_0029.npy,Asian_Males
jung_yong_hwa,jung_yong_hwa_0029.npy,jung_yong_hwa_0037.npy,Asian_Males
jung_yong_hwa,jung_yong_hwa_0029.npy,jung_yong_hwa_0038.npy,Asian_Males
jung_yong_hwa,jung_yong_hwa_0013.npy,jung_yong_hwa_0038.npy,Asian_Males
jung_yong_hwa,jung_yong_hwa_0030.npy,jung_yong_hwa_0042.npy,Asian_Males
jung_yong_hwa,jung_yong_hwa_0001.npy,jung_yong_hwa_0033.npy,Asian_Males
jung_yong_hwa,jung_yong_hwa_0042.npy,jung_yong_hwa_0045.npy,Asian_Males
jung_yong_hwa,jung_yong_hwa_0013.npy,jung_yong_hwa_0033.npy,Asian_Males
kanata_hongo,kanata_hongo_0022.npy,kanata_hongo_0045.npy,Asian_Males
kanata_hongo,kanata_hongo_0018.npy,kanata_hongo_0022.npy,Asian_Males
kanata_hongo,kanata_hongo_0008.npy,kanata_hongo_0010.npy,Asian_Males
kanata_hongo,kanata_hongo_0043.npy,kanata_hongo_0049.npy,Asian_Males
kanata_hongo,kanata_hongo_0010.npy,kanata_hongo_0039.npy,Asian_Males
kanata_hongo,kanata_hongo_0010.npy,kanata_hongo_0028.npy,Asian_Males
kanata_hongo,kanata_hongo_0018.npy,kanata_hongo_0045.npy,Asian_Males
kanata_hongo,kanata_hongo_0039.npy,kanata_hongo_0053.npy,Asian_Males
kanata_hongo,kanata_hongo_0008.npy,kanata_hongo_0022.npy,Asian_Males
kanata_hongo,kanata_hongo_0018.npy,kanata_hongo_0049.npy,Asian_Males
kazuya_kamenashi,kazuya_kamenashi_0005.npy,kazuya_kamenashi_0025.npy,Asian_Males
kazuya_kamenashi,kazuya_kamenashi_0054.npy,kazuya_kamenashi_0061.npy,Asian_Males
kazuya_kamenashi,kazuya_kamenashi_0007.npy,kazuya_kamenashi_0025.npy,Asian_Males
kazuya_kamenashi,kazuya_kamenashi_0006.npy,kazuya_kamenashi_0061.npy,Asian_Males
kazuya_kamenashi,kazuya_kamenashi_0007.npy,kazuya_kamenashi_0061.npy,Asian_Males
kazuya_kamenashi,kazuya_kamenashi_0042.npy,kazuya_kamenashi_0061.npy,Asian_Males
kazuya_kamenashi,kazuya_kamenashi_0006.npy,kazuya_kamenashi_0015.npy,Asian_Males
kazuya_kamenashi,kazuya_kamenashi_0007.npy,kazuya_kamenashi_0009.npy,Asian_Males
kazuya_kamenashi,kazuya_kamenashi_0052.npy,kazuya_kamenashi_0061.npy,Asian_Males
kazuya_kamenashi,kazuya_kamenashi_0009.npy,kazuya_kamenashi_0015.npy,Asian_Males
kris_wu,kris_wu_0023.npy,kris_wu_0038.npy,Asian_Males
kris_wu,kris_wu_0055.npy,kris_wu_0056.npy,Asian_Males
kris_wu,kris_wu_0007.npy,kris_wu_0023.npy,Asian_Males
kris_wu,kris_wu_0022.npy,kris_wu_0055.npy,Asian_Males
kris_wu,kris_wu_0014.npy,kris_wu_0028.npy,Asian_Males
kris_wu,kris_wu_0022.npy,kris_wu_0056.npy,Asian_Males
kris_wu,kris_wu_0028.npy,kris_wu_0048.npy,Asian_Males
kris_wu,kris_wu_0052.npy,kris_wu_0055.npy,Asian_Males
kris_wu,kris_wu_0007.npy,kris_wu_0022.npy,Asian_Males
kris_wu,kris_wu_0022.npy,kris_wu_0054.npy,Asian_Males
lee_dong_hae,lee_dong_hae_0020.npy,lee_dong_hae_0025.npy,Asian_Males
lee_dong_hae,lee_dong_hae_0029.npy,lee_dong_hae_0053.npy,Asian_Males
lee_dong_hae,lee_dong_hae_0027.npy,lee_dong_hae_0059.npy,Asian_Males
lee_dong_hae,lee_dong_hae_0034.npy,lee_dong_hae_0063.npy,Asian_Males
lee_dong_hae,lee_dong_hae_0032.npy,lee_dong_hae_0063.npy,Asian_Males
lee_dong_hae,lee_dong_hae_0029.npy,lee_dong_hae_0034.npy,Asian_Males
lee_dong_hae,lee_dong_hae_0024.npy,lee_dong_hae_0032.npy,Asian_Males
lee_dong_hae,lee_dong_hae_0029.npy,lee_dong_hae_0032.npy,Asian_Males
lee_dong_hae,lee_dong_hae_0032.npy,lee_dong_hae_0057.npy,Asian_Males
lee_dong_hae,lee_dong_hae_0034.npy,lee_dong_hae_0053.npy,Asian_Males
lee_joon-gi,lee_joon-gi_0024.npy,lee_joon-gi_0026.npy,Asian_Males
mark_dacascos,mark_dacascos_0920.npy,mark_dacascos_0960.npy,Asian_Males
mark_dacascos,mark_dacascos_0022.npy,mark_dacascos_0920.npy,Asian_Males
mark_dacascos,mark_dacascos_0915.npy,mark_dacascos_0961.npy,Asian_Males
mark_dacascos,mark_dacascos_0954.npy,mark_dacascos_0960.npy,Asian_Males
mark_dacascos,mark_dacascos_0928.npy,mark_dacascos_0961.npy,Asian_Males
mark_dacascos,mark_dacascos_0944.npy,mark_dacascos_0954.npy,Asian_Males
mark_dacascos,mark_dacascos_0915.npy,mark_dacascos_0960.npy,Asian_Males
mark_dacascos,mark_dacascos_0928.npy,mark_dacascos_0944.npy,Asian_Males
mark_dacascos,mark_dacascos_0022.npy,mark_dacascos_0961.npy,Asian_Males
mark_dacascos,mark_dacascos_0915.npy,mark_dacascos_0954.npy,Asian_Males
park_ji_sung,park_ji_sung_0009.npy,park_ji_sung_0017.npy,Asian_Males
park_ji_sung,park_ji_sung_0008.npy,park_ji_sung_0018.npy,Asian_Males
park_ji_sung,park_ji_sung_0016.npy,park_ji_sung_0058.npy,Asian_Males
park_ji_sung,park_ji_sung_0026.npy,park_ji_sung_0058.npy,Asian_Males
park_ji_sung,park_ji_sung_0016.npy,park_ji_sung_0018.npy,Asian_Males
park_ji_sung,park_ji_sung_0014.npy,park_ji_sung_0040.npy,Asian_Males
park_ji_sung,park_ji_sung_0014.npy,park_ji_sung_0026.npy,Asian_Males
park_ji_sung,park_ji_sung_0040.npy,park_ji_sung_0050.npy,Asian_Males
park_ji_sung,park_ji_sung_0008.npy,park_ji_sung_0032.npy,Asian_Males
park_ji_sung,park_ji_sung_0016.npy,park_ji_sung_0017.npy,Asian_Males
reggie_lee,reggie_lee_0041.npy,reggie_lee_0062.npy,Asian_Males
reggie_lee,reggie_lee_0062.npy,reggie_lee_0528.npy,Asian_Males
reggie_lee,reggie_lee_0245.npy,reggie_lee_0528.npy,Asian_Males
reggie_lee,reggie_lee_0041.npy,reggie_lee_0528.npy,Asian_Males
reggie_lee,reggie_lee_0062.npy,reggie_lee_0245.npy,Asian_Males
reggie_lee,reggie_lee_0041.npy,reggie_lee_0245.npy,Asian_Males
robin_shou,robin_shou_0097.npy,robin_shou_0489.npy,Asian_Males
ron_yuan,ron_yuan_0053.npy,ron_yuan_0056.npy,Asian_Males
ron_yuan,ron_yuan_0056.npy,ron_yuan_0062.npy,Asian_Males
ron_yuan,ron_yuan_0031.npy,ron_yuan_0062.npy,Asian_Males
ron_yuan,ron_yuan_0031.npy,ron_yuan_0053.npy,Asian_Males
ron_yuan,ron_yuan_0056.npy,ron_yuan_0058.npy,Asian_Males
ron_yuan,ron_yuan_0053.npy,ron_yuan_0058.npy,Asian_Males
ron_yuan,ron_yuan_0053.npy,ron_yuan_0062.npy,Asian_Males
ron_yuan,ron_yuan_0031.npy,ron_yuan_0058.npy,Asian_Males
ron_yuan,ron_yuan_0058.npy,ron_yuan_0062.npy,Asian_Males
ron_yuan,ron_yuan_0031.npy,ron_yuan_0056.npy,Asian_Males
scott_takeda,scott_takeda_0017.npy,scott_takeda_0915.npy,Asian_Males
scott_takeda,scott_takeda_0011.npy,scott_takeda_0915.npy,Asian_Males
scott_takeda,scott_takeda_0006.npy,scott_takeda_0923.npy,Asian_Males
scott_takeda,scott_takeda_0916.npy,scott_takeda_0918.npy,Asian_Males
scott_takeda,scott_takeda_0011.npy,scott_takeda_0922.npy,Asian_Males
scott_takeda,scott_takeda_0918.npy,scott_takeda_0925.npy,Asian_Males
scott_takeda,scott_takeda_0017.npy,scott_takeda_0910.npy,Asian_Males
scott_takeda,scott_takeda_0011.npy,scott_takeda_0918.npy,Asian_Males
scott_takeda,scott_takeda_0909.npy,scott_takeda_0923.npy,Asian_Males
scott_takeda,scott_takeda_0006.npy,scott_takeda_0922.npy,Asian_Males
shun_oguri,shun_oguri_0012.npy,shun_oguri_0033.npy,Asian_Males
shun_oguri,shun_oguri_0006.npy,shun_oguri_0041.npy,Asian_Males
shun_oguri,shun_oguri_0046.npy,shun_oguri_0070.npy,Asian_Males
shun_oguri,shun_oguri_0005.npy,shun_oguri_0059.npy,Asian_Males
shun_oguri,shun_oguri_0005.npy,shun_oguri_0041.npy,Asian_Males
shun_oguri,shun_oguri_0001.npy,shun_oguri_0033.npy,Asian_Males
shun_oguri,shun_oguri_0010.npy,shun_oguri_0064.npy,Asian_Males
shun_oguri,shun_oguri_0001.npy,shun_oguri_0051.npy,Asian_Males
shun_oguri,shun_oguri_0033.npy,shun_oguri_0064.npy,Asian_Males
shun_oguri,shun_oguri_0046.npy,shun_oguri_0064.npy,Asian_Males
song_joong_ki,song_joong_ki_0008.npy,song_joong_ki_0052.npy,Asian_Males
song_joong_ki,song_joong_ki_0011.npy,song_joong_ki_0026.npy,Asian_Males
song_joong_ki,song_joong_ki_0018.npy,song_joong_ki_0039.npy,Asian_Males
song_joong_ki,song_joong_ki_0018.npy,song_joong_ki_0030.npy,Asian_Males
song_joong_ki,song_joong_ki_0019.npy,song_joong_ki_0028.npy,Asian_Males
song_joong_ki,song_joong_ki_0005.npy,song_joong_ki_0029.npy,Asian_Males
song_joong_ki,song_joong_ki_0019.npy,song_joong_ki_0026.npy,Asian_Males
song_joong_ki,song_joong_ki_0005.npy,song_joong_ki_0011.npy,Asian_Males
song_joong_ki,song_joong_ki_0033.npy,song_joong_ki_0041.npy,Asian_Males
song_joong_ki,song_joong_ki_0039.npy,song_joong_ki_0041.npy,Asian_Males
steven_yeun,steven_yeun_0261.npy,steven_yeun_0269.npy,Asian_Males
steven_yeun,steven_yeun_0261.npy,steven_yeun_0297.npy,Asian_Males
steven_yeun,steven_yeun_0269.npy,steven_yeun_0297.npy,Asian_Males
teppei_koike,teppei_koike_0016.npy,teppei_koike_0049.npy,Asian_Males
teppei_koike,teppei_koike_0045.npy,teppei_koike_0063.npy,Asian_Males
teppei_koike,teppei_koike_0042.npy,teppei_koike_0063.npy,Asian_Males
teppei_koike,teppei_koike_0032.npy,teppei_koike_0063.npy,Asian_Males
teppei_koike,teppei_koike_0053.npy,teppei_koike_0063.npy,Asian_Males
teppei_koike,teppei_koike_0006.npy,teppei_koike_0047.npy,Asian_Males
teppei_koike,teppei_koike_0045.npy,teppei_koike_0053.npy,Asian_Males
teppei_koike,teppei_koike_0032.npy,teppei_koike_0053.npy,Asian_Males
teppei_koike,teppei_koike_0049.npy,teppei_koike_0063.npy,Asian_Males
teppei_koike,teppei_koike_0016.npy,teppei_koike_0048.npy,Asian_Males
toma_ikuta,toma_ikuta_0039.npy,toma_ikuta_0074.npy,Asian_Males
toma_ikuta,toma_ikuta_0064.npy,toma_ikuta_0081.npy,Asian_Males
toma_ikuta,toma_ikuta_0048.npy,toma_ikuta_0064.npy,Asian_Males
toma_ikuta,toma_ikuta_0048.npy,toma_ikuta_0075.npy,Asian_Males
toma_ikuta,toma_ikuta_0064.npy,toma_ikuta_0075.npy,Asian_Males
toma_ikuta,toma_ikuta_0007.npy,toma_ikuta_0081.npy,Asian_Males
toma_ikuta,toma_ikuta_0007.npy,toma_ikuta_0075.npy,Asian_Males
toma_ikuta,toma_ikuta_0022.npy,toma_ikuta_0039.npy,Asian_Males
toma_ikuta,toma_ikuta_0010.npy,toma_ikuta_0064.npy,Asian_Males
toma_ikuta,toma_ikuta_0048.npy,toma_ikuta_0074.npy,Asian_Males
tony_chiu_wai_leung,tony_chiu_wai_leung_0012.npy,tony_chiu_wai_leung_0023.npy,Asian_Males
tony_chiu_wai_leung,tony_chiu_wai_leung_0006.npy,tony_chiu_wai_leung_0021.npy,Asian_Males
tony_chiu_wai_leung,tony_chiu_wai_leung_0017.npy,tony_chiu_wai_leung_0025.npy,Asian_Males
tony_chiu_wai_leung,tony_chiu_wai_leung_0021.npy,tony_chiu_wai_leung_0025.npy,Asian_Males
tony_chiu_wai_leung,tony_chiu_wai_leung_0007.npy,tony_chiu_wai_leung_0021.npy,Asian_Males
tony_chiu_wai_leung,tony_chiu_wai_leung_0007.npy,tony_chiu_wai_leung_0020.npy,Asian_Males
tony_chiu_wai_leung,tony_chiu_wai_leung_0006.npy,tony_chiu_wai_leung_0020.npy,Asian_Males
tony_chiu_wai_leung,tony_chiu_wai_leung_0020.npy,tony_chiu_wai_leung_0025.npy,Asian_Males
tony_chiu_wai_leung,tony_chiu_wai_leung_0012.npy,tony_chiu_wai_leung_0025.npy,Asian_Males
tony_chiu_wai_leung,tony_chiu_wai_leung_0004.npy,tony_chiu_wai_leung_0023.npy,Asian_Males
tony_jaa,tony_jaa_0012.npy,tony_jaa_0054.npy,Asian_Males
tony_jaa,tony_jaa_0011.npy,tony_jaa_0020.npy,Asian_Males
tony_jaa,tony_jaa_0017.npy,tony_jaa_0045.npy,Asian_Males
tony_jaa,tony_jaa_0011.npy,tony_jaa_0045.npy,Asian_Males
tony_jaa,tony_jaa_0004.npy,tony_jaa_0012.npy,Asian_Males
tony_jaa,tony_jaa_0017.npy,tony_jaa_0024.npy,Asian_Males
tony_jaa,tony_jaa_0012.npy,tony_jaa_0043.npy,Asian_Males
tony_jaa,tony_jaa_0011.npy,tony_jaa_0043.npy,Asian_Males
tony_jaa,tony_jaa_0031.npy,tony_jaa_0033.npy,Asian_Males
tony_jaa,tony_jaa_0008.npy,tony_jaa_0033.npy,Asian_Males
will_yun_lee,will_yun_lee_0079.npy,will_yun_lee_0669.npy,Asian_Males
will_yun_lee,will_yun_lee_0669.npy,will_yun_lee_0920.npy,Asian_Males
will_yun_lee,will_yun_lee_0079.npy,will_yun_lee_0490.npy,Asian_Males
will_yun_lee,will_yun_lee_0570.npy,will_yun_lee_0920.npy,Asian_Males
will_yun_lee,will_yun_lee_0079.npy,will_yun_lee_0570.npy,Asian_Males
will_yun_lee,will_yun_lee_0490.npy,will_yun_lee_0570.npy,Asian_Males
will_yun_lee,will_yun_lee_0510.npy,will_yun_lee_0570.npy,Asian_Males
will_yun_lee,will_yun_lee_0490.npy,will_yun_lee_0920.npy,Asian_Males
will_yun_lee,will_yun_lee_0510.npy,will_yun_lee_0920.npy,Asian_Males
will_yun_lee,will_yun_lee_0570.npy,will_yun_lee_0669.npy,Asian_Males
yannus_sufandi,yannus_sufandi_0016.npy,yannus_sufandi_0055.npy,Asian_Males
yannus_sufandi,yannus_sufandi_0007.npy,yannus_sufandi_0055.npy,Asian_Males
yannus_sufandi,yannus_sufandi_0007.npy,yannus_sufandi_0016.npy,Asian_Males
yao_ming,yao_ming_0023.npy,yao_ming_0038.npy,Asian_Males
yao_ming,yao_ming_0005.npy,yao_ming_0033.npy,Asian_Males
yao_ming,yao_ming_0001.npy,yao_ming_0012.npy,Asian_Males
yao_ming,yao_ming_0009.npy,yao_ming_0017.npy,Asian_Males
yao_ming,yao_ming_0007.npy,yao_ming_0036.npy,Asian_Males
yao_ming,yao_ming_0009.npy,yao_ming_0033.npy,Asian_Males
yao_ming,yao_ming_0007.npy,yao_ming_0038.npy,Asian_Males
yao_ming,yao_ming_0009.npy,yao_ming_0012.npy,Asian_Males
yao_ming,yao_ming_0011.npy,yao_ming_0012.npy,Asian_Males
yao_ming,yao_ming_0017.npy,yao_ming_0022.npy,Asian_Males
ye_liu,ye_liu_0002.npy,ye_liu_0006.npy,Asian_Males
ye_liu,ye_liu_0012.npy,ye_liu_0024.npy,Asian_Males
ye_liu,ye_liu_0024.npy,ye_liu_0029.npy,Asian_Males
ye_liu,ye_liu_0002.npy,ye_liu_0007.npy,Asian_Males
ye_liu,ye_liu_0006.npy,ye_liu_0012.npy,Asian_Males
ye_liu,ye_liu_0002.npy,ye_liu_0012.npy,Asian_Males
ye_liu,ye_liu_0006.npy,ye_liu_0007.npy,Asian_Males
ye_liu,ye_liu_0012.npy,ye_liu_0029.npy,Asian_Males
ye_liu,ye_liu_0001.npy,ye_liu_0007.npy,Asian_Males
ye_liu,ye_liu_0001.npy,ye_liu_0018.npy,Asian_Males
yoo_ah_in,yoo_ah_in_0001.npy,yoo_ah_in_0050.npy,Asian_Males
yoo_ah_in,yoo_ah_in_0021.npy,yoo_ah_in_0048.npy,Asian_Males
yoo_ah_in,yoo_ah_in_0003.npy,yoo_ah_in_0044.npy,Asian_Males
yoo_ah_in,yoo_ah_in_0001.npy,yoo_ah_in_0044.npy,Asian_Males
yoo_ah_in,yoo_ah_in_0003.npy,yoo_ah_in_0031.npy,Asian_Males
yoo_ah_in,yoo_ah_in_0003.npy,yoo_ah_in_0015.npy,Asian_Males
yoo_ah_in,yoo_ah_in_0018.npy,yoo_ah_in_0031.npy,Asian_Males
yoo_ah_in,yoo_ah_in_0028.npy,yoo_ah_in_0050.npy,Asian_Males
yoo_ah_in,yoo_ah_in_0027.npy,yoo_ah_in_0044.npy,Asian_Males
yoo_ah_in,yoo_ah_in_0044.npy,yoo_ah_in_0048.npy,Asian_Males
young_man_kang,young_man_kang_0012.npy,young_man_kang_0022.npy,Asian_Males
young_man_kang,young_man_kang_0024.npy,young_man_kang_0066.npy,Asian_Males
young_man_kang,young_man_kang_0024.npy,young_man_kang_0055.npy,Asian_Males
young_man_kang,young_man_kang_0030.npy,young_man_kang_0049.npy,Asian_Males
young_man_kang,young_man_kang_0010.npy,young_man_kang_0055.npy,Asian_Males
young_man_kang,young_man_kang_0012.npy,young_man_kang_0055.npy,Asian_Males
young_man_kang,young_man_kang_0027.npy,young_man_kang_0030.npy,Asian_Males
young_man_kang,young_man_kang_0030.npy,young_man_kang_0066.npy,Asian_Males
young_man_kang,young_man_kang_0012.npy,young_man_kang_0066.npy,Asian_Males
young_man_kang,young_man_kang_0022.npy,young_man_kang_0027.npy,Asian_Males
yun-fat_chow,yun-fat_chow_0016.npy,yun-fat_chow_0200.npy,Asian_Males
yun-fat_chow,yun-fat_chow_0008.npy,yun-fat_chow_0016.npy,Asian_Males
yun-fat_chow,yun-fat_chow_0200.npy,yun-fat_chow_0358.npy,Asian_Males
yun-fat_chow,yun-fat_chow_0016.npy,yun-fat_chow_0050.npy,Asian_Males
yun-fat_chow,yun-fat_chow_0050.npy,yun-fat_chow_0200.npy,Asian_Males
yun-fat_chow,yun-fat_chow_0008.npy,yun-fat_chow_0200.npy,Asian_Males
yun-fat_chow,yun-fat_chow_0008.npy,yun-fat_chow_0358.npy,Asian_Males
yun-fat_chow,yun-fat_chow_0050.npy,yun-fat_chow_0358.npy,Asian_Males
yun-fat_chow,yun-fat_chow_0016.npy,yun-fat_chow_0358.npy,Asian_Males
yun-fat_chow,yun-fat_chow_0008.npy,yun-fat_chow_0050.npy,Asian_Males
aisha_tyler,aisha_tyler_0044.npy,aisha_tyler_0159.npy,Black_Females
aisha_tyler,aisha_tyler_0061.npy,aisha_tyler_0159.npy,Black_Females
aisha_tyler,aisha_tyler_0092.npy,aisha_tyler_0159.npy,Black_Females
aisha_tyler,aisha_tyler_0025.npy,aisha_tyler_0159.npy,Black_Females
aisha_tyler,aisha_tyler_0049.npy,aisha_tyler_0128.npy,Black_Females
aisha_tyler,aisha_tyler_0049.npy,aisha_tyler_0159.npy,Black_Females
aisha_tyler,aisha_tyler_0029.npy,aisha_tyler_0128.npy,Black_Females
aisha_tyler,aisha_tyler_0029.npy,aisha_tyler_0049.npy,Black_Females
aisha_tyler,aisha_tyler_0029.npy,aisha_tyler_0044.npy,Black_Females
aisha_tyler,aisha_tyler_0025.npy,aisha_tyler_0049.npy,Black_Females
alfre_woodard,alfre_woodard_0094.npy,alfre_woodard_0113.npy,Black_Females
alfre_woodard,alfre_woodard_0105.npy,alfre_woodard_0113.npy,Black_Females
alfre_woodard,alfre_woodard_0094.npy,alfre_woodard_0105.npy,Black_Females
alfre_woodard,alfre_woodard_0113.npy,alfre_woodard_0132.npy,Black_Females
alfre_woodard,alfre_woodard_0103.npy,alfre_woodard_0132.npy,Black_Females
alfre_woodard,alfre_woodard_0103.npy,alfre_woodard_0113.npy,Black_Females
alfre_woodard,alfre_woodard_0094.npy,alfre_woodard_0154.npy,Black_Females
alfre_woodard,alfre_woodard_0113.npy,alfre_woodard_0154.npy,Black_Females
alfre_woodard,alfre_woodard_0094.npy,alfre_woodard_0132.npy,Black_Females
alfre_woodard,alfre_woodard_0103.npy,alfre_woodard_0154.npy,Black_Females
amanda_brugel,amanda_brugel_0007.npy,amanda_brugel_0026.npy,Black_Females
amanda_brugel,amanda_brugel_0026.npy,amanda_brugel_0043.npy,Black_Females
amanda_brugel,amanda_brugel_0007.npy,amanda_brugel_0043.npy,Black_Females
amber_riley,amber_riley_0091.npy,amber_riley_0118.npy,Black_Females
amber_riley,amber_riley_0080.npy,amber_riley_0091.npy,Black_Females
amber_riley,amber_riley_0080.npy,amber_riley_0118.npy,Black_Females
amber_riley,amber_riley_0080.npy,amber_riley_0102.npy,Black_Females
amber_riley,amber_riley_0091.npy,amber_riley_0102.npy,Black_Females
amber_riley,amber_riley_0102.npy,amber_riley_0118.npy,Black_Females
audra_mcdonald,audra_mcdonald_0055.npy,audra_mcdonald_0060.npy,Black_Females
audra_mcdonald,audra_mcdonald_0022.npy,audra_mcdonald_0060.npy,Black_Females
audra_mcdonald,audra_mcdonald_0027.npy,audra_mcdonald_0038.npy,Black_Females
audra_mcdonald,audra_mcdonald_0038.npy,audra_mcdonald_0044.npy,Black_Females
audra_mcdonald,audra_mcdonald_0038.npy,audra_mcdonald_0060.npy,Black_Females
audra_mcdonald,audra_mcdonald_0022.npy,audra_mcdonald_0055.npy,Black_Females
audra_mcdonald,audra_mcdonald_0027.npy,audra_mcdonald_0044.npy,Black_Females
audra_mcdonald,audra_mcdonald_0022.npy,audra_mcdonald_0038.npy,Black_Females
audra_mcdonald,audra_mcdonald_0044.npy,audra_mcdonald_0055.npy,Black_Females
audra_mcdonald,audra_mcdonald_0044.npy,audra_mcdonald_0060.npy,Black_Females
chandra_wilson,chandra_wilson_0008.npy,chandra_wilson_0108.npy,Black_Females
chandra_wilson,chandra_wilson_0008.npy,chandra_wilson_0070.npy,Black_Females
chandra_wilson,chandra_wilson_0070.npy,chandra_wilson_0130.npy,Black_Females
chandra_wilson,chandra_wilson_0008.npy,chandra_wilson_0130.npy,Black_Females
chandra_wilson,chandra_wilson_0018.npy,chandra_wilson_0070.npy,Black_Females
chandra_wilson,chandra_wilson_0018.npy,chandra_wilson_0109.npy,Black_Females
chandra_wilson,chandra_wilson_0109.npy,chandra_wilson_0130.npy,Black_Females
chandra_wilson,chandra_wilson_0108.npy,chandra_wilson_0109.npy,Black_Females
chandra_wilson,chandra_wilson_0070.npy,chandra_wilson_0108.npy,Black_Females
chandra_wilson,chandra_wilson_0018.npy,chandra_wilson_0108.npy,Black_Females
christina_milian,christina_milian_0007.npy,christina_milian_0081.npy,Black_Females
claudia_jordan,claudia_jordan_0005.npy,claudia_jordan_0039.npy,Black_Females
claudia_jordan,claudia_jordan_0001.npy,claudia_jordan_0029.npy,Black_Females
claudia_jordan,claudia_jordan_0001.npy,claudia_jordan_0047.npy,Black_Females
claudia_jordan,claudia_jordan_0029.npy,claudia_jordan_0047.npy,Black_Females
claudia_jordan,claudia_jordan_0032.npy,claudia_jordan_0047.npy,Black_Females
claudia_jordan,claudia_jordan_0023.npy,claudia_jordan_0039.npy,Black_Females
claudia_jordan,claudia_jordan_0005.npy,claudia_jordan_0029.npy,Black_Females
claudia_jordan,claudia_jordan_0001.npy,claudia_jordan_0039.npy,Black_Females
claudia_jordan,claudia_jordan_0001.npy,claudia_jordan_0023.npy,Black_Females
claudia_jordan,claudia_jordan_0023.npy,claudia_jordan_0032.npy,Black_Females
denyce_lawton,denyce_lawton_0058.npy,denyce_lawton_0095.npy,Black_Females
denyce_lawton,denyce_lawton_0002.npy,denyce_lawton_0034.npy,Black_Females
denyce_lawton,denyce_lawton_0013.npy,denyce_lawton_0095.npy,Black_Females
denyce_lawton,denyce_lawton_0034.npy,denyce_lawton_0095.npy,Black_Females
denyce_lawton,denyce_lawton_0013.npy,denyce_lawton_0058.npy,Black_Females
denyce_lawton,denyce_lawton_0013.npy,denyce_lawton_0034.npy,Black_Females
denyce_lawton,denyce_lawton_0002.npy,denyce_lawton_0058.npy,Black_Females
denyce_lawton,denyce_lawton_0034.npy,denyce_lawton_0058.npy,Black_Females
denyce_lawton,denyce_lawton_0002.npy,denyce_lawton_0095.npy,Black_Females
denyce_lawton,denyce_lawton_0002.npy,denyce_lawton_0013.npy,Black_Females
eva_marcille,eva_marcille_0011.npy,eva_marcille_0045.npy,Black_Females
eva_marcille,eva_marcille_0011.npy,eva_marcille_0029.npy,Black_Females
eva_marcille,eva_marcille_0014.npy,eva_marcille_0025.npy,Black_Females
eva_marcille,eva_marcille_0011.npy,eva_marcille_0014.npy,Black_Females
eva_marcille,eva_marcille_0029.npy,eva_marcille_0045.npy,Black_Females
eva_marcille,eva_marcille_0014.npy,eva_marcille_0029.npy,Black_Females
eva_marcille,eva_marcille_0014.npy,eva_marcille_0045.npy,Black_Females
eva_marcille,eva_marcille_0025.npy,eva_marcille_0045.npy,Black_Females
eva_marcille,eva_marcille_0011.npy,eva_marcille_0025.npy,Black_Females
eva_marcille,eva_marcille_0025.npy,eva_marcille_0029.npy,Black_Females
fumi_desalu-vold,fumi_desalu-vold_0001.npy,fumi_desalu-vold_0004.npy,Black_Females
fumi_desalu-vold,fumi_desalu-vold_0001.npy,fumi_desalu-vold_0010.npy,Black_Females
fumi_desalu-vold,fumi_desalu-vold_0004.npy,fumi_desalu-vold_0010.npy,Black_Females
gabourey_sidibe,gabourey_sidibe_0037.npy,gabourey_sidibe_0129.npy,Black_Females
gabourey_sidibe,gabourey_sidibe_0037.npy,gabourey_sidibe_0091.npy,Black_Females
gabourey_sidibe,gabourey_sidibe_0091.npy,gabourey_sidibe_0129.npy,Black_Females
gabourey_sidibe,gabourey_sidibe_0037.npy,gabourey_sidibe_0152.npy,Black_Females
gabourey_sidibe,gabourey_sidibe_0129.npy,gabourey_sidibe_0152.npy,Black_Females
gabourey_sidibe,gabourey_sidibe_0091.npy,gabourey_sidibe_0152.npy,Black_Females
gloria_reuben,gloria_reuben_0019.npy,gloria_reuben_0039.npy,Black_Females
gloria_reuben,gloria_reuben_0021.npy,gloria_reuben_0053.npy,Black_Females
gloria_reuben,gloria_reuben_0019.npy,gloria_reuben_0048.npy,Black_Females
gloria_reuben,gloria_reuben_0002.npy,gloria_reuben_0048.npy,Black_Females
gloria_reuben,gloria_reuben_0021.npy,gloria_reuben_0027.npy,Black_Females
gloria_reuben,gloria_reuben_0019.npy,gloria_reuben_0027.npy,Black_Females
gloria_reuben,gloria_reuben_0002.npy,gloria_reuben_0039.npy,Black_Females
gloria_reuben,gloria_reuben_0017.npy,gloria_reuben_0039.npy,Black_Females
gloria_reuben,gloria_reuben_0002.npy,gloria_reuben_0017.npy,Black_Females
gloria_reuben,gloria_reuben_0019.npy,gloria_reuben_0021.npy,Black_Females
imani_t_williams,imani_t_williams_0001.npy,imani_t_williams_0059.npy,Black_Females
imani_t_williams,imani_t_williams_0001.npy,imani_t_williams_0026.npy,Black_Females
imani_t_williams,imani_t_williams_0026.npy,imani_t_williams_0059.npy,Black_Females
jaida-iman_benjamin,jaida-iman_benjamin_0018.npy,jaida-iman_benjamin_0077.npy,Black_Females
jordin_sparks,jordin_sparks_0008.npy,jordin_sparks_0027.npy,Black_Females
jordin_sparks,jordin_sparks_0097.npy,jordin_sparks_0120.npy,Black_Females
jordin_sparks,jordin_sparks_0120.npy,jordin_sparks_0155.npy,Black_Females
jordin_sparks,jordin_sparks_0097.npy,jordin_sparks_0107.npy,Black_Females
jordin_sparks,jordin_sparks_0008.npy,jordin_sparks_0038.npy,Black_Females
jordin_sparks,jordin_sparks_0008.npy,jordin_sparks_0058.npy,Black_Females
jordin_sparks,jordin_sparks_0008.npy,jordin_sparks_0120.npy,Black_Females
jordin_sparks,jordin_sparks_0097.npy,jordin_sparks_0155.npy,Black_Females
jordin_sparks,jordin_sparks_0038.npy,jordin_sparks_0107.npy,Black_Females
jordin_sparks,jordin_sparks_0038.npy,jordin_sparks_0120.npy,Black_Females
judith_shekoni,judith_shekoni_0001.npy,judith_shekoni_0060.npy,Black_Females
judith_shekoni,judith_shekoni_0001.npy,judith_shekoni_0020.npy,Black_Females
judith_shekoni,judith_shekoni_0020.npy,judith_shekoni_0060.npy,Black_Females
jurnee_smollett-bell,jurnee_smollett-bell_0047.npy,jurnee_smollett-bell_0051.npy,Black_Females
jurnee_smollett-bell,jurnee_smollett-bell_0003.npy,jurnee_smollett-bell_0041.npy,Black_Females
jurnee_smollett-bell,jurnee_smollett-bell_0003.npy,jurnee_smollett-bell_0046.npy,Black_Females
jurnee_smollett-bell,jurnee_smollett-bell_0003.npy,jurnee_smollett-bell_0047.npy,Black_Females
jurnee_smollett-bell,jurnee_smollett-bell_0003.npy,jurnee_smollett-bell_0051.npy,Black_Females
jurnee_smollett-bell,jurnee_smollett-bell_0041.npy,jurnee_smollett-bell_0051.npy,Black_Females
jurnee_smollett-bell,jurnee_smollett-bell_0041.npy,jurnee_smollett-bell_0046.npy,Black_Females
jurnee_smollett-bell,jurnee_smollett-bell_0046.npy,jurnee_smollett-bell_0047.npy,Black_Females
jurnee_smollett-bell,jurnee_smollett-bell_0046.npy,jurnee_smollett-bell_0051.npy,Black_Females
jurnee_smollett-bell,jurnee_smollett-bell_0041.npy,jurnee_smollett-bell_0047.npy,Black_Females
kat_graham,kat_graham_0036.npy,kat_graham_0108.npy,Black_Females
kat_graham,kat_graham_0037.npy,kat_graham_0042.npy,Black_Females
kat_graham,kat_graham_0036.npy,kat_graham_0042.npy,Black_Females
kat_graham,kat_graham_0042.npy,kat_graham_0108.npy,Black_Females
kat_graham,kat_graham_0036.npy,kat_graham_0037.npy,Black_Females
kat_graham,kat_graham_0037.npy,kat_graham_0108.npy,Black_Females
kim_fields,kim_fields_0007.npy,kim_fields_0051.npy,Black_Females
kim_fields,kim_fields_0019.npy,kim_fields_0051.npy,Black_Females
kim_fields,kim_fields_0019.npy,kim_fields_0037.npy,Black_Females
kim_fields,kim_fields_0007.npy,kim_fields_0037.npy,Black_Females
kim_fields,kim_fields_0037.npy,kim_fields_0051.npy,Black_Females
kim_fields,kim_fields_0007.npy,kim_fields_0019.npy,Black_Females
la_la_anthony,la_la_anthony_0017.npy,la_la_anthony_0033.npy,Black_Females
la_la_anthony,la_la_anthony_0033.npy,la_la_anthony_0058.npy,Black_Females
la_la_anthony,la_la_anthony_0031.npy,la_la_anthony_0068.npy,Black_Females
la_la_anthony,la_la_anthony_0019.npy,la_la_anthony_0068.npy,Black_Females
la_la_anthony,la_la_anthony_0055.npy,la_la_anthony_0058.npy,Black_Females
la_la_anthony,la_la_anthony_0033.npy,la_la_anthony_0055.npy,Black_Females
la_la_anthony,la_la_anthony_0031.npy,la_la_anthony_0033.npy,Black_Females
la_la_anthony,la_la_anthony_0017.npy,la_la_anthony_0055.npy,Black_Females
la_la_anthony,la_la_anthony_0031.npy,la_la_anthony_0058.npy,Black_Females
la_la_anthony,la_la_anthony_0033.npy,la_la_anthony_0068.npy,Black_Females
levona_lewis,levona_lewis_0060.npy,levona_lewis_0064.npy,Black_Females
lupita_nyong'o,lupita_nyong'o_0042.npy,lupita_nyong'o_0061.npy,Black_Females
lupita_nyong'o,lupita_nyong'o_0021.npy,lupita_nyong'o_0082.npy,Black_Females
lupita_nyong'o,lupita_nyong'o_0021.npy,lupita_nyong'o_0122.npy,Black_Females
lupita_nyong'o,lupita_nyong'o_0021.npy,lupita_nyong'o_0042.npy,Black_Females
lupita_nyong'o,lupita_nyong'o_0021.npy,lupita_nyong'o_0061.npy,Black_Females
lupita_nyong'o,lupita_nyong'o_0035.npy,lupita_nyong'o_0122.npy,Black_Females
lupita_nyong'o,lupita_nyong'o_0035.npy,lupita_nyong'o_0082.npy,Black_Females
lupita_nyong'o,lupita_nyong'o_0061.npy,lupita_nyong'o_0082.npy,Black_Females
lupita_nyong'o,lupita_nyong'o_0035.npy,lupita_nyong'o_0042.npy,Black_Females
lupita_nyong'o,lupita_nyong'o_0061.npy,lupita_nyong'o_0122.npy,Black_Females
meagan_good,meagan_good_0065.npy,meagan_good_0108.npy,Black_Females
meagan_good,meagan_good_0027.npy,meagan_good_0108.npy,Black_Females
meagan_good,meagan_good_0027.npy,meagan_good_0065.npy,Black_Females
megalyn_echikunwoke,megalyn_echikunwoke_0021.npy,megalyn_echikunwoke_0043.npy,Black_Females
megalyn_echikunwoke,megalyn_echikunwoke_0002.npy,megalyn_echikunwoke_0048.npy,Black_Females
megalyn_echikunwoke,megalyn_echikunwoke_0006.npy,megalyn_echikunwoke_0021.npy,Black_Females
megalyn_echikunwoke,megalyn_echikunwoke_0002.npy,megalyn_echikunwoke_0043.npy,Black_Females
megalyn_echikunwoke,megalyn_echikunwoke_0008.npy,megalyn_echikunwoke_0043.npy,Black_Females
megalyn_echikunwoke,megalyn_echikunwoke_0002.npy,megalyn_echikunwoke_0032.npy,Black_Females
megalyn_echikunwoke,megalyn_echikunwoke_0002.npy,megalyn_echikunwoke_0006.npy,Black_Females
megalyn_echikunwoke,megalyn_echikunwoke_0032.npy,megalyn_echikunwoke_0048.npy,Black_Females
megalyn_echikunwoke,megalyn_echikunwoke_0008.npy,megalyn_echikunwoke_0032.npy,Black_Females
megalyn_echikunwoke,megalyn_echikunwoke_0006.npy,megalyn_echikunwoke_0032.npy,Black_Females
mo'nique,mo'nique_0023.npy,mo'nique_0093.npy,Black_Females
mo'nique,mo'nique_0025.npy,mo'nique_0080.npy,Black_Females
mo'nique,mo'nique_0038.npy,mo'nique_0093.npy,Black_Females
mo'nique,mo'nique_0093.npy,mo'nique_0103.npy,Black_Females
mo'nique,mo'nique_0080.npy,mo'nique_0093.npy,Black_Females
mo'nique,mo'nique_0025.npy,mo'nique_0103.npy,Black_Females
mo'nique,mo'nique_0023.npy,mo'nique_0038.npy,Black_Females
mo'nique,mo'nique_0038.npy,mo'nique_0103.npy,Black_Females
mo'nique,mo'nique_0023.npy,mo'nique_0080.npy,Black_Females
mo'nique,mo'nique_0025.npy,mo'nique_0093.npy,Black_Females
monique_coleman,monique_coleman_0015.npy,monique_coleman_0048.npy,Black_Females
monique_coleman,monique_coleman_0023.npy,monique_coleman_0040.npy,Black_Females
monique_coleman,monique_coleman_0023.npy,monique_coleman_0048.npy,Black_Females
monique_coleman,monique_coleman_0015.npy,monique_coleman_0040.npy,Black_Females
monique_coleman,monique_coleman_0015.npy,monique_coleman_0045.npy,Black_Females
monique_coleman,monique_coleman_0045.npy,monique_coleman_0048.npy,Black_Females
monique_coleman,monique_coleman_0015.npy,monique_coleman_0023.npy,Black_Females
monique_coleman,monique_coleman_0023.npy,monique_coleman_0045.npy,Black_Females
monique_coleman,monique_coleman_0040.npy,monique_coleman_0048.npy,Black_Females
monique_coleman,monique_coleman_0040.npy,monique_coleman_0045.npy,Black_Females
namaiya_cunningham,namaiya_cunningham_0044.npy,namaiya_cunningham_0051.npy,Black_Females
namaiya_cunningham,namaiya_cunningham_0021.npy,namaiya_cunningham_0044.npy,Black_Females
namaiya_cunningham,namaiya_cunningham_0012.npy,namaiya_cunningham_0029.npy,Black_Females
namaiya_cunningham,namaiya_cunningham_0012.npy,namaiya_cunningham_0021.npy,Black_Females
namaiya_cunningham,namaiya_cunningham_0012.npy,namaiya_cunningham_0051.npy,Black_Females
namaiya_cunningham,namaiya_cunningham_0029.npy,namaiya_cunningham_0044.npy,Black_Females
namaiya_cunningham,namaiya_cunningham_0021.npy,namaiya_cunningham_0029.npy,Black_Females
namaiya_cunningham,namaiya_cunningham_0021.npy,namaiya_cunningham_0051.npy,Black_Females
namaiya_cunningham,namaiya_cunningham_0012.npy,namaiya_cunningham_0044.npy,Black_Females
namaiya_cunningham,namaiya_cunningham_0029.npy,namaiya_cunningham_0051.npy,Black_Females
nicki_minaj,nicki_minaj_0036.npy,nicki_minaj_0045.npy,Black_Females
nicki_minaj,nicki_minaj_0015.npy,nicki_minaj_0045.npy,Black_Females
nicki_minaj,nicki_minaj_0015.npy,nicki_minaj_0036.npy,Black_Females
nikki_storm,nikki_storm_0015.npy,nikki_storm_0031.npy,Black_Females
nikki_storm,nikki_storm_0031.npy,nikki_storm_0057.npy,Black_Females
nikki_storm,nikki_storm_0015.npy,nikki_storm_0057.npy,Black_Females
octavia_spencer,octavia_spencer_0094.npy,octavia_spencer_0101.npy,Black_Females
octavia_spencer,octavia_spencer_0046.npy,octavia_spencer_0094.npy,Black_Females
octavia_spencer,octavia_spencer_0046.npy,octavia_spencer_0101.npy,Black_Females
pam_grier,pam_grier_0055.npy,pam_grier_0065.npy,Black_Females
pam_grier,pam_grier_0055.npy,pam_grier_0062.npy,Black_Females
pam_grier,pam_grier_0055.npy,pam_grier_0078.npy,Black_Females
pam_grier,pam_grier_0062.npy,pam_grier_0065.npy,Black_Females
pam_grier,pam_grier_0065.npy,pam_grier_0078.npy,Black_Females
pam_grier,pam_grier_0062.npy,pam_grier_0078.npy,Black_Females
pamella_d'pella,pamella_d'pella_0015.npy,pamella_d'pella_0096.npy,Black_Females
pamella_d'pella,pamella_d'pella_0015.npy,pamella_d'pella_0099.npy,Black_Females
pamella_d'pella,pamella_d'pella_0015.npy,pamella_d'pella_0052.npy,Black_Females
pamella_d'pella,pamella_d'pella_0052.npy,pamella_d'pella_0099.npy,Black_Females
pamella_d'pella,pamella_d'pella_0052.npy,pamella_d'pella_0076.npy,Black_Females
pamella_d'pella,pamella_d'pella_0076.npy,pamella_d'pella_0099.npy,Black_Females
pamella_d'pella,pamella_d'pella_0096.npy,pamella_d'pella_0099.npy,Black_Females
pamella_d'pella,pamella_d'pella_0076.npy,pamella_d'pella_0096.npy,Black_Females
pamella_d'pella,pamella_d'pella_0052.npy,pamella_d'pella_0096.npy,Black_Females
pamella_d'pella,pamella_d'pella_0015.npy,pamella_d'pella_0076.npy,Black_Females
regina_hall,regina_hall_0002.npy,regina_hall_0036.npy,Black_Females
regina_hall,regina_hall_0005.npy,regina_hall_0046.npy,Black_Females
regina_hall,regina_hall_0007.npy,regina_hall_0046.npy,Black_Females
regina_hall,regina_hall_0037.npy,regina_hall_0050.npy,Black_Females
regina_hall,regina_hall_0007.npy,regina_hall_0036.npy,Black_Females
regina_hall,regina_hall_0036.npy,regina_hall_0046.npy,Black_Females
regina_hall,regina_hall_0002.npy,regina_hall_0037.npy,Black_Females
regina_hall,regina_hall_0002.npy,regina_hall_0032.npy,Black_Females
regina_hall,regina_hall_0024.npy,regina_hall_0036.npy,Black_Females
regina_hall,regina_hall_0036.npy,regina_hall_0037.npy,Black_Females
retta,retta_0047.npy,retta_0226.npy,Black_Females
retta,retta_0047.npy,retta_0414.npy,Black_Females
retta,retta_0226.npy,retta_0414.npy,Black_Females
rihanna,rihanna_0109.npy,rihanna_0330.npy,Black_Females
rihanna,rihanna_0170.npy,rihanna_0173.npy,Black_Females
rihanna,rihanna_0170.npy,rihanna_0330.npy,Black_Females
rihanna,rihanna_0109.npy,rihanna_0173.npy,Black_Females
rihanna,rihanna_0109.npy,rihanna_0170.npy,Black_Females
rihanna,rihanna_0173.npy,rihanna_0330.npy,Black_Females
rutina_wesley,rutina_wesley_0039.npy,rutina_wesley_0060.npy,Black_Females
s_epatha_merkerson,s_epatha_merkerson_0003.npy,s_epatha_merkerson_0030.npy,Black_Females
s_epatha_merkerson,s_epatha_merkerson_0028.npy,s_epatha_merkerson_0054.npy,Black_Females
s_epatha_merkerson,s_epatha_merkerson_0028.npy,s_epatha_merkerson_0030.npy,Black_Females
s_epatha_merkerson,s_epatha_merkerson_0003.npy,s_epatha_merkerson_0028.npy,Black_Females
s_epatha_merkerson,s_epatha_merkerson_0003.npy,s_epatha_merkerson_0054.npy,Black_Females
s_epatha_merkerson,s_epatha_merkerson_0030.npy,s_epatha_merkerson_0054.npy,Black_Females
sanaa_lathan,sanaa_lathan_0049.npy,sanaa_lathan_0062.npy,Black_Females
sanaa_lathan,sanaa_lathan_0020.npy,sanaa_lathan_0062.npy,Black_Females
sanaa_lathan,sanaa_lathan_0062.npy,sanaa_lathan_0109.npy,Black_Females
sanaa_lathan,sanaa_lathan_0054.npy,sanaa_lathan_0116.npy,Black_Females
sanaa_lathan,sanaa_lathan_0020.npy,sanaa_lathan_0109.npy,Black_Females
sanaa_lathan,sanaa_lathan_0049.npy,sanaa_lathan_0116.npy,Black_Females
sanaa_lathan,sanaa_lathan_0054.npy,sanaa_lathan_0118.npy,Black_Females
sanaa_lathan,sanaa_lathan_0052.npy,sanaa_lathan_0109.npy,Black_Females
sanaa_lathan,sanaa_lathan_0054.npy,sanaa_lathan_0109.npy,Black_Females
sanaa_lathan,sanaa_lathan_0116.npy,sanaa_lathan_0118.npy,Black_Females
selita_ebanks,selita_ebanks_0051.npy,selita_ebanks_0062.npy,Black_Females
selita_ebanks,selita_ebanks_0052.npy,selita_ebanks_0056.npy,Black_Females
selita_ebanks,selita_ebanks_0012.npy,selita_ebanks_0052.npy,Black_Females
selita_ebanks,selita_ebanks_0026.npy,selita_ebanks_0062.npy,Black_Females
selita_ebanks,selita_ebanks_0026.npy,selita_ebanks_0052.npy,Black_Females
selita_ebanks,selita_ebanks_0012.npy,selita_ebanks_0056.npy,Black_Females
selita_ebanks,selita_ebanks_0012.npy,selita_ebanks_0026.npy,Black_Females
selita_ebanks,selita_ebanks_0051.npy,selita_ebanks_0056.npy,Black_Females
selita_ebanks,selita_ebanks_0014.npy,selita_ebanks_0029.npy,Black_Females
selita_ebanks,selita_ebanks_0029.npy,selita_ebanks_0051.npy,Black_Females
sharon_leal,sharon_leal_0014.npy,sharon_leal_0018.npy,Black_Females
sharon_leal,sharon_leal_0018.npy,sharon_leal_0089.npy,Black_Females
sharon_leal,sharon_leal_0014.npy,sharon_leal_0089.npy,Black_Females
shauna_chin,shauna_chin_0007.npy,shauna_chin_0021.npy,Black_Females
shauna_chin,shauna_chin_0018.npy,shauna_chin_0053.npy,Black_Females
shauna_chin,shauna_chin_0021.npy,shauna_chin_0036.npy,Black_Females
shauna_chin,shauna_chin_0018.npy,shauna_chin_0021.npy,Black_Females
shauna_chin,shauna_chin_0004.npy,shauna_chin_0021.npy,Black_Females
shauna_chin,shauna_chin_0004.npy,shauna_chin_0053.npy,Black_Females
shauna_chin,shauna_chin_0018.npy,shauna_chin_0030.npy,Black_Females
shauna_chin,shauna_chin_0030.npy,shauna_chin_0036.npy,Black_Females
shauna_chin,shauna_chin_0021.npy,shauna_chin_0030.npy,Black_Females
shauna_chin,shauna_chin_0007.npy,shauna_chin_0053.npy,Black_Females
tamala_jones,tamala_jones_0050.npy,tamala_jones_0059.npy,Black_Females
tamala_jones,tamala_jones_0016.npy,tamala_jones_0050.npy,Black_Females
tamala_jones,tamala_jones_0016.npy,tamala_jones_0060.npy,Black_Females
tamala_jones,tamala_jones_0014.npy,tamala_jones_0016.npy,Black_Females
tamala_jones,tamala_jones_0050.npy,tamala_jones_0060.npy,Black_Females
tamala_jones,tamala_jones_0034.npy,tamala_jones_0043.npy,Black_Females
tamala_jones,tamala_jones_0034.npy,tamala_jones_0059.npy,Black_Females
tamala_jones,tamala_jones_0043.npy,tamala_jones_0060.npy,Black_Females
tamala_jones,tamala_jones_0059.npy,tamala_jones_0060.npy,Black_Females
tamala_jones,tamala_jones_0043.npy,tamala_jones_0067.npy,Black_Females
tasha_smith,tasha_smith_0020.npy,tasha_smith_0024.npy,Black_Females
tasha_smith,tasha_smith_0014.npy,tasha_smith_0024.npy,Black_Females
tasha_smith,tasha_smith_0014.npy,tasha_smith_0020.npy,Black_Females
tatyana_ali,tatyana_ali_0041.npy,tatyana_ali_0049.npy,Black_Females
tatyana_ali,tatyana_ali_0015.npy,tatyana_ali_0021.npy,Black_Females
tatyana_ali,tatyana_ali_0028.npy,tatyana_ali_0035.npy,Black_Females
tatyana_ali,tatyana_ali_0020.npy,tatyana_ali_0041.npy,Black_Females
tatyana_ali,tatyana_ali_0035.npy,tatyana_ali_0049.npy,Black_Females
tatyana_ali,tatyana_ali_0015.npy,tatyana_ali_0020.npy,Black_Females
tatyana_ali,tatyana_ali_0013.npy,tatyana_ali_0020.npy,Black_Females
tatyana_ali,tatyana_ali_0015.npy,tatyana_ali_0049.npy,Black_Females
tatyana_ali,tatyana_ali_0021.npy,tatyana_ali_0041.npy,Black_Females
tatyana_ali,tatyana_ali_0013.npy,tatyana_ali_0049.npy,Black_Females
thandie_newton,thandie_newton_0051.npy,thandie_newton_0103.npy,Black_Females
thandie_newton,thandie_newton_0051.npy,thandie_newton_0166.npy,Black_Females
thandie_newton,thandie_newton_0051.npy,thandie_newton_0146.npy,Black_Females
thandie_newton,thandie_newton_0031.npy,thandie_newton_0066.npy,Black_Females
thandie_newton,thandie_newton_0026.npy,thandie_newton_0031.npy,Black_Females
thandie_newton,thandie_newton_0031.npy,thandie_newton_0051.npy,Black_Females
thandie_newton,thandie_newton_0103.npy,thandie_newton_0146.npy,Black_Females
thandie_newton,thandie_newton_0146.npy,thandie_newton_0166.npy,Black_Females
thandie_newton,thandie_newton_0066.npy,thandie_newton_0146.npy,Black_Females
thandie_newton,thandie_newton_0031.npy,thandie_newton_0103.npy,Black_Females
tichina_arnold,tichina_arnold_0010.npy,tichina_arnold_0047.npy,Black_Females
tichina_arnold,tichina_arnold_0010.npy,tichina_arnold_0038.npy,Black_Females
tichina_arnold,tichina_arnold_0010.npy,tichina_arnold_0061.npy,Black_Females
tichina_arnold,tichina_arnold_0038.npy,tichina_arnold_0047.npy,Black_Females
tichina_arnold,tichina_arnold_0047.npy,tichina_arnold_0061.npy,Black_Females
tichina_arnold,tichina_arnold_0038.npy,tichina_arnold_0061.npy,Black_Females
veronica_webb,veronica_webb_0036.npy,veronica_webb_0043.npy,Black_Females
veronica_webb,veronica_webb_0001.npy,veronica_webb_0036.npy,Black_Females
veronica_webb,veronica_webb_0010.npy,veronica_webb_0036.npy,Black_Females
veronica_webb,veronica_webb_0001.npy,veronica_webb_0022.npy,Black_Females
veronica_webb,veronica_webb_0001.npy,veronica_webb_0043.npy,Black_Females
veronica_webb,veronica_webb_0010.npy,veronica_webb_0043.npy,Black_Females
veronica_webb,veronica_webb_0022.npy,veronica_webb_0036.npy,Black_Females
veronica_webb,veronica_webb_0010.npy,veronica_webb_0022.npy,Black_Females
veronica_webb,veronica_webb_0022.npy,veronica_webb_0043.npy,Black_Females
veronica_webb,veronica_webb_0001.npy,veronica_webb_0010.npy,Black_Females
wanda_sykes,wanda_sykes_0005.npy,wanda_sykes_0059.npy,Black_Females
wanda_sykes,wanda_sykes_0005.npy,wanda_sykes_0046.npy,Black_Females
wanda_sykes,wanda_sykes_0005.npy,wanda_sykes_0031.npy,Black_Females
wanda_sykes,wanda_sykes_0001.npy,wanda_sykes_0005.npy,Black_Females
wanda_sykes,wanda_sykes_0031.npy,wanda_sykes_0056.npy,Black_Females
wanda_sykes,wanda_sykes_0046.npy,wanda_sykes_0059.npy,Black_Females
wanda_sykes,wanda_sykes_0056.npy,wanda_sykes_0059.npy,Black_Females
wanda_sykes,wanda_sykes_0001.npy,wanda_sykes_0031.npy,Black_Females
wanda_sykes,wanda_sykes_0005.npy,wanda_sykes_0056.npy,Black_Females
wanda_sykes,wanda_sykes_0001.npy,wanda_sykes_0046.npy,Black_Females
whitney_houston,whitney_houston_0033.npy,whitney_houston_0113.npy,Black_Females
whitney_houston,whitney_houston_0033.npy,whitney_houston_0107.npy,Black_Females
whitney_houston,whitney_houston_0107.npy,whitney_houston_0113.npy,Black_Females
yvette_nicole_brown,yvette_nicole_brown_0020.npy,yvette_nicole_brown_0099.npy,Black_Females
yvette_nicole_brown,yvette_nicole_brown_0082.npy,yvette_nicole_brown_0088.npy,Black_Females
yvette_nicole_brown,yvette_nicole_brown_0045.npy,yvette_nicole_brown_0088.npy,Black_Females
yvette_nicole_brown,yvette_nicole_brown_0015.npy,yvette_nicole_brown_0041.npy,Black_Females
yvette_nicole_brown,yvette_nicole_brown_0074.npy,yvette_nicole_brown_0088.npy,Black_Females
yvette_nicole_brown,yvette_nicole_brown_0015.npy,yvette_nicole_brown_0020.npy,Black_Females
yvette_nicole_brown,yvette_nicole_brown_0074.npy,yvette_nicole_brown_0099.npy,Black_Females
yvette_nicole_brown,yvette_nicole_brown_0020.npy,yvette_nicole_brown_0074.npy,Black_Females
yvette_nicole_brown,yvette_nicole_brown_0015.npy,yvette_nicole_brown_0088.npy,Black_Females
yvette_nicole_brown,yvette_nicole_brown_0088.npy,yvette_nicole_brown_0122.npy,Black_Females
zoe_kravitz,zoe_kravitz_0061.npy,zoe_kravitz_0077.npy,Black_Females
zoe_kravitz,zoe_kravitz_0064.npy,zoe_kravitz_0077.npy,Black_Females
zoe_kravitz,zoe_kravitz_0061.npy,zoe_kravitz_0064.npy,Black_Females
zoe_kravitz,zoe_kravitz_0050.npy,zoe_kravitz_0061.npy,Black_Females
zoe_kravitz,zoe_kravitz_0064.npy,zoe_kravitz_0103.npy,Black_Females
zoe_kravitz,zoe_kravitz_0061.npy,zoe_kravitz_0083.npy,Black_Females
zoe_kravitz,zoe_kravitz_0077.npy,zoe_kravitz_0103.npy,Black_Females
zoe_kravitz,zoe_kravitz_0077.npy,zoe_kravitz_0083.npy,Black_Females
zoe_kravitz,zoe_kravitz_0050.npy,zoe_kravitz_0077.npy,Black_Females
zoe_kravitz,zoe_kravitz_0083.npy,zoe_kravitz_0103.npy,Black_Females
50_cent,50_cent_0067.npy,50_cent_0104.npy,Black_Males
50_cent,50_cent_0020.npy,50_cent_0067.npy,Black_Males
50_cent,50_cent_0020.npy,50_cent_0025.npy,Black_Males
50_cent,50_cent_0020.npy,50_cent_0073.npy,Black_Males
50_cent,50_cent_0073.npy,50_cent_0104.npy,Black_Males
50_cent,50_cent_0020.npy,50_cent_0104.npy,Black_Males
50_cent,50_cent_0055.npy,50_cent_0073.npy,Black_Males
50_cent,50_cent_0025.npy,50_cent_0104.npy,Black_Males
50_cent,50_cent_0055.npy,50_cent_0067.npy,Black_Males
50_cent,50_cent_0025.npy,50_cent_0073.npy,Black_Males
aldis_hodge,aldis_hodge_0028.npy,aldis_hodge_0031.npy,Black_Males
aldis_hodge,aldis_hodge_0025.npy,aldis_hodge_0028.npy,Black_Males
aldis_hodge,aldis_hodge_0021.npy,aldis_hodge_0025.npy,Black_Males
aldis_hodge,aldis_hodge_0021.npy,aldis_hodge_0026.npy,Black_Males
aldis_hodge,aldis_hodge_0040.npy,aldis_hodge_0021.npy,Black_Males
aldis_hodge,aldis_hodge_0021.npy,aldis_hodge_0031.npy,Black_Males
aldis_hodge,aldis_hodge_0026.npy,aldis_hodge_0028.npy,Black_Males
aldis_hodge,aldis_hodge_0021.npy,aldis_hodge_0032.npy,Black_Males
aldis_hodge,aldis_hodge_0016.npy,aldis_hodge_0026.npy,Black_Males
aldis_hodge,aldis_hodge_0021.npy,aldis_hodge_0028.npy,Black_Males
andre_braugher,andre_braugher_0001.npy,andre_braugher_0085.npy,Black_Males
andre_braugher,andre_braugher_0021.npy,andre_braugher_0085.npy,Black_Males
andre_braugher,andre_braugher_0001.npy,andre_braugher_0031.npy,Black_Males
andre_braugher,andre_braugher_0031.npy,andre_braugher_0085.npy,Black_Males
andre_braugher,andre_braugher_0013.npy,andre_braugher_0021.npy,Black_Males
andre_braugher,andre_braugher_0001.npy,andre_braugher_0013.npy,Black_Males
andre_braugher,andre_braugher_0021.npy,andre_braugher_0066.npy,Black_Males
andre_braugher,andre_braugher_0013.npy,andre_braugher_0085.npy,Black_Males
andre_braugher,andre_braugher_0013.npy,andre_braugher_0031.npy,Black_Males
andre_braugher,andre_braugher_0001.npy,andre_braugher_0066.npy,Black_Males
anthony_anderson,anthony_anderson_0033.npy,anthony_anderson_0098.npy,Black_Males
anthony_anderson,anthony_anderson_0009.npy,anthony_anderson_0067.npy,Black_Males
anthony_anderson,anthony_anderson_0017.npy,anthony_anderson_0033.npy,Black_Males
anthony_anderson,anthony_anderson_0055.npy,anthony_anderson_0067.npy,Black_Males
anthony_anderson,anthony_anderson_0005.npy,anthony_anderson_0009.npy,Black_Males
anthony_anderson,anthony_anderson_0009.npy,anthony_anderson_0017.npy,Black_Males
anthony_anderson,anthony_anderson_0067.npy,anthony_anderson_0098.npy,Black_Males
anthony_anderson,anthony_anderson_0005.npy,anthony_anderson_0033.npy,Black_Males
anthony_anderson,anthony_anderson_0009.npy,anthony_anderson_0033.npy,Black_Males
anthony_anderson,anthony_anderson_0009.npy,anthony_anderson_0098.npy,Black_Males
cedric_the_entertainer,cedric_the_entertainer_0005.npy,cedric_the_entertainer_0025.npy,Black_Males
chi_mcbride,chi_mcbride_0010.npy,chi_mcbride_0019.npy,Black_Males
corbin_bleu,corbin_bleu_0568.npy,corbin_bleu_0744.npy,Black_Males
david_alan_grier,david_alan_grier_0020.npy,david_alan_grier_0105.npy,Black_Males
david_alan_grier,david_alan_grier_0066.npy,david_alan_grier_0105.npy,Black_Males
david_alan_grier,david_alan_grier_0020.npy,david_alan_grier_0050.npy,Black_Males
david_alan_grier,david_alan_grier_0065.npy,david_alan_grier_0066.npy,Black_Males
david_alan_grier,david_alan_grier_0020.npy,david_alan_grier_0065.npy,Black_Males
david_alan_grier,david_alan_grier_0050.npy,david_alan_grier_0066.npy,Black_Males
david_alan_grier,david_alan_grier_0050.npy,david_alan_grier_0065.npy,Black_Males
david_alan_grier,david_alan_grier_0038.npy,david_alan_grier_0066.npy,Black_Males
david_alan_grier,david_alan_grier_0020.npy,david_alan_grier_0066.npy,Black_Males
david_alan_grier,david_alan_grier_0038.npy,david_alan_grier_0065.npy,Black_Males
david_gyasi,david_gyasi_0042.npy,david_gyasi_0045.npy,Black_Males
david_gyasi,david_gyasi_0033.npy,david_gyasi_0045.npy,Black_Males
david_gyasi,david_gyasi_0013.npy,david_gyasi_0033.npy,Black_Males
david_gyasi,david_gyasi_0013.npy,david_gyasi_0042.npy,Black_Males
david_gyasi,david_gyasi_0033.npy,david_gyasi_0042.npy,Black_Males
david_gyasi,david_gyasi_0013.npy,david_gyasi_0045.npy,Black_Males
david_oyelowo,david_oyelowo_0009.npy,david_oyelowo_0186.npy,Black_Males
david_oyelowo,david_oyelowo_0009.npy,david_oyelowo_0247.npy,Black_Males
david_oyelowo,david_oyelowo_0186.npy,david_oyelowo_0247.npy,Black_Males
donald_glover,donald_glover_0102.npy,donald_glover_0122.npy,Black_Males
donald_glover,donald_glover_0008.npy,donald_glover_0095.npy,Black_Males
donald_glover,donald_glover_0080.npy,donald_glover_0095.npy,Black_Males
donald_glover,donald_glover_0008.npy,donald_glover_0080.npy,Black_Males
donald_glover,donald_glover_0106.npy,donald_glover_0114.npy,Black_Males
donald_glover,donald_glover_0106.npy,donald_glover_0118.npy,Black_Males
donald_glover,donald_glover_0095.npy,donald_glover_0122.npy,Black_Males
donald_glover,donald_glover_0102.npy,donald_glover_0118.npy,Black_Males
donald_glover,donald_glover_0095.npy,donald_glover_0102.npy,Black_Males
donald_glover,donald_glover_0102.npy,donald_glover_0106.npy,Black_Males
dwayne_boyd,dwayne_boyd_0025.npy,dwayne_boyd_0054.npy,Black_Males
dwayne_boyd,dwayne_boyd_0032.npy,dwayne_boyd_0059.npy,Black_Males
dwayne_boyd,dwayne_boyd_0054.npy,dwayne_boyd_0059.npy,Black_Males
dwayne_boyd,dwayne_boyd_0028.npy,dwayne_boyd_0030.npy,Black_Males
dwayne_boyd,dwayne_boyd_0027.npy,dwayne_boyd_0030.npy,Black_Males
dwayne_boyd,dwayne_boyd_0027.npy,dwayne_boyd_0059.npy,Black_Males
dwayne_boyd,dwayne_boyd_0028.npy,dwayne_boyd_0055.npy,Black_Males
dwayne_boyd,dwayne_boyd_0027.npy,dwayne_boyd_0054.npy,Black_Males
dwayne_boyd,dwayne_boyd_0030.npy,dwayne_boyd_0059.npy,Black_Males
dwayne_boyd,dwayne_boyd_0054.npy,dwayne_boyd_0060.npy,Black_Males
fabrice_eboue,fabrice_eboue_0941.npy,fabrice_eboue_0957.npy,Black_Males
fabrice_eboue,fabrice_eboue_0904.npy,fabrice_eboue_0960.npy,Black_Males
fabrice_eboue,fabrice_eboue_0901.npy,fabrice_eboue_0960.npy,Black_Males
fabrice_eboue,fabrice_eboue_0901.npy,fabrice_eboue_0940.npy,Black_Males
fabrice_eboue,fabrice_eboue_0904.npy,fabrice_eboue_0905.npy,Black_Males
fabrice_eboue,fabrice_eboue_0903.npy,fabrice_eboue_0942.npy,Black_Males
fabrice_eboue,fabrice_eboue_0901.npy,fabrice_eboue_0905.npy,Black_Males
fabrice_eboue,fabrice_eboue_0903.npy,fabrice_eboue_0922.npy,Black_Males
fabrice_eboue,fabrice_eboue_0902.npy,fabrice_eboue_0913.npy,Black_Males
fabrice_eboue,fabrice_eboue_0902.npy,fabrice_eboue_0957.npy,Black_Males
kyle_massey,kyle_massey_0025.npy,kyle_massey_0046.npy,Black_Males
kyle_massey,kyle_massey_0012.npy,kyle_massey_0024.npy,Black_Males
kyle_massey,kyle_massey_0008.npy,kyle_massey_0012.npy,Black_Males
kyle_massey,kyle_massey_0008.npy,kyle_massey_0051.npy,Black_Males
kyle_massey,kyle_massey_0008.npy,kyle_massey_0024.npy,Black_Males
kyle_massey,kyle_massey_0046.npy,kyle_massey_0051.npy,Black_Males
kyle_massey,kyle_massey_0012.npy,kyle_massey_0025.npy,Black_Males
kyle_massey,kyle_massey_0012.npy,kyle_massey_0051.npy,Black_Males
kyle_massey,kyle_massey_0024.npy,kyle_massey_0025.npy,Black_Males
kyle_massey,kyle_massey_0025.npy,kyle_massey_0051.npy,Black_Males
larry_flash_jenkins,larry_flash_jenkins_0037.npy,larry_flash_jenkins_0042.npy,Black_Males
larry_flash_jenkins,larry_flash_jenkins_0042.npy,larry_flash_jenkins_0046.npy,Black_Males
larry_flash_jenkins,larry_flash_jenkins_0021.npy,larry_flash_jenkins_0037.npy,Black_Males
larry_flash_jenkins,larry_flash_jenkins_0021.npy,larry_flash_jenkins_0042.npy,Black_Males
larry_flash_jenkins,larry_flash_jenkins_0021.npy,larry_flash_jenkins_0046.npy,Black_Males
larry_flash_jenkins,larry_flash_jenkins_0037.npy,larry_flash_jenkins_0046.npy,Black_Males
marlon_wayans,marlon_wayans_0042.npy,marlon_wayans_0066.npy,Black_Males
marlon_wayans,marlon_wayans_0063.npy,marlon_wayans_0079.npy,Black_Males
marlon_wayans,marlon_wayans_0042.npy,marlon_wayans_0079.npy,Black_Males
marlon_wayans,marlon_wayans_0066.npy,marlon_wayans_0079.npy,Black_Males
marlon_wayans,marlon_wayans_0063.npy,marlon_wayans_0066.npy,Black_Males
marlon_wayans,marlon_wayans_0042.npy,marlon_wayans_0063.npy,Black_Males
michael_ealy,michael_ealy_0086.npy,michael_ealy_0121.npy,Black_Males
michael_ealy,michael_ealy_0087.npy,michael_ealy_0170.npy,Black_Males
michael_ealy,michael_ealy_0037.npy,michael_ealy_0086.npy,Black_Males
michael_ealy,michael_ealy_0155.npy,michael_ealy_0165.npy,Black_Males
michael_ealy,michael_ealy_0086.npy,michael_ealy_0087.npy,Black_Males
michael_ealy,michael_ealy_0121.npy,michael_ealy_0165.npy,Black_Males
michael_ealy,michael_ealy_0037.npy,michael_ealy_0155.npy,Black_Males
michael_ealy,michael_ealy_0048.npy,michael_ealy_0086.npy,Black_Males
michael_ealy,michael_ealy_0037.npy,michael_ealy_0170.npy,Black_Males
michael_ealy,michael_ealy_0086.npy,michael_ealy_0170.npy,Black_Males
michael_wayne_thomas,michael_wayne_thomas_0025.npy,michael_wayne_thomas_0050.npy,Black_Males
michael_wayne_thomas,michael_wayne_thomas_0012.npy,michael_wayne_thomas_0050.npy,Black_Males
michael_wayne_thomas,michael_wayne_thomas_0023.npy,michael_wayne_thomas_0050.npy,Black_Males
michael_wayne_thomas,michael_wayne_thomas_0023.npy,michael_wayne_thomas_0025.npy,Black_Males
michael_wayne_thomas,michael_wayne_thomas_0012.npy,michael_wayne_thomas_0023.npy,Black_Males
michael_wayne_thomas,michael_wayne_thomas_0023.npy,michael_wayne_thomas_0029.npy,Black_Males
michael_wayne_thomas,michael_wayne_thomas_0012.npy,michael_wayne_thomas_0029.npy,Black_Males
michael_wayne_thomas,michael_wayne_thomas_0029.npy,michael_wayne_thomas_0050.npy,Black_Males
michael_wayne_thomas,michael_wayne_thomas_0012.npy,michael_wayne_thomas_0025.npy,Black_Males
michael_wayne_thomas,michael_wayne_thomas_0025.npy,michael_wayne_thomas_0029.npy,Black_Males
mos_def,mos_def_0011.npy,mos_def_0029.npy,Black_Males
mos_def,mos_def_0031.npy,mos_def_0046.npy,Black_Males
mos_def,mos_def_0035.npy,mos_def_0046.npy,Black_Males
mos_def,mos_def_0029.npy,mos_def_0031.npy,Black_Males
mos_def,mos_def_0029.npy,mos_def_0041.npy,Black_Males
mos_def,mos_def_0035.npy,mos_def_0041.npy,Black_Males
mos_def,mos_def_0011.npy,mos_def_0031.npy,Black_Males
mos_def,mos_def_0031.npy,mos_def_0041.npy,Black_Males
mos_def,mos_def_0011.npy,mos_def_0046.npy,Black_Males
mos_def,mos_def_0029.npy,mos_def_0035.npy,Black_Males
patrick_j_nicolas,patrick_j_nicolas_0015.npy,patrick_j_nicolas_0054.npy,Black_Males
patrick_j_nicolas,patrick_j_nicolas_0011.npy,patrick_j_nicolas_0012.npy,Black_Males
patrick_j_nicolas,patrick_j_nicolas_0011.npy,patrick_j_nicolas_0040.npy,Black_Males
patrick_j_nicolas,patrick_j_nicolas_0040.npy,patrick_j_nicolas_0054.npy,Black_Males
patrick_j_nicolas,patrick_j_nicolas_0015.npy,patrick_j_nicolas_0040.npy,Black_Males
patrick_j_nicolas,patrick_j_nicolas_0011.npy,patrick_j_nicolas_0015.npy,Black_Males
patrick_j_nicolas,patrick_j_nicolas_0011.npy,patrick_j_nicolas_0054.npy,Black_Males
patrick_j_nicolas,patrick_j_nicolas_0012.npy,patrick_j_nicolas_0015.npy,Black_Males
patrick_j_nicolas,patrick_j_nicolas_0012.npy,patrick_j_nicolas_0054.npy,Black_Males
patrick_j_nicolas,patrick_j_nicolas_0012.npy,patrick_j_nicolas_0040.npy,Black_Males
randy_jackson,randy_jackson_0116.npy,randy_jackson_0168.npy,Black_Males
randy_jackson,randy_jackson_0143.npy,randy_jackson_0168.npy,Black_Males
randy_jackson,randy_jackson_0119.npy,randy_jackson_0146.npy,Black_Males
randy_jackson,randy_jackson_0085.npy,randy_jackson_0168.npy,Black_Males
randy_jackson,randy_jackson_0085.npy,randy_jackson_0142.npy,Black_Males
randy_jackson,randy_jackson_0139.npy,randy_jackson_0143.npy,Black_Males
randy_jackson,randy_jackson_0116.npy,randy_jackson_0146.npy,Black_Males
randy_jackson,randy_jackson_0116.npy,randy_jackson_0143.npy,Black_Males
randy_jackson,randy_jackson_0085.npy,randy_jackson_0139.npy,Black_Males
randy_jackson,randy_jackson_0085.npy,randy_jackson_0119.npy,Black_Males
romany_malco,romany_malco_0006.npy,romany_malco_0016.npy,Black_Males
romany_malco,romany_malco_0046.npy,romany_malco_0077.npy,Black_Males
romany_malco,romany_malco_0006.npy,romany_malco_0055.npy,Black_Males
romany_malco,romany_malco_0020.npy,romany_malco_0046.npy,Black_Males
romany_malco,romany_malco_0016.npy,romany_malco_0058.npy,Black_Males
romany_malco,romany_malco_0006.npy,romany_malco_0084.npy,Black_Males
romany_malco,romany_malco_0058.npy,romany_malco_0079.npy,Black_Males
romany_malco,romany_malco_0055.npy,romany_malco_0084.npy,Black_Males
romany_malco,romany_malco_0055.npy,romany_malco_0057.npy,Black_Males
romany_malco,romany_malco_0057.npy,romany_malco_0079.npy,Black_Males
shemar_moore,shemar_moore_0020.npy,shemar_moore_0051.npy,Black_Males
shemar_moore,shemar_moore_0015.npy,shemar_moore_0020.npy,Black_Males
shemar_moore,shemar_moore_0015.npy,shemar_moore_0026.npy,Black_Males
shemar_moore,shemar_moore_0026.npy,shemar_moore_0063.npy,Black_Males
shemar_moore,shemar_moore_0026.npy,shemar_moore_0051.npy,Black_Males
shemar_moore,shemar_moore_0015.npy,shemar_moore_0051.npy,Black_Males
shemar_moore,shemar_moore_0015.npy,shemar_moore_0063.npy,Black_Males
shemar_moore,shemar_moore_0051.npy,shemar_moore_0063.npy,Black_Males
shemar_moore,shemar_moore_0020.npy,shemar_moore_0063.npy,Black_Males
shemar_moore,shemar_moore_0020.npy,shemar_moore_0026.npy,Black_Males
snoop_dogg,snoop_dogg_0083.npy,snoop_dogg_0158.npy,Black_Males
snoop_dogg,snoop_dogg_0083.npy,snoop_dogg_0086.npy,Black_Males
snoop_dogg,snoop_dogg_0056.npy,snoop_dogg_0158.npy,Black_Males
snoop_dogg,snoop_dogg_0086.npy,snoop_dogg_0158.npy,Black_Males
snoop_dogg,snoop_dogg_0086.npy,snoop_dogg_0127.npy,Black_Males
snoop_dogg,snoop_dogg_0056.npy,snoop_dogg_0086.npy,Black_Males
snoop_dogg,snoop_dogg_0083.npy,snoop_dogg_0127.npy,Black_Males
snoop_dogg,snoop_dogg_0127.npy,snoop_dogg_0158.npy,Black_Males
snoop_dogg,snoop_dogg_0056.npy,snoop_dogg_0083.npy,Black_Males
snoop_dogg,snoop_dogg_0056.npy,snoop_dogg_0127.npy,Black_Males
steve_mcqueen,steve_mcqueen_0004.npy,steve_mcqueen_0095.npy,Black_Males
steve_mcqueen,steve_mcqueen_0006.npy,steve_mcqueen_0100.npy,Black_Males
steve_mcqueen,steve_mcqueen_0036.npy,steve_mcqueen_0100.npy,Black_Males
steve_mcqueen,steve_mcqueen_0073.npy,steve_mcqueen_0097.npy,Black_Males
steve_mcqueen,steve_mcqueen_0006.npy,steve_mcqueen_0097.npy,Black_Males
steve_mcqueen,steve_mcqueen_0095.npy,steve_mcqueen_0097.npy,Black_Males
steve_mcqueen,steve_mcqueen_0036.npy,steve_mcqueen_0097.npy,Black_Males
steve_mcqueen,steve_mcqueen_0016.npy,steve_mcqueen_0036.npy,Black_Males
steve_mcqueen,steve_mcqueen_0097.npy,steve_mcqueen_0100.npy,Black_Males
steve_mcqueen,steve_mcqueen_0014.npy,steve_mcqueen_0095.npy,Black_Males
todd_bridges,todd_bridges_0009.npy,todd_bridges_0015.npy,Black_Males
todd_bridges,todd_bridges_0015.npy,todd_bridges_0043.npy,Black_Males
todd_bridges,todd_bridges_0009.npy,todd_bridges_0010.npy,Black_Males
todd_bridges,todd_bridges_0010.npy,todd_bridges_0015.npy,Black_Males
todd_bridges,todd_bridges_0009.npy,todd_bridges_0043.npy,Black_Males
todd_bridges,todd_bridges_0010.npy,todd_bridges_0043.npy,Black_Males
tracy_morgan,tracy_morgan_0059.npy,tracy_morgan_0107.npy,Black_Males
tracy_morgan,tracy_morgan_0059.npy,tracy_morgan_0088.npy,Black_Males
tracy_morgan,tracy_morgan_0029.npy,tracy_morgan_0131.npy,Black_Males
tracy_morgan,tracy_morgan_0030.npy,tracy_morgan_0088.npy,Black_Males
tracy_morgan,tracy_morgan_0011.npy,tracy_morgan_0131.npy,Black_Males
tracy_morgan,tracy_morgan_0013.npy,tracy_morgan_0131.npy,Black_Males
tracy_morgan,tracy_morgan_0029.npy,tracy_morgan_0190.npy,Black_Males
tracy_morgan,tracy_morgan_0030.npy,tracy_morgan_0130.npy,Black_Males
tracy_morgan,tracy_morgan_0022.npy,tracy_morgan_0190.npy,Black_Males
tracy_morgan,tracy_morgan_0011.npy,tracy_morgan_0053.npy,Black_Males
tyler_perry,tyler_perry_0053.npy,tyler_perry_0070.npy,Black_Males
tyler_perry,tyler_perry_0053.npy,tyler_perry_0079.npy,Black_Males
tyler_perry,tyler_perry_0053.npy,tyler_perry_0094.npy,Black_Males
tyler_perry,tyler_perry_0070.npy,tyler_perry_0094.npy,Black_Males
tyler_perry,tyler_perry_0044.npy,tyler_perry_0094.npy,Black_Males
tyler_perry,tyler_perry_0070.npy,tyler_perry_0103.npy,Black_Males
tyler_perry,tyler_perry_0070.npy,tyler_perry_0079.npy,Black_Males
tyler_perry,tyler_perry_0044.npy,tyler_perry_0103.npy,Black_Males
tyler_perry,tyler_perry_0044.npy,tyler_perry_0070.npy,Black_Males
tyler_perry,tyler_perry_0079.npy,tyler_perry_0103.npy,Black_Males
wyclef_jean,wyclef_jean_0058.npy,wyclef_jean_0081.npy,Black_Males
wyclef_jean,wyclef_jean_0056.npy,wyclef_jean_0058.npy,Black_Males
wyclef_jean,wyclef_jean_0056.npy,wyclef_jean_0081.npy,Black_Males
wyclef_jean,wyclef_jean_0056.npy,wyclef_jean_0068.npy,Black_Males
wyclef_jean,wyclef_jean_0051.npy,wyclef_jean_0081.npy,Black_Males
wyclef_jean,wyclef_jean_0068.npy,wyclef_jean_0081.npy,Black_Males
wyclef_jean,wyclef_jean_0051.npy,wyclef_jean_0058.npy,Black_Males
wyclef_jean,wyclef_jean_0058.npy,wyclef_jean_0068.npy,Black_Males
wyclef_jean,wyclef_jean_0051.npy,wyclef_jean_0056.npy,Black_Males
wyclef_jean,wyclef_jean_0051.npy,wyclef_jean_0068.npy,Black_Males
xzibit,xzibit_0011.npy,xzibit_0012.npy,Black_Males
xzibit,xzibit_0005.npy,xzibit_0011.npy,Black_Males
xzibit,xzibit_0005.npy,xzibit_0012.npy,Black_Males
abigail_spencer,abigail_spencer_0041.npy,abigail_spencer_0050.npy,White_Females
alison_brie,alison_brie_0142.npy,alison_brie_0195.npy,White_Females
alison_brie,alison_brie_0136.npy,alison_brie_0195.npy,White_Females
alison_brie,alison_brie_0039.npy,alison_brie_0129.npy,White_Females
alison_brie,alison_brie_0018.npy,alison_brie_0093.npy,White_Females
alison_brie,alison_brie_0093.npy,alison_brie_0129.npy,White_Females
alison_brie,alison_brie_0039.npy,alison_brie_0198.npy,White_Females
alison_brie,alison_brie_0042.npy,alison_brie_0126.npy,White_Females
alison_brie,alison_brie_0071.npy,alison_brie_0130.npy,White_Females
alison_brie,alison_brie_0071.npy,alison_brie_0142.npy,White_Females
alison_brie,alison_brie_0071.npy,alison_brie_0136.npy,White_Females
annasophia_robb,annasophia_robb_0076.npy,annasophia_robb_0094.npy,White_Females
annasophia_robb,annasophia_robb_0063.npy,annasophia_robb_0076.npy,White_Females
annasophia_robb,annasophia_robb_0055.npy,annasophia_robb_0094.npy,White_Females
annasophia_robb,annasophia_robb_0063.npy,annasophia_robb_0094.npy,White_Females
annasophia_robb,annasophia_robb_0055.npy,annasophia_robb_0076.npy,White_Females
annasophia_robb,annasophia_robb_0055.npy,annasophia_robb_0079.npy,White_Females
annasophia_robb,annasophia_robb_0076.npy,annasophia_robb_0079.npy,White_Females
annasophia_robb,annasophia_robb_0055.npy,annasophia_robb_0063.npy,White_Females
annasophia_robb,annasophia_robb_0063.npy,annasophia_robb_0079.npy,White_Females
annasophia_robb,annasophia_robb_0079.npy,annasophia_robb_0094.npy,White_Females
ariel_winter,ariel_winter_0026.npy,ariel_winter_0091.npy,White_Females
ariel_winter,ariel_winter_0017.npy,ariel_winter_0091.npy,White_Females
ariel_winter,ariel_winter_0105.npy,ariel_winter_0167.npy,White_Females
ariel_winter,ariel_winter_0005.npy,ariel_winter_0091.npy,White_Females
ariel_winter,ariel_winter_0091.npy,ariel_winter_0105.npy,White_Females
ariel_winter,ariel_winter_0026.npy,ariel_winter_0142.npy,White_Females
ariel_winter,ariel_winter_0105.npy,ariel_winter_0108.npy,White_Females
ariel_winter,ariel_winter_0005.npy,ariel_winter_0080.npy,White_Females
ariel_winter,ariel_winter_0080.npy,ariel_winter_0091.npy,White_Females
ariel_winter,ariel_winter_0080.npy,ariel_winter_0167.npy,White_Females
ashley_avis,ashley_avis_0012.npy,ashley_avis_0041.npy,White_Females
aubrey_plaza,aubrey_plaza_0002.npy,aubrey_plaza_0007.npy,White_Females
aubrey_plaza,aubrey_plaza_0006.npy,aubrey_plaza_0121.npy,White_Females
aubrey_plaza,aubrey_plaza_0002.npy,aubrey_plaza_0031.npy,White_Females
aubrey_plaza,aubrey_plaza_0025.npy,aubrey_plaza_0074.npy,White_Females
aubrey_plaza,aubrey_plaza_0025.npy,aubrey_plaza_0031.npy,White_Females
aubrey_plaza,aubrey_plaza_0006.npy,aubrey_plaza_0093.npy,White_Females
aubrey_plaza,aubrey_plaza_0031.npy,aubrey_plaza_0079.npy,White_Females
aubrey_plaza,aubrey_plaza_0025.npy,aubrey_plaza_0121.npy,White_Females
aubrey_plaza,aubrey_plaza_0074.npy,aubrey_plaza_0079.npy,White_Females
aubrey_plaza,aubrey_plaza_0079.npy,aubrey_plaza_0093.npy,White_Females
bailee_madison,bailee_madison_0033.npy,bailee_madison_0040.npy,White_Females
bailee_madison,bailee_madison_0034.npy,bailee_madison_0040.npy,White_Females
bailee_madison,bailee_madison_0053.npy,bailee_madison_0061.npy,White_Females
bailee_madison,bailee_madison_0033.npy,bailee_madison_0034.npy,White_Females
bailee_madison,bailee_madison_0033.npy,bailee_madison_0061.npy,White_Females
bailee_madison,bailee_madison_0017.npy,bailee_madison_0061.npy,White_Females
bailee_madison,bailee_madison_0040.npy,bailee_madison_0053.npy,White_Females
bailee_madison,bailee_madison_0034.npy,bailee_madison_0053.npy,White_Females
bailee_madison,bailee_madison_0034.npy,bailee_madison_0061.npy,White_Females
bailee_madison,bailee_madison_0033.npy,bailee_madison_0053.npy,White_Females
barbara_hershey,barbara_hershey_0051.npy,barbara_hershey_0094.npy,White_Females
barbara_hershey,barbara_hershey_0006.npy,barbara_hershey_0094.npy,White_Females
barbara_hershey,barbara_hershey_0006.npy,barbara_hershey_0051.npy,White_Females
bellamy_young,bellamy_young_0001.npy,bellamy_young_0062.npy,White_Females
bellamy_young,bellamy_young_0010.npy,bellamy_young_0062.npy,White_Females
bellamy_young,bellamy_young_0010.npy,bellamy_young_0023.npy,White_Females
bellamy_young,bellamy_young_0001.npy,bellamy_young_0023.npy,White_Females
bellamy_young,bellamy_young_0021.npy,bellamy_young_0057.npy,White_Females
bellamy_young,bellamy_young_0010.npy,bellamy_young_0021.npy,White_Females
bellamy_young,bellamy_young_0023.npy,bellamy_young_0062.npy,White_Females
bellamy_young,bellamy_young_0023.npy,bellamy_young_0057.npy,White_Females
bellamy_young,bellamy_young_0010.npy,bellamy_young_0057.npy,White_Females
bellamy_young,bellamy_young_0057.npy,bellamy_young_0062.npy,White_Females
beth_riesgraf,beth_riesgraf_0001.npy,beth_riesgraf_0049.npy,White_Females
beth_riesgraf,beth_riesgraf_0001.npy,beth_riesgraf_0054.npy,White_Females
beth_riesgraf,beth_riesgraf_0016.npy,beth_riesgraf_0054.npy,White_Females
beth_riesgraf,beth_riesgraf_0001.npy,beth_riesgraf_0053.npy,White_Females
beth_riesgraf,beth_riesgraf_0053.npy,beth_riesgraf_0054.npy,White_Females
beth_riesgraf,beth_riesgraf_0049.npy,beth_riesgraf_0054.npy,White_Females
beth_riesgraf,beth_riesgraf_0049.npy,beth_riesgraf_0053.npy,White_Females
beth_riesgraf,beth_riesgraf_0016.npy,beth_riesgraf_0049.npy,White_Females
beth_riesgraf,beth_riesgraf_0001.npy,beth_riesgraf_0016.npy,White_Females
beth_riesgraf,beth_riesgraf_0016.npy,beth_riesgraf_0053.npy,White_Females
bitsie_tulloch,bitsie_tulloch_0024.npy,bitsie_tulloch_0070.npy,White_Females
bitsie_tulloch,bitsie_tulloch_0012.npy,bitsie_tulloch_0068.npy,White_Females
bitsie_tulloch,bitsie_tulloch_0012.npy,bitsie_tulloch_0024.npy,White_Females
bitsie_tulloch,bitsie_tulloch_0012.npy,bitsie_tulloch_0070.npy,White_Females
bitsie_tulloch,bitsie_tulloch_0024.npy,bitsie_tulloch_0046.npy,White_Females
bitsie_tulloch,bitsie_tulloch_0046.npy,bitsie_tulloch_0068.npy,White_Females
bitsie_tulloch,bitsie_tulloch_0024.npy,bitsie_tulloch_0068.npy,White_Females
bitsie_tulloch,bitsie_tulloch_0068.npy,bitsie_tulloch_0070.npy,White_Females
bitsie_tulloch,bitsie_tulloch_0012.npy,bitsie_tulloch_0046.npy,White_Females
bitsie_tulloch,bitsie_tulloch_0046.npy,bitsie_tulloch_0070.npy,White_Females
britt_robertson,britt_robertson_0009.npy,britt_robertson_0038.npy,White_Females
britt_robertson,britt_robertson_0039.npy,britt_robertson_0040.npy,White_Females
britt_robertson,britt_robertson_0009.npy,britt_robertson_0040.npy,White_Females
britt_robertson,britt_robertson_0040.npy,britt_robertson_0113.npy,White_Females
britt_robertson,britt_robertson_0009.npy,britt_robertson_0120.npy,White_Females
britt_robertson,britt_robertson_0038.npy,britt_robertson_0113.npy,White_Females
britt_robertson,britt_robertson_0039.npy,britt_robertson_0130.npy,White_Females
britt_robertson,britt_robertson_0009.npy,britt_robertson_0039.npy,White_Females
britt_robertson,britt_robertson_0038.npy,britt_robertson_0039.npy,White_Females
britt_robertson,britt_robertson_0113.npy,britt_robertson_0130.npy,White_Females
brooke_elliott,brooke_elliott_0005.npy,brooke_elliott_0017.npy,White_Females
brooke_elliott,brooke_elliott_0005.npy,brooke_elliott_0029.npy,White_Females
brooke_elliott,brooke_elliott_0005.npy,brooke_elliott_0022.npy,White_Females
brooke_elliott,brooke_elliott_0017.npy,brooke_elliott_0027.npy,White_Females
brooke_elliott,brooke_elliott_0017.npy,brooke_elliott_0022.npy,White_Females
brooke_elliott,brooke_elliott_0017.npy,brooke_elliott_0029.npy,White_Females
brooke_elliott,brooke_elliott_0027.npy,brooke_elliott_0029.npy,White_Females
brooke_elliott,brooke_elliott_0022.npy,brooke_elliott_0027.npy,White_Females
brooke_elliott,brooke_elliott_0022.npy,brooke_elliott_0029.npy,White_Females
brooke_elliott,brooke_elliott_0005.npy,brooke_elliott_0027.npy,White_Females
bryce_dallas_howard,bryce_dallas_howard_0028.npy,bryce_dallas_howard_0042.npy,White_Females
bryce_dallas_howard,bryce_dallas_howard_0028.npy,bryce_dallas_howard_0093.npy,White_Females
bryce_dallas_howard,bryce_dallas_howard_0042.npy,bryce_dallas_howard_0093.npy,White_Females
carrie_genzel,carrie_genzel_0010.npy,carrie_genzel_0031.npy,White_Females
carrie_genzel,carrie_genzel_0031.npy,carrie_genzel_0070.npy,White_Females
carrie_genzel,carrie_genzel_0010.npy,carrie_genzel_0057.npy,White_Females
carrie_genzel,carrie_genzel_0010.npy,carrie_genzel_0049.npy,White_Females
carrie_genzel,carrie_genzel_0031.npy,carrie_genzel_0064.npy,White_Females
carrie_genzel,carrie_genzel_0064.npy,carrie_genzel_0070.npy,White_Females
carrie_genzel,carrie_genzel_0010.npy,carrie_genzel_0020.npy,White_Females
carrie_genzel,carrie_genzel_0049.npy,carrie_genzel_0064.npy,White_Females
carrie_genzel,carrie_genzel_0020.npy,carrie_genzel_0064.npy,White_Females
carrie_genzel,carrie_genzel_0057.npy,carrie_genzel_0064.npy,White_Females
christa_b_allen,christa_b_allen_0002.npy,christa_b_allen_0058.npy,White_Females
christa_b_allen,christa_b_allen_0002.npy,christa_b_allen_0019.npy,White_Females
christa_b_allen,christa_b_allen_0019.npy,christa_b_allen_0058.npy,White_Females
christa_miller,christa_miller_0022.npy,christa_miller_0058.npy,White_Females
christa_miller,christa_miller_0022.npy,christa_miller_0098.npy,White_Females
christa_miller,christa_miller_0019.npy,christa_miller_0061.npy,White_Females
christa_miller,christa_miller_0010.npy,christa_miller_0022.npy,White_Females
christa_miller,christa_miller_0010.npy,christa_miller_0058.npy,White_Females
christa_miller,christa_miller_0019.npy,christa_miller_0098.npy,White_Females
christa_miller,christa_miller_0019.npy,christa_miller_0058.npy,White_Females
christa_miller,christa_miller_0058.npy,christa_miller_0061.npy,White_Females
christa_miller,christa_miller_0019.npy,christa_miller_0022.npy,White_Females
christa_miller,christa_miller_0022.npy,christa_miller_0061.npy,White_Females
claire_holt,claire_holt_0025.npy,claire_holt_0061.npy,White_Females
claire_holt,claire_holt_0048.npy,claire_holt_0061.npy,White_Females
claire_holt,claire_holt_0006.npy,claire_holt_0025.npy,White_Females
claire_holt,claire_holt_0006.npy,claire_holt_0048.npy,White_Females
claire_holt,claire_holt_0006.npy,claire_holt_0061.npy,White_Females
claire_holt,claire_holt_0025.npy,claire_holt_0048.npy,White_Females
clare_grant,clare_grant_0015.npy,clare_grant_0037.npy,White_Females
clare_grant,clare_grant_0015.npy,clare_grant_0041.npy,White_Females
clare_grant,clare_grant_0015.npy,clare_grant_0051.npy,White_Females
clare_grant,clare_grant_0045.npy,clare_grant_0051.npy,White_Females
clare_grant,clare_grant_0009.npy,clare_grant_0037.npy,White_Females
clare_grant,clare_grant_0037.npy,clare_grant_0045.npy,White_Females
clare_grant,clare_grant_0009.npy,clare_grant_0045.npy,White_Females
clare_grant,clare_grant_0009.npy,clare_grant_0014.npy,White_Females
clare_grant,clare_grant_0009.npy,clare_grant_0041.npy,White_Females
clare_grant,clare_grant_0009.npy,clare_grant_0015.npy,White_Females
darby_stanchfield,darby_stanchfield_0033.npy,darby_stanchfield_0056.npy,White_Females
deborah_ann_woll,deborah_ann_woll_0018.npy,deborah_ann_woll_0054.npy,White_Females
deborah_ann_woll,deborah_ann_woll_0001.npy,deborah_ann_woll_0073.npy,White_Females
deborah_ann_woll,deborah_ann_woll_0049.npy,deborah_ann_woll_0054.npy,White_Females
deborah_ann_woll,deborah_ann_woll_0001.npy,deborah_ann_woll_0054.npy,White_Females
deborah_ann_woll,deborah_ann_woll_0043.npy,deborah_ann_woll_0049.npy,White_Females
deborah_ann_woll,deborah_ann_woll_0015.npy,deborah_ann_woll_0054.npy,White_Females
deborah_ann_woll,deborah_ann_woll_0043.npy,deborah_ann_woll_0073.npy,White_Females
deborah_ann_woll,deborah_ann_woll_0071.npy,deborah_ann_woll_0073.npy,White_Females
deborah_ann_woll,deborah_ann_woll_0049.npy,deborah_ann_woll_0071.npy,White_Females
deborah_ann_woll,deborah_ann_woll_0049.npy,deborah_ann_woll_0073.npy,White_Females
deprise_brescia,deprise_brescia_0034.npy,deprise_brescia_0035.npy,White_Females
deprise_brescia,deprise_brescia_0001.npy,deprise_brescia_0007.npy,White_Females
deprise_brescia,deprise_brescia_0011.npy,deprise_brescia_0049.npy,White_Females
deprise_brescia,deprise_brescia_0007.npy,deprise_brescia_0035.npy,White_Females
deprise_brescia,deprise_brescia_0001.npy,deprise_brescia_0005.npy,White_Females
deprise_brescia,deprise_brescia_0021.npy,deprise_brescia_0045.npy,White_Females
deprise_brescia,deprise_brescia_0001.npy,deprise_brescia_0020.npy,White_Females
deprise_brescia,deprise_brescia_0012.npy,deprise_brescia_0045.npy,White_Females
deprise_brescia,deprise_brescia_0045.npy,deprise_brescia_0049.npy,White_Females
deprise_brescia,deprise_brescia_0005.npy,deprise_brescia_0034.npy,White_Females
elena_eustache,elena_eustache_0026.npy,elena_eustache_0045.npy,White_Females
elena_eustache,elena_eustache_0026.npy,elena_eustache_0029.npy,White_Females
elena_eustache,elena_eustache_0033.npy,elena_eustache_0045.npy,White_Females
elena_eustache,elena_eustache_0026.npy,elena_eustache_0033.npy,White_Females
elena_eustache,elena_eustache_0029.npy,elena_eustache_0033.npy,White_Females
elena_eustache,elena_eustache_0029.npy,elena_eustache_0045.npy,White_Females
elisa_donovan,elisa_donovan_0083.npy,elisa_donovan_0179.npy,White_Females
elizabeth_mitchell,elizabeth_mitchell_0043.npy,elizabeth_mitchell_0137.npy,White_Females
elizabeth_mitchell,elizabeth_mitchell_0062.npy,elizabeth_mitchell_0137.npy,White_Females
elizabeth_mitchell,elizabeth_mitchell_0043.npy,elizabeth_mitchell_0062.npy,White_Females
fairuza_balk,fairuza_balk_0039.npy,fairuza_balk_0063.npy,White_Females
fairuza_balk,fairuza_balk_0039.npy,fairuza_balk_0071.npy,White_Females
fairuza_balk,fairuza_balk_0063.npy,fairuza_balk_0073.npy,White_Females
fairuza_balk,fairuza_balk_0039.npy,fairuza_balk_0073.npy,White_Females
fairuza_balk,fairuza_balk_0063.npy,fairuza_balk_0071.npy,White_Females
fairuza_balk,fairuza_balk_0047.npy,fairuza_balk_0063.npy,White_Females
fairuza_balk,fairuza_balk_0007.npy,fairuza_balk_0073.npy,White_Females
fairuza_balk,fairuza_balk_0007.npy,fairuza_balk_0071.npy,White_Females
fairuza_balk,fairuza_balk_0007.npy,fairuza_balk_0039.npy,White_Females
fairuza_balk,fairuza_balk_0071.npy,fairuza_balk_0073.npy,White_Females
famke_janssen,famke_janssen_0021.npy,famke_janssen_0069.npy,White_Females
famke_janssen,famke_janssen_0021.npy,famke_janssen_0117.npy,White_Females
famke_janssen,famke_janssen_0021.npy,famke_janssen_0073.npy,White_Females
famke_janssen,famke_janssen_0064.npy,famke_janssen_0069.npy,White_Females
famke_janssen,famke_janssen_0042.npy,famke_janssen_0062.npy,White_Females
famke_janssen,famke_janssen_0021.npy,famke_janssen_0062.npy,White_Females
famke_janssen,famke_janssen_0042.npy,famke_janssen_0123.npy,White_Females
famke_janssen,famke_janssen_0073.npy,famke_janssen_0123.npy,White_Females
famke_janssen,famke_janssen_0064.npy,famke_janssen_0073.npy,White_Females
famke_janssen,famke_janssen_0069.npy,famke_janssen_0123.npy,White_Females
gabriela_dias,gabriela_dias_0028.npy,gabriela_dias_0058.npy,White_Females
gabrielle_anwar,gabrielle_anwar_0023.npy,gabrielle_anwar_0175.npy,White_Females
gabrielle_anwar,gabrielle_anwar_0073.npy,gabrielle_anwar_0090.npy,White_Females
gabrielle_anwar,gabrielle_anwar_0003.npy,gabrielle_anwar_0023.npy,White_Females
gabrielle_anwar,gabrielle_anwar_0023.npy,gabrielle_anwar_0073.npy,White_Females
gabrielle_anwar,gabrielle_anwar_0078.npy,gabrielle_anwar_0175.npy,White_Females
gabrielle_anwar,gabrielle_anwar_0078.npy,gabrielle_anwar_0104.npy,White_Females
gabrielle_anwar,gabrielle_anwar_0086.npy,gabrielle_anwar_0090.npy,White_Females
gabrielle_anwar,gabrielle_anwar_0175.npy,gabrielle_anwar_0194.npy,White_Females
gabrielle_anwar,gabrielle_anwar_0027.npy,gabrielle_anwar_0042.npy,White_Females
gabrielle_anwar,gabrielle_anwar_0027.npy,gabrielle_anwar_0104.npy,White_Females
heather_matarazzo,heather_matarazzo_0038.npy,heather_matarazzo_0050.npy,White_Females
heather_matarazzo,heather_matarazzo_0003.npy,heather_matarazzo_0026.npy,White_Females
heather_matarazzo,heather_matarazzo_0003.npy,heather_matarazzo_0050.npy,White_Females
heather_matarazzo,heather_matarazzo_0026.npy,heather_matarazzo_0038.npy,White_Females
heather_matarazzo,heather_matarazzo_0026.npy,heather_matarazzo_0031.npy,White_Females
heather_matarazzo,heather_matarazzo_0003.npy,heather_matarazzo_0031.npy,White_Females
heather_matarazzo,heather_matarazzo_0031.npy,heather_matarazzo_0038.npy,White_Females
heather_matarazzo,heather_matarazzo_0026.npy,heather_matarazzo_0050.npy,White_Females
heather_matarazzo,heather_matarazzo_0003.npy,heather_matarazzo_0038.npy,White_Females
heather_matarazzo,heather_matarazzo_0031.npy,heather_matarazzo_0050.npy,White_Females
heather_mckinley,heather_mckinley_0023.npy,heather_mckinley_0072.npy,White_Females
helen_hunt,helen_hunt_0009.npy,helen_hunt_0249.npy,White_Females
helen_hunt,helen_hunt_0009.npy,helen_hunt_0212.npy,White_Females
helen_hunt,helen_hunt_0212.npy,helen_hunt_0249.npy,White_Females
helena_christensen,helena_christensen_0037.npy,helena_christensen_0038.npy,White_Females
helena_christensen,helena_christensen_0018.npy,helena_christensen_0037.npy,White_Females
helena_christensen,helena_christensen_0037.npy,helena_christensen_0073.npy,White_Females
helena_christensen,helena_christensen_0038.npy,helena_christensen_0073.npy,White_Females
helena_christensen,helena_christensen_0018.npy,helena_christensen_0073.npy,White_Females
helena_christensen,helena_christensen_0018.npy,helena_christensen_0038.npy,White_Females
holland_taylor,holland_taylor_0008.npy,holland_taylor_0027.npy,White_Females
holland_taylor,holland_taylor_0020.npy,holland_taylor_0026.npy,White_Females
holland_taylor,holland_taylor_0014.npy,holland_taylor_0030.npy,White_Females
holland_taylor,holland_taylor_0026.npy,holland_taylor_0030.npy,White_Females
holland_taylor,holland_taylor_0008.npy,holland_taylor_0014.npy,White_Females
holland_taylor,holland_taylor_0008.npy,holland_taylor_0020.npy,White_Females
holland_taylor,holland_taylor_0020.npy,holland_taylor_0030.npy,White_Females
holland_taylor,holland_taylor_0008.npy,holland_taylor_0026.npy,White_Females
holland_taylor,holland_taylor_0020.npy,holland_taylor_0027.npy,White_Females
holland_taylor,holland_taylor_0014.npy,holland_taylor_0027.npy,White_Females
jenn_gotzon,jenn_gotzon_0029.npy,jenn_gotzon_0054.npy,White_Females
jenn_gotzon,jenn_gotzon_0014.npy,jenn_gotzon_0054.npy,White_Females
jenn_gotzon,jenn_gotzon_0014.npy,jenn_gotzon_0049.npy,White_Females
jenn_gotzon,jenn_gotzon_0029.npy,jenn_gotzon_0042.npy,White_Females
jenn_gotzon,jenn_gotzon_0027.npy,jenn_gotzon_0054.npy,White_Females
jenn_gotzon,jenn_gotzon_0027.npy,jenn_gotzon_0029.npy,White_Females
jenn_gotzon,jenn_gotzon_0029.npy,jenn_gotzon_0049.npy,White_Females
jenn_gotzon,jenn_gotzon_0029.npy,jenn_gotzon_0059.npy,White_Females
jenn_gotzon,jenn_gotzon_0049.npy,jenn_gotzon_0054.npy,White_Females
jenn_gotzon,jenn_gotzon_0014.npy,jenn_gotzon_0042.npy,White_Females
jenna_dewan-tatum,jenna_dewan-tatum_0034.npy,jenna_dewan-tatum_0060.npy,White_Females
jennifer_carpenter,jennifer_carpenter_0027.npy,jennifer_carpenter_0160.npy,White_Females
jennifer_carpenter,jennifer_carpenter_0121.npy,jennifer_carpenter_0159.npy,White_Females
jennifer_carpenter,jennifer_carpenter_0003.npy,jennifer_carpenter_0072.npy,White_Females
jennifer_carpenter,jennifer_carpenter_0065.npy,jennifer_carpenter_0072.npy,White_Females
jennifer_carpenter,jennifer_carpenter_0072.npy,jennifer_carpenter_0159.npy,White_Females
jennifer_carpenter,jennifer_carpenter_0159.npy,jennifer_carpenter_0160.npy,White_Females
jennifer_carpenter,jennifer_carpenter_0065.npy,jennifer_carpenter_0159.npy,White_Females
jennifer_carpenter,jennifer_carpenter_0027.npy,jennifer_carpenter_0121.npy,White_Females
jennifer_carpenter,jennifer_carpenter_0027.npy,jennifer_carpenter_0159.npy,White_Females
jennifer_carpenter,jennifer_carpenter_0003.npy,jennifer_carpenter_0121.npy,White_Females
jennifer_coolidge,jennifer_coolidge_0060.npy,jennifer_coolidge_0079.npy,White_Females
jennifer_coolidge,jennifer_coolidge_0024.npy,jennifer_coolidge_0060.npy,White_Females
jennifer_coolidge,jennifer_coolidge_0024.npy,jennifer_coolidge_0079.npy,White_Females
jennifer_esposito,jennifer_esposito_0004.npy,jennifer_esposito_0091.npy,White_Females
jennifer_grey,jennifer_grey_0082.npy,jennifer_grey_0092.npy,White_Females
jennifer_grey,jennifer_grey_0092.npy,jennifer_grey_0107.npy,White_Females
jennifer_grey,jennifer_grey_0082.npy,jennifer_grey_0107.npy,White_Females
jenny_wade,jenny_wade_0008.npy,jenny_wade_0043.npy,White_Females
jess_weixler,jess_weixler_0051.npy,jess_weixler_0077.npy,White_Females
jess_weixler,jess_weixler_0048.npy,jess_weixler_0077.npy,White_Females
jess_weixler,jess_weixler_0048.npy,jess_weixler_0051.npy,White_Females
jessalyn_gilsig,jessalyn_gilsig_0014.npy,jessalyn_gilsig_0032.npy,White_Females
jessalyn_gilsig,jessalyn_gilsig_0014.npy,jessalyn_gilsig_0022.npy,White_Females
jessalyn_gilsig,jessalyn_gilsig_0007.npy,jessalyn_gilsig_0022.npy,White_Females
jessalyn_gilsig,jessalyn_gilsig_0009.npy,jessalyn_gilsig_0032.npy,White_Females
jessalyn_gilsig,jessalyn_gilsig_0007.npy,jessalyn_gilsig_0032.npy,White_Females
jessalyn_gilsig,jessalyn_gilsig_0032.npy,jessalyn_gilsig_0072.npy,White_Females
jessalyn_gilsig,jessalyn_gilsig_0007.npy,jessalyn_gilsig_0072.npy,White_Females
jessalyn_gilsig,jessalyn_gilsig_0009.npy,jessalyn_gilsig_0014.npy,White_Females
jessalyn_gilsig,jessalyn_gilsig_0014.npy,jessalyn_gilsig_0072.npy,White_Females
jessalyn_gilsig,jessalyn_gilsig_0007.npy,jessalyn_gilsig_0023.npy,White_Females
jill_hennessy,jill_hennessy_0001.npy,jill_hennessy_0006.npy,White_Females
jill_hennessy,jill_hennessy_0006.npy,jill_hennessy_0098.npy,White_Females
jill_hennessy,jill_hennessy_0001.npy,jill_hennessy_0059.npy,White_Females
jill_hennessy,jill_hennessy_0054.npy,jill_hennessy_0059.npy,White_Females
jill_hennessy,jill_hennessy_0054.npy,jill_hennessy_0098.npy,White_Females
jill_hennessy,jill_hennessy_0025.npy,jill_hennessy_0060.npy,White_Females
jill_hennessy,jill_hennessy_0098.npy,jill_hennessy_0116.npy,White_Females
jill_hennessy,jill_hennessy_0001.npy,jill_hennessy_0054.npy,White_Females
jill_hennessy,jill_hennessy_0059.npy,jill_hennessy_0116.npy,White_Females
jill_hennessy,jill_hennessy_0006.npy,jill_hennessy_0054.npy,White_Females
joey_lauren_adams,joey_lauren_adams_0013.npy,joey_lauren_adams_0026.npy,White_Females
joey_lauren_adams,joey_lauren_adams_0025.npy,joey_lauren_adams_0043.npy,White_Females
joey_lauren_adams,joey_lauren_adams_0026.npy,joey_lauren_adams_0043.npy,White_Females
joey_lauren_adams,joey_lauren_adams_0015.npy,joey_lauren_adams_0043.npy,White_Females
joey_lauren_adams,joey_lauren_adams_0015.npy,joey_lauren_adams_0025.npy,White_Females
joey_lauren_adams,joey_lauren_adams_0013.npy,joey_lauren_adams_0043.npy,White_Females
joey_lauren_adams,joey_lauren_adams_0013.npy,joey_lauren_adams_0025.npy,White_Females
joey_lauren_adams,joey_lauren_adams_0013.npy,joey_lauren_adams_0015.npy,White_Females
joey_lauren_adams,joey_lauren_adams_0025.npy,joey_lauren_adams_0026.npy,White_Females
joey_lauren_adams,joey_lauren_adams_0015.npy,joey_lauren_adams_0026.npy,White_Females
jordana_spiro,jordana_spiro_0050.npy,jordana_spiro_0057.npy,White_Females
jordana_spiro,jordana_spiro_0007.npy,jordana_spiro_0050.npy,White_Females
jordana_spiro,jordana_spiro_0007.npy,jordana_spiro_0058.npy,White_Females
jordana_spiro,jordana_spiro_0057.npy,jordana_spiro_0058.npy,White_Females
jordana_spiro,jordana_spiro_0007.npy,jordana_spiro_0016.npy,White_Females
jordana_spiro,jordana_spiro_0016.npy,jordana_spiro_0058.npy,White_Females
jordana_spiro,jordana_spiro_0050.npy,jordana_spiro_0058.npy,White_Females
jordana_spiro,jordana_spiro_0007.npy,jordana_spiro_0057.npy,White_Females
jordana_spiro,jordana_spiro_0016.npy,jordana_spiro_0057.npy,White_Females
jordana_spiro,jordana_spiro_0016.npy,jordana_spiro_0050.npy,White_Females
judy_davis,judy_davis_0002.npy,judy_davis_0008.npy,White_Females
judy_davis,judy_davis_0002.npy,judy_davis_0014.npy,White_Females
judy_davis,judy_davis_0002.npy,judy_davis_0031.npy,White_Females
judy_davis,judy_davis_0009.npy,judy_davis_0031.npy,White_Females
judy_davis,judy_davis_0009.npy,judy_davis_0014.npy,White_Females
judy_davis,judy_davis_0008.npy,judy_davis_0009.npy,White_Females
judy_davis,judy_davis_0014.npy,judy_davis_0031.npy,White_Females
judy_davis,judy_davis_0008.npy,judy_davis_0031.npy,White_Females
judy_davis,judy_davis_0002.npy,judy_davis_0009.npy,White_Females
judy_davis,judy_davis_0008.npy,judy_davis_0014.npy,White_Females
julie_christie,julie_christie_0016.npy,julie_christie_0062.npy,White_Females
julie_christie,julie_christie_0047.npy,julie_christie_0062.npy,White_Females
julie_christie,julie_christie_0016.npy,julie_christie_0047.npy,White_Females
julie_christie,julie_christie_0009.npy,julie_christie_0062.npy,White_Females
julie_christie,julie_christie_0009.npy,julie_christie_0047.npy,White_Females
julie_christie,julie_christie_0009.npy,julie_christie_0016.npy,White_Females
kaitlin_olson,kaitlin_olson_0044.npy,kaitlin_olson_0053.npy,White_Females
kaitlin_olson,kaitlin_olson_0025.npy,kaitlin_olson_0044.npy,White_Females
kaitlin_olson,kaitlin_olson_0025.npy,kaitlin_olson_0061.npy,White_Females
kaitlin_olson,kaitlin_olson_0044.npy,kaitlin_olson_0061.npy,White_Females
kaitlin_olson,kaitlin_olson_0053.npy,kaitlin_olson_0061.npy,White_Females
kaitlin_olson,kaitlin_olson_0025.npy,kaitlin_olson_0053.npy,White_Females
karolina_kurkova,karolina_kurkova_0039.npy,karolina_kurkova_0091.npy,White_Females
karolina_kurkova,karolina_kurkova_0036.npy,karolina_kurkova_0039.npy,White_Females
karolina_kurkova,karolina_kurkova_0002.npy,karolina_kurkova_0036.npy,White_Females
karolina_kurkova,karolina_kurkova_0036.npy,karolina_kurkova_0071.npy,White_Females
karolina_kurkova,karolina_kurkova_0059.npy,karolina_kurkova_0083.npy,White_Females
karolina_kurkova,karolina_kurkova_0009.npy,karolina_kurkova_0083.npy,White_Females
karolina_kurkova,karolina_kurkova_0039.npy,karolina_kurkova_0071.npy,White_Females
karolina_kurkova,karolina_kurkova_0002.npy,karolina_kurkova_0026.npy,White_Females
karolina_kurkova,karolina_kurkova_0009.npy,karolina_kurkova_0071.npy,White_Females
karolina_kurkova,karolina_kurkova_0083.npy,karolina_kurkova_0091.npy,White_Females
kathleen_robertson,kathleen_robertson_0069.npy,kathleen_robertson_0080.npy,White_Females
kathleen_robertson,kathleen_robertson_0042.npy,kathleen_robertson_0069.npy,White_Females
kathleen_robertson,kathleen_robertson_0006.npy,kathleen_robertson_0045.npy,White_Females
kathleen_robertson,kathleen_robertson_0004.npy,kathleen_robertson_0045.npy,White_Females
kathleen_robertson,kathleen_robertson_0006.npy,kathleen_robertson_0043.npy,White_Females
kathleen_robertson,kathleen_robertson_0045.npy,kathleen_robertson_0069.npy,White_Females
kathleen_robertson,kathleen_robertson_0006.npy,kathleen_robertson_0069.npy,White_Females
kathleen_robertson,kathleen_robertson_0042.npy,kathleen_robertson_0045.npy,White_Females
kathleen_robertson,kathleen_robertson_0043.npy,kathleen_robertson_0045.npy,White_Females
kathleen_robertson,kathleen_robertson_0042.npy,kathleen_robertson_0043.npy,White_Females
katie_cassidy,katie_cassidy_0029.npy,katie_cassidy_0110.npy,White_Females
katie_cassidy,katie_cassidy_0029.npy,katie_cassidy_0144.npy,White_Females
katie_cassidy,katie_cassidy_0110.npy,katie_cassidy_0144.npy,White_Females
kelli_garner,kelli_garner_0024.npy,kelli_garner_0043.npy,White_Females
kelli_garner,kelli_garner_0025.npy,kelli_garner_0097.npy,White_Females
kelli_garner,kelli_garner_0024.npy,kelli_garner_0025.npy,White_Females
kelli_garner,kelli_garner_0043.npy,kelli_garner_0066.npy,White_Females
kelli_garner,kelli_garner_0025.npy,kelli_garner_0043.npy,White_Females
kelli_garner,kelli_garner_0025.npy,kelli_garner_0066.npy,White_Females
kelli_garner,kelli_garner_0024.npy,kelli_garner_0097.npy,White_Females
kelli_garner,kelli_garner_0024.npy,kelli_garner_0066.npy,White_Females
kelli_garner,kelli_garner_0043.npy,kelli_garner_0097.npy,White_Females
kelli_garner,kelli_garner_0066.npy,kelli_garner_0097.npy,White_Females
kim_delaney,kim_delaney_0037.npy,kim_delaney_0068.npy,White_Females
kim_delaney,kim_delaney_0039.npy,kim_delaney_0068.npy,White_Females
kim_delaney,kim_delaney_0029.npy,kim_delaney_0068.npy,White_Females
kim_delaney,kim_delaney_0003.npy,kim_delaney_0029.npy,White_Females
kim_delaney,kim_delaney_0029.npy,kim_delaney_0064.npy,White_Females
kim_delaney,kim_delaney_0003.npy,kim_delaney_0064.npy,White_Females
kim_delaney,kim_delaney_0003.npy,kim_delaney_0039.npy,White_Females
kim_delaney,kim_delaney_0037.npy,kim_delaney_0039.npy,White_Females
kim_delaney,kim_delaney_0037.npy,kim_delaney_0064.npy,White_Females
kim_delaney,kim_delaney_0003.npy,kim_delaney_0037.npy,White_Females
kristin_bauer_van_straten,kristin_bauer_van_straten_0027.npy,kristin_bauer_van_straten_0036.npy,White_Females
kristin_bauer_van_straten,kristin_bauer_van_straten_0036.npy,kristin_bauer_van_straten_0065.npy,White_Females
kristin_bauer_van_straten,kristin_bauer_van_straten_0027.npy,kristin_bauer_van_straten_0065.npy,White_Females
kristinia_debarge,kristinia_debarge_0030.npy,kristinia_debarge_0032.npy,White_Females
kristinia_debarge,kristinia_debarge_0004.npy,kristinia_debarge_0030.npy,White_Females
kristinia_debarge,kristinia_debarge_0004.npy,kristinia_debarge_0060.npy,White_Females
kristinia_debarge,kristinia_debarge_0032.npy,kristinia_debarge_0060.npy,White_Females
kristinia_debarge,kristinia_debarge_0004.npy,kristinia_debarge_0032.npy,White_Females
kristinia_debarge,kristinia_debarge_0030.npy,kristinia_debarge_0060.npy,White_Females
laura_vandervoort,laura_vandervoort_0003.npy,laura_vandervoort_0029.npy,White_Females
laura_vandervoort,laura_vandervoort_0119.npy,laura_vandervoort_0146.npy,White_Females
laura_vandervoort,laura_vandervoort_0072.npy,laura_vandervoort_0146.npy,White_Females
laura_vandervoort,laura_vandervoort_0003.npy,laura_vandervoort_0119.npy,White_Females
laura_vandervoort,laura_vandervoort_0003.npy,laura_vandervoort_0072.npy,White_Females
laura_vandervoort,laura_vandervoort_0003.npy,laura_vandervoort_0031.npy,White_Females
laura_vandervoort,laura_vandervoort_0003.npy,laura_vandervoort_0146.npy,White_Females
laura_vandervoort,laura_vandervoort_0039.npy,laura_vandervoort_0146.npy,White_Females
laura_vandervoort,laura_vandervoort_0031.npy,laura_vandervoort_0146.npy,White_Females
laura_vandervoort,laura_vandervoort_0072.npy,laura_vandervoort_0119.npy,White_Females
linda_gray,linda_gray_0017.npy,linda_gray_0032.npy,White_Females
linda_gray,linda_gray_0008.npy,linda_gray_0032.npy,White_Females
linda_gray,linda_gray_0008.npy,linda_gray_0053.npy,White_Females
linda_gray,linda_gray_0006.npy,linda_gray_0008.npy,White_Females
linda_gray,linda_gray_0017.npy,linda_gray_0023.npy,White_Females
linda_gray,linda_gray_0006.npy,linda_gray_0017.npy,White_Females
linda_gray,linda_gray_0003.npy,linda_gray_0016.npy,White_Females
linda_gray,linda_gray_0003.npy,linda_gray_0023.npy,White_Females
linda_gray,linda_gray_0006.npy,linda_gray_0032.npy,White_Females
linda_gray,linda_gray_0017.npy,linda_gray_0053.npy,White_Females
madeline_zima,madeline_zima_0064.npy,madeline_zima_0092.npy,White_Females
madeline_zima,madeline_zima_0066.npy,madeline_zima_0092.npy,White_Females
madeline_zima,madeline_zima_0064.npy,madeline_zima_0066.npy,White_Females
marcia_cross,marcia_cross_0121.npy,marcia_cross_0148.npy,White_Females
marcia_cross,marcia_cross_0032.npy,marcia_cross_0121.npy,White_Females
marcia_cross,marcia_cross_0032.npy,marcia_cross_0148.npy,White_Females
marcia_cross,marcia_cross_0121.npy,marcia_cross_0187.npy,White_Females
marcia_cross,marcia_cross_0032.npy,marcia_cross_0187.npy,White_Females
marcia_cross,marcia_cross_0148.npy,marcia_cross_0187.npy,White_Females
marcia_gay_harden,marcia_gay_harden_0063.npy,marcia_gay_harden_0189.npy,White_Females
marcia_gay_harden,marcia_gay_harden_0069.npy,marcia_gay_harden_0224.npy,White_Females
marcia_gay_harden,marcia_gay_harden_0052.npy,marcia_gay_harden_0189.npy,White_Females
marcia_gay_harden,marcia_gay_harden_0063.npy,marcia_gay_harden_0250.npy,White_Females
marcia_gay_harden,marcia_gay_harden_0052.npy,marcia_gay_harden_0069.npy,White_Females
marcia_gay_harden,marcia_gay_harden_0063.npy,marcia_gay_harden_0249.npy,White_Females
marcia_gay_harden,marcia_gay_harden_0189.npy,marcia_gay_harden_0249.npy,White_Females
marcia_gay_harden,marcia_gay_harden_0067.npy,marcia_gay_harden_0249.npy,White_Females
marcia_gay_harden,marcia_gay_harden_0052.npy,marcia_gay_harden_0063.npy,White_Females
marcia_gay_harden,marcia_gay_harden_0224.npy,marcia_gay_harden_0249.npy,White_Females
maria_menounos,maria_menounos_0006.npy,maria_menounos_0025.npy,White_Females
maria_menounos,maria_menounos_0006.npy,maria_menounos_0181.npy,White_Females
maria_menounos,maria_menounos_0006.npy,maria_menounos_0120.npy,White_Females
maria_menounos,maria_menounos_0025.npy,maria_menounos_0120.npy,White_Females
maria_menounos,maria_menounos_0018.npy,maria_menounos_0028.npy,White_Females
maria_menounos,maria_menounos_0028.npy,maria_menounos_0124.npy,White_Females
maria_menounos,maria_menounos_0120.npy,maria_menounos_0124.npy,White_Females
maria_menounos,maria_menounos_0124.npy,maria_menounos_0181.npy,White_Females
maria_menounos,maria_menounos_0025.npy,maria_menounos_0181.npy,White_Females
maria_menounos,maria_menounos_0025.npy,maria_menounos_0124.npy,White_Females
mary_lynn_rajskub,mary_lynn_rajskub_0095.npy,mary_lynn_rajskub_0114.npy,White_Females
mary_lynn_rajskub,mary_lynn_rajskub_0086.npy,mary_lynn_rajskub_0114.npy,White_Females
mary_lynn_rajskub,mary_lynn_rajskub_0069.npy,mary_lynn_rajskub_0095.npy,White_Females
mary_lynn_rajskub,mary_lynn_rajskub_0069.npy,mary_lynn_rajskub_0086.npy,White_Females
mary_lynn_rajskub,mary_lynn_rajskub_0086.npy,mary_lynn_rajskub_0095.npy,White_Females
mary_lynn_rajskub,mary_lynn_rajskub_0069.npy,mary_lynn_rajskub_0114.npy,White_Females
megan_marie_wilson,megan_marie_wilson_0043.npy,megan_marie_wilson_0055.npy,White_Females
megan_marie_wilson,megan_marie_wilson_0016.npy,megan_marie_wilson_0051.npy,White_Females
megan_marie_wilson,megan_marie_wilson_0008.npy,megan_marie_wilson_0051.npy,White_Females
megan_marie_wilson,megan_marie_wilson_0018.npy,megan_marie_wilson_0043.npy,White_Females
megan_marie_wilson,megan_marie_wilson_0008.npy,megan_marie_wilson_0048.npy,White_Females
megan_marie_wilson,megan_marie_wilson_0008.npy,megan_marie_wilson_0036.npy,White_Females
megan_marie_wilson,megan_marie_wilson_0014.npy,megan_marie_wilson_0043.npy,White_Females
megan_marie_wilson,megan_marie_wilson_0014.npy,megan_marie_wilson_0018.npy,White_Females
megan_marie_wilson,megan_marie_wilson_0016.npy,megan_marie_wilson_0024.npy,White_Females
megan_marie_wilson,megan_marie_wilson_0036.npy,megan_marie_wilson_0048.npy,White_Females
melanie_lynskey,melanie_lynskey_0054.npy,melanie_lynskey_0090.npy,White_Females
melanie_lynskey,melanie_lynskey_0028.npy,melanie_lynskey_0091.npy,White_Females
melanie_lynskey,melanie_lynskey_0028.npy,melanie_lynskey_0038.npy,White_Females
melanie_lynskey,melanie_lynskey_0038.npy,melanie_lynskey_0090.npy,White_Females
melanie_lynskey,melanie_lynskey_0038.npy,melanie_lynskey_0088.npy,White_Females
melanie_lynskey,melanie_lynskey_0054.npy,melanie_lynskey_0091.npy,White_Females
melanie_lynskey,melanie_lynskey_0028.npy,melanie_lynskey_0088.npy,White_Females
melanie_lynskey,melanie_lynskey_0090.npy,melanie_lynskey_0091.npy,White_Females
melanie_lynskey,melanie_lynskey_0038.npy,melanie_lynskey_0054.npy,White_Females
melanie_lynskey,melanie_lynskey_0088.npy,melanie_lynskey_0090.npy,White_Females
melinda_clarke,melinda_clarke_0075.npy,melinda_clarke_0089.npy,White_Females
melinda_clarke,melinda_clarke_0041.npy,melinda_clarke_0076.npy,White_Females
melinda_clarke,melinda_clarke_0039.npy,melinda_clarke_0075.npy,White_Females
melinda_clarke,melinda_clarke_0083.npy,melinda_clarke_0089.npy,White_Females
melinda_clarke,melinda_clarke_0075.npy,melinda_clarke_0083.npy,White_Females
melinda_clarke,melinda_clarke_0076.npy,melinda_clarke_0083.npy,White_Females
melinda_clarke,melinda_clarke_0039.npy,melinda_clarke_0083.npy,White_Females
melinda_clarke,melinda_clarke_0076.npy,melinda_clarke_0089.npy,White_Females
melinda_clarke,melinda_clarke_0039.npy,melinda_clarke_0076.npy,White_Females
melinda_clarke,melinda_clarke_0039.npy,melinda_clarke_0041.npy,White_Females
melora_walters,melora_walters_0048.npy,melora_walters_0053.npy,White_Females
melora_walters,melora_walters_0001.npy,melora_walters_0002.npy,White_Females
melora_walters,melora_walters_0049.npy,melora_walters_0053.npy,White_Females
melora_walters,melora_walters_0053.npy,melora_walters_0054.npy,White_Females
melora_walters,melora_walters_0016.npy,melora_walters_0053.npy,White_Females
melora_walters,melora_walters_0002.npy,melora_walters_0053.npy,White_Females
melora_walters,melora_walters_0001.npy,melora_walters_0004.npy,White_Females
melora_walters,melora_walters_0002.npy,melora_walters_0004.npy,White_Females
melora_walters,melora_walters_0004.npy,melora_walters_0016.npy,White_Females
melora_walters,melora_walters_0024.npy,melora_walters_0054.npy,White_Females
michelle_trachtenberg,michelle_trachtenberg_0231.npy,michelle_trachtenberg_0324.npy,White_Females
michelle_trachtenberg,michelle_trachtenberg_0031.npy,michelle_trachtenberg_0261.npy,White_Females
michelle_trachtenberg,michelle_trachtenberg_0261.npy,michelle_trachtenberg_0339.npy,White_Females
michelle_trachtenberg,michelle_trachtenberg_0258.npy,michelle_trachtenberg_0324.npy,White_Females
michelle_trachtenberg,michelle_trachtenberg_0232.npy,michelle_trachtenberg_0324.npy,White_Females
michelle_trachtenberg,michelle_trachtenberg_0231.npy,michelle_trachtenberg_0232.npy,White_Females
michelle_trachtenberg,michelle_trachtenberg_0231.npy,michelle_trachtenberg_0261.npy,White_Females
michelle_trachtenberg,michelle_trachtenberg_0232.npy,michelle_trachtenberg_0261.npy,White_Females
michelle_trachtenberg,michelle_trachtenberg_0031.npy,michelle_trachtenberg_0324.npy,White_Females
michelle_trachtenberg,michelle_trachtenberg_0258.npy,michelle_trachtenberg_0339.npy,White_Females
miranda_richardson,miranda_richardson_0053.npy,miranda_richardson_0063.npy,White_Females
miranda_richardson,miranda_richardson_0011.npy,miranda_richardson_0013.npy,White_Females
miranda_richardson,miranda_richardson_0011.npy,miranda_richardson_0045.npy,White_Females
miranda_richardson,miranda_richardson_0021.npy,miranda_richardson_0045.npy,White_Females
miranda_richardson,miranda_richardson_0021.npy,miranda_richardson_0063.npy,White_Females
miranda_richardson,miranda_richardson_0011.npy,miranda_richardson_0053.npy,White_Females
miranda_richardson,miranda_richardson_0045.npy,miranda_richardson_0053.npy,White_Females
miranda_richardson,miranda_richardson_0013.npy,miranda_richardson_0045.npy,White_Females
miranda_richardson,miranda_richardson_0013.npy,miranda_richardson_0053.npy,White_Females
miranda_richardson,miranda_richardson_0045.npy,miranda_richardson_0063.npy,White_Females
mylene_dinh-robic,mylene_dinh-robic_0917.npy,mylene_dinh-robic_0940.npy,White_Females
mylene_dinh-robic,mylene_dinh-robic_0916.npy,mylene_dinh-robic_0931.npy,White_Females
mylene_dinh-robic,mylene_dinh-robic_0904.npy,mylene_dinh-robic_0923.npy,White_Females
mylene_dinh-robic,mylene_dinh-robic_0911.npy,mylene_dinh-robic_0917.npy,White_Females
mylene_dinh-robic,mylene_dinh-robic_0936.npy,mylene_dinh-robic_0940.npy,White_Females
mylene_dinh-robic,mylene_dinh-robic_0006.npy,mylene_dinh-robic_0904.npy,White_Females
mylene_dinh-robic,mylene_dinh-robic_0904.npy,mylene_dinh-robic_0916.npy,White_Females
mylene_dinh-robic,mylene_dinh-robic_0904.npy,mylene_dinh-robic_0931.npy,White_Females
mylene_dinh-robic,mylene_dinh-robic_0006.npy,mylene_dinh-robic_0936.npy,White_Females
mylene_dinh-robic,mylene_dinh-robic_0931.npy,mylene_dinh-robic_0936.npy,White_Females
neve_campbell,neve_campbell_0064.npy,neve_campbell_0139.npy,White_Females
neve_campbell,neve_campbell_0012.npy,neve_campbell_0139.npy,White_Females
neve_campbell,neve_campbell_0114.npy,neve_campbell_0139.npy,White_Females
neve_campbell,neve_campbell_0139.npy,neve_campbell_0143.npy,White_Females
neve_campbell,neve_campbell_0064.npy,neve_campbell_0114.npy,White_Females
neve_campbell,neve_campbell_0114.npy,neve_campbell_0143.npy,White_Females
neve_campbell,neve_campbell_0064.npy,neve_campbell_0143.npy,White_Females
neve_campbell,neve_campbell_0012.npy,neve_campbell_0143.npy,White_Females
neve_campbell,neve_campbell_0012.npy,neve_campbell_0114.npy,White_Females
neve_campbell,neve_campbell_0012.npy,neve_campbell_0064.npy,White_Females
odette_annable,odette_annable_0053.npy,odette_annable_0060.npy,White_Females
odette_annable,odette_annable_0119.npy,odette_annable_0128.npy,White_Females
odette_annable,odette_annable_0053.npy,odette_annable_0119.npy,White_Females
odette_annable,odette_annable_0053.npy,odette_annable_0128.npy,White_Females
odette_annable,odette_annable_0060.npy,odette_annable_0128.npy,White_Females
odette_annable,odette_annable_0060.npy,odette_annable_0119.npy,White_Females
rachel_mcadams,rachel_mcadams_0092.npy,rachel_mcadams_0204.npy,White_Females
rachel_mcadams,rachel_mcadams_0204.npy,rachel_mcadams_0239.npy,White_Females
rachel_mcadams,rachel_mcadams_0204.npy,rachel_mcadams_0293.npy,White_Females
rachel_mcadams,rachel_mcadams_0092.npy,rachel_mcadams_0293.npy,White_Females
rachel_mcadams,rachel_mcadams_0239.npy,rachel_mcadams_0293.npy,White_Females
rachel_mcadams,rachel_mcadams_0092.npy,rachel_mcadams_0239.npy,White_Females
rene_russo,rene_russo_0052.npy,rene_russo_0077.npy,White_Females
rene_russo,rene_russo_0077.npy,rene_russo_0117.npy,White_Females
rene_russo,rene_russo_0070.npy,rene_russo_0117.npy,White_Females
rene_russo,rene_russo_0052.npy,rene_russo_0070.npy,White_Females
rene_russo,rene_russo_0052.npy,rene_russo_0117.npy,White_Females
rene_russo,rene_russo_0070.npy,rene_russo_0077.npy,White_Females
rhona_mitra,rhona_mitra_0033.npy,rhona_mitra_0035.npy,White_Females
rhona_mitra,rhona_mitra_0011.npy,rhona_mitra_0148.npy,White_Females
rhona_mitra,rhona_mitra_0033.npy,rhona_mitra_0083.npy,White_Females
rhona_mitra,rhona_mitra_0011.npy,rhona_mitra_0033.npy,White_Females
rhona_mitra,rhona_mitra_0011.npy,rhona_mitra_0083.npy,White_Females
rhona_mitra,rhona_mitra_0011.npy,rhona_mitra_0035.npy,White_Females
rhona_mitra,rhona_mitra_0035.npy,rhona_mitra_0083.npy,White_Females
rhona_mitra,rhona_mitra_0033.npy,rhona_mitra_0148.npy,White_Females
rhona_mitra,rhona_mitra_0035.npy,rhona_mitra_0148.npy,White_Females
rhona_mitra,rhona_mitra_0083.npy,rhona_mitra_0148.npy,White_Females
romola_garai,romola_garai_0027.npy,romola_garai_0036.npy,White_Females
romola_garai,romola_garai_0036.npy,romola_garai_0038.npy,White_Females
romola_garai,romola_garai_0005.npy,romola_garai_0071.npy,White_Females
romola_garai,romola_garai_0005.npy,romola_garai_0036.npy,White_Females
romola_garai,romola_garai_0027.npy,romola_garai_0071.npy,White_Females
romola_garai,romola_garai_0005.npy,romola_garai_0038.npy,White_Females
romola_garai,romola_garai_0038.npy,romola_garai_0071.npy,White_Females
romola_garai,romola_garai_0027.npy,romola_garai_0038.npy,White_Females
romola_garai,romola_garai_0036.npy,romola_garai_0071.npy,White_Females
romola_garai,romola_garai_0005.npy,romola_garai_0027.npy,White_Females
rose_byrne,rose_byrne_0051.npy,rose_byrne_0118.npy,White_Females
rose_byrne,rose_byrne_0039.npy,rose_byrne_0118.npy,White_Females
rose_byrne,rose_byrne_0051.npy,rose_byrne_0055.npy,White_Females
rose_byrne,rose_byrne_0039.npy,rose_byrne_0055.npy,White_Females
rose_byrne,rose_byrne_0188.npy,rose_byrne_0205.npy,White_Females
rose_byrne,rose_byrne_0051.npy,rose_byrne_0205.npy,White_Females
rose_byrne,rose_byrne_0039.npy,rose_byrne_0051.npy,White_Females
rose_byrne,rose_byrne_0055.npy,rose_byrne_0118.npy,White_Females
rose_byrne,rose_byrne_0188.npy,rose_byrne_0212.npy,White_Females
rose_byrne,rose_byrne_0055.npy,rose_byrne_0205.npy,White_Females
sadie_calvano,sadie_calvano_0026.npy,sadie_calvano_0030.npy,White_Females
sadie_calvano,sadie_calvano_0043.npy,sadie_calvano_0047.npy,White_Females
sadie_calvano,sadie_calvano_0041.npy,sadie_calvano_0047.npy,White_Females
sadie_calvano,sadie_calvano_0030.npy,sadie_calvano_0041.npy,White_Females
sadie_calvano,sadie_calvano_0026.npy,sadie_calvano_0047.npy,White_Females
sadie_calvano,sadie_calvano_0030.npy,sadie_calvano_0043.npy,White_Females
sadie_calvano,sadie_calvano_0041.npy,sadie_calvano_0043.npy,White_Females
sadie_calvano,sadie_calvano_0026.npy,sadie_calvano_0041.npy,White_Females
sadie_calvano,sadie_calvano_0026.npy,sadie_calvano_0043.npy,White_Females
sadie_calvano,sadie_calvano_0030.npy,sadie_calvano_0047.npy,White_Females
samantha_harris,samantha_harris_0016.npy,samantha_harris_0031.npy,White_Females
samantha_harris,samantha_harris_0047.npy,samantha_harris_0088.npy,White_Females
samantha_harris,samantha_harris_0016.npy,samantha_harris_0088.npy,White_Females
samantha_harris,samantha_harris_0031.npy,samantha_harris_0047.npy,White_Females
samantha_harris,samantha_harris_0016.npy,samantha_harris_0047.npy,White_Females
samantha_harris,samantha_harris_0031.npy,samantha_harris_0088.npy,White_Females
shakira,shakira_0009.npy,shakira_0059.npy,White_Females
shannon_woodward,shannon_woodward_0001.npy,shannon_woodward_0015.npy,White_Females
shannon_woodward,shannon_woodward_0015.npy,shannon_woodward_0036.npy,White_Females
shannon_woodward,shannon_woodward_0036.npy,shannon_woodward_0050.npy,White_Females
shannon_woodward,shannon_woodward_0015.npy,shannon_woodward_0034.npy,White_Females
shannon_woodward,shannon_woodward_0034.npy,shannon_woodward_0036.npy,White_Females
shannon_woodward,shannon_woodward_0001.npy,shannon_woodward_0010.npy,White_Females
shannon_woodward,shannon_woodward_0001.npy,shannon_woodward_0050.npy,White_Females
shannon_woodward,shannon_woodward_0015.npy,shannon_woodward_0050.npy,White_Females
shannon_woodward,shannon_woodward_0001.npy,shannon_woodward_0034.npy,White_Females
shannon_woodward,shannon_woodward_0001.npy,shannon_woodward_0036.npy,White_Females
sherrie_rose,sherrie_rose_0003.npy,sherrie_rose_0063.npy,White_Females
stacy_keibler,stacy_keibler_0028.npy,stacy_keibler_0138.npy,White_Females
stacy_keibler,stacy_keibler_0138.npy,stacy_keibler_0206.npy,White_Females
stacy_keibler,stacy_keibler_0028.npy,stacy_keibler_0206.npy,White_Females
stacy_keibler,stacy_keibler_0028.npy,stacy_keibler_0212.npy,White_Females
stacy_keibler,stacy_keibler_0138.npy,stacy_keibler_0212.npy,White_Females
stacy_keibler,stacy_keibler_0206.npy,stacy_keibler_0212.npy,White_Females
susan_downey,susan_downey_0041.npy,susan_downey_0059.npy,White_Females
susan_downey,susan_downey_0043.npy,susan_downey_0059.npy,White_Females
susan_downey,susan_downey_0041.npy,susan_downey_0043.npy,White_Females
tanit_phoenix,tanit_phoenix_0012.npy,tanit_phoenix_0030.npy,White_Females
taylor_swift,taylor_swift_0065.npy,taylor_swift_0271.npy,White_Females
terri_ivens,terri_ivens_0016.npy,terri_ivens_0076.npy,White_Females
terri_ivens,terri_ivens_0001.npy,terri_ivens_0076.npy,White_Females
terri_ivens,terri_ivens_0028.npy,terri_ivens_0076.npy,White_Females
terri_ivens,terri_ivens_0011.npy,terri_ivens_0039.npy,White_Females
terri_ivens,terri_ivens_0001.npy,terri_ivens_0011.npy,White_Females
terri_ivens,terri_ivens_0011.npy,terri_ivens_0016.npy,White_Females
terri_ivens,terri_ivens_0011.npy,terri_ivens_0076.npy,White_Females
terri_ivens,terri_ivens_0001.npy,terri_ivens_0016.npy,White_Females
terri_ivens,terri_ivens_0016.npy,terri_ivens_0031.npy,White_Females
terri_ivens,terri_ivens_0011.npy,terri_ivens_0028.npy,White_Females
tricia_helfer,tricia_helfer_0019.npy,tricia_helfer_0049.npy,White_Females
tricia_helfer,tricia_helfer_0019.npy,tricia_helfer_0050.npy,White_Females
tricia_helfer,tricia_helfer_0007.npy,tricia_helfer_0041.npy,White_Females
tricia_helfer,tricia_helfer_0007.npy,tricia_helfer_0050.npy,White_Females
tricia_helfer,tricia_helfer_0041.npy,tricia_helfer_0049.npy,White_Females
tricia_helfer,tricia_helfer_0049.npy,tricia_helfer_0050.npy,White_Females
tricia_helfer,tricia_helfer_0007.npy,tricia_helfer_0049.npy,White_Females
tricia_helfer,tricia_helfer_0007.npy,tricia_helfer_0019.npy,White_Females
tricia_helfer,tricia_helfer_0019.npy,tricia_helfer_0041.npy,White_Females
tricia_helfer,tricia_helfer_0041.npy,tricia_helfer_0050.npy,White_Females
valeria_golino,valeria_golino_0006.npy,valeria_golino_0025.npy,White_Females
valeria_golino,valeria_golino_0025.npy,valeria_golino_0049.npy,White_Females
valeria_golino,valeria_golino_0015.npy,valeria_golino_0031.npy,White_Females
valeria_golino,valeria_golino_0006.npy,valeria_golino_0049.npy,White_Females
valeria_golino,valeria_golino_0013.npy,valeria_golino_0051.npy,White_Females
valeria_golino,valeria_golino_0013.npy,valeria_golino_0049.npy,White_Females
valeria_golino,valeria_golino_0013.npy,valeria_golino_0025.npy,White_Females
valeria_golino,valeria_golino_0006.npy,valeria_golino_0021.npy,White_Females
valeria_golino,valeria_golino_0015.npy,valeria_golino_0025.npy,White_Females
valeria_golino,valeria_golino_0006.npy,valeria_golino_0051.npy,White_Females
vicki_lewis,vicki_lewis_0028.npy,vicki_lewis_0076.npy,White_Females
vicki_lewis,vicki_lewis_0076.npy,vicki_lewis_0084.npy,White_Females
vicki_lewis,vicki_lewis_0028.npy,vicki_lewis_0084.npy,White_Females
willa_holland,willa_holland_0037.npy,willa_holland_0058.npy,White_Females
willa_holland,willa_holland_0025.npy,willa_holland_0052.npy,White_Females
willa_holland,willa_holland_0052.npy,willa_holland_0059.npy,White_Females
willa_holland,willa_holland_0040.npy,willa_holland_0059.npy,White_Females
willa_holland,willa_holland_0025.npy,willa_holland_0056.npy,White_Females
willa_holland,willa_holland_0056.npy,willa_holland_0058.npy,White_Females
willa_holland,willa_holland_0020.npy,willa_holland_0059.npy,White_Females
willa_holland,willa_holland_0037.npy,willa_holland_0040.npy,White_Females
willa_holland,willa_holland_0040.npy,willa_holland_0058.npy,White_Females
willa_holland,willa_holland_0020.npy,willa_holland_0037.npy,White_Females
amir_arison,amir_arison_0017.npy,amir_arison_0020.npy,White_Males
amir_arison,amir_arison_0017.npy,amir_arison_0019.npy,White_Males
amir_arison,amir_arison_0014.npy,amir_arison_0036.npy,White_Males
amir_arison,amir_arison_0019.npy,amir_arison_0036.npy,White_Males
amir_arison,amir_arison_0011.npy,amir_arison_0018.npy,White_Males
amir_arison,amir_arison_0019.npy,amir_arison_0020.npy,White_Males
amir_arison,amir_arison_0020.npy,amir_arison_0036.npy,White_Males
amir_arison,amir_arison_0017.npy,amir_arison_0036.npy,White_Males
amir_arison,amir_arison_0012.npy,amir_arison_0036.npy,White_Males
amir_arison,amir_arison_0012.npy,amir_arison_0020.npy,White_Males
anthony_hornus,anthony_hornus_0079.npy,anthony_hornus_0094.npy,White_Males
anthony_hornus,anthony_hornus_0092.npy,anthony_hornus_0094.npy,White_Males
anthony_hornus,anthony_hornus_0003.npy,anthony_hornus_0083.npy,White_Males
anthony_hornus,anthony_hornus_0003.npy,anthony_hornus_0094.npy,White_Males
anthony_hornus,anthony_hornus_0003.npy,anthony_hornus_0092.npy,White_Males
anthony_hornus,anthony_hornus_0003.npy,anthony_hornus_0079.npy,White_Males
anthony_hornus,anthony_hornus_0094.npy,anthony_hornus_0105.npy,White_Males
anthony_hornus,anthony_hornus_0079.npy,anthony_hornus_0105.npy,White_Males
anthony_hornus,anthony_hornus_0083.npy,anthony_hornus_0105.npy,White_Males
anthony_hornus,anthony_hornus_0079.npy,anthony_hornus_0083.npy,White_Males
antonio_sabato_jr,antonio_sabato_jr_0044.npy,antonio_sabato_jr_0066.npy,White_Males
antonio_sabato_jr,antonio_sabato_jr_0016.npy,antonio_sabato_jr_0022.npy,White_Males
antonio_sabato_jr,antonio_sabato_jr_0031.npy,antonio_sabato_jr_0044.npy,White_Males
antonio_sabato_jr,antonio_sabato_jr_0014.npy,antonio_sabato_jr_0056.npy,White_Males
antonio_sabato_jr,antonio_sabato_jr_0002.npy,antonio_sabato_jr_0008.npy,White_Males
antonio_sabato_jr,antonio_sabato_jr_0038.npy,antonio_sabato_jr_0044.npy,White_Males
antonio_sabato_jr,antonio_sabato_jr_0014.npy,antonio_sabato_jr_0044.npy,White_Males
antonio_sabato_jr,antonio_sabato_jr_0016.npy,antonio_sabato_jr_0031.npy,White_Males
antonio_sabato_jr,antonio_sabato_jr_0029.npy,antonio_sabato_jr_0038.npy,White_Males
antonio_sabato_jr,antonio_sabato_jr_0002.npy,antonio_sabato_jr_0038.npy,White_Males
bernie_matthew,bernie_matthew_0017.npy,bernie_matthew_0047.npy,White_Males
bernie_matthew,bernie_matthew_0032.npy,bernie_matthew_0055.npy,White_Males
bernie_matthew,bernie_matthew_0026.npy,bernie_matthew_0047.npy,White_Males
bernie_matthew,bernie_matthew_0026.npy,bernie_matthew_0055.npy,White_Males
bernie_matthew,bernie_matthew_0017.npy,bernie_matthew_0032.npy,White_Males
bernie_matthew,bernie_matthew_0017.npy,bernie_matthew_0055.npy,White_Males
bernie_matthew,bernie_matthew_0017.npy,bernie_matthew_0026.npy,White_Males
bernie_matthew,bernie_matthew_0032.npy,bernie_matthew_0047.npy,White_Males
bernie_matthew,bernie_matthew_0026.npy,bernie_matthew_0032.npy,White_Males
bernie_matthew,bernie_matthew_0047.npy,bernie_matthew_0055.npy,White_Males
billy_crudup,billy_crudup_0128.npy,billy_crudup_0142.npy,White_Males
billy_crudup,billy_crudup_0128.npy,billy_crudup_0132.npy,White_Males
billy_crudup,billy_crudup_0037.npy,billy_crudup_0120.npy,White_Males
billy_crudup,billy_crudup_0115.npy,billy_crudup_0142.npy,White_Males
billy_crudup,billy_crudup_0120.npy,billy_crudup_0142.npy,White_Males
billy_crudup,billy_crudup_0037.npy,billy_crudup_0142.npy,White_Males
billy_crudup,billy_crudup_0100.npy,billy_crudup_0132.npy,White_Males
billy_crudup,billy_crudup_0120.npy,billy_crudup_0132.npy,White_Males
billy_crudup,billy_crudup_0037.npy,billy_crudup_0128.npy,White_Males
billy_crudup,billy_crudup_0132.npy,billy_crudup_0142.npy,White_Males
cameron_crowe,cameron_crowe_0022.npy,cameron_crowe_0047.npy,White_Males
chad_rook,chad_rook_0019.npy,chad_rook_0051.npy,White_Males
chad_rook,chad_rook_0040.npy,chad_rook_0051.npy,White_Males
chad_rook,chad_rook_0029.npy,chad_rook_0062.npy,White_Males
chad_rook,chad_rook_0029.npy,chad_rook_0040.npy,White_Males
chad_rook,chad_rook_0002.npy,chad_rook_0040.npy,White_Males
chad_rook,chad_rook_0002.npy,chad_rook_0051.npy,White_Males
chad_rook,chad_rook_0040.npy,chad_rook_0062.npy,White_Males
chad_rook,chad_rook_0019.npy,chad_rook_0062.npy,White_Males
chad_rook,chad_rook_0051.npy,chad_rook_0062.npy,White_Males
chad_rook,chad_rook_0002.npy,chad_rook_0029.npy,White_Males
chris_colfer,chris_colfer_0125.npy,chris_colfer_0201.npy,White_Males
chris_colfer,chris_colfer_0130.npy,chris_colfer_0203.npy,White_Males
chris_colfer,chris_colfer_0150.npy,chris_colfer_0201.npy,White_Males
chris_colfer,chris_colfer_0114.npy,chris_colfer_0190.npy,White_Males
chris_colfer,chris_colfer_0038.npy,chris_colfer_0130.npy,White_Males
chris_colfer,chris_colfer_0039.npy,chris_colfer_0150.npy,White_Males
chris_colfer,chris_colfer_0042.npy,chris_colfer_0190.npy,White_Males
chris_colfer,chris_colfer_0038.npy,chris_colfer_0125.npy,White_Males
chris_colfer,chris_colfer_0039.npy,chris_colfer_0203.npy,White_Males
chris_colfer,chris_colfer_0150.npy,chris_colfer_0190.npy,White_Males
chris_harrison,chris_harrison_0004.npy,chris_harrison_0021.npy,White_Males
chris_harrison,chris_harrison_0010.npy,chris_harrison_0020.npy,White_Males
chris_harrison,chris_harrison_0008.npy,chris_harrison_0010.npy,White_Males
chris_harrison,chris_harrison_0006.npy,chris_harrison_0008.npy,White_Males
chris_harrison,chris_harrison_0008.npy,chris_harrison_0021.npy,White_Males
chris_harrison,chris_harrison_0019.npy,chris_harrison_0020.npy,White_Males
chris_harrison,chris_harrison_0010.npy,chris_harrison_0021.npy,White_Males
chris_harrison,chris_harrison_0011.npy,chris_harrison_0021.npy,White_Males
chris_harrison,chris_harrison_0004.npy,chris_harrison_0016.npy,White_Males
chris_harrison,chris_harrison_0008.npy,chris_harrison_0019.npy,White_Males
christopher_stadulis,christopher_stadulis_0022.npy,christopher_stadulis_0055.npy,White_Males
christopher_stadulis,christopher_stadulis_0022.npy,christopher_stadulis_0030.npy,White_Males
christopher_stadulis,christopher_stadulis_0029.npy,christopher_stadulis_0030.npy,White_Males
christopher_stadulis,christopher_stadulis_0014.npy,christopher_stadulis_0022.npy,White_Males
christopher_stadulis,christopher_stadulis_0029.npy,christopher_stadulis_0063.npy,White_Males
christopher_stadulis,christopher_stadulis_0055.npy,christopher_stadulis_0063.npy,White_Males
christopher_stadulis,christopher_stadulis_0030.npy,christopher_stadulis_0044.npy,White_Males
christopher_stadulis,christopher_stadulis_0030.npy,christopher_stadulis_0063.npy,White_Males
christopher_stadulis,christopher_stadulis_0022.npy,christopher_stadulis_0044.npy,White_Males
christopher_stadulis,christopher_stadulis_0044.npy,christopher_stadulis_0063.npy,White_Males
clifton_collins_jr,clifton_collins_jr_0093.npy,clifton_collins_jr_0188.npy,White_Males
clifton_collins_jr,clifton_collins_jr_0010.npy,clifton_collins_jr_0182.npy,White_Males
clifton_collins_jr,clifton_collins_jr_0010.npy,clifton_collins_jr_0188.npy,White_Males
clifton_collins_jr,clifton_collins_jr_0010.npy,clifton_collins_jr_0093.npy,White_Males
clifton_collins_jr,clifton_collins_jr_0055.npy,clifton_collins_jr_0093.npy,White_Males
clifton_collins_jr,clifton_collins_jr_0182.npy,clifton_collins_jr_0188.npy,White_Males
clifton_collins_jr,clifton_collins_jr_0055.npy,clifton_collins_jr_0188.npy,White_Males
clifton_collins_jr,clifton_collins_jr_0055.npy,clifton_collins_jr_0182.npy,White_Males
clifton_collins_jr,clifton_collins_jr_0010.npy,clifton_collins_jr_0055.npy,White_Males
clifton_collins_jr,clifton_collins_jr_0010.npy,clifton_collins_jr_0116.npy,White_Males
colin_ferguson,colin_ferguson_0020.npy,colin_ferguson_0050.npy,White_Males
colin_ferguson,colin_ferguson_0001.npy,colin_ferguson_0020.npy,White_Males
colin_ferguson,colin_ferguson_0077.npy,colin_ferguson_0094.npy,White_Males
colin_ferguson,colin_ferguson_0020.npy,colin_ferguson_0094.npy,White_Males
colin_ferguson,colin_ferguson_0028.npy,colin_ferguson_0077.npy,White_Males
colin_ferguson,colin_ferguson_0020.npy,colin_ferguson_0028.npy,White_Males
colin_ferguson,colin_ferguson_0001.npy,colin_ferguson_0094.npy,White_Males
colin_ferguson,colin_ferguson_0017.npy,colin_ferguson_0094.npy,White_Males
colin_ferguson,colin_ferguson_0001.npy,colin_ferguson_0017.npy,White_Males
colin_ferguson,colin_ferguson_0017.npy,colin_ferguson_0077.npy,White_Males
damian_lewis,damian_lewis_0084.npy,damian_lewis_0155.npy,White_Males
damian_lewis,damian_lewis_0060.npy,damian_lewis_0155.npy,White_Males
damian_lewis,damian_lewis_0060.npy,damian_lewis_0117.npy,White_Males
damian_lewis,damian_lewis_0084.npy,damian_lewis_0117.npy,White_Males
damian_lewis,damian_lewis_0117.npy,damian_lewis_0155.npy,White_Males
damian_lewis,damian_lewis_0060.npy,damian_lewis_0084.npy,White_Males
damian_lewis,damian_lewis_0067.npy,damian_lewis_0084.npy,White_Males
damian_lewis,damian_lewis_0060.npy,damian_lewis_0067.npy,White_Males
damian_lewis,damian_lewis_0067.npy,damian_lewis_0155.npy,White_Males
damian_lewis,damian_lewis_0067.npy,damian_lewis_0117.npy,White_Males
danny_devito,danny_devito_0147.npy,danny_devito_0162.npy,White_Males
danny_devito,danny_devito_0147.npy,danny_devito_0245.npy,White_Males
danny_devito,danny_devito_0022.npy,danny_devito_0147.npy,White_Males
danny_devito,danny_devito_0022.npy,danny_devito_0164.npy,White_Males
danny_devito,danny_devito_0022.npy,danny_devito_0162.npy,White_Males
danny_devito,danny_devito_0162.npy,danny_devito_0245.npy,White_Males
danny_devito,danny_devito_0162.npy,danny_devito_0164.npy,White_Males
danny_devito,danny_devito_0022.npy,danny_devito_0245.npy,White_Males
danny_devito,danny_devito_0147.npy,danny_devito_0164.npy,White_Males
danny_devito,danny_devito_0164.npy,danny_devito_0245.npy,White_Males
danny_huston,danny_huston_0004.npy,danny_huston_0026.npy,White_Males
danny_huston,danny_huston_0026.npy,danny_huston_0039.npy,White_Males
danny_huston,danny_huston_0026.npy,danny_huston_0072.npy,White_Males
danny_huston,danny_huston_0025.npy,danny_huston_0072.npy,White_Males
danny_huston,danny_huston_0025.npy,danny_huston_0076.npy,White_Males
danny_huston,danny_huston_0025.npy,danny_huston_0039.npy,White_Males
danny_huston,danny_huston_0004.npy,danny_huston_0039.npy,White_Males
danny_huston,danny_huston_0025.npy,danny_huston_0026.npy,White_Males
danny_huston,danny_huston_0076.npy,danny_huston_0088.npy,White_Males
danny_huston,danny_huston_0072.npy,danny_huston_0088.npy,White_Males
darian_weiss,darian_weiss_0012.npy,darian_weiss_0033.npy,White_Males
darian_weiss,darian_weiss_0012.npy,darian_weiss_0013.npy,White_Males
darian_weiss,darian_weiss_0013.npy,darian_weiss_0033.npy,White_Males
david_cronenberg,david_cronenberg_0020.npy,david_cronenberg_0047.npy,White_Males
david_cronenberg,david_cronenberg_0021.npy,david_cronenberg_0026.npy,White_Males
david_cronenberg,david_cronenberg_0020.npy,david_cronenberg_0021.npy,White_Males
david_cronenberg,david_cronenberg_0026.npy,david_cronenberg_0047.npy,White_Males
david_cronenberg,david_cronenberg_0020.npy,david_cronenberg_0026.npy,White_Males
david_cronenberg,david_cronenberg_0021.npy,david_cronenberg_0047.npy,White_Males
david_henrie,david_henrie_0011.npy,david_henrie_0018.npy,White_Males
david_henrie,david_henrie_0003.npy,david_henrie_0010.npy,White_Males
david_henrie,david_henrie_0010.npy,david_henrie_0074.npy,White_Males
david_henrie,david_henrie_0018.npy,david_henrie_0078.npy,White_Males
david_henrie,david_henrie_0014.npy,david_henrie_0031.npy,White_Males
david_henrie,david_henrie_0010.npy,david_henrie_0055.npy,White_Males
david_henrie,david_henrie_0014.npy,david_henrie_0034.npy,White_Males
david_henrie,david_henrie_0014.npy,david_henrie_0055.npy,White_Males
david_henrie,david_henrie_0018.npy,david_henrie_0022.npy,White_Males
david_henrie,david_henrie_0031.npy,david_henrie_0051.npy,White_Males
david_pryor,david_pryor_0003.npy,david_pryor_0042.npy,White_Males
david_pryor,david_pryor_0006.npy,david_pryor_0042.npy,White_Males
david_pryor,david_pryor_0003.npy,david_pryor_0008.npy,White_Males
david_pryor,david_pryor_0010.npy,david_pryor_0060.npy,White_Males
david_pryor,david_pryor_0006.npy,david_pryor_0060.npy,White_Males
david_pryor,david_pryor_0010.npy,david_pryor_0079.npy,White_Males
david_pryor,david_pryor_0010.npy,david_pryor_0042.npy,White_Males
david_pryor,david_pryor_0008.npy,david_pryor_0079.npy,White_Males
david_pryor,david_pryor_0025.npy,david_pryor_0042.npy,White_Males
david_pryor,david_pryor_0060.npy,david_pryor_0079.npy,White_Males
david_strathairn,david_strathairn_0065.npy,david_strathairn_0083.npy,White_Males
david_strathairn,david_strathairn_0065.npy,david_strathairn_0102.npy,White_Males
david_strathairn,david_strathairn_0070.npy,david_strathairn_0083.npy,White_Males
david_strathairn,david_strathairn_0062.npy,david_strathairn_0083.npy,White_Males
david_strathairn,david_strathairn_0069.npy,david_strathairn_0083.npy,White_Males
david_strathairn,david_strathairn_0062.npy,david_strathairn_0069.npy,White_Males
david_strathairn,david_strathairn_0075.npy,david_strathairn_0083.npy,White_Males
david_strathairn,david_strathairn_0062.npy,david_strathairn_0102.npy,White_Males
david_strathairn,david_strathairn_0070.npy,david_strathairn_0102.npy,White_Males
david_strathairn,david_strathairn_0075.npy,david_strathairn_0102.npy,White_Males
david_tennant,david_tennant_0071.npy,david_tennant_0083.npy,White_Males
david_tennant,david_tennant_0033.npy,david_tennant_0076.npy,White_Males
david_tennant,david_tennant_0033.npy,david_tennant_0065.npy,White_Males
david_tennant,david_tennant_0028.npy,david_tennant_0083.npy,White_Males
david_tennant,david_tennant_0020.npy,david_tennant_0039.npy,White_Males
david_tennant,david_tennant_0020.npy,david_tennant_0065.npy,White_Males
david_tennant,david_tennant_0036.npy,david_tennant_0076.npy,White_Males
david_tennant,david_tennant_0033.npy,david_tennant_0039.npy,White_Males
david_tennant,david_tennant_0039.npy,david_tennant_0071.npy,White_Males
david_tennant,david_tennant_0065.npy,david_tennant_0071.npy,White_Males
dean_cain,dean_cain_0046.npy,dean_cain_0083.npy,White_Males
dean_cain,dean_cain_0043.npy,dean_cain_0083.npy,White_Males
dean_cain,dean_cain_0076.npy,dean_cain_0083.npy,White_Males
dean_cain,dean_cain_0007.npy,dean_cain_0043.npy,White_Males
dean_cain,dean_cain_0032.npy,dean_cain_0046.npy,White_Males
dean_cain,dean_cain_0043.npy,dean_cain_0048.npy,White_Males
dean_cain,dean_cain_0048.npy,dean_cain_0083.npy,White_Males
dean_cain,dean_cain_0025.npy,dean_cain_0083.npy,White_Males
dean_cain,dean_cain_0025.npy,dean_cain_0046.npy,White_Males
dean_cain,dean_cain_0048.npy,dean_cain_0076.npy,White_Males
dolph_lundgren,dolph_lundgren_0015.npy,dolph_lundgren_0064.npy,White_Males
dolph_lundgren,dolph_lundgren_0033.npy,dolph_lundgren_0064.npy,White_Males
dolph_lundgren,dolph_lundgren_0033.npy,dolph_lundgren_0062.npy,White_Males
dolph_lundgren,dolph_lundgren_0064.npy,dolph_lundgren_0074.npy,White_Males
dolph_lundgren,dolph_lundgren_0062.npy,dolph_lundgren_0074.npy,White_Males
dolph_lundgren,dolph_lundgren_0033.npy,dolph_lundgren_0074.npy,White_Males
dolph_lundgren,dolph_lundgren_0015.npy,dolph_lundgren_0033.npy,White_Males
dolph_lundgren,dolph_lundgren_0062.npy,dolph_lundgren_0064.npy,White_Males
dolph_lundgren,dolph_lundgren_0015.npy,dolph_lundgren_0074.npy,White_Males
dolph_lundgren,dolph_lundgren_0015.npy,dolph_lundgren_0062.npy,White_Males
dominic_cooper,dominic_cooper_0048.npy,dominic_cooper_0091.npy,White_Males
dominic_cooper,dominic_cooper_0001.npy,dominic_cooper_0062.npy,White_Males
dominic_cooper,dominic_cooper_0048.npy,dominic_cooper_0130.npy,White_Males
dominic_cooper,dominic_cooper_0088.npy,dominic_cooper_0120.npy,White_Males
dominic_cooper,dominic_cooper_0048.npy,dominic_cooper_0120.npy,White_Males
dominic_cooper,dominic_cooper_0120.npy,dominic_cooper_0130.npy,White_Males
dominic_cooper,dominic_cooper_0028.npy,dominic_cooper_0043.npy,White_Males
dominic_cooper,dominic_cooper_0043.npy,dominic_cooper_0062.npy,White_Males
dominic_cooper,dominic_cooper_0001.npy,dominic_cooper_0048.npy,White_Males
dominic_cooper,dominic_cooper_0024.npy,dominic_cooper_0043.npy,White_Males
donal_logue,donal_logue_0001.npy,donal_logue_0023.npy,White_Males
donal_logue,donal_logue_0028.npy,donal_logue_0062.npy,White_Males
donal_logue,donal_logue_0001.npy,donal_logue_0062.npy,White_Males
donal_logue,donal_logue_0023.npy,donal_logue_0062.npy,White_Males
donal_logue,donal_logue_0001.npy,donal_logue_0028.npy,White_Males
donal_logue,donal_logue_0023.npy,donal_logue_0028.npy,White_Males
dylan_mcdermott,dylan_mcdermott_0111.npy,dylan_mcdermott_0137.npy,White_Males
dylan_mcdermott,dylan_mcdermott_0055.npy,dylan_mcdermott_0137.npy,White_Males
dylan_mcdermott,dylan_mcdermott_0055.npy,dylan_mcdermott_0083.npy,White_Males
dylan_mcdermott,dylan_mcdermott_0055.npy,dylan_mcdermott_0169.npy,White_Males
dylan_mcdermott,dylan_mcdermott_0083.npy,dylan_mcdermott_0169.npy,White_Males
dylan_mcdermott,dylan_mcdermott_0083.npy,dylan_mcdermott_0137.npy,White_Males
dylan_mcdermott,dylan_mcdermott_0035.npy,dylan_mcdermott_0083.npy,White_Males
dylan_mcdermott,dylan_mcdermott_0083.npy,dylan_mcdermott_0111.npy,White_Males
dylan_mcdermott,dylan_mcdermott_0083.npy,dylan_mcdermott_0155.npy,White_Males
dylan_mcdermott,dylan_mcdermott_0137.npy,dylan_mcdermott_0155.npy,White_Males
dylan_minnette,dylan_minnette_0080.npy,dylan_minnette_0193.npy,White_Males
eddie_cibrian,eddie_cibrian_0001.npy,eddie_cibrian_0053.npy,White_Males
eddie_cibrian,eddie_cibrian_0007.npy,eddie_cibrian_0014.npy,White_Males
eddie_cibrian,eddie_cibrian_0019.npy,eddie_cibrian_0028.npy,White_Males
eddie_cibrian,eddie_cibrian_0014.npy,eddie_cibrian_0053.npy,White_Males
eddie_cibrian,eddie_cibrian_0001.npy,eddie_cibrian_0007.npy,White_Males
eddie_cibrian,eddie_cibrian_0014.npy,eddie_cibrian_0019.npy,White_Males
eddie_cibrian,eddie_cibrian_0007.npy,eddie_cibrian_0051.npy,White_Males
eddie_cibrian,eddie_cibrian_0005.npy,eddie_cibrian_0007.npy,White_Males
eddie_cibrian,eddie_cibrian_0019.npy,eddie_cibrian_0051.npy,White_Males
eddie_cibrian,eddie_cibrian_0019.npy,eddie_cibrian_0053.npy,White_Males
edoardo_purgatori,edoardo_purgatori_0007.npy,edoardo_purgatori_0055.npy,White_Males
edoardo_purgatori,edoardo_purgatori_0007.npy,edoardo_purgatori_0037.npy,White_Males
edoardo_purgatori,edoardo_purgatori_0013.npy,edoardo_purgatori_0055.npy,White_Males
edoardo_purgatori,edoardo_purgatori_0052.npy,edoardo_purgatori_0055.npy,White_Males
edoardo_purgatori,edoardo_purgatori_0037.npy,edoardo_purgatori_0055.npy,White_Males
edoardo_purgatori,edoardo_purgatori_0013.npy,edoardo_purgatori_0037.npy,White_Males
edoardo_purgatori,edoardo_purgatori_0013.npy,edoardo_purgatori_0052.npy,White_Males
edoardo_purgatori,edoardo_purgatori_0007.npy,edoardo_purgatori_0052.npy,White_Males
edoardo_purgatori,edoardo_purgatori_0007.npy,edoardo_purgatori_0013.npy,White_Males
edoardo_purgatori,edoardo_purgatori_0037.npy,edoardo_purgatori_0052.npy,White_Males
eric_stonestreet,eric_stonestreet_0025.npy,eric_stonestreet_0223.npy,White_Males
eric_stonestreet,eric_stonestreet_0025.npy,eric_stonestreet_0128.npy,White_Males
eric_stonestreet,eric_stonestreet_0183.npy,eric_stonestreet_0223.npy,White_Males
eric_stonestreet,eric_stonestreet_0128.npy,eric_stonestreet_0183.npy,White_Males
eric_stonestreet,eric_stonestreet_0025.npy,eric_stonestreet_0183.npy,White_Males
eric_stonestreet,eric_stonestreet_0128.npy,eric_stonestreet_0223.npy,White_Males
federico_dordei,federico_dordei_0036.npy,federico_dordei_0081.npy,White_Males
federico_dordei,federico_dordei_0032.npy,federico_dordei_0063.npy,White_Males
federico_dordei,federico_dordei_0036.npy,federico_dordei_0063.npy,White_Males
federico_dordei,federico_dordei_0032.npy,federico_dordei_0081.npy,White_Males
federico_dordei,federico_dordei_0020.npy,federico_dordei_0036.npy,White_Males
federico_dordei,federico_dordei_0036.npy,federico_dordei_0082.npy,White_Males
federico_dordei,federico_dordei_0013.npy,federico_dordei_0030.npy,White_Males
federico_dordei,federico_dordei_0076.npy,federico_dordei_0081.npy,White_Males
federico_dordei,federico_dordei_0063.npy,federico_dordei_0081.npy,White_Males
federico_dordei,federico_dordei_0079.npy,federico_dordei_0082.npy,White_Males
gulshan_grover,gulshan_grover_0003.npy,gulshan_grover_0016.npy,White_Males
gulshan_grover,gulshan_grover_0007.npy,gulshan_grover_0011.npy,White_Males
gulshan_grover,gulshan_grover_0003.npy,gulshan_grover_0011.npy,White_Males
gulshan_grover,gulshan_grover_0031.npy,gulshan_grover_0054.npy,White_Males
gulshan_grover,gulshan_grover_0044.npy,gulshan_grover_0054.npy,White_Males
gulshan_grover,gulshan_grover_0016.npy,gulshan_grover_0035.npy,White_Males
gulshan_grover,gulshan_grover_0054.npy,gulshan_grover_0055.npy,White_Males
gulshan_grover,gulshan_grover_0010.npy,gulshan_grover_0044.npy,White_Males
gulshan_grover,gulshan_grover_0044.npy,gulshan_grover_0048.npy,White_Males
gulshan_grover,gulshan_grover_0031.npy,gulshan_grover_0048.npy,White_Males
howie_mandel,howie_mandel_0072.npy,howie_mandel_0074.npy,White_Males
howie_mandel,howie_mandel_0061.npy,howie_mandel_0074.npy,White_Males
howie_mandel,howie_mandel_0018.npy,howie_mandel_0079.npy,White_Males
howie_mandel,howie_mandel_0033.npy,howie_mandel_0079.npy,White_Males
howie_mandel,howie_mandel_0018.npy,howie_mandel_0057.npy,White_Males
howie_mandel,howie_mandel_0057.npy,howie_mandel_0072.npy,White_Males
howie_mandel,howie_mandel_0057.npy,howie_mandel_0074.npy,White_Males
howie_mandel,howie_mandel_0033.npy,howie_mandel_0057.npy,White_Males
howie_mandel,howie_mandel_0062.npy,howie_mandel_0074.npy,White_Males
howie_mandel,howie_mandel_0018.npy,howie_mandel_0072.npy,White_Males
hugo_becker,hugo_becker_0010.npy,hugo_becker_0017.npy,White_Males
hugo_becker,hugo_becker_0005.npy,hugo_becker_0010.npy,White_Males
hugo_becker,hugo_becker_0005.npy,hugo_becker_0052.npy,White_Males
hugo_becker,hugo_becker_0017.npy,hugo_becker_0052.npy,White_Males
hugo_becker,hugo_becker_0005.npy,hugo_becker_0017.npy,White_Males
hugo_becker,hugo_becker_0010.npy,hugo_becker_0052.npy,White_Males
iain_glen,iain_glen_0029.npy,iain_glen_0035.npy,White_Males
iain_glen,iain_glen_0018.npy,iain_glen_0053.npy,White_Males
iain_glen,iain_glen_0029.npy,iain_glen_0053.npy,White_Males
iain_glen,iain_glen_0018.npy,iain_glen_0062.npy,White_Males
iain_glen,iain_glen_0053.npy,iain_glen_0062.npy,White_Males
iain_glen,iain_glen_0035.npy,iain_glen_0062.npy,White_Males
iain_glen,iain_glen_0018.npy,iain_glen_0029.npy,White_Males
iain_glen,iain_glen_0018.npy,iain_glen_0035.npy,White_Males
iain_glen,iain_glen_0035.npy,iain_glen_0053.npy,White_Males
iain_glen,iain_glen_0029.npy,iain_glen_0062.npy,White_Males
james_mcavoy,james_mcavoy_0012.npy,james_mcavoy_0054.npy,White_Males
james_mcavoy,james_mcavoy_0022.npy,james_mcavoy_0078.npy,White_Males
james_mcavoy,james_mcavoy_0012.npy,james_mcavoy_0099.npy,White_Males
james_mcavoy,james_mcavoy_0012.npy,james_mcavoy_0128.npy,White_Males
james_mcavoy,james_mcavoy_0012.npy,james_mcavoy_0022.npy,White_Males
james_mcavoy,james_mcavoy_0099.npy,james_mcavoy_0128.npy,White_Males
james_mcavoy,james_mcavoy_0054.npy,james_mcavoy_0099.npy,White_Males
james_mcavoy,james_mcavoy_0078.npy,james_mcavoy_0099.npy,White_Males
james_mcavoy,james_mcavoy_0078.npy,james_mcavoy_0128.npy,White_Males
james_mcavoy,james_mcavoy_0022.npy,james_mcavoy_0128.npy,White_Males
james_van_der_beek,james_van_der_beek_0002.npy,james_van_der_beek_0121.npy,White_Males
james_van_der_beek,james_van_der_beek_0002.npy,james_van_der_beek_0114.npy,White_Males
james_van_der_beek,james_van_der_beek_0002.npy,james_van_der_beek_0096.npy,White_Males
james_van_der_beek,james_van_der_beek_0096.npy,james_van_der_beek_0114.npy,White_Males
james_van_der_beek,james_van_der_beek_0017.npy,james_van_der_beek_0114.npy,White_Males
james_van_der_beek,james_van_der_beek_0017.npy,james_van_der_beek_0121.npy,White_Males
james_van_der_beek,james_van_der_beek_0114.npy,james_van_der_beek_0117.npy,White_Males
james_van_der_beek,james_van_der_beek_0027.npy,james_van_der_beek_0117.npy,White_Males
james_van_der_beek,james_van_der_beek_0114.npy,james_van_der_beek_0121.npy,White_Males
james_van_der_beek,james_van_der_beek_0002.npy,james_van_der_beek_0017.npy,White_Males
jason_behr,jason_behr_0009.npy,jason_behr_0015.npy,White_Males
jason_behr,jason_behr_0038.npy,jason_behr_0050.npy,White_Males
jason_behr,jason_behr_0011.npy,jason_behr_0015.npy,White_Males
jason_behr,jason_behr_0011.npy,jason_behr_0050.npy,White_Males
jason_behr,jason_behr_0015.npy,jason_behr_0032.npy,White_Males
jason_behr,jason_behr_0015.npy,jason_behr_0050.npy,White_Males
jason_behr,jason_behr_0011.npy,jason_behr_0038.npy,White_Males
jason_behr,jason_behr_0031.npy,jason_behr_0038.npy,White_Males
jason_behr,jason_behr_0038.npy,jason_behr_0049.npy,White_Males
jason_behr,jason_behr_0011.npy,jason_behr_0031.npy,White_Males
jason_patric,jason_patric_0019.npy,jason_patric_0040.npy,White_Males
jason_patric,jason_patric_0029.npy,jason_patric_0040.npy,White_Males
jason_patric,jason_patric_0019.npy,jason_patric_0070.npy,White_Males
jason_patric,jason_patric_0009.npy,jason_patric_0019.npy,White_Males
jason_patric,jason_patric_0019.npy,jason_patric_0029.npy,White_Males
jason_patric,jason_patric_0009.npy,jason_patric_0029.npy,White_Males
jason_patric,jason_patric_0009.npy,jason_patric_0040.npy,White_Males
jason_patric,jason_patric_0040.npy,jason_patric_0070.npy,White_Males
jason_patric,jason_patric_0009.npy,jason_patric_0070.npy,White_Males
jason_patric,jason_patric_0029.npy,jason_patric_0070.npy,White_Males
jeremy_renner,jeremy_renner_0101.npy,jeremy_renner_0111.npy,White_Males
jeremy_renner,jeremy_renner_0111.npy,jeremy_renner_0201.npy,White_Males
jeremy_renner,jeremy_renner_0166.npy,jeremy_renner_0201.npy,White_Males
jeremy_renner,jeremy_renner_0320.npy,jeremy_renner_0332.npy,White_Males
jeremy_renner,jeremy_renner_0166.npy,jeremy_renner_0341.npy,White_Males
jeremy_renner,jeremy_renner_0024.npy,jeremy_renner_0118.npy,White_Males
jeremy_renner,jeremy_renner_0024.npy,jeremy_renner_0111.npy,White_Males
jeremy_renner,jeremy_renner_0166.npy,jeremy_renner_0319.npy,White_Males
jeremy_renner,jeremy_renner_0024.npy,jeremy_renner_0055.npy,White_Males
jeremy_renner,jeremy_renner_0166.npy,jeremy_renner_0332.npy,White_Males
john_carroll_lynch,john_carroll_lynch_0005.npy,john_carroll_lynch_0025.npy,White_Males
john_carroll_lynch,john_carroll_lynch_0025.npy,john_carroll_lynch_0037.npy,White_Males
john_carroll_lynch,john_carroll_lynch_0005.npy,john_carroll_lynch_0037.npy,White_Males
john_carroll_lynch,john_carroll_lynch_0005.npy,john_carroll_lynch_0023.npy,White_Males
john_carroll_lynch,john_carroll_lynch_0023.npy,john_carroll_lynch_0037.npy,White_Males
john_carroll_lynch,john_carroll_lynch_0023.npy,john_carroll_lynch_0025.npy,White_Males
john_francis_daley,john_francis_daley_0011.npy,john_francis_daley_0059.npy,White_Males
john_francis_daley,john_francis_daley_0011.npy,john_francis_daley_0061.npy,White_Males
john_francis_daley,john_francis_daley_0016.npy,john_francis_daley_0030.npy,White_Males
john_francis_daley,john_francis_daley_0013.npy,john_francis_daley_0059.npy,White_Males
john_francis_daley,john_francis_daley_0016.npy,john_francis_daley_0063.npy,White_Males
john_francis_daley,john_francis_daley_0041.npy,john_francis_daley_0059.npy,White_Males
john_francis_daley,john_francis_daley_0013.npy,john_francis_daley_0016.npy,White_Males
john_francis_daley,john_francis_daley_0023.npy,john_francis_daley_0063.npy,White_Males
john_francis_daley,john_francis_daley_0023.npy,john_francis_daley_0030.npy,White_Males
john_francis_daley,john_francis_daley_0030.npy,john_francis_daley_0041.npy,White_Males
jon_cryer,jon_cryer_0006.npy,jon_cryer_0021.npy,White_Males
jon_cryer,jon_cryer_0002.npy,jon_cryer_0006.npy,White_Males
jon_cryer,jon_cryer_0002.npy,jon_cryer_0180.npy,White_Males
jon_cryer,jon_cryer_0009.npy,jon_cryer_0027.npy,White_Males
jon_cryer,jon_cryer_0007.npy,jon_cryer_0180.npy,White_Males
jon_cryer,jon_cryer_0007.npy,jon_cryer_0063.npy,White_Males
jon_cryer,jon_cryer_0016.npy,jon_cryer_0180.npy,White_Males
jon_cryer,jon_cryer_0021.npy,jon_cryer_0180.npy,White_Males
jon_cryer,jon_cryer_0007.npy,jon_cryer_0016.npy,White_Males
jon_cryer,jon_cryer_0002.npy,jon_cryer_0063.npy,White_Males
joseph_lawrence,joseph_lawrence_0010.npy,joseph_lawrence_0016.npy,White_Males
joseph_lawrence,joseph_lawrence_0005.npy,joseph_lawrence_0035.npy,White_Males
joseph_lawrence,joseph_lawrence_0051.npy,joseph_lawrence_0066.npy,White_Males
joseph_lawrence,joseph_lawrence_0017.npy,joseph_lawrence_0066.npy,White_Males
joseph_lawrence,joseph_lawrence_0005.npy,joseph_lawrence_0066.npy,White_Males
joseph_lawrence,joseph_lawrence_0021.npy,joseph_lawrence_0066.npy,White_Males
joseph_lawrence,joseph_lawrence_0005.npy,joseph_lawrence_0021.npy,White_Males
joseph_lawrence,joseph_lawrence_0016.npy,joseph_lawrence_0066.npy,White_Males
joseph_lawrence,joseph_lawrence_0016.npy,joseph_lawrence_0017.npy,White_Males
joseph_lawrence,joseph_lawrence_0016.npy,joseph_lawrence_0021.npy,White_Males
josh_cooke,josh_cooke_0013.npy,josh_cooke_0038.npy,White_Males
josh_cooke,josh_cooke_0038.npy,josh_cooke_0064.npy,White_Males
josh_cooke,josh_cooke_0016.npy,josh_cooke_0044.npy,White_Males
josh_cooke,josh_cooke_0016.npy,josh_cooke_0019.npy,White_Males
josh_cooke,josh_cooke_0016.npy,josh_cooke_0038.npy,White_Males
josh_cooke,josh_cooke_0044.npy,josh_cooke_0064.npy,White_Males
josh_cooke,josh_cooke_0007.npy,josh_cooke_0038.npy,White_Males
josh_cooke,josh_cooke_0007.npy,josh_cooke_0064.npy,White_Males
josh_cooke,josh_cooke_0020.npy,josh_cooke_0038.npy,White_Males
josh_cooke,josh_cooke_0013.npy,josh_cooke_0064.npy,White_Males
josh_hartnett,josh_hartnett_0036.npy,josh_hartnett_0063.npy,White_Males
josh_hartnett,josh_hartnett_0036.npy,josh_hartnett_0056.npy,White_Males
josh_hartnett,josh_hartnett_0019.npy,josh_hartnett_0063.npy,White_Males
josh_hartnett,josh_hartnett_0084.npy,josh_hartnett_0144.npy,White_Males
josh_hartnett,josh_hartnett_0036.npy,josh_hartnett_0102.npy,White_Males
josh_hartnett,josh_hartnett_0007.npy,josh_hartnett_0036.npy,White_Males
josh_hartnett,josh_hartnett_0036.npy,josh_hartnett_0144.npy,White_Males
josh_hartnett,josh_hartnett_0019.npy,josh_hartnett_0102.npy,White_Males
josh_hartnett,josh_hartnett_0007.npy,josh_hartnett_0084.npy,White_Males
josh_hartnett,josh_hartnett_0007.npy,josh_hartnett_0056.npy,White_Males
josh_holloway,josh_holloway_0036.npy,josh_holloway_0081.npy,White_Males
josh_holloway,josh_holloway_0011.npy,josh_holloway_0081.npy,White_Males
josh_holloway,josh_holloway_0036.npy,josh_holloway_0072.npy,White_Males
josh_holloway,josh_holloway_0007.npy,josh_holloway_0079.npy,White_Males
josh_holloway,josh_holloway_0056.npy,josh_holloway_0081.npy,White_Males
josh_holloway,josh_holloway_0007.npy,josh_holloway_0011.npy,White_Males
josh_holloway,josh_holloway_0036.npy,josh_holloway_0056.npy,White_Males
josh_holloway,josh_holloway_0007.npy,josh_holloway_0081.npy,White_Males
josh_holloway,josh_holloway_0036.npy,josh_holloway_0099.npy,White_Males
josh_holloway,josh_holloway_0007.npy,josh_holloway_0099.npy,White_Males
judge_reinhold,judge_reinhold_0012.npy,judge_reinhold_0053.npy,White_Males
judge_reinhold,judge_reinhold_0012.npy,judge_reinhold_0022.npy,White_Males
judge_reinhold,judge_reinhold_0053.npy,judge_reinhold_0058.npy,White_Males
judge_reinhold,judge_reinhold_0058.npy,judge_reinhold_0062.npy,White_Males
judge_reinhold,judge_reinhold_0022.npy,judge_reinhold_0058.npy,White_Males
judge_reinhold,judge_reinhold_0022.npy,judge_reinhold_0053.npy,White_Males
judge_reinhold,judge_reinhold_0012.npy,judge_reinhold_0058.npy,White_Males
judge_reinhold,judge_reinhold_0053.npy,judge_reinhold_0062.npy,White_Males
judge_reinhold,judge_reinhold_0022.npy,judge_reinhold_0062.npy,White_Males
judge_reinhold,judge_reinhold_0012.npy,judge_reinhold_0062.npy,White_Males
larry_laverty,larry_laverty_0004.npy,larry_laverty_0067.npy,White_Males
louis_ck,louis_ck_0038.npy,louis_ck_0047.npy,White_Males
louis_ck,louis_ck_0006.npy,louis_ck_0038.npy,White_Males
louis_ck,louis_ck_0001.npy,louis_ck_0047.npy,White_Males
louis_ck,louis_ck_0001.npy,louis_ck_0038.npy,White_Males
louis_ck,louis_ck_0006.npy,louis_ck_0047.npy,White_Males
louis_ck,louis_ck_0001.npy,louis_ck_0006.npy,White_Males
luke_wilson,luke_wilson_0099.npy,luke_wilson_0107.npy,White_Males
luke_wilson,luke_wilson_0056.npy,luke_wilson_0099.npy,White_Males
luke_wilson,luke_wilson_0005.npy,luke_wilson_0046.npy,White_Males
luke_wilson,luke_wilson_0107.npy,luke_wilson_0171.npy,White_Males
luke_wilson,luke_wilson_0056.npy,luke_wilson_0107.npy,White_Males
luke_wilson,luke_wilson_0046.npy,luke_wilson_0150.npy,White_Males
luke_wilson,luke_wilson_0150.npy,luke_wilson_0171.npy,White_Males
luke_wilson,luke_wilson_0005.npy,luke_wilson_0150.npy,White_Males
luke_wilson,luke_wilson_0046.npy,luke_wilson_0171.npy,White_Males
luke_wilson,luke_wilson_0099.npy,luke_wilson_0150.npy,White_Males
mads_mikkelsen,mads_mikkelsen_0042.npy,mads_mikkelsen_0130.npy,White_Males
mads_mikkelsen,mads_mikkelsen_0012.npy,mads_mikkelsen_0034.npy,White_Males
mads_mikkelsen,mads_mikkelsen_0007.npy,mads_mikkelsen_0130.npy,White_Males
mads_mikkelsen,mads_mikkelsen_0007.npy,mads_mikkelsen_0012.npy,White_Males
mads_mikkelsen,mads_mikkelsen_0004.npy,mads_mikkelsen_0007.npy,White_Males
mads_mikkelsen,mads_mikkelsen_0004.npy,mads_mikkelsen_0012.npy,White_Males
mads_mikkelsen,mads_mikkelsen_0007.npy,mads_mikkelsen_0042.npy,White_Males
mads_mikkelsen,mads_mikkelsen_0004.npy,mads_mikkelsen_0042.npy,White_Males
mads_mikkelsen,mads_mikkelsen_0012.npy,mads_mikkelsen_0130.npy,White_Males
mads_mikkelsen,mads_mikkelsen_0004.npy,mads_mikkelsen_0034.npy,White_Males
manu_bennett,manu_bennett_0065.npy,manu_bennett_0068.npy,White_Males
manu_bennett,manu_bennett_0061.npy,manu_bennett_0068.npy,White_Males
manu_bennett,manu_bennett_0061.npy,manu_bennett_0065.npy,White_Males
mark_salling,mark_salling_0025.npy,mark_salling_0081.npy,White_Males
mark_salling,mark_salling_0025.npy,mark_salling_0099.npy,White_Males
mark_salling,mark_salling_0005.npy,mark_salling_0010.npy,White_Males
mark_salling,mark_salling_0025.npy,mark_salling_0082.npy,White_Males
mark_salling,mark_salling_0081.npy,mark_salling_0099.npy,White_Males
mark_salling,mark_salling_0010.npy,mark_salling_0082.npy,White_Males
mark_salling,mark_salling_0010.npy,mark_salling_0081.npy,White_Males
mark_salling,mark_salling_0005.npy,mark_salling_0082.npy,White_Males
mark_salling,mark_salling_0082.npy,mark_salling_0101.npy,White_Males
mark_salling,mark_salling_0068.npy,mark_salling_0080.npy,White_Males
mark_strong,mark_strong_0035.npy,mark_strong_0036.npy,White_Males
mark_strong,mark_strong_0029.npy,mark_strong_0035.npy,White_Males
mark_strong,mark_strong_0036.npy,mark_strong_0082.npy,White_Males
mark_strong,mark_strong_0082.npy,mark_strong_0083.npy,White_Males
mark_strong,mark_strong_0015.npy,mark_strong_0083.npy,White_Males
mark_strong,mark_strong_0015.npy,mark_strong_0082.npy,White_Males
mark_strong,mark_strong_0005.npy,mark_strong_0029.npy,White_Males
mark_strong,mark_strong_0001.npy,mark_strong_0005.npy,White_Males
mark_strong,mark_strong_0001.npy,mark_strong_0036.npy,White_Males
mark_strong,mark_strong_0029.npy,mark_strong_0055.npy,White_Males
mark_taormino,mark_taormino_0007.npy,mark_taormino_0040.npy,White_Males
mark_taormino,mark_taormino_0024.npy,mark_taormino_0040.npy,White_Males
mark_taormino,mark_taormino_0020.npy,mark_taormino_0043.npy,White_Males
mark_taormino,mark_taormino_0031.npy,mark_taormino_0045.npy,White_Males
mark_taormino,mark_taormino_0024.npy,mark_taormino_0046.npy,White_Males
mark_taormino,mark_taormino_0018.npy,mark_taormino_0024.npy,White_Males
mark_taormino,mark_taormino_0004.npy,mark_taormino_0040.npy,White_Males
mark_taormino,mark_taormino_0041.npy,mark_taormino_0045.npy,White_Males
mark_taormino,mark_taormino_0031.npy,mark_taormino_0040.npy,White_Males
mark_taormino,mark_taormino_0004.npy,mark_taormino_0041.npy,White_Males
max_greenfield,max_greenfield_0017.npy,max_greenfield_0203.npy,White_Males
max_greenfield,max_greenfield_0157.npy,max_greenfield_0196.npy,White_Males
max_greenfield,max_greenfield_0196.npy,max_greenfield_0203.npy,White_Males
max_greenfield,max_greenfield_0017.npy,max_greenfield_0087.npy,White_Males
max_greenfield,max_greenfield_0017.npy,max_greenfield_0157.npy,White_Males
max_greenfield,max_greenfield_0157.npy,max_greenfield_0203.npy,White_Males
max_greenfield,max_greenfield_0087.npy,max_greenfield_0203.npy,White_Males
max_greenfield,max_greenfield_0087.npy,max_greenfield_0196.npy,White_Males
max_greenfield,max_greenfield_0017.npy,max_greenfield_0196.npy,White_Males
max_greenfield,max_greenfield_0087.npy,max_greenfield_0157.npy,White_Males
maximilian_law,maximilian_law_0001.npy,maximilian_law_0044.npy,White_Males
maximilian_law,maximilian_law_0055.npy,maximilian_law_0063.npy,White_Males
maximilian_law,maximilian_law_0044.npy,maximilian_law_0063.npy,White_Males
maximilian_law,maximilian_law_0018.npy,maximilian_law_0036.npy,White_Males
maximilian_law,maximilian_law_0050.npy,maximilian_law_0055.npy,White_Males
maximilian_law,maximilian_law_0022.npy,maximilian_law_0036.npy,White_Males
maximilian_law,maximilian_law_0001.npy,maximilian_law_0022.npy,White_Males
maximilian_law,maximilian_law_0022.npy,maximilian_law_0055.npy,White_Males
maximilian_law,maximilian_law_0018.npy,maximilian_law_0050.npy,White_Males
maximilian_law,maximilian_law_0018.npy,maximilian_law_0044.npy,White_Males
michael_cera,michael_cera_0028.npy,michael_cera_0083.npy,White_Males
michael_cera,michael_cera_0028.npy,michael_cera_0099.npy,White_Males
michael_cera,michael_cera_0059.npy,michael_cera_0083.npy,White_Males
michael_cera,michael_cera_0099.npy,michael_cera_0123.npy,White_Males
michael_cera,michael_cera_0059.npy,michael_cera_0099.npy,White_Males
michael_cera,michael_cera_0028.npy,michael_cera_0123.npy,White_Males
michael_cera,michael_cera_0083.npy,michael_cera_0099.npy,White_Males
michael_cera,michael_cera_0059.npy,michael_cera_0123.npy,White_Males
michael_cera,michael_cera_0083.npy,michael_cera_0123.npy,White_Males
michael_cera,michael_cera_0028.npy,michael_cera_0059.npy,White_Males
michael_sheen,michael_sheen_0007.npy,michael_sheen_0156.npy,White_Males
michael_sheen,michael_sheen_0007.npy,michael_sheen_0044.npy,White_Males
michael_sheen,michael_sheen_0092.npy,michael_sheen_0156.npy,White_Males
michael_sheen,michael_sheen_0007.npy,michael_sheen_0092.npy,White_Males
michael_sheen,michael_sheen_0044.npy,michael_sheen_0164.npy,White_Males
michael_sheen,michael_sheen_0156.npy,michael_sheen_0164.npy,White_Males
michael_sheen,michael_sheen_0044.npy,michael_sheen_0156.npy,White_Males
michael_sheen,michael_sheen_0092.npy,michael_sheen_0164.npy,White_Males
michael_sheen,michael_sheen_0044.npy,michael_sheen_0092.npy,White_Males
michael_sheen,michael_sheen_0007.npy,michael_sheen_0164.npy,White_Males
patrick_dempsey,patrick_dempsey_0253.npy,patrick_dempsey_0292.npy,White_Males
patrick_dempsey,patrick_dempsey_0128.npy,patrick_dempsey_0133.npy,White_Males
patrick_dempsey,patrick_dempsey_0072.npy,patrick_dempsey_0292.npy,White_Males
patrick_dempsey,patrick_dempsey_0150.npy,patrick_dempsey_0358.npy,White_Males
patrick_dempsey,patrick_dempsey_0001.npy,patrick_dempsey_0287.npy,White_Males
patrick_dempsey,patrick_dempsey_0072.npy,patrick_dempsey_0245.npy,White_Males
patrick_dempsey,patrick_dempsey_0150.npy,patrick_dempsey_0287.npy,White_Males
patrick_dempsey,patrick_dempsey_0150.npy,patrick_dempsey_0305.npy,White_Males
patrick_dempsey,patrick_dempsey_0001.npy,patrick_dempsey_0358.npy,White_Males
patrick_dempsey,patrick_dempsey_0133.npy,patrick_dempsey_0305.npy,White_Males
paul_haggis,paul_haggis_0064.npy,paul_haggis_0073.npy,White_Males
paul_haggis,paul_haggis_0073.npy,paul_haggis_0096.npy,White_Males
paul_haggis,paul_haggis_0064.npy,paul_haggis_0096.npy,White_Males
peter_facinelli,peter_facinelli_0027.npy,peter_facinelli_0061.npy,White_Males
peter_facinelli,peter_facinelli_0091.npy,peter_facinelli_0096.npy,White_Males
peter_facinelli,peter_facinelli_0011.npy,peter_facinelli_0096.npy,White_Males
peter_facinelli,peter_facinelli_0027.npy,peter_facinelli_0096.npy,White_Males
peter_facinelli,peter_facinelli_0027.npy,peter_facinelli_0091.npy,White_Males
peter_facinelli,peter_facinelli_0011.npy,peter_facinelli_0061.npy,White_Males
peter_facinelli,peter_facinelli_0011.npy,peter_facinelli_0027.npy,White_Males
peter_facinelli,peter_facinelli_0061.npy,peter_facinelli_0091.npy,White_Males
peter_facinelli,peter_facinelli_0061.npy,peter_facinelli_0096.npy,White_Males
peter_facinelli,peter_facinelli_0011.npy,peter_facinelli_0091.npy,White_Males
phil_keoghan,phil_keoghan_0011.npy,phil_keoghan_0051.npy,White_Males
phil_keoghan,phil_keoghan_0012.npy,phil_keoghan_0023.npy,White_Males
phil_keoghan,phil_keoghan_0023.npy,phil_keoghan_0057.npy,White_Males
phil_keoghan,phil_keoghan_0011.npy,phil_keoghan_0030.npy,White_Males
phil_keoghan,phil_keoghan_0012.npy,phil_keoghan_0053.npy,White_Males
phil_keoghan,phil_keoghan_0027.npy,phil_keoghan_0057.npy,White_Males
phil_keoghan,phil_keoghan_0023.npy,phil_keoghan_0052.npy,White_Males
phil_keoghan,phil_keoghan_0007.npy,phil_keoghan_0027.npy,White_Males
phil_keoghan,phil_keoghan_0012.npy,phil_keoghan_0021.npy,White_Males
phil_keoghan,phil_keoghan_0011.npy,phil_keoghan_0053.npy,White_Males
rick_gonzalez,rick_gonzalez_0030.npy,rick_gonzalez_0065.npy,White_Males
rick_gonzalez,rick_gonzalez_0050.npy,rick_gonzalez_0071.npy,White_Males
rick_gonzalez,rick_gonzalez_0059.npy,rick_gonzalez_0072.npy,White_Males
rick_gonzalez,rick_gonzalez_0065.npy,rick_gonzalez_0069.npy,White_Males
rick_gonzalez,rick_gonzalez_0030.npy,rick_gonzalez_0059.npy,White_Males
rick_gonzalez,rick_gonzalez_0020.npy,rick_gonzalez_0057.npy,White_Males
rick_gonzalez,rick_gonzalez_0065.npy,rick_gonzalez_0066.npy,White_Males
rick_gonzalez,rick_gonzalez_0012.npy,rick_gonzalez_0026.npy,White_Males
rick_gonzalez,rick_gonzalez_0026.npy,rick_gonzalez_0057.npy,White_Males
rick_gonzalez,rick_gonzalez_0026.npy,rick_gonzalez_0066.npy,White_Males
ricky_gervais,ricky_gervais_0046.npy,ricky_gervais_0092.npy,White_Males
ricky_gervais,ricky_gervais_0069.npy,ricky_gervais_0121.npy,White_Males
ricky_gervais,ricky_gervais_0016.npy,ricky_gervais_0121.npy,White_Males
ricky_gervais,ricky_gervais_0016.npy,ricky_gervais_0032.npy,White_Males
ricky_gervais,ricky_gervais_0121.npy,ricky_gervais_0143.npy,White_Males
ricky_gervais,ricky_gervais_0143.npy,ricky_gervais_0154.npy,White_Males
ricky_gervais,ricky_gervais_0016.npy,ricky_gervais_0154.npy,White_Males
ricky_gervais,ricky_gervais_0016.npy,ricky_gervais_0069.npy,White_Males
ricky_gervais,ricky_gervais_0092.npy,ricky_gervais_0099.npy,White_Males
ricky_gervais,ricky_gervais_0067.npy,ricky_gervais_0154.npy,White_Males
rob_corddry,rob_corddry_0082.npy,rob_corddry_0087.npy,White_Males
rob_corddry,rob_corddry_0084.npy,rob_corddry_0087.npy,White_Males
rob_corddry,rob_corddry_0082.npy,rob_corddry_0084.npy,White_Males
robert_englund,robert_englund_0018.npy,robert_englund_0019.npy,White_Males
robert_englund,robert_englund_0018.npy,robert_englund_0026.npy,White_Males
robert_englund,robert_englund_0019.npy,robert_englund_0026.npy,White_Males
robert_zemeckis,robert_zemeckis_0001.npy,robert_zemeckis_0021.npy,White_Males
robert_zemeckis,robert_zemeckis_0021.npy,robert_zemeckis_0058.npy,White_Males
robert_zemeckis,robert_zemeckis_0001.npy,robert_zemeckis_0027.npy,White_Males
robert_zemeckis,robert_zemeckis_0002.npy,robert_zemeckis_0058.npy,White_Males
robert_zemeckis,robert_zemeckis_0027.npy,robert_zemeckis_0058.npy,White_Males
robert_zemeckis,robert_zemeckis_0001.npy,robert_zemeckis_0002.npy,White_Males
robert_zemeckis,robert_zemeckis_0021.npy,robert_zemeckis_0027.npy,White_Males
robert_zemeckis,robert_zemeckis_0003.npy,robert_zemeckis_0058.npy,White_Males
robert_zemeckis,robert_zemeckis_0002.npy,robert_zemeckis_0003.npy,White_Males
robert_zemeckis,robert_zemeckis_0001.npy,robert_zemeckis_0058.npy,White_Males
roberto_lombardi,roberto_lombardi_0034.npy,roberto_lombardi_0061.npy,White_Males
roberto_lombardi,roberto_lombardi_0034.npy,roberto_lombardi_0047.npy,White_Males
roberto_lombardi,roberto_lombardi_0028.npy,roberto_lombardi_0069.npy,White_Males
roberto_lombardi,roberto_lombardi_0028.npy,roberto_lombardi_0034.npy,White_Males
roberto_lombardi,roberto_lombardi_0010.npy,roberto_lombardi_0061.npy,White_Males
roberto_lombardi,roberto_lombardi_0028.npy,roberto_lombardi_0061.npy,White_Males
roberto_lombardi,roberto_lombardi_0047.npy,roberto_lombardi_0069.npy,White_Males
roberto_lombardi,roberto_lombardi_0010.npy,roberto_lombardi_0069.npy,White_Males
roberto_lombardi,roberto_lombardi_0034.npy,roberto_lombardi_0069.npy,White_Males
roberto_lombardi,roberto_lombardi_0010.npy,roberto_lombardi_0034.npy,White_Males
roberto_sanz_sanchez,roberto_sanz_sanchez_0052.npy,roberto_sanz_sanchez_0068.npy,White_Males
roberto_sanz_sanchez,roberto_sanz_sanchez_0065.npy,roberto_sanz_sanchez_0068.npy,White_Males
roberto_sanz_sanchez,roberto_sanz_sanchez_0063.npy,roberto_sanz_sanchez_0065.npy,White_Males
roberto_sanz_sanchez,roberto_sanz_sanchez_0063.npy,roberto_sanz_sanchez_0068.npy,White_Males
roberto_sanz_sanchez,roberto_sanz_sanchez_0052.npy,roberto_sanz_sanchez_0063.npy,White_Males
roberto_sanz_sanchez,roberto_sanz_sanchez_0035.npy,roberto_sanz_sanchez_0052.npy,White_Males
roberto_sanz_sanchez,roberto_sanz_sanchez_0035.npy,roberto_sanz_sanchez_0063.npy,White_Males
roberto_sanz_sanchez,roberto_sanz_sanchez_0035.npy,roberto_sanz_sanchez_0068.npy,White_Males
roberto_sanz_sanchez,roberto_sanz_sanchez_0035.npy,roberto_sanz_sanchez_0065.npy,White_Males
roberto_sanz_sanchez,roberto_sanz_sanchez_0052.npy,roberto_sanz_sanchez_0065.npy,White_Males
robin_thicke,robin_thicke_0008.npy,robin_thicke_0054.npy,White_Males
robin_thicke,robin_thicke_0024.npy,robin_thicke_0054.npy,White_Males
robin_thicke,robin_thicke_0008.npy,robin_thicke_0024.npy,White_Males
robin_thicke,robin_thicke_0028.npy,robin_thicke_0037.npy,White_Males
robin_thicke,robin_thicke_0049.npy,robin_thicke_0054.npy,White_Males
robin_thicke,robin_thicke_0017.npy,robin_thicke_0049.npy,White_Males
robin_thicke,robin_thicke_0017.npy,robin_thicke_0037.npy,White_Males
robin_thicke,robin_thicke_0008.npy,robin_thicke_0049.npy,White_Males
robin_thicke,robin_thicke_0028.npy,robin_thicke_0049.npy,White_Males
robin_thicke,robin_thicke_0017.npy,robin_thicke_0024.npy,White_Males
rocky_verma,rocky_verma_0029.npy,rocky_verma_0046.npy,White_Males
rocky_verma,rocky_verma_0017.npy,rocky_verma_0029.npy,White_Males
rocky_verma,rocky_verma_0012.npy,rocky_verma_0017.npy,White_Males
rocky_verma,rocky_verma_0012.npy,rocky_verma_0040.npy,White_Males
rocky_verma,rocky_verma_0010.npy,rocky_verma_0046.npy,White_Males
rocky_verma,rocky_verma_0016.npy,rocky_verma_0029.npy,White_Males
rocky_verma,rocky_verma_0071.npy,rocky_verma_0074.npy,White_Males
rocky_verma,rocky_verma_0016.npy,rocky_verma_0074.npy,White_Males
rocky_verma,rocky_verma_0022.npy,rocky_verma_0071.npy,White_Males
rocky_verma,rocky_verma_0001.npy,rocky_verma_0071.npy,White_Males
ronald_e_giles,ronald_e_giles_0031.npy,ronald_e_giles_0060.npy,White_Males
ronald_e_giles,ronald_e_giles_0019.npy,ronald_e_giles_0031.npy,White_Males
ronald_e_giles,ronald_e_giles_0019.npy,ronald_e_giles_0060.npy,White_Males
russ_cootey,russ_cootey_0010.npy,russ_cootey_0048.npy,White_Males
ryan_o'neal,ryan_o'neal_0003.npy,ryan_o'neal_0059.npy,White_Males
ryan_o'neal,ryan_o'neal_0026.npy,ryan_o'neal_0063.npy,White_Males
ryan_o'neal,ryan_o'neal_0025.npy,ryan_o'neal_0063.npy,White_Males
ryan_o'neal,ryan_o'neal_0001.npy,ryan_o'neal_0003.npy,White_Males
ryan_o'neal,ryan_o'neal_0001.npy,ryan_o'neal_0069.npy,White_Males
ryan_o'neal,ryan_o'neal_0025.npy,ryan_o'neal_0026.npy,White_Males
ryan_o'neal,ryan_o'neal_0025.npy,ryan_o'neal_0059.npy,White_Males
ryan_o'neal,ryan_o'neal_0003.npy,ryan_o'neal_0069.npy,White_Males
ryan_o'neal,ryan_o'neal_0063.npy,ryan_o'neal_0069.npy,White_Males
ryan_o'neal,ryan_o'neal_0001.npy,ryan_o'neal_0025.npy,White_Males
sam_neill,sam_neill_0006.npy,sam_neill_0121.npy,White_Males
sam_neill,sam_neill_0043.npy,sam_neill_0092.npy,White_Males
sam_neill,sam_neill_0038.npy,sam_neill_0121.npy,White_Males
sam_neill,sam_neill_0043.npy,sam_neill_0121.npy,White_Males
sam_neill,sam_neill_0006.npy,sam_neill_0038.npy,White_Males
sam_neill,sam_neill_0092.npy,sam_neill_0121.npy,White_Males
sam_neill,sam_neill_0006.npy,sam_neill_0043.npy,White_Males
sam_neill,sam_neill_0006.npy,sam_neill_0092.npy,White_Males
sam_neill,sam_neill_0038.npy,sam_neill_0092.npy,White_Males
sam_neill,sam_neill_0038.npy,sam_neill_0043.npy,White_Males
scott_a_martin,scott_a_martin_0019.npy,scott_a_martin_0021.npy,White_Males
scott_a_martin,scott_a_martin_0006.npy,scott_a_martin_0037.npy,White_Males
scott_a_martin,scott_a_martin_0021.npy,scott_a_martin_0037.npy,White_Males
scott_a_martin,scott_a_martin_0006.npy,scott_a_martin_0021.npy,White_Males
scott_a_martin,scott_a_martin_0019.npy,scott_a_martin_0037.npy,White_Males
scott_a_martin,scott_a_martin_0006.npy,scott_a_martin_0019.npy,White_Males
scott_bakula,scott_bakula_0009.npy,scott_bakula_0042.npy,White_Males
scott_bakula,scott_bakula_0004.npy,scott_bakula_0042.npy,White_Males
scott_bakula,scott_bakula_0038.npy,scott_bakula_0039.npy,White_Males
scott_bakula,scott_bakula_0004.npy,scott_bakula_0091.npy,White_Males
scott_bakula,scott_bakula_0004.npy,scott_bakula_0072.npy,White_Males
scott_bakula,scott_bakula_0009.npy,scott_bakula_0039.npy,White_Males
scott_bakula,scott_bakula_0009.npy,scott_bakula_0037.npy,White_Males
scott_bakula,scott_bakula_0023.npy,scott_bakula_0037.npy,White_Males
scott_bakula,scott_bakula_0009.npy,scott_bakula_0038.npy,White_Males
scott_bakula,scott_bakula_0072.npy,scott_bakula_0091.npy,White_Males
scott_caan,scott_caan_0096.npy,scott_caan_0216.npy,White_Males
scott_caan,scott_caan_0212.npy,scott_caan_0216.npy,White_Males
scott_caan,scott_caan_0096.npy,scott_caan_0212.npy,White_Males
scott_caan,scott_caan_0210.npy,scott_caan_0221.npy,White_Males
scott_caan,scott_caan_0003.npy,scott_caan_0142.npy,White_Males
scott_caan,scott_caan_0210.npy,scott_caan_0216.npy,White_Males
scott_caan,scott_caan_0003.npy,scott_caan_0210.npy,White_Males
scott_caan,scott_caan_0003.npy,scott_caan_0221.npy,White_Males
scott_caan,scott_caan_0142.npy,scott_caan_0212.npy,White_Males
scott_caan,scott_caan_0142.npy,scott_caan_0221.npy,White_Males
seann_william_scott,seann_william_scott_0008.npy,seann_william_scott_0101.npy,White_Males
seann_william_scott,seann_william_scott_0047.npy,seann_william_scott_0109.npy,White_Males
seann_william_scott,seann_william_scott_0023.npy,seann_william_scott_0101.npy,White_Males
seann_william_scott,seann_william_scott_0023.npy,seann_william_scott_0132.npy,White_Males
seann_william_scott,seann_william_scott_0047.npy,seann_william_scott_0132.npy,White_Males
seann_william_scott,seann_william_scott_0023.npy,seann_william_scott_0047.npy,White_Males
seann_william_scott,seann_william_scott_0101.npy,seann_william_scott_0190.npy,White_Males
seann_william_scott,seann_william_scott_0109.npy,seann_william_scott_0190.npy,White_Males
seann_william_scott,seann_william_scott_0095.npy,seann_william_scott_0109.npy,White_Males
seann_william_scott,seann_william_scott_0047.npy,seann_william_scott_0190.npy,White_Males
sendhil_ramamurthy,sendhil_ramamurthy_0021.npy,sendhil_ramamurthy_0031.npy,White_Males
sendhil_ramamurthy,sendhil_ramamurthy_0008.npy,sendhil_ramamurthy_0043.npy,White_Males
sendhil_ramamurthy,sendhil_ramamurthy_0043.npy,sendhil_ramamurthy_0073.npy,White_Males
sendhil_ramamurthy,sendhil_ramamurthy_0043.npy,sendhil_ramamurthy_0066.npy,White_Males
sendhil_ramamurthy,sendhil_ramamurthy_0008.npy,sendhil_ramamurthy_0073.npy,White_Males
sendhil_ramamurthy,sendhil_ramamurthy_0021.npy,sendhil_ramamurthy_0043.npy,White_Males
sendhil_ramamurthy,sendhil_ramamurthy_0021.npy,sendhil_ramamurthy_0072.npy,White_Males
sendhil_ramamurthy,sendhil_ramamurthy_0008.npy,sendhil_ramamurthy_0031.npy,White_Males
sendhil_ramamurthy,sendhil_ramamurthy_0026.npy,sendhil_ramamurthy_0031.npy,White_Males
sendhil_ramamurthy,sendhil_ramamurthy_0008.npy,sendhil_ramamurthy_0066.npy,White_Males
shane_west,shane_west_0031.npy,shane_west_0141.npy,White_Males
shane_west,shane_west_0031.npy,shane_west_0160.npy,White_Males
shane_west,shane_west_0141.npy,shane_west_0180.npy,White_Males
shane_west,shane_west_0160.npy,shane_west_0180.npy,White_Males
shane_west,shane_west_0008.npy,shane_west_0160.npy,White_Males
shane_west,shane_west_0086.npy,shane_west_0180.npy,White_Males
shane_west,shane_west_0008.npy,shane_west_0086.npy,White_Males
shane_west,shane_west_0008.npy,shane_west_0180.npy,White_Males
shane_west,shane_west_0086.npy,shane_west_0141.npy,White_Males
shane_west,shane_west_0008.npy,shane_west_0031.npy,White_Males
stephen_lang,stephen_lang_0054.npy,stephen_lang_0056.npy,White_Males
stephen_lang,stephen_lang_0056.npy,stephen_lang_0076.npy,White_Males
stephen_lang,stephen_lang_0054.npy,stephen_lang_0076.npy,White_Males
sting,sting_0081.npy,sting_0134.npy,White_Males
sting,sting_0111.npy,sting_0126.npy,White_Males
sting,sting_0126.npy,sting_0134.npy,White_Males
sting,sting_0081.npy,sting_0153.npy,White_Males
sting,sting_0111.npy,sting_0153.npy,White_Males
sting,sting_0134.npy,sting_0153.npy,White_Males
sting,sting_0081.npy,sting_0111.npy,White_Males
sting,sting_0081.npy,sting_0126.npy,White_Males
sting,sting_0111.npy,sting_0134.npy,White_Males
sting,sting_0126.npy,sting_0153.npy,White_Males
thomas_jane,thomas_jane_0091.npy,thomas_jane_0111.npy,White_Males
thomas_jane,thomas_jane_0027.npy,thomas_jane_0032.npy,White_Males
thomas_jane,thomas_jane_0032.npy,thomas_jane_0111.npy,White_Males
thomas_jane,thomas_jane_0027.npy,thomas_jane_0091.npy,White_Males
thomas_jane,thomas_jane_0027.npy,thomas_jane_0111.npy,White_Males
thomas_jane,thomas_jane_0032.npy,thomas_jane_0091.npy,White_Males
timothy_spall,timothy_spall_0009.npy,timothy_spall_0011.npy,White_Males
timothy_spall,timothy_spall_0006.npy,timothy_spall_0013.npy,White_Males
timothy_spall,timothy_spall_0006.npy,timothy_spall_0009.npy,White_Males
timothy_spall,timothy_spall_0013.npy,timothy_spall_0058.npy,White_Males
timothy_spall,timothy_spall_0009.npy,timothy_spall_0058.npy,White_Males
timothy_spall,timothy_spall_0047.npy,timothy_spall_0058.npy,White_Males
timothy_spall,timothy_spall_0013.npy,timothy_spall_0047.npy,White_Males
timothy_spall,timothy_spall_0011.npy,timothy_spall_0058.npy,White_Males
timothy_spall,timothy_spall_0013.npy,timothy_spall_0032.npy,White_Males
timothy_spall,timothy_spall_0011.npy,timothy_spall_0047.npy,White_Males
tom_bergeron,tom_bergeron_0066.npy,tom_bergeron_0080.npy,White_Males
tom_bergeron,tom_bergeron_0021.npy,tom_bergeron_0027.npy,White_Males
tom_bergeron,tom_bergeron_0055.npy,tom_bergeron_0080.npy,White_Males
tom_bergeron,tom_bergeron_0066.npy,tom_bergeron_0067.npy,White_Males
tom_bergeron,tom_bergeron_0071.npy,tom_bergeron_0080.npy,White_Males
tom_bergeron,tom_bergeron_0021.npy,tom_bergeron_0066.npy,White_Males
tom_bergeron,tom_bergeron_0021.npy,tom_bergeron_0071.npy,White_Males
tom_bergeron,tom_bergeron_0027.npy,tom_bergeron_0055.npy,White_Males
tom_bergeron,tom_bergeron_0055.npy,tom_bergeron_0071.npy,White_Males
tom_bergeron,tom_bergeron_0066.npy,tom_bergeron_0071.npy,White_Males
tom_wilkinson,tom_wilkinson_0035.npy,tom_wilkinson_0078.npy,White_Males
tom_wilkinson,tom_wilkinson_0012.npy,tom_wilkinson_0035.npy,White_Males
tom_wilkinson,tom_wilkinson_0012.npy,tom_wilkinson_0078.npy,White_Males
tom_wilkinson,tom_wilkinson_0012.npy,tom_wilkinson_0065.npy,White_Males
tom_wilkinson,tom_wilkinson_0065.npy,tom_wilkinson_0078.npy,White_Males
tom_wilkinson,tom_wilkinson_0035.npy,tom_wilkinson_0065.npy,White_Males
tony_oller,tony_oller_0072.npy,tony_oller_0101.npy,White_Males
tony_oller,tony_oller_0023.npy,tony_oller_0041.npy,White_Males
tony_oller,tony_oller_0023.npy,tony_oller_0101.npy,White_Males
tony_oller,tony_oller_0007.npy,tony_oller_0072.npy,White_Males
tony_oller,tony_oller_0007.npy,tony_oller_0041.npy,White_Males
tony_oller,tony_oller_0023.npy,tony_oller_0072.npy,White_Males
tony_oller,tony_oller_0007.npy,tony_oller_0023.npy,White_Males
tony_oller,tony_oller_0041.npy,tony_oller_0101.npy,White_Males
tony_oller,tony_oller_0041.npy,tony_oller_0072.npy,White_Males
tony_oller,tony_oller_0007.npy,tony_oller_0101.npy,White_Males
trevor_donovan,trevor_donovan_0057.npy,trevor_donovan_0064.npy,White_Males
trevor_donovan,trevor_donovan_0064.npy,trevor_donovan_0081.npy,White_Males
trevor_donovan,trevor_donovan_0007.npy,trevor_donovan_0099.npy,White_Males
trevor_donovan,trevor_donovan_0057.npy,trevor_donovan_0071.npy,White_Males
trevor_donovan,trevor_donovan_0071.npy,trevor_donovan_0081.npy,White_Males
trevor_donovan,trevor_donovan_0023.npy,trevor_donovan_0064.npy,White_Males
trevor_donovan,trevor_donovan_0023.npy,trevor_donovan_0081.npy,White_Males
trevor_donovan,trevor_donovan_0023.npy,trevor_donovan_0104.npy,White_Males
trevor_donovan,trevor_donovan_0007.npy,trevor_donovan_0104.npy,White_Males
trevor_donovan,trevor_donovan_0057.npy,trevor_donovan_0081.npy,White_Males
victor_webster,victor_webster_0038.npy,victor_webster_0047.npy,White_Males
victor_webster,victor_webster_0047.npy,victor_webster_0052.npy,White_Males
victor_webster,victor_webster_0038.npy,victor_webster_0039.npy,White_Males
victor_webster,victor_webster_0050.npy,victor_webster_0052.npy,White_Males
victor_webster,victor_webster_0047.npy,victor_webster_0050.npy,White_Males
victor_webster,victor_webster_0024.npy,victor_webster_0039.npy,White_Males
victor_webster,victor_webster_0038.npy,victor_webster_0050.npy,White_Males
victor_webster,victor_webster_0029.npy,victor_webster_0032.npy,White_Males
victor_webster,victor_webster_0024.npy,victor_webster_0050.npy,White_Males
victor_webster,victor_webster_0039.npy,victor_webster_0047.npy,White_Males
wilson_cleveland,wilson_cleveland_0009.npy,wilson_cleveland_0032.npy,White_Males
wilson_cleveland,wilson_cleveland_0015.npy,wilson_cleveland_0018.npy,White_Males
wilson_cleveland,wilson_cleveland_0032.npy,wilson_cleveland_0054.npy,White_Males
wilson_cleveland,wilson_cleveland_0009.npy,wilson_cleveland_0017.npy,White_Males
wilson_cleveland,wilson_cleveland_0005.npy,wilson_cleveland_0018.npy,White_Males
wilson_cleveland,wilson_cleveland_0015.npy,wilson_cleveland_0059.npy,White_Males
wilson_cleveland,wilson_cleveland_0015.npy,wilson_cleveland_0032.npy,White_Males
wilson_cleveland,wilson_cleveland_0015.npy,wilson_cleveland_0054.npy,White_Males
wilson_cleveland,wilson_cleveland_0017.npy,wilson_cleveland_0018.npy,White_Males
wilson_cleveland,wilson_cleveland_0011.npy,wilson_cleveland_0059.npy,White_Males
zachary_knighton,zachary_knighton_0022.npy,zachary_knighton_0095.npy,White_Males
zachary_knighton,zachary_knighton_0001.npy,zachary_knighton_0095.npy,White_Males
zachary_knighton,zachary_knighton_0001.npy,zachary_knighton_0022.npy,White_Males
zachary_knighton,zachary_knighton_0022.npy,zachary_knighton_0036.npy,White_Males
zachary_knighton,zachary_knighton_0001.npy,zachary_knighton_0036.npy,White_Males
zachary_knighton,zachary_knighton_0030.npy,zachary_knighton_0036.npy,White_Males
zachary_knighton,zachary_knighton_0022.npy,zachary_knighton_0030.npy,White_Males
zachary_knighton,zachary_knighton_0030.npy,zachary_knighton_0095.npy,White_Males
zachary_knighton,zachary_knighton_0036.npy,zachary_knighton_0095.npy,White_Males
zachary_knighton,zachary_knighton_0001.npy,zachary_knighton_0030.npy,White_Males
zachary_quinto,zachary_quinto_0004.npy,zachary_quinto_0106.npy,White_Males
zachary_quinto,zachary_quinto_0137.npy,zachary_quinto_0177.npy,White_Males
zachary_quinto,zachary_quinto_0073.npy,zachary_quinto_0217.npy,White_Males
zachary_quinto,zachary_quinto_0105.npy,zachary_quinto_0106.npy,White_Males
zachary_quinto,zachary_quinto_0105.npy,zachary_quinto_0137.npy,White_Males
zachary_quinto,zachary_quinto_0004.npy,zachary_quinto_0214.npy,White_Males
zachary_quinto,zachary_quinto_0137.npy,zachary_quinto_0217.npy,White_Males
zachary_quinto,zachary_quinto_0004.npy,zachary_quinto_0217.npy,White_Males
zachary_quinto,zachary_quinto_0105.npy,zachary_quinto_0153.npy,White_Males
zachary_quinto,zachary_quinto_0106.npy,zachary_quinto_0177.npy,White_Males
