name_enroll,imagenum_enroll,name_verify,imagenum_verify
lee_jung_hyun,51,lucy_liu,44
anna_tsuchiya,1,maggie_q,240
minori_chihara,19,gong_seung_yeon,32
maureen_mendoza,28,zhou_xun,36
aubrey_anderson-emmons,29,gong_seung_yeon,22
jun_hasegawa,50,mika_nakashima,37
anna_tsuchiya,50,tina_q_nguyen,56
sumetal,12,zhou_xun,13
maureen_mendoza,6,fumino_kimura,55
zhou_xun,57,li_yuchun,48
lucy_liu,1,anna_maria_perez_de_tagle,93
zhou_xun,31,tila_tequila,946
minori_chihara,19,fumino_kimura,7
xu_jinglei,16,maggie_q,281
jinny_ng,49,tila_tequila,955
lee_young_ae,20,tila_tequila,946
anna_maria_perez_de_tagle,82,fumino_kimura,28
anna_tsuchiya,3,li_na_tennis,10
puff_guo,10,maureen_mendoza,7
gong_hyo_jin,59,ming_xi,62
lee_jung_hyun,58,vivian_wu,12
minori_chihara,49,jinny_ng,27
gong_seung_yeon,39,moametal,43
gong_hyo_jin,29,lucy_liu,1
xu_jinglei,12,momoe_yamaguchi,42
xu_jinglei,41,able_wanamakok,41
able_wanamakok,7,vivian_wu,13
fumino_kimura,55,li_yuchun,69
momoe_yamaguchi,38,maggie_q,281
anna_tsuchiya,50,sumetal,54
anna_tsuchiya,1,maureen_mendoza,28
lucy_liu,4,moametal,43
tila_tequila,951,li_na_tennis,41
fumino_kimura,62,tila_tequila,909
aubrey_anderson-emmons,14,lucy_liu,13
lucy_liu,13,able_wanamakok,7
shin_min_a,52,jinny_ng,49
lee_young_ae,9,gong_hyo_jin,26
sumetal,13,momoe_yamaguchi,32
maggie_q,210,zhou_xun,0
jinny_ng,49,maggie_q,289
ming_xi,9,gong_hyo_jin,21
tila_tequila,955,minori_chihara,31
tina_q_nguyen,56,jinny_ng,24
maureen_mendoza,28,gong_hyo_jin,20
anna_tsuchiya,5,mika_nakashima,66
anna_tsuchiya,18,fala_chen,63
vivian_wu,13,marmee_cosico,62
gong_hyo_jin,0,tina_q_nguyen,56
moametal,49,maureen_mendoza,6
zhou_xun,36,li_yuchun,55
zhou_xun,0,minori_chihara,44
li_yuchun,34,tina_q_nguyen,56
aubrey_anderson-emmons,29,moametal,49
maggie_q,281,lee_young_ae,5
vivian_wu,11,puff_guo,5
jinny_ng,30,xu_jinglei,37
lucy_liu,1,lee_jung_hyun,33
gong_hyo_jin,8,lee_jung_hyun,52
sumetal,55,able_wanamakok,24
momoe_yamaguchi,32,li_yuchun,69
gong_seung_yeon,24,gong_hyo_jin,29
jun_hasegawa,18,anna_tsuchiya,1
maggie_q,18,li_yuchun,52
sumetal,28,minori_chihara,43
gong_seung_yeon,63,aubrey_anderson-emmons,2
zhou_xun,53,lee_jung_hyun,2
tila_tequila,935,lee_jung_hyun,10
shin_min_a,44,ming_xi,40
shin_min_a,52,aubrey_anderson-emmons,15
mika_nakashima,6,aubrey_anderson-emmons,1
xu_jinglei,34,anna_maria_perez_de_tagle,93
vivian_wu,13,tina_q_nguyen,56
sumetal,1,fala_chen,73
anna_maria_perez_de_tagle,93,jun_hasegawa,18
aubrey_anderson-emmons,1,moametal,55
anna_maria_perez_de_tagle,93,jun_hasegawa,50
aubrey_anderson-emmons,15,ming_xi,24
tina_q_nguyen,56,ming_xi,40
li_na_tennis,43,lucy_liu,56
ming_xi,31,aubrey_anderson-emmons,33
zhou_xun,44,moametal,2
lucy_liu,39,marmee_cosico,79
gong_hyo_jin,10,aubrey_anderson-emmons,1
ming_xi,17,momoe_yamaguchi,42
sumetal,13,tila_tequila,924
minori_chihara,43,marmee_cosico,62
li_yuchun,57,maggie_q,281
lucy_liu,13,fumino_kimura,21
sumetal,1,anna_maria_perez_de_tagle,82
jun_hasegawa,50,mika_nakashima,45
zhou_xun,44,minori_chihara,44
jun_hasegawa,56,mika_nakashima,67
fala_chen,69,maggie_q,281
lee_jung_hyun,31,jun_hasegawa,8
marmee_cosico,41,mika_nakashima,3
gong_seung_yeon,12,marmee_cosico,63
lee_young_ae,20,gong_hyo_jin,21
sumetal,28,anna_tsuchiya,15
moametal,49,maggie_q,281
momoe_yamaguchi,42,lee_jung_hyun,52
zhou_xun,31,lee_jung_hyun,24
li_yuchun,11,lee_jung_hyun,10
lucy_liu,70,vivian_wu,11
maggie_q,18,gong_seung_yeon,27
momoe_yamaguchi,38,gong_seung_yeon,25
gong_seung_yeon,39,maggie_q,289
li_na_tennis,41,gong_hyo_jin,20
tila_tequila,951,able_wanamakok,7
anna_tsuchiya,1,lee_young_ae,13
fala_chen,73,jun_hasegawa,34
minori_chihara,44,mika_nakashima,3
able_wanamakok,24,gong_hyo_jin,26
fumino_kimura,28,gong_seung_yeon,24
lee_jung_hyun,51,tina_q_nguyen,56
fumino_kimura,7,gong_hyo_jin,20
tila_tequila,918,jinny_ng,20
tila_tequila,924,moametal,45
minori_chihara,31,sumetal,28
xu_jinglei,16,gong_hyo_jin,56
gong_seung_yeon,49,lee_young_ae,15
zhou_xun,44,marmee_cosico,79
vivian_wu,13,li_yuchun,6
aubrey_anderson-emmons,2,fala_chen,63
gong_hyo_jin,37,maureen_mendoza,28
lee_young_ae,59,lee_jung_hyun,58
gong_seung_yeon,12,xu_jinglei,41
mika_nakashima,45,gong_hyo_jin,26
sumetal,28,fala_chen,63
anna_maria_perez_de_tagle,93,minori_chihara,36
tina_q_nguyen,56,marmee_cosico,41
puff_guo,52,anna_tsuchiya,42
sumetal,51,moametal,11
fumino_kimura,49,marmee_cosico,79
lee_young_ae,60,maggie_q,193
lee_jung_hyun,31,momoe_yamaguchi,42
momoe_yamaguchi,42,maggie_q,240
maggie_q,281,jinny_ng,30
minori_chihara,19,xu_jinglei,15
gong_seung_yeon,25,vivian_wu,12
tina_q_nguyen,56,gong_seung_yeon,25
jun_hasegawa,50,li_yuchun,52
fumino_kimura,47,xu_jinglei,16
maureen_mendoza,6,anna_tsuchiya,3
jun_hasegawa,56,lucy_liu,39
gong_seung_yeon,12,mika_nakashima,37
marmee_cosico,62,ming_xi,37
lucy_liu,44,li_yuchun,32
sumetal,28,maggie_q,210
li_na_tennis,12,able_wanamakok,41
gong_seung_yeon,19,jinny_ng,27
vivian_wu,12,anna_tsuchiya,43
marmee_cosico,28,maureen_mendoza,7
xu_jinglei,11,gong_seung_yeon,20
anna_tsuchiya,1,lee_young_ae,20
lee_jung_hyun,58,gong_hyo_jin,29
jinny_ng,49,jun_hasegawa,39
gong_hyo_jin,17,momoe_yamaguchi,42
puff_guo,10,maureen_mendoza,6
shin_min_a,25,jun_hasegawa,49
sumetal,33,li_na_tennis,3
maggie_q,281,minori_chihara,36
tina_q_nguyen,56,li_na_tennis,25
puff_guo,33,gong_hyo_jin,23
marmee_cosico,79,mika_nakashima,67
lucy_liu,71,puff_guo,33
lee_jung_hyun,10,sumetal,28
tina_q_nguyen,56,gong_hyo_jin,53
gong_hyo_jin,56,lucy_liu,71
maureen_mendoza,7,able_wanamakok,15
mika_nakashima,12,tina_q_nguyen,56
zhou_xun,0,puff_guo,33
sumetal,28,moametal,43
gong_seung_yeon,54,li_yuchun,55
shin_min_a,60,li_na_tennis,28
lee_jung_hyun,2,mika_nakashima,53
sumetal,12,anna_maria_perez_de_tagle,82
zhou_xun,31,lee_jung_hyun,58
sumetal,51,ming_xi,50
tina_q_nguyen,56,li_na_tennis,22
zhou_xun,1,li_na_tennis,41
gong_hyo_jin,10,maggie_q,210
mika_nakashima,37,zhou_xun,36
vivian_wu,11,jun_hasegawa,31
aubrey_anderson-emmons,29,moametal,31
anna_maria_perez_de_tagle,93,tila_tequila,909
fumino_kimura,16,gong_hyo_jin,37
jun_hasegawa,34,gong_hyo_jin,26
moametal,11,marmee_cosico,63
anna_maria_perez_de_tagle,82,lee_young_ae,15
lee_jung_hyun,33,tina_q_nguyen,56
fumino_kimura,21,aubrey_anderson-emmons,29
li_yuchun,57,maggie_q,18
li_na_tennis,22,zhou_xun,3
tina_q_nguyen,56,gong_hyo_jin,53
tila_tequila,964,momoe_yamaguchi,32
ming_xi,26,mika_nakashima,53
gong_hyo_jin,56,marmee_cosico,62
gong_hyo_jin,17,able_wanamakok,41
anna_tsuchiya,31,tila_tequila,935
marmee_cosico,79,lee_jung_hyun,37
lucy_liu,1,mika_nakashima,66
anna_tsuchiya,50,jun_hasegawa,52
lee_young_ae,27,momoe_yamaguchi,38
ming_xi,62,tila_tequila,926
li_yuchun,11,gong_seung_yeon,54
lucy_liu,57,li_na_tennis,12
momoe_yamaguchi,32,mika_nakashima,33
momoe_yamaguchi,32,zhou_xun,10
vivian_wu,11,tina_q_nguyen,56
vivian_wu,13,minori_chihara,43
moametal,11,xu_jinglei,61
puff_guo,9,vivian_wu,12
li_yuchun,48,shin_min_a,8
lee_young_ae,13,anna_tsuchiya,43
shin_min_a,33,lee_jung_hyun,37
fumino_kimura,22,jinny_ng,48
anna_maria_perez_de_tagle,82,lucy_liu,4
minori_chihara,49,momoe_yamaguchi,38
lee_jung_hyun,33,puff_guo,9
li_na_tennis,3,anna_maria_perez_de_tagle,93
aubrey_anderson-emmons,2,momoe_yamaguchi,38
moametal,49,puff_guo,33
lucy_liu,4,anna_tsuchiya,43
moametal,49,gong_seung_yeon,22
maggie_q,210,tila_tequila,926
fumino_kimura,7,tila_tequila,918
fumino_kimura,16,jun_hasegawa,56
puff_guo,8,li_na_tennis,8
moametal,2,shin_min_a,52
jinny_ng,30,fala_chen,69
fumino_kimura,62,gong_hyo_jin,3
vivian_wu,13,moametal,34
lucy_liu,1,momoe_yamaguchi,42
sumetal,54,marmee_cosico,28
li_na_tennis,28,momoe_yamaguchi,38
anna_maria_perez_de_tagle,82,ming_xi,9
shin_min_a,60,li_na_tennis,22
xu_jinglei,30,gong_seung_yeon,27
gong_hyo_jin,0,anna_tsuchiya,31
able_wanamakok,24,lee_jung_hyun,58
moametal,34,anna_tsuchiya,3
sumetal,54,tila_tequila,926
puff_guo,5,fumino_kimura,49
marmee_cosico,62,aubrey_anderson-emmons,14
maureen_mendoza,6,minori_chihara,39
xu_jinglei,34,maureen_mendoza,7
aubrey_anderson-emmons,2,gong_seung_yeon,20
lee_young_ae,15,lee_jung_hyun,2
li_na_tennis,35,minori_chihara,19
li_na_tennis,53,gong_hyo_jin,23
anna_tsuchiya,18,moametal,56
lee_young_ae,9,anna_maria_perez_de_tagle,82
li_yuchun,63,jun_hasegawa,68
maggie_q,289,aubrey_anderson-emmons,29
sumetal,51,xu_jinglei,12
jinny_ng,20,zhou_xun,31
lee_jung_hyun,33,minori_chihara,36
lee_jung_hyun,58,fumino_kimura,62
lee_jung_hyun,58,tina_q_nguyen,56
anna_tsuchiya,1,lee_jung_hyun,52
xu_jinglei,36,mika_nakashima,33
marmee_cosico,41,minori_chihara,52
mika_nakashima,3,momoe_yamaguchi,32
able_wanamakok,12,ming_xi,26
gong_seung_yeon,54,puff_guo,52
gong_seung_yeon,19,ming_xi,9
fala_chen,73,lee_young_ae,27
gong_hyo_jin,37,fala_chen,63
minori_chihara,39,anna_maria_perez_de_tagle,93
puff_guo,13,vivian_wu,11
jinny_ng,49,lee_jung_hyun,2
marmee_cosico,63,sumetal,54
tila_tequila,909,jun_hasegawa,34
tina_q_nguyen,56,puff_guo,13
gong_seung_yeon,12,gong_hyo_jin,23
sumetal,55,moametal,34
ming_xi,37,tina_q_nguyen,56
fumino_kimura,61,lucy_liu,1
anna_tsuchiya,42,tina_q_nguyen,56
zhou_xun,0,gong_hyo_jin,17
zhou_xun,3,gong_hyo_jin,8
fumino_kimura,55,mika_nakashima,67
xu_jinglei,15,gong_hyo_jin,59
anna_tsuchiya,42,li_yuchun,18
fumino_kimura,22,puff_guo,9
li_yuchun,52,fumino_kimura,22
jun_hasegawa,52,mika_nakashima,64
gong_hyo_jin,57,jinny_ng,20
zhou_xun,21,lee_young_ae,56
fumino_kimura,54,maggie_q,240
marmee_cosico,63,ming_xi,62
fala_chen,73,tila_tequila,909
shin_min_a,33,li_na_tennis,8
shin_min_a,62,xu_jinglei,16
ming_xi,19,maureen_mendoza,28
puff_guo,10,fumino_kimura,49
lucy_liu,48,jun_hasegawa,39
li_na_tennis,56,maureen_mendoza,6
lee_jung_hyun,37,fala_chen,63
fala_chen,63,xu_jinglei,1
able_wanamakok,42,tina_q_nguyen,56
maggie_q,240,li_na_tennis,41
puff_guo,25,lee_young_ae,62
jun_hasegawa,68,minori_chihara,31
li_yuchun,3,vivian_wu,11
li_na_tennis,12,xu_jinglei,15
shin_min_a,25,li_yuchun,63
xu_jinglei,61,shin_min_a,32
marmee_cosico,63,momoe_yamaguchi,42
momoe_yamaguchi,42,lee_young_ae,5
minori_chihara,46,li_na_tennis,25
gong_seung_yeon,12,maggie_q,210
minori_chihara,19,momoe_yamaguchi,42
moametal,31,minori_chihara,43
ming_xi,52,lucy_liu,8
jinny_ng,48,gong_seung_yeon,24
able_wanamakok,12,aubrey_anderson-emmons,33
momoe_yamaguchi,38,xu_jinglei,34
momoe_yamaguchi,32,mika_nakashima,45
xu_jinglei,34,gong_hyo_jin,20
tila_tequila,939,li_yuchun,57
jun_hasegawa,56,marmee_cosico,63
mika_nakashima,66,jun_hasegawa,50
shin_min_a,62,vivian_wu,13
tina_q_nguyen,56,anna_tsuchiya,50
mika_nakashima,67,shin_min_a,32
tila_tequila,939,fala_chen,63
xu_jinglei,34,puff_guo,50
jun_hasegawa,31,able_wanamakok,41
able_wanamakok,12,aubrey_anderson-emmons,33
li_yuchun,34,marmee_cosico,62
puff_guo,8,li_yuchun,11
lee_young_ae,14,fumino_kimura,22
maggie_q,281,fumino_kimura,16
lucy_liu,71,mika_nakashima,16
fumino_kimura,7,gong_hyo_jin,20
sumetal,13,shin_min_a,25
vivian_wu,12,tina_q_nguyen,56
minori_chihara,31,xu_jinglei,58
fumino_kimura,28,anna_tsuchiya,3
li_na_tennis,26,aubrey_anderson-emmons,1
lee_jung_hyun,52,able_wanamakok,24
maggie_q,18,moametal,2
anna_maria_perez_de_tagle,82,jinny_ng,49
mika_nakashima,3,sumetal,10
gong_hyo_jin,0,marmee_cosico,63
ming_xi,62,marmee_cosico,62
xu_jinglei,36,maggie_q,210
ming_xi,31,li_yuchun,32
moametal,43,vivian_wu,12
tila_tequila,951,gong_seung_yeon,52
li_na_tennis,7,ming_xi,31
tina_q_nguyen,56,lee_jung_hyun,2
lucy_liu,64,tina_q_nguyen,56
puff_guo,8,tila_tequila,909
ming_xi,67,aubrey_anderson-emmons,29
jinny_ng,49,zhou_xun,44
tila_tequila,951,gong_seung_yeon,57
ming_xi,52,moametal,49
marmee_cosico,41,li_yuchun,3
minori_chihara,44,zhou_xun,0
minori_chihara,19,lee_young_ae,45
moametal,34,lucy_liu,56
maggie_q,289,li_na_tennis,8
lee_young_ae,62,li_yuchun,55
tina_q_nguyen,56,momoe_yamaguchi,42
li_na_tennis,22,jun_hasegawa,31
tina_q_nguyen,56,marmee_cosico,41
maggie_q,18,sumetal,16
tila_tequila,959,moametal,31
vivian_wu,11,lucy_liu,48
moametal,34,maureen_mendoza,6
gong_hyo_jin,8,fumino_kimura,16
li_yuchun,3,momoe_yamaguchi,32
xu_jinglei,34,lee_jung_hyun,24
gong_seung_yeon,32,puff_guo,43
maggie_q,289,zhou_xun,1
moametal,55,fala_chen,73
anna_tsuchiya,19,sumetal,13
xu_jinglei,41,mika_nakashima,6
minori_chihara,46,lee_jung_hyun,33
minori_chihara,52,sumetal,33
sumetal,13,gong_seung_yeon,32
aubrey_anderson-emmons,1,jun_hasegawa,18
anna_tsuchiya,44,lee_jung_hyun,18
puff_guo,7,zhou_xun,31
lee_young_ae,45,fala_chen,73
mika_nakashima,3,puff_guo,10
anna_maria_perez_de_tagle,82,mika_nakashima,33
li_yuchun,63,lee_jung_hyun,31
sumetal,56,moametal,31
marmee_cosico,79,moametal,56
gong_seung_yeon,52,aubrey_anderson-emmons,1
maureen_mendoza,7,tina_q_nguyen,56
fala_chen,69,tila_tequila,935
maggie_q,240,moametal,31
ming_xi,19,jun_hasegawa,8
ming_xi,26,lee_jung_hyun,51
momoe_yamaguchi,38,aubrey_anderson-emmons,33
mika_nakashima,64,maggie_q,193
maggie_q,289,jun_hasegawa,50
anna_maria_perez_de_tagle,93,sumetal,12
tila_tequila,932,momoe_yamaguchi,42
xu_jinglei,15,sumetal,55
puff_guo,52,anna_maria_perez_de_tagle,82
tina_q_nguyen,56,maggie_q,210
tila_tequila,926,moametal,2
maureen_mendoza,7,li_na_tennis,43
moametal,43,maggie_q,240
li_na_tennis,28,anna_tsuchiya,18
momoe_yamaguchi,32,xu_jinglei,61
tina_q_nguyen,56,maureen_mendoza,6
fala_chen,62,lee_jung_hyun,24
lucy_liu,8,minori_chihara,36
lucy_liu,48,momoe_yamaguchi,38
vivian_wu,11,fala_chen,63
sumetal,13,puff_guo,50
minori_chihara,44,able_wanamakok,56
aubrey_anderson-emmons,2,moametal,45
zhou_xun,36,li_yuchun,64
fumino_kimura,7,xu_jinglei,11
lee_young_ae,15,maggie_q,18
aubrey_anderson-emmons,33,marmee_cosico,62
mika_nakashima,12,li_yuchun,55
puff_guo,9,li_na_tennis,7
aubrey_anderson-emmons,15,gong_seung_yeon,63
jun_hasegawa,68,momoe_yamaguchi,32
minori_chihara,46,puff_guo,52
momoe_yamaguchi,42,sumetal,54
anna_tsuchiya,42,shin_min_a,61
tila_tequila,955,minori_chihara,43
minori_chihara,44,lucy_liu,1
aubrey_anderson-emmons,1,anna_tsuchiya,42
minori_chihara,52,moametal,34
able_wanamakok,56,mika_nakashima,53
maggie_q,289,jinny_ng,49
aubrey_anderson-emmons,29,sumetal,12
li_na_tennis,43,maggie_q,210
mika_nakashima,6,fala_chen,69
anna_tsuchiya,43,momoe_yamaguchi,32
li_na_tennis,3,tila_tequila,955
maureen_mendoza,28,tila_tequila,964
anna_tsuchiya,44,marmee_cosico,79
momoe_yamaguchi,42,tila_tequila,918
shin_min_a,52,gong_hyo_jin,10
fumino_kimura,56,tina_q_nguyen,56
able_wanamakok,41,maureen_mendoza,7
aubrey_anderson-emmons,2,anna_maria_perez_de_tagle,82
minori_chihara,31,fumino_kimura,55
jinny_ng,55,tina_q_nguyen,56
anna_tsuchiya,43,aubrey_anderson-emmons,14
lee_young_ae,15,zhou_xun,21
zhou_xun,0,moametal,34
jun_hasegawa,56,anna_maria_perez_de_tagle,93
moametal,49,maureen_mendoza,6
mika_nakashima,66,maggie_q,210
marmee_cosico,62,xu_jinglei,41
maureen_mendoza,6,marmee_cosico,28
moametal,2,tila_tequila,935
anna_maria_perez_de_tagle,82,gong_hyo_jin,26
tina_q_nguyen,56,tila_tequila,924
ming_xi,24,maureen_mendoza,28
lee_young_ae,14,jinny_ng,49
ming_xi,17,li_yuchun,48
jinny_ng,49,li_na_tennis,12
li_na_tennis,8,lucy_liu,38
moametal,31,li_yuchun,48
gong_hyo_jin,25,anna_tsuchiya,50
momoe_yamaguchi,32,minori_chihara,44
mika_nakashima,64,moametal,55
ming_xi,37,fumino_kimura,21
lee_jung_hyun,33,sumetal,33
able_wanamakok,56,zhou_xun,10
anna_tsuchiya,3,jinny_ng,48
aubrey_anderson-emmons,29,moametal,45
anna_tsuchiya,50,lee_jung_hyun,10
lee_young_ae,45,xu_jinglei,16
fala_chen,63,tina_q_nguyen,56
able_wanamakok,29,aubrey_anderson-emmons,2
li_na_tennis,9,zhou_xun,44
xu_jinglei,12,aubrey_anderson-emmons,29
puff_guo,10,vivian_wu,13
tila_tequila,964,sumetal,10
marmee_cosico,79,lee_young_ae,27
maureen_mendoza,28,jinny_ng,20
vivian_wu,11,anna_maria_perez_de_tagle,93
zhou_xun,21,shin_min_a,17
lee_young_ae,56,sumetal,40
mika_nakashima,21,fala_chen,62
moametal,31,marmee_cosico,41
fala_chen,69,li_na_tennis,7
xu_jinglei,58,puff_guo,13
momoe_yamaguchi,32,shin_min_a,52
ming_xi,55,li_yuchun,47
fumino_kimura,47,lucy_liu,70
lucy_liu,38,marmee_cosico,62
zhou_xun,29,li_yuchun,57
vivian_wu,11,xu_jinglei,16
minori_chihara,31,tina_q_nguyen,56
li_yuchun,32,shin_min_a,61
anna_tsuchiya,3,minori_chihara,31
puff_guo,7,gong_seung_yeon,24
mika_nakashima,6,anna_maria_perez_de_tagle,93
maureen_mendoza,7,xu_jinglei,1
zhou_xun,36,li_yuchun,48
xu_jinglei,12,puff_guo,33
maggie_q,289,marmee_cosico,79
momoe_yamaguchi,38,aubrey_anderson-emmons,1
ming_xi,67,gong_hyo_jin,0
momoe_yamaguchi,42,li_yuchun,48
puff_guo,9,lee_young_ae,5
ming_xi,19,lucy_liu,57
xu_jinglei,37,vivian_wu,11
fumino_kimura,47,anna_tsuchiya,5
marmee_cosico,28,lee_young_ae,59
maggie_q,193,li_na_tennis,36
aubrey_anderson-emmons,33,lee_jung_hyun,18
tila_tequila,918,maureen_mendoza,7
jun_hasegawa,39,maggie_q,210
gong_hyo_jin,37,able_wanamakok,24
xu_jinglei,58,jun_hasegawa,56
tila_tequila,911,vivian_wu,12
vivian_wu,12,ming_xi,9
lee_young_ae,60,able_wanamakok,27
jun_hasegawa,18,lee_young_ae,2
lee_young_ae,15,vivian_wu,12
lee_young_ae,13,able_wanamakok,29
maggie_q,18,gong_hyo_jin,59
marmee_cosico,41,vivian_wu,12
aubrey_anderson-emmons,15,xu_jinglei,1
fala_chen,69,shin_min_a,22
maggie_q,210,li_na_tennis,28
lee_young_ae,15,li_yuchun,48
sumetal,10,jinny_ng,30
moametal,49,tila_tequila,926
fala_chen,73,lee_young_ae,2
lee_young_ae,20,vivian_wu,11
gong_hyo_jin,3,jun_hasegawa,31
li_na_tennis,35,li_yuchun,69
anna_maria_perez_de_tagle,82,fumino_kimura,54
zhou_xun,11,moametal,11
li_yuchun,48,maggie_q,240
sumetal,55,moametal,31
lee_jung_hyun,33,shin_min_a,41
puff_guo,50,xu_jinglei,34
fala_chen,62,aubrey_anderson-emmons,1
fala_chen,62,lee_young_ae,22
anna_maria_perez_de_tagle,93,moametal,45
ming_xi,9,puff_guo,25
maggie_q,210,jun_hasegawa,52
anna_tsuchiya,31,shin_min_a,22
ming_xi,55,fala_chen,63
gong_seung_yeon,20,jinny_ng,55
jinny_ng,24,momoe_yamaguchi,42
tila_tequila,932,li_yuchun,47
momoe_yamaguchi,32,sumetal,55
puff_guo,41,marmee_cosico,41
gong_hyo_jin,17,tina_q_nguyen,56
aubrey_anderson-emmons,15,fala_chen,62
jinny_ng,24,gong_hyo_jin,53
able_wanamakok,24,ming_xi,17
tina_q_nguyen,56,anna_maria_perez_de_tagle,93
marmee_cosico,41,jun_hasegawa,34
lee_jung_hyun,37,li_yuchun,3
marmee_cosico,28,li_yuchun,18
aubrey_anderson-emmons,14,jinny_ng,27
zhou_xun,38,lee_young_ae,59
gong_seung_yeon,12,lee_jung_hyun,13
anna_maria_perez_de_tagle,82,able_wanamakok,27
gong_hyo_jin,57,jun_hasegawa,39
xu_jinglei,11,ming_xi,37
fumino_kimura,54,jinny_ng,27
lee_jung_hyun,10,jun_hasegawa,18
moametal,55,able_wanamakok,15
lee_jung_hyun,31,lee_young_ae,51
gong_seung_yeon,32,minori_chihara,39
mika_nakashima,6,li_na_tennis,9
fala_chen,62,minori_chihara,19
mika_nakashima,64,zhou_xun,53
gong_hyo_jin,56,momoe_yamaguchi,32
anna_tsuchiya,43,zhou_xun,31
lee_jung_hyun,37,jun_hasegawa,34
maureen_mendoza,6,puff_guo,5
fala_chen,73,gong_hyo_jin,25
vivian_wu,13,shin_min_a,32
vivian_wu,12,lee_young_ae,13
xu_jinglei,11,li_yuchun,47
li_yuchun,69,marmee_cosico,79
sumetal,12,able_wanamakok,56
jinny_ng,24,momoe_yamaguchi,38
anna_maria_perez_de_tagle,82,zhou_xun,44
momoe_yamaguchi,42,gong_hyo_jin,37
maggie_q,281,moametal,55
anna_tsuchiya,42,fumino_kimura,55
li_na_tennis,41,maureen_mendoza,7
ming_xi,24,jinny_ng,24
able_wanamakok,56,fumino_kimura,22
mika_nakashima,3,momoe_yamaguchi,42
lucy_liu,64,marmee_cosico,79
jinny_ng,55,jun_hasegawa,34
jun_hasegawa,39,momoe_yamaguchi,42
aubrey_anderson-emmons,2,fumino_kimura,7
maureen_mendoza,7,gong_seung_yeon,12
minori_chihara,43,fala_chen,63
jinny_ng,55,tina_q_nguyen,56
minori_chihara,39,gong_seung_yeon,20
able_wanamakok,27,minori_chihara,44
lee_jung_hyun,51,anna_tsuchiya,18
puff_guo,25,fala_chen,69
lee_jung_hyun,58,anna_maria_perez_de_tagle,82
tila_tequila,935,lee_young_ae,25
fumino_kimura,7,jinny_ng,48
moametal,56,tina_q_nguyen,56
puff_guo,25,momoe_yamaguchi,42
jinny_ng,49,tina_q_nguyen,56
tila_tequila,935,lucy_liu,39
jinny_ng,48,gong_hyo_jin,37
fala_chen,63,lucy_liu,64
puff_guo,13,li_yuchun,11
vivian_wu,11,maggie_q,240
fumino_kimura,21,lucy_liu,71
tina_q_nguyen,56,fumino_kimura,56
maggie_q,289,zhou_xun,3
minori_chihara,19,jun_hasegawa,39
fumino_kimura,21,vivian_wu,12
moametal,34,ming_xi,17
fala_chen,73,anna_tsuchiya,15
lucy_liu,57,xu_jinglei,34
aubrey_anderson-emmons,29,puff_guo,8
puff_guo,52,shin_min_a,7
ming_xi,37,aubrey_anderson-emmons,15
able_wanamakok,7,aubrey_anderson-emmons,33
xu_jinglei,12,anna_maria_perez_de_tagle,82
shin_min_a,25,anna_tsuchiya,5
zhou_xun,31,minori_chihara,19
sumetal,1,zhou_xun,44
aubrey_anderson-emmons,33,maureen_mendoza,7
tina_q_nguyen,56,momoe_yamaguchi,32
fala_chen,73,maggie_q,193
jun_hasegawa,52,lee_jung_hyun,13
gong_seung_yeon,32,anna_maria_perez_de_tagle,82
able_wanamakok,7,tila_tequila,918
maureen_mendoza,6,jun_hasegawa,56
vivian_wu,12,tila_tequila,924
able_wanamakok,24,xu_jinglei,1
gong_seung_yeon,52,li_yuchun,11
lee_young_ae,27,minori_chihara,39
xu_jinglei,58,vivian_wu,12
moametal,11,vivian_wu,12
fumino_kimura,22,aubrey_anderson-emmons,1
zhou_xun,13,jun_hasegawa,18
ming_xi,17,lee_jung_hyun,31
xu_jinglei,1,anna_tsuchiya,44
fala_chen,73,fumino_kimura,55
lee_jung_hyun,13,ming_xi,52
li_yuchun,69,fala_chen,69
ming_xi,26,tila_tequila,951
vivian_wu,12,aubrey_anderson-emmons,15
moametal,42,lee_young_ae,9
sumetal,12,able_wanamakok,15
lee_jung_hyun,33,fala_chen,73
puff_guo,52,sumetal,40
tila_tequila,918,anna_tsuchiya,44
li_yuchun,57,zhou_xun,11
fala_chen,69,anna_tsuchiya,5
fumino_kimura,49,shin_min_a,32
lee_jung_hyun,33,maggie_q,240
momoe_yamaguchi,42,li_yuchun,63
minori_chihara,36,lee_jung_hyun,58
xu_jinglei,34,gong_seung_yeon,54
maureen_mendoza,28,maggie_q,281
maggie_q,281,maureen_mendoza,6
li_na_tennis,43,anna_tsuchiya,43
mika_nakashima,66,shin_min_a,60
puff_guo,50,gong_seung_yeon,19
gong_seung_yeon,0,lee_young_ae,20
tina_q_nguyen,56,able_wanamakok,42
maggie_q,193,zhou_xun,57
aubrey_anderson-emmons,14,anna_maria_perez_de_tagle,93
tina_q_nguyen,56,shin_min_a,25
lucy_liu,71,fala_chen,73
gong_seung_yeon,27,gong_hyo_jin,3
puff_guo,7,fala_chen,63
li_na_tennis,3,puff_guo,50
zhou_xun,13,li_yuchun,3
momoe_yamaguchi,42,aubrey_anderson-emmons,29
anna_tsuchiya,44,maggie_q,193
able_wanamakok,27,fala_chen,63
anna_tsuchiya,3,gong_seung_yeon,0
mika_nakashima,33,tila_tequila,924
shin_min_a,34,fumino_kimura,62
fala_chen,69,puff_guo,33
li_yuchun,32,puff_guo,33
sumetal,55,minori_chihara,19
jun_hasegawa,31,aubrey_anderson-emmons,1
vivian_wu,11,minori_chihara,36
marmee_cosico,28,fumino_kimura,49
tila_tequila,959,li_yuchun,48
momoe_yamaguchi,38,tila_tequila,946
momoe_yamaguchi,38,gong_seung_yeon,24
jinny_ng,48,anna_tsuchiya,31
zhou_xun,38,fala_chen,63
li_na_tennis,7,ming_xi,24
li_na_tennis,8,fumino_kimura,62
lucy_liu,39,maggie_q,289
minori_chihara,46,li_na_tennis,12
anna_maria_perez_de_tagle,93,sumetal,54
li_yuchun,18,gong_hyo_jin,10
aubrey_anderson-emmons,14,anna_tsuchiya,44
shin_min_a,32,tina_q_nguyen,56
gong_seung_yeon,24,jun_hasegawa,56
aubrey_anderson-emmons,2,anna_tsuchiya,44
able_wanamakok,25,shin_min_a,22
maureen_mendoza,28,gong_hyo_jin,3
gong_seung_yeon,19,jinny_ng,48
mika_nakashima,53,anna_maria_perez_de_tagle,93
anna_maria_perez_de_tagle,82,lee_jung_hyun,24
able_wanamakok,25,lee_young_ae,56
marmee_cosico,62,gong_hyo_jin,37
puff_guo,8,lee_young_ae,13
lee_jung_hyun,51,li_yuchun,6
marmee_cosico,41,sumetal,1
mika_nakashima,33,sumetal,40
mika_nakashima,3,tina_q_nguyen,56
fumino_kimura,61,fala_chen,73
anna_tsuchiya,50,vivian_wu,11
zhou_xun,10,momoe_yamaguchi,32
sumetal,54,moametal,31
shin_min_a,17,momoe_yamaguchi,42
marmee_cosico,79,puff_guo,43
marmee_cosico,62,xu_jinglei,36
sumetal,28,fala_chen,69
lee_young_ae,59,ming_xi,9
vivian_wu,13,momoe_yamaguchi,38
gong_seung_yeon,19,gong_hyo_jin,17
mika_nakashima,37,minori_chihara,31
sumetal,12,able_wanamakok,25
maureen_mendoza,6,tina_q_nguyen,56
aubrey_anderson-emmons,14,lucy_liu,8
xu_jinglei,12,jun_hasegawa,18
jinny_ng,27,mika_nakashima,32
anna_tsuchiya,42,fumino_kimura,28
maggie_q,240,jinny_ng,49
xu_jinglei,11,fala_chen,73
anna_maria_perez_de_tagle,93,lee_young_ae,56
li_yuchun,52,tina_q_nguyen,56
lucy_liu,54,lee_young_ae,45
lee_young_ae,59,anna_tsuchiya,43
lucy_liu,57,jinny_ng,20
ming_xi,9,minori_chihara,39
momoe_yamaguchi,42,tila_tequila,909
fala_chen,62,tina_q_nguyen,56
li_na_tennis,41,fumino_kimura,16
gong_seung_yeon,57,li_na_tennis,8
lee_young_ae,60,lucy_liu,57
maureen_mendoza,7,vivian_wu,11
anna_tsuchiya,3,fumino_kimura,49
shin_min_a,22,li_yuchun,34
lee_jung_hyun,31,anna_tsuchiya,19
ming_xi,24,maggie_q,289
puff_guo,7,maggie_q,210
lucy_liu,54,anna_maria_perez_de_tagle,82
zhou_xun,3,maggie_q,289
gong_hyo_jin,3,lee_jung_hyun,52
shin_min_a,7,li_na_tennis,36
sumetal,40,li_yuchun,14
anna_maria_perez_de_tagle,82,gong_hyo_jin,53
jinny_ng,24,minori_chihara,31
fala_chen,69,anna_tsuchiya,31
anna_tsuchiya,42,jun_hasegawa,50
marmee_cosico,62,gong_hyo_jin,20
tila_tequila,915,anna_maria_perez_de_tagle,93
lee_jung_hyun,24,zhou_xun,3
gong_hyo_jin,53,lee_young_ae,62
maggie_q,289,maureen_mendoza,6
zhou_xun,21,momoe_yamaguchi,38
xu_jinglei,41,momoe_yamaguchi,38
tila_tequila,932,able_wanamakok,12
puff_guo,41,moametal,56
fala_chen,69,lee_jung_hyun,2
fala_chen,73,vivian_wu,11
maggie_q,210,tina_q_nguyen,56
sumetal,33,moametal,42
marmee_cosico,28,puff_guo,33
zhou_xun,53,tila_tequila,924
minori_chihara,31,lucy_liu,1
gong_hyo_jin,21,puff_guo,25
momoe_yamaguchi,32,maureen_mendoza,28
li_na_tennis,36,gong_hyo_jin,21
zhou_xun,36,gong_hyo_jin,0
lee_young_ae,51,tila_tequila,909
jun_hasegawa,39,vivian_wu,13
tila_tequila,918,tina_q_nguyen,56
minori_chihara,46,lucy_liu,44
lee_young_ae,59,tila_tequila,950
aubrey_anderson-emmons,2,xu_jinglei,36
li_yuchun,11,lee_young_ae,15
maureen_mendoza,7,li_yuchun,18
tina_q_nguyen,56,moametal,42
momoe_yamaguchi,32,ming_xi,17
sumetal,10,tila_tequila,915
minori_chihara,46,able_wanamakok,12
maggie_q,281,puff_guo,36
aubrey_anderson-emmons,15,minori_chihara,52
mika_nakashima,3,sumetal,54
jun_hasegawa,50,tina_q_nguyen,56
gong_seung_yeon,57,shin_min_a,41
li_na_tennis,22,aubrey_anderson-emmons,15
zhou_xun,13,aubrey_anderson-emmons,15
li_yuchun,64,xu_jinglei,58
momoe_yamaguchi,42,sumetal,33
able_wanamakok,27,zhou_xun,44
gong_seung_yeon,36,marmee_cosico,62
vivian_wu,12,moametal,42
tila_tequila,958,vivian_wu,13
gong_seung_yeon,54,able_wanamakok,7
able_wanamakok,27,fala_chen,69
lee_jung_hyun,52,fumino_kimura,49
gong_seung_yeon,52,maureen_mendoza,6
ming_xi,37,minori_chihara,19
sumetal,51,xu_jinglei,34
fala_chen,73,zhou_xun,38
fumino_kimura,47,li_na_tennis,12
li_yuchun,6,gong_seung_yeon,22
marmee_cosico,79,aubrey_anderson-emmons,15
tila_tequila,939,shin_min_a,61
maureen_mendoza,7,fumino_kimura,22
anna_tsuchiya,31,able_wanamakok,7
minori_chihara,36,shin_min_a,7
ming_xi,48,momoe_yamaguchi,32
mika_nakashima,3,li_na_tennis,10
lucy_liu,57,minori_chihara,44
fumino_kimura,61,gong_seung_yeon,27
jun_hasegawa,56,gong_hyo_jin,23
puff_guo,52,shin_min_a,60
li_na_tennis,26,shin_min_a,52
anna_maria_perez_de_tagle,82,jinny_ng,24
minori_chihara,31,able_wanamakok,12
lucy_liu,56,xu_jinglei,11
aubrey_anderson-emmons,14,fala_chen,69
vivian_wu,11,fumino_kimura,16
maggie_q,210,tina_q_nguyen,56
li_na_tennis,56,aubrey_anderson-emmons,1
li_yuchun,47,anna_tsuchiya,50
anna_tsuchiya,50,gong_hyo_jin,53
li_na_tennis,35,vivian_wu,13
xu_jinglei,12,lucy_liu,8
jun_hasegawa,31,able_wanamakok,56
minori_chihara,19,ming_xi,17
lee_jung_hyun,37,lee_young_ae,2
fumino_kimura,62,marmee_cosico,62
xu_jinglei,15,aubrey_anderson-emmons,29
able_wanamakok,7,maureen_mendoza,28
marmee_cosico,41,shin_min_a,22
tina_q_nguyen,56,lee_young_ae,20
able_wanamakok,15,lee_jung_hyun,18
anna_tsuchiya,5,puff_guo,10
jinny_ng,24,maggie_q,18
lee_young_ae,27,momoe_yamaguchi,38
puff_guo,33,sumetal,33
marmee_cosico,63,zhou_xun,57
gong_hyo_jin,20,jinny_ng,24
moametal,42,tina_q_nguyen,56
aubrey_anderson-emmons,29,mika_nakashima,21
fumino_kimura,22,sumetal,55
maggie_q,240,li_yuchun,34
ming_xi,26,puff_guo,13
ming_xi,50,aubrey_anderson-emmons,15
li_yuchun,52,gong_hyo_jin,30
lee_young_ae,9,vivian_wu,12
fumino_kimura,7,vivian_wu,13
jinny_ng,30,mika_nakashima,21
ming_xi,52,tila_tequila,951
li_na_tennis,9,able_wanamakok,15
sumetal,33,lee_jung_hyun,13
lee_young_ae,9,gong_seung_yeon,25
moametal,43,lee_young_ae,14
shin_min_a,8,lee_jung_hyun,2
lee_jung_hyun,2,momoe_yamaguchi,42
lee_jung_hyun,37,gong_hyo_jin,29
vivian_wu,13,gong_seung_yeon,19
li_na_tennis,22,jun_hasegawa,56
gong_hyo_jin,25,aubrey_anderson-emmons,33
ming_xi,62,zhou_xun,53
moametal,56,anna_tsuchiya,50
li_yuchun,63,moametal,45
lee_jung_hyun,31,tila_tequila,932
gong_hyo_jin,57,anna_maria_perez_de_tagle,93
anna_maria_perez_de_tagle,93,jinny_ng,20
aubrey_anderson-emmons,2,lucy_liu,56
lee_jung_hyun,33,mika_nakashima,16
mika_nakashima,21,able_wanamakok,7
minori_chihara,19,sumetal,40
jun_hasegawa,50,fala_chen,62
vivian_wu,13,maureen_mendoza,6
lee_jung_hyun,2,minori_chihara,31
maggie_q,240,aubrey_anderson-emmons,33
jun_hasegawa,49,jinny_ng,55
lee_young_ae,9,li_na_tennis,35
maggie_q,18,ming_xi,37
jun_hasegawa,52,momoe_yamaguchi,38
tina_q_nguyen,56,minori_chihara,44
zhou_xun,1,ming_xi,9
gong_seung_yeon,0,anna_maria_perez_de_tagle,82
aubrey_anderson-emmons,33,lee_jung_hyun,33
gong_seung_yeon,19,fumino_kimura,22
puff_guo,52,vivian_wu,12
tila_tequila,909,vivian_wu,13
tina_q_nguyen,56,anna_maria_perez_de_tagle,82
aubrey_anderson-emmons,14,anna_maria_perez_de_tagle,82
jinny_ng,49,lee_jung_hyun,52
sumetal,16,li_na_tennis,12
xu_jinglei,41,fala_chen,73
aubrey_anderson-emmons,14,fala_chen,63
shin_min_a,62,mika_nakashima,33
minori_chihara,31,lucy_liu,54
marmee_cosico,79,gong_seung_yeon,63
moametal,42,maggie_q,210
shin_min_a,34,puff_guo,9
anna_tsuchiya,18,jinny_ng,49
anna_tsuchiya,43,lee_young_ae,22
moametal,34,minori_chihara,31
anna_tsuchiya,1,maggie_q,193
able_wanamakok,24,moametal,49
tila_tequila,932,li_na_tennis,56
aubrey_anderson-emmons,2,lee_jung_hyun,52
shin_min_a,41,marmee_cosico,62
shin_min_a,25,zhou_xun,38
lucy_liu,8,minori_chihara,52
aubrey_anderson-emmons,2,xu_jinglei,15
xu_jinglei,34,lee_young_ae,60
tina_q_nguyen,56,ming_xi,62
li_na_tennis,8,gong_hyo_jin,25
li_yuchun,55,fumino_kimura,28
zhou_xun,31,tina_q_nguyen,56
fala_chen,62,lucy_liu,64
aubrey_anderson-emmons,1,gong_seung_yeon,57
fumino_kimura,7,jinny_ng,30
moametal,49,marmee_cosico,62
jinny_ng,48,aubrey_anderson-emmons,1
lee_young_ae,20,li_yuchun,11
li_na_tennis,43,marmee_cosico,79
lee_jung_hyun,37,anna_maria_perez_de_tagle,93
lee_young_ae,5,aubrey_anderson-emmons,33
li_na_tennis,43,puff_guo,9
jun_hasegawa,50,gong_hyo_jin,20
ming_xi,48,jinny_ng,48
maggie_q,240,marmee_cosico,28
moametal,34,anna_maria_perez_de_tagle,82
gong_seung_yeon,12,aubrey_anderson-emmons,1
mika_nakashima,16,jinny_ng,20
maureen_mendoza,7,aubrey_anderson-emmons,2
vivian_wu,13,ming_xi,55
li_na_tennis,25,aubrey_anderson-emmons,33
tila_tequila,939,vivian_wu,12
gong_hyo_jin,21,fumino_kimura,47
minori_chihara,43,jun_hasegawa,8
aubrey_anderson-emmons,29,fumino_kimura,62
ming_xi,55,maggie_q,210
tina_q_nguyen,56,xu_jinglei,12
lee_jung_hyun,10,moametal,31
fumino_kimura,54,lee_jung_hyun,13
zhou_xun,36,able_wanamakok,41
li_yuchun,3,lee_jung_hyun,13
jinny_ng,20,vivian_wu,11
moametal,2,shin_min_a,44
lee_young_ae,2,maggie_q,240
tina_q_nguyen,56,gong_seung_yeon,20
anna_maria_perez_de_tagle,82,tila_tequila,946
tila_tequila,926,gong_seung_yeon,22
shin_min_a,8,aubrey_anderson-emmons,14
sumetal,28,puff_guo,33
maggie_q,210,puff_guo,36
jinny_ng,30,moametal,42
lee_young_ae,2,lucy_liu,71
lee_young_ae,45,jun_hasegawa,56
shin_min_a,61,moametal,56
maggie_q,210,aubrey_anderson-emmons,33
marmee_cosico,28,puff_guo,8
li_yuchun,14,tina_q_nguyen,56
lee_young_ae,2,maggie_q,193
mika_nakashima,66,puff_guo,25
lee_young_ae,9,gong_hyo_jin,21
xu_jinglei,34,zhou_xun,36
aubrey_anderson-emmons,14,zhou_xun,57
minori_chihara,52,moametal,49
zhou_xun,29,vivian_wu,11
jinny_ng,49,xu_jinglei,30
vivian_wu,12,lee_jung_hyun,52
li_yuchun,18,zhou_xun,11
gong_hyo_jin,59,anna_maria_perez_de_tagle,93
tila_tequila,918,ming_xi,37
sumetal,51,lucy_liu,70
sumetal,16,lee_young_ae,13
able_wanamakok,15,maggie_q,240
moametal,55,fala_chen,69
ming_xi,52,maureen_mendoza,6
jun_hasegawa,39,maggie_q,18
sumetal,1,jun_hasegawa,52
anna_maria_perez_de_tagle,93,gong_hyo_jin,10
anna_maria_perez_de_tagle,93,maggie_q,18
li_yuchun,55,lee_young_ae,2
anna_maria_perez_de_tagle,82,jinny_ng,27
vivian_wu,13,jun_hasegawa,56
fala_chen,62,zhou_xun,38
jinny_ng,49,fala_chen,63
li_yuchun,69,mika_nakashima,6
jun_hasegawa,8,gong_seung_yeon,63
xu_jinglei,15,lee_young_ae,56
li_yuchun,69,li_na_tennis,9
vivian_wu,12,jinny_ng,48
jun_hasegawa,68,fumino_kimura,49
moametal,43,vivian_wu,13
fala_chen,63,moametal,42
fala_chen,63,li_yuchun,18
jun_hasegawa,39,anna_tsuchiya,44
xu_jinglei,36,minori_chihara,52
fumino_kimura,49,li_na_tennis,9
fala_chen,73,marmee_cosico,62
marmee_cosico,62,xu_jinglei,36
lee_young_ae,60,li_yuchun,34
zhou_xun,22,li_yuchun,3
xu_jinglei,1,maureen_mendoza,7
anna_tsuchiya,5,shin_min_a,44
xu_jinglei,15,jun_hasegawa,68
marmee_cosico,41,lee_young_ae,27
anna_maria_perez_de_tagle,93,shin_min_a,17
li_na_tennis,3,moametal,49
sumetal,47,shin_min_a,34
tila_tequila,915,anna_maria_perez_de_tagle,82
jinny_ng,49,tila_tequila,918
lee_jung_hyun,10,ming_xi,67
jun_hasegawa,52,mika_nakashima,66
lee_jung_hyun,2,tina_q_nguyen,56
puff_guo,43,mika_nakashima,45
puff_guo,5,momoe_yamaguchi,42
gong_hyo_jin,17,marmee_cosico,79
puff_guo,33,zhou_xun,3
gong_seung_yeon,22,vivian_wu,12
minori_chihara,19,jun_hasegawa,52
ming_xi,24,momoe_yamaguchi,32
anna_tsuchiya,5,able_wanamakok,56
vivian_wu,13,aubrey_anderson-emmons,1
gong_seung_yeon,20,gong_hyo_jin,57
able_wanamakok,42,tila_tequila,959
li_na_tennis,9,anna_maria_perez_de_tagle,93
li_na_tennis,12,maggie_q,193
tila_tequila,939,tina_q_nguyen,56
tina_q_nguyen,56,moametal,45
fala_chen,62,minori_chihara,36
fala_chen,63,tila_tequila,926
marmee_cosico,79,puff_guo,9
maggie_q,210,jun_hasegawa,18
zhou_xun,22,mika_nakashima,32
moametal,45,jinny_ng,30
momoe_yamaguchi,32,sumetal,40
li_yuchun,34,tila_tequila,924
able_wanamakok,41,jun_hasegawa,18
mika_nakashima,3,li_na_tennis,28
anna_maria_perez_de_tagle,93,minori_chihara,19
xu_jinglei,12,lee_young_ae,60
vivian_wu,12,puff_guo,10
able_wanamakok,27,fumino_kimura,55
tina_q_nguyen,56,marmee_cosico,62
vivian_wu,13,momoe_yamaguchi,38
marmee_cosico,41,anna_tsuchiya,50
fala_chen,69,lee_young_ae,60
momoe_yamaguchi,32,tina_q_nguyen,56
sumetal,54,shin_min_a,25
xu_jinglei,11,li_na_tennis,56
li_na_tennis,56,zhou_xun,31
moametal,56,fumino_kimura,62
xu_jinglei,58,marmee_cosico,79
jinny_ng,49,fala_chen,69
mika_nakashima,53,zhou_xun,13
mika_nakashima,33,ming_xi,17
anna_maria_perez_de_tagle,82,able_wanamakok,24
aubrey_anderson-emmons,1,moametal,49
xu_jinglei,36,moametal,43
shin_min_a,60,gong_seung_yeon,27
aubrey_anderson-emmons,2,vivian_wu,13
vivian_wu,12,li_na_tennis,8
anna_maria_perez_de_tagle,93,ming_xi,17
anna_maria_perez_de_tagle,82,tina_q_nguyen,56
shin_min_a,44,lee_young_ae,2
xu_jinglei,30,fumino_kimura,16
momoe_yamaguchi,38,lucy_liu,8
minori_chihara,52,mika_nakashima,16
gong_hyo_jin,57,jinny_ng,30
moametal,34,jun_hasegawa,34
puff_guo,25,fumino_kimura,55
sumetal,10,gong_hyo_jin,0
minori_chihara,31,zhou_xun,10
anna_maria_perez_de_tagle,82,sumetal,1
lee_young_ae,59,shin_min_a,44
maureen_mendoza,6,tina_q_nguyen,56
fumino_kimura,62,moametal,55
maggie_q,193,gong_hyo_jin,57
marmee_cosico,62,lee_young_ae,14
sumetal,40,anna_tsuchiya,31
minori_chihara,31,li_na_tennis,8
fala_chen,69,sumetal,10
aubrey_anderson-emmons,2,maggie_q,18
ming_xi,31,maureen_mendoza,6
gong_seung_yeon,36,tila_tequila,939
li_na_tennis,36,momoe_yamaguchi,32
tina_q_nguyen,56,fumino_kimura,16
maureen_mendoza,6,mika_nakashima,45
xu_jinglei,37,ming_xi,26
li_na_tennis,7,ming_xi,48
momoe_yamaguchi,32,vivian_wu,13
maggie_q,210,xu_jinglei,58
able_wanamakok,27,anna_maria_perez_de_tagle,93
jinny_ng,27,gong_hyo_jin,3
fala_chen,69,gong_hyo_jin,3
gong_seung_yeon,19,maggie_q,281
vivian_wu,13,ming_xi,67
shin_min_a,7,sumetal,28
anna_tsuchiya,31,zhou_xun,31
puff_guo,7,ming_xi,48
maggie_q,193,zhou_xun,11
puff_guo,7,anna_maria_perez_de_tagle,82
maggie_q,193,marmee_cosico,62
li_yuchun,18,maggie_q,193
able_wanamakok,7,xu_jinglei,1
shin_min_a,60,sumetal,13
maureen_mendoza,7,ming_xi,52
moametal,2,puff_guo,36
maggie_q,240,anna_maria_perez_de_tagle,93
momoe_yamaguchi,38,fala_chen,73
maureen_mendoza,6,fala_chen,73
aubrey_anderson-emmons,29,vivian_wu,12
lee_young_ae,45,gong_hyo_jin,53
xu_jinglei,15,anna_maria_perez_de_tagle,82
anna_tsuchiya,1,mika_nakashima,16
li_yuchun,63,puff_guo,52
sumetal,51,maureen_mendoza,6
sumetal,55,able_wanamakok,24
tila_tequila,915,anna_maria_perez_de_tagle,82
fala_chen,63,lucy_liu,38
anna_maria_perez_de_tagle,93,lee_jung_hyun,52
minori_chihara,39,vivian_wu,12
fala_chen,73,ming_xi,40
moametal,11,aubrey_anderson-emmons,1
jinny_ng,48,zhou_xun,10
maggie_q,289,momoe_yamaguchi,38
vivian_wu,11,xu_jinglei,36
momoe_yamaguchi,38,jun_hasegawa,56
jun_hasegawa,34,tina_q_nguyen,56
lee_jung_hyun,51,momoe_yamaguchi,42
aubrey_anderson-emmons,14,anna_maria_perez_de_tagle,93
momoe_yamaguchi,42,zhou_xun,22
jinny_ng,24,anna_tsuchiya,5
tila_tequila,935,marmee_cosico,62
puff_guo,9,maureen_mendoza,6
lee_young_ae,14,puff_guo,5
gong_seung_yeon,57,momoe_yamaguchi,42
shin_min_a,8,lucy_liu,1
maggie_q,18,tila_tequila,939
jinny_ng,30,mika_nakashima,21
tila_tequila,915,zhou_xun,0
jinny_ng,48,tina_q_nguyen,56
maggie_q,240,able_wanamakok,29
lucy_liu,13,anna_maria_perez_de_tagle,82
li_na_tennis,43,fumino_kimura,55
anna_maria_perez_de_tagle,93,moametal,2
maureen_mendoza,7,shin_min_a,62
able_wanamakok,56,xu_jinglei,30
xu_jinglei,16,tila_tequila,932
shin_min_a,32,able_wanamakok,56
li_yuchun,34,tina_q_nguyen,56
sumetal,47,aubrey_anderson-emmons,15
zhou_xun,57,puff_guo,43
jun_hasegawa,56,tina_q_nguyen,56
li_yuchun,57,mika_nakashima,53
shin_min_a,25,marmee_cosico,41
zhou_xun,22,li_na_tennis,25
fala_chen,62,xu_jinglei,16
sumetal,16,moametal,11
gong_seung_yeon,36,shin_min_a,32
mika_nakashima,3,li_na_tennis,26
lee_young_ae,25,jinny_ng,55
minori_chihara,19,sumetal,10
jun_hasegawa,49,mika_nakashima,21
tina_q_nguyen,56,fumino_kimura,54
able_wanamakok,7,lucy_liu,48
anna_maria_perez_de_tagle,93,zhou_xun,22
minori_chihara,52,tina_q_nguyen,56
li_yuchun,52,anna_maria_perez_de_tagle,82
jinny_ng,48,vivian_wu,13
lee_jung_hyun,10,zhou_xun,22
fumino_kimura,28,jinny_ng,27
tina_q_nguyen,56,maggie_q,193
minori_chihara,36,fumino_kimura,56
minori_chihara,39,anna_maria_perez_de_tagle,82
minori_chihara,36,anna_maria_perez_de_tagle,93
mika_nakashima,3,lee_jung_hyun,51
momoe_yamaguchi,32,gong_seung_yeon,32
jinny_ng,49,able_wanamakok,27
maureen_mendoza,6,momoe_yamaguchi,42
gong_seung_yeon,20,lee_young_ae,9
marmee_cosico,28,lucy_liu,54
anna_tsuchiya,15,gong_seung_yeon,39
mika_nakashima,64,lee_young_ae,59
anna_tsuchiya,31,minori_chihara,43
fala_chen,69,able_wanamakok,56
sumetal,28,lee_young_ae,59
vivian_wu,12,minori_chihara,49
zhou_xun,31,jun_hasegawa,8
fumino_kimura,7,lee_young_ae,27
xu_jinglei,41,fala_chen,62
aubrey_anderson-emmons,2,ming_xi,62
lee_jung_hyun,51,marmee_cosico,79
momoe_yamaguchi,32,lee_young_ae,56
tila_tequila,911,mika_nakashima,64
puff_guo,25,fala_chen,62
zhou_xun,57,anna_tsuchiya,15
mika_nakashima,53,marmee_cosico,79
puff_guo,36,li_yuchun,57
aubrey_anderson-emmons,29,tina_q_nguyen,56
ming_xi,52,maggie_q,281
marmee_cosico,62,lucy_liu,38
gong_hyo_jin,26,tila_tequila,935
lee_jung_hyun,31,gong_seung_yeon,27
lucy_liu,64,lee_jung_hyun,10
momoe_yamaguchi,38,gong_seung_yeon,54
lee_young_ae,51,anna_tsuchiya,43
marmee_cosico,62,anna_tsuchiya,50
maggie_q,193,ming_xi,40
sumetal,13,li_yuchun,52
tila_tequila,935,fala_chen,73
moametal,31,mika_nakashima,53
jinny_ng,27,sumetal,28
lee_jung_hyun,10,aubrey_anderson-emmons,15
li_yuchun,11,marmee_cosico,79
maggie_q,193,minori_chihara,36
vivian_wu,11,lucy_liu,8
aubrey_anderson-emmons,14,li_yuchun,63
maureen_mendoza,7,momoe_yamaguchi,42
aubrey_anderson-emmons,1,fala_chen,73
able_wanamakok,15,momoe_yamaguchi,32
fala_chen,73,marmee_cosico,63
lee_young_ae,56,fala_chen,63
momoe_yamaguchi,32,jun_hasegawa,49
vivian_wu,12,tila_tequila,918
puff_guo,7,anna_maria_perez_de_tagle,93
zhou_xun,57,lucy_liu,44
minori_chihara,46,lucy_liu,38
shin_min_a,56,maggie_q,193
puff_guo,50,fumino_kimura,56
xu_jinglei,37,tila_tequila,915
fala_chen,62,vivian_wu,13
mika_nakashima,64,lee_young_ae,60
li_na_tennis,53,lee_jung_hyun,13
marmee_cosico,79,puff_guo,10
zhou_xun,1,shin_min_a,22
jun_hasegawa,49,maggie_q,18
mika_nakashima,45,marmee_cosico,79
marmee_cosico,63,tina_q_nguyen,56
lee_jung_hyun,31,li_na_tennis,12
zhou_xun,0,fala_chen,63
li_yuchun,18,marmee_cosico,79
vivian_wu,12,ming_xi,17
lee_young_ae,15,jun_hasegawa,18
jun_hasegawa,52,jinny_ng,30
gong_seung_yeon,24,vivian_wu,12
zhou_xun,11,xu_jinglei,41
shin_min_a,62,aubrey_anderson-emmons,2
moametal,31,jinny_ng,20
gong_hyo_jin,59,maureen_mendoza,6
able_wanamakok,7,ming_xi,48
maureen_mendoza,6,sumetal,1
maggie_q,18,tila_tequila,951
gong_hyo_jin,53,jun_hasegawa,52
marmee_cosico,63,fala_chen,69
xu_jinglei,61,aubrey_anderson-emmons,33
xu_jinglei,11,tina_q_nguyen,56
vivian_wu,12,li_yuchun,18
anna_tsuchiya,5,tina_q_nguyen,56
puff_guo,7,moametal,43
sumetal,55,anna_tsuchiya,15
puff_guo,13,anna_tsuchiya,5
marmee_cosico,62,lee_jung_hyun,37
minori_chihara,52,puff_guo,43
shin_min_a,56,anna_tsuchiya,19
vivian_wu,11,xu_jinglei,34
aubrey_anderson-emmons,33,xu_jinglei,37
lee_jung_hyun,51,gong_hyo_jin,3
zhou_xun,36,minori_chihara,19
gong_seung_yeon,52,fala_chen,63
moametal,42,gong_hyo_jin,57
fala_chen,63,maggie_q,289
maggie_q,193,jun_hasegawa,34
minori_chihara,31,vivian_wu,13
tina_q_nguyen,56,puff_guo,5
li_yuchun,47,anna_tsuchiya,43
ming_xi,55,gong_hyo_jin,20
anna_maria_perez_de_tagle,93,li_yuchun,52
li_na_tennis,25,minori_chihara,44
maggie_q,289,marmee_cosico,41
vivian_wu,11,jun_hasegawa,39
moametal,49,maggie_q,289
li_na_tennis,36,ming_xi,48
maggie_q,18,jun_hasegawa,34
aubrey_anderson-emmons,14,zhou_xun,21
lucy_liu,13,lee_jung_hyun,58
li_yuchun,11,aubrey_anderson-emmons,15
zhou_xun,36,lee_jung_hyun,10
lee_young_ae,56,momoe_yamaguchi,42
fala_chen,73,shin_min_a,61
sumetal,40,tina_q_nguyen,56
moametal,2,gong_seung_yeon,36
jinny_ng,24,marmee_cosico,63
anna_maria_perez_de_tagle,93,maureen_mendoza,7
moametal,45,lee_jung_hyun,33
sumetal,33,lucy_liu,44
jinny_ng,20,xu_jinglei,16
maggie_q,193,puff_guo,13
minori_chihara,19,tila_tequila,946
lucy_liu,13,li_yuchun,52
vivian_wu,13,fumino_kimura,22
shin_min_a,8,minori_chihara,44
fala_chen,62,ming_xi,55
able_wanamakok,29,sumetal,10
shin_min_a,32,momoe_yamaguchi,38
shin_min_a,8,maureen_mendoza,28
anna_maria_perez_de_tagle,82,marmee_cosico,62
maureen_mendoza,6,gong_hyo_jin,37
tina_q_nguyen,56,momoe_yamaguchi,38
sumetal,28,fumino_kimura,47
li_yuchun,48,gong_hyo_jin,23
zhou_xun,0,able_wanamakok,7
shin_min_a,41,zhou_xun,1
marmee_cosico,63,li_na_tennis,7
fumino_kimura,28,jun_hasegawa,8
gong_seung_yeon,27,minori_chihara,19
jinny_ng,20,puff_guo,52
li_na_tennis,41,minori_chihara,36
tila_tequila,939,puff_guo,7
anna_tsuchiya,31,marmee_cosico,28
able_wanamakok,42,puff_guo,41
xu_jinglei,11,fala_chen,73
gong_hyo_jin,26,tila_tequila,950
li_yuchun,57,marmee_cosico,28
jun_hasegawa,52,jinny_ng,24
aubrey_anderson-emmons,33,jinny_ng,48
maggie_q,210,li_na_tennis,43
anna_tsuchiya,31,gong_seung_yeon,32
maggie_q,289,jun_hasegawa,56
marmee_cosico,63,gong_seung_yeon,0
maggie_q,240,puff_guo,13
shin_min_a,56,maureen_mendoza,6
lucy_liu,56,gong_seung_yeon,0
li_na_tennis,25,shin_min_a,34
lee_young_ae,13,maggie_q,289
jun_hasegawa,31,lee_jung_hyun,58
anna_tsuchiya,43,aubrey_anderson-emmons,2
gong_hyo_jin,57,tina_q_nguyen,56
anna_tsuchiya,31,fala_chen,73
marmee_cosico,79,puff_guo,52
gong_seung_yeon,63,anna_maria_perez_de_tagle,93
li_yuchun,57,jun_hasegawa,49
tila_tequila,911,fala_chen,69
momoe_yamaguchi,42,mika_nakashima,33
tina_q_nguyen,56,able_wanamakok,24
shin_min_a,60,maureen_mendoza,7
maureen_mendoza,7,maggie_q,289
gong_seung_yeon,57,lee_jung_hyun,37
marmee_cosico,28,maureen_mendoza,6
li_yuchun,6,momoe_yamaguchi,38
fala_chen,62,shin_min_a,17
marmee_cosico,28,puff_guo,8
gong_hyo_jin,10,lucy_liu,1
vivian_wu,12,li_yuchun,11
minori_chihara,52,sumetal,40
fala_chen,73,puff_guo,25
able_wanamakok,12,jun_hasegawa,50
jun_hasegawa,39,puff_guo,36
lee_jung_hyun,31,ming_xi,50
minori_chihara,36,fumino_kimura,28
marmee_cosico,41,moametal,56
zhou_xun,13,momoe_yamaguchi,42
ming_xi,40,jinny_ng,30
gong_hyo_jin,29,xu_jinglei,61
puff_guo,8,tina_q_nguyen,56
marmee_cosico,63,momoe_yamaguchi,32
lee_jung_hyun,13,li_yuchun,11
maggie_q,18,anna_tsuchiya,18
momoe_yamaguchi,32,gong_hyo_jin,10
maureen_mendoza,7,lucy_liu,4
anna_maria_perez_de_tagle,93,ming_xi,50
fumino_kimura,47,anna_tsuchiya,50
maureen_mendoza,6,vivian_wu,12
minori_chihara,39,able_wanamakok,25
jun_hasegawa,50,tila_tequila,946
lee_young_ae,56,ming_xi,26
maureen_mendoza,28,minori_chihara,39
anna_tsuchiya,5,mika_nakashima,6
puff_guo,10,gong_hyo_jin,20
jinny_ng,20,mika_nakashima,12
sumetal,51,marmee_cosico,63
lee_jung_hyun,52,mika_nakashima,53
jinny_ng,55,zhou_xun,38
tina_q_nguyen,56,ming_xi,24
fumino_kimura,22,able_wanamakok,24
anna_tsuchiya,44,xu_jinglei,12
fala_chen,73,fumino_kimura,7
lee_jung_hyun,2,anna_tsuchiya,5
marmee_cosico,63,sumetal,33
moametal,43,maggie_q,210
marmee_cosico,28,shin_min_a,22
maureen_mendoza,7,li_na_tennis,41
momoe_yamaguchi,38,maggie_q,210
tila_tequila,950,marmee_cosico,79
anna_tsuchiya,44,vivian_wu,11
zhou_xun,36,fumino_kimura,28
momoe_yamaguchi,38,fala_chen,73
maggie_q,210,momoe_yamaguchi,42
aubrey_anderson-emmons,15,maureen_mendoza,28
lee_young_ae,2,fumino_kimura,47
tina_q_nguyen,56,lucy_liu,64
li_yuchun,52,gong_hyo_jin,21
li_na_tennis,12,lee_young_ae,2
gong_hyo_jin,30,lucy_liu,54
gong_hyo_jin,26,able_wanamakok,27
aubrey_anderson-emmons,14,xu_jinglei,16
marmee_cosico,28,xu_jinglei,41
jinny_ng,49,anna_maria_perez_de_tagle,93
minori_chihara,46,maggie_q,18
momoe_yamaguchi,38,jinny_ng,49
anna_maria_perez_de_tagle,82,mika_nakashima,66
xu_jinglei,41,maggie_q,289
lucy_liu,8,maggie_q,240
puff_guo,43,tina_q_nguyen,56
anna_maria_perez_de_tagle,82,lee_young_ae,14
momoe_yamaguchi,32,puff_guo,8
anna_tsuchiya,3,li_yuchun,3
lucy_liu,64,minori_chihara,19
lee_jung_hyun,51,aubrey_anderson-emmons,14
tina_q_nguyen,56,gong_hyo_jin,29
tila_tequila,950,moametal,31
vivian_wu,13,mika_nakashima,32
marmee_cosico,63,able_wanamakok,29
tila_tequila,911,moametal,11
gong_hyo_jin,59,tila_tequila,924
puff_guo,7,jinny_ng,24
lucy_liu,38,anna_maria_perez_de_tagle,82
momoe_yamaguchi,38,marmee_cosico,41
minori_chihara,19,puff_guo,10
jinny_ng,27,maureen_mendoza,6
lee_jung_hyun,52,lucy_liu,71
momoe_yamaguchi,42,anna_tsuchiya,42
anna_tsuchiya,3,aubrey_anderson-emmons,2
puff_guo,8,anna_tsuchiya,19
mika_nakashima,3,minori_chihara,36
sumetal,13,able_wanamakok,27
lucy_liu,64,anna_tsuchiya,15
jun_hasegawa,34,tila_tequila,924
jun_hasegawa,50,anna_maria_perez_de_tagle,93
fumino_kimura,21,jinny_ng,48
lee_jung_hyun,18,li_yuchun,64
gong_hyo_jin,21,jinny_ng,24
jun_hasegawa,52,jinny_ng,27
anna_tsuchiya,19,maggie_q,281
lee_young_ae,60,shin_min_a,61
minori_chihara,36,moametal,2
zhou_xun,31,tila_tequila,955
fala_chen,63,maureen_mendoza,28
li_yuchun,55,lee_young_ae,27
gong_hyo_jin,59,lee_jung_hyun,51
tila_tequila,939,puff_guo,7
marmee_cosico,41,shin_min_a,25
gong_hyo_jin,25,lucy_liu,1
xu_jinglei,37,aubrey_anderson-emmons,33
minori_chihara,49,fumino_kimura,21
lucy_liu,39,mika_nakashima,32
mika_nakashima,64,li_na_tennis,7
lee_jung_hyun,10,momoe_yamaguchi,42
lee_young_ae,2,tina_q_nguyen,56
li_yuchun,32,maggie_q,210
minori_chihara,31,vivian_wu,11
xu_jinglei,16,lee_young_ae,15
lucy_liu,8,maureen_mendoza,6
lucy_liu,56,sumetal,40
mika_nakashima,33,momoe_yamaguchi,42
li_na_tennis,25,maggie_q,210
puff_guo,41,lee_young_ae,45
maggie_q,240,moametal,42
anna_maria_perez_de_tagle,82,xu_jinglei,37
aubrey_anderson-emmons,15,li_yuchun,63
jinny_ng,48,zhou_xun,21
mika_nakashima,12,able_wanamakok,42
fumino_kimura,28,xu_jinglei,41
zhou_xun,29,momoe_yamaguchi,32
zhou_xun,44,mika_nakashima,12
fala_chen,69,moametal,2
anna_tsuchiya,5,jun_hasegawa,49
lucy_liu,8,li_na_tennis,53
able_wanamakok,15,moametal,34
vivian_wu,12,fumino_kimura,28
anna_tsuchiya,15,fumino_kimura,22
li_yuchun,57,anna_tsuchiya,15
fala_chen,69,moametal,2
maggie_q,210,fumino_kimura,16
maggie_q,289,maureen_mendoza,7
momoe_yamaguchi,38,gong_hyo_jin,37
tila_tequila,935,lucy_liu,70
xu_jinglei,34,aubrey_anderson-emmons,2
lee_jung_hyun,13,shin_min_a,33
shin_min_a,62,lee_jung_hyun,24
tila_tequila,958,moametal,56
li_na_tennis,8,maureen_mendoza,7
maggie_q,289,moametal,56
able_wanamakok,56,gong_seung_yeon,24
shin_min_a,32,gong_seung_yeon,49
lee_jung_hyun,2,marmee_cosico,79
ming_xi,37,shin_min_a,62
anna_tsuchiya,15,minori_chihara,36
maggie_q,18,gong_hyo_jin,21
jun_hasegawa,18,li_yuchun,32
li_na_tennis,12,minori_chihara,46
fala_chen,69,jun_hasegawa,50
moametal,49,tila_tequila,911
jinny_ng,30,zhou_xun,3
fumino_kimura,61,li_na_tennis,9
lucy_liu,4,sumetal,28
moametal,11,puff_guo,43
tina_q_nguyen,56,li_na_tennis,12
lee_jung_hyun,52,fala_chen,73
moametal,2,lucy_liu,48
minori_chihara,46,zhou_xun,21
shin_min_a,25,anna_maria_perez_de_tagle,93
jinny_ng,49,puff_guo,7
ming_xi,62,sumetal,40
marmee_cosico,63,lee_young_ae,45
tina_q_nguyen,56,maureen_mendoza,6
sumetal,33,fumino_kimura,55
shin_min_a,61,li_na_tennis,8
fala_chen,69,able_wanamakok,56
jinny_ng,48,gong_hyo_jin,56
li_yuchun,47,anna_maria_perez_de_tagle,93
anna_maria_perez_de_tagle,93,aubrey_anderson-emmons,15
lee_young_ae,51,anna_maria_perez_de_tagle,93
li_yuchun,55,lee_jung_hyun,24
shin_min_a,7,tila_tequila,939
fumino_kimura,47,jun_hasegawa,50
able_wanamakok,27,lucy_liu,38
minori_chihara,31,anna_maria_perez_de_tagle,93
puff_guo,36,anna_maria_perez_de_tagle,93
gong_seung_yeon,19,fumino_kimura,55
aubrey_anderson-emmons,33,fala_chen,63
minori_chihara,46,maggie_q,210
lee_young_ae,22,lucy_liu,71
vivian_wu,13,tila_tequila,959
anna_maria_perez_de_tagle,93,anna_tsuchiya,19
anna_maria_perez_de_tagle,82,fala_chen,73
marmee_cosico,28,puff_guo,13
xu_jinglei,61,minori_chihara,43
li_yuchun,3,li_na_tennis,12
zhou_xun,11,puff_guo,50
minori_chihara,31,puff_guo,25
zhou_xun,44,aubrey_anderson-emmons,2
mika_nakashima,21,jinny_ng,48
marmee_cosico,41,maureen_mendoza,28
sumetal,28,anna_maria_perez_de_tagle,93
gong_hyo_jin,53,shin_min_a,25
puff_guo,52,momoe_yamaguchi,32
jinny_ng,49,marmee_cosico,28
ming_xi,19,li_na_tennis,28
jinny_ng,30,able_wanamakok,24
able_wanamakok,29,sumetal,54
fala_chen,69,jinny_ng,30
ming_xi,52,sumetal,28
aubrey_anderson-emmons,2,gong_seung_yeon,0
momoe_yamaguchi,32,lee_jung_hyun,10
ming_xi,55,jun_hasegawa,68
tila_tequila,958,lucy_liu,57
ming_xi,48,lee_jung_hyun,33
maggie_q,281,xu_jinglei,1
lee_jung_hyun,37,lee_young_ae,14
lucy_liu,64,tina_q_nguyen,56
gong_hyo_jin,20,maureen_mendoza,28
li_na_tennis,41,jinny_ng,20
moametal,56,tina_q_nguyen,56
minori_chihara,52,maggie_q,210
anna_tsuchiya,43,gong_hyo_jin,30
jun_hasegawa,49,shin_min_a,34
moametal,2,lucy_liu,8
ming_xi,19,mika_nakashima,53
lee_young_ae,59,mika_nakashima,33
shin_min_a,60,able_wanamakok,25
maureen_mendoza,7,puff_guo,9
li_na_tennis,10,xu_jinglei,34
ming_xi,67,zhou_xun,1
aubrey_anderson-emmons,2,li_na_tennis,22
aubrey_anderson-emmons,14,mika_nakashima,12
tina_q_nguyen,56,fumino_kimura,55
li_yuchun,63,lee_young_ae,20
li_yuchun,52,vivian_wu,12
lee_jung_hyun,31,shin_min_a,52
aubrey_anderson-emmons,33,moametal,43
marmee_cosico,79,maureen_mendoza,7
gong_seung_yeon,52,tina_q_nguyen,56
shin_min_a,25,lucy_liu,71
xu_jinglei,12,lucy_liu,71
fumino_kimura,28,li_na_tennis,3
maureen_mendoza,7,tila_tequila,959
minori_chihara,31,fumino_kimura,49
mika_nakashima,33,minori_chihara,46
li_yuchun,55,gong_hyo_jin,0
ming_xi,19,gong_seung_yeon,19
ming_xi,55,mika_nakashima,33
zhou_xun,13,able_wanamakok,56
gong_seung_yeon,63,fumino_kimura,61
anna_tsuchiya,19,zhou_xun,0
puff_guo,52,ming_xi,52
li_na_tennis,22,maureen_mendoza,6
lucy_liu,64,lee_young_ae,22
fumino_kimura,62,maggie_q,193
lee_jung_hyun,24,fala_chen,62
vivian_wu,11,able_wanamakok,56
lucy_liu,57,gong_seung_yeon,57
gong_seung_yeon,24,sumetal,40
marmee_cosico,28,minori_chihara,44
tina_q_nguyen,56,xu_jinglei,15
lucy_liu,4,puff_guo,5
puff_guo,43,anna_maria_perez_de_tagle,93
tina_q_nguyen,56,marmee_cosico,63
anna_tsuchiya,31,sumetal,16
vivian_wu,13,momoe_yamaguchi,32
momoe_yamaguchi,42,shin_min_a,52
maureen_mendoza,6,momoe_yamaguchi,38
maggie_q,289,tila_tequila,911
jun_hasegawa,50,sumetal,55
shin_min_a,32,anna_maria_perez_de_tagle,93
momoe_yamaguchi,42,xu_jinglei,58
minori_chihara,46,lucy_liu,70
aubrey_anderson-emmons,14,fala_chen,62
puff_guo,13,fumino_kimura,49
moametal,31,lee_jung_hyun,18
sumetal,13,maggie_q,210
aubrey_anderson-emmons,33,lee_jung_hyun,10
lucy_liu,64,vivian_wu,12
shin_min_a,60,gong_seung_yeon,32
lee_jung_hyun,37,jun_hasegawa,49
sumetal,55,lucy_liu,38
mika_nakashima,53,jinny_ng,20
shin_min_a,17,fala_chen,69
able_wanamakok,27,gong_seung_yeon,49
momoe_yamaguchi,38,jun_hasegawa,31
mika_nakashima,21,minori_chihara,49
momoe_yamaguchi,42,lucy_liu,38
fala_chen,63,puff_guo,8
ming_xi,67,jun_hasegawa,50
jinny_ng,24,minori_chihara,19
tina_q_nguyen,56,gong_hyo_jin,17
mika_nakashima,21,able_wanamakok,27
puff_guo,50,marmee_cosico,79
li_na_tennis,12,maggie_q,210
minori_chihara,52,fala_chen,69
marmee_cosico,63,lee_young_ae,62
minori_chihara,52,fumino_kimura,54
fumino_kimura,49,maggie_q,18
moametal,11,zhou_xun,13
gong_seung_yeon,25,jun_hasegawa,34
fala_chen,62,jinny_ng,49
gong_hyo_jin,57,lee_young_ae,60
mika_nakashima,64,xu_jinglei,1
tila_tequila,935,puff_guo,50
gong_hyo_jin,3,lee_young_ae,56
minori_chihara,44,aubrey_anderson-emmons,29
anna_tsuchiya,43,jinny_ng,48
tina_q_nguyen,56,puff_guo,52
anna_maria_perez_de_tagle,82,lucy_liu,13
jinny_ng,49,sumetal,12
momoe_yamaguchi,42,xu_jinglei,15
gong_seung_yeon,57,momoe_yamaguchi,32
anna_maria_perez_de_tagle,93,ming_xi,48
jinny_ng,49,anna_tsuchiya,15
puff_guo,7,tila_tequila,924
marmee_cosico,28,jun_hasegawa,34
gong_seung_yeon,63,mika_nakashima,37
aubrey_anderson-emmons,1,maureen_mendoza,7
sumetal,10,minori_chihara,39
maggie_q,240,aubrey_anderson-emmons,1
maggie_q,18,gong_hyo_jin,21
ming_xi,26,maggie_q,281
able_wanamakok,29,mika_nakashima,6
puff_guo,33,vivian_wu,13
gong_hyo_jin,56,mika_nakashima,3
jinny_ng,30,shin_min_a,44
jinny_ng,49,maggie_q,193
lee_jung_hyun,37,marmee_cosico,79
jun_hasegawa,39,zhou_xun,11
tina_q_nguyen,56,maureen_mendoza,7
jinny_ng,48,moametal,55
jun_hasegawa,52,minori_chihara,31
shin_min_a,17,zhou_xun,22
able_wanamakok,42,lee_jung_hyun,37
maggie_q,193,fumino_kimura,16
shin_min_a,52,li_yuchun,18
aubrey_anderson-emmons,15,xu_jinglei,30
minori_chihara,52,moametal,31
gong_hyo_jin,10,shin_min_a,60
gong_seung_yeon,36,gong_hyo_jin,59
jun_hasegawa,56,lee_jung_hyun,37
aubrey_anderson-emmons,14,moametal,56
gong_hyo_jin,17,mika_nakashima,32
fumino_kimura,49,gong_hyo_jin,20
tina_q_nguyen,56,fumino_kimura,47
zhou_xun,22,marmee_cosico,79
sumetal,56,li_yuchun,57
jinny_ng,27,gong_seung_yeon,63
xu_jinglei,16,tina_q_nguyen,56
fala_chen,69,jun_hasegawa,49
tila_tequila,950,puff_guo,33
jun_hasegawa,68,li_yuchun,34
shin_min_a,7,li_yuchun,63
zhou_xun,0,li_na_tennis,43
lee_young_ae,14,minori_chihara,49
shin_min_a,7,jinny_ng,55
momoe_yamaguchi,32,gong_hyo_jin,25
jun_hasegawa,49,tila_tequila,909
lee_jung_hyun,33,li_yuchun,32
maureen_mendoza,6,puff_guo,52
gong_hyo_jin,59,ming_xi,40
tina_q_nguyen,56,jinny_ng,20
gong_seung_yeon,39,fumino_kimura,62
maggie_q,289,zhou_xun,31
maggie_q,18,zhou_xun,44
moametal,49,li_na_tennis,25
jinny_ng,48,ming_xi,37
anna_maria_perez_de_tagle,82,aubrey_anderson-emmons,33
lee_jung_hyun,51,jinny_ng,27
lucy_liu,38,xu_jinglei,11
maggie_q,289,fala_chen,62
lee_jung_hyun,33,shin_min_a,61
fala_chen,63,tina_q_nguyen,56
mika_nakashima,45,gong_hyo_jin,8
lucy_liu,39,gong_seung_yeon,32
maureen_mendoza,7,marmee_cosico,28
fala_chen,62,shin_min_a,61
sumetal,55,momoe_yamaguchi,42
lee_jung_hyun,31,zhou_xun,57
shin_min_a,56,lucy_liu,13
fumino_kimura,54,lee_jung_hyun,18
lucy_liu,39,lee_young_ae,20
moametal,42,momoe_yamaguchi,38
ming_xi,9,puff_guo,8
aubrey_anderson-emmons,15,minori_chihara,46
li_na_tennis,56,sumetal,56
anna_maria_perez_de_tagle,82,tila_tequila,951
able_wanamakok,29,mika_nakashima,3
zhou_xun,53,marmee_cosico,62
sumetal,40,maureen_mendoza,7
mika_nakashima,64,lee_jung_hyun,10
puff_guo,41,anna_tsuchiya,3
maureen_mendoza,6,shin_min_a,41
fumino_kimura,55,sumetal,10
mika_nakashima,37,xu_jinglei,41
minori_chihara,31,gong_hyo_jin,53
tila_tequila,959,jinny_ng,30
vivian_wu,11,puff_guo,43
lee_jung_hyun,13,anna_tsuchiya,50
mika_nakashima,37,lee_jung_hyun,51
shin_min_a,56,momoe_yamaguchi,38
vivian_wu,12,able_wanamakok,56
jun_hasegawa,68,able_wanamakok,29
able_wanamakok,27,gong_seung_yeon,54
fala_chen,63,jinny_ng,48
moametal,43,shin_min_a,41
lucy_liu,57,minori_chihara,39
shin_min_a,44,tila_tequila,951
vivian_wu,13,momoe_yamaguchi,32
gong_hyo_jin,17,shin_min_a,22
jun_hasegawa,18,fumino_kimura,7
maureen_mendoza,6,ming_xi,62
fala_chen,69,maureen_mendoza,6
lee_jung_hyun,31,tina_q_nguyen,56
moametal,34,gong_hyo_jin,26
fumino_kimura,28,li_yuchun,14
xu_jinglei,30,gong_hyo_jin,0
fala_chen,73,vivian_wu,11
tila_tequila,955,zhou_xun,0
lucy_liu,64,tina_q_nguyen,56
li_na_tennis,53,anna_maria_perez_de_tagle,93
li_na_tennis,22,gong_hyo_jin,37
mika_nakashima,6,tila_tequila,915
fumino_kimura,56,marmee_cosico,79
aubrey_anderson-emmons,2,fumino_kimura,16
zhou_xun,38,maggie_q,281
lee_young_ae,45,puff_guo,25
gong_hyo_jin,59,anna_tsuchiya,19
maggie_q,281,jinny_ng,20
zhou_xun,0,lucy_liu,1
li_na_tennis,43,sumetal,33
zhou_xun,1,tina_q_nguyen,56
lee_young_ae,27,zhou_xun,53
anna_tsuchiya,50,li_yuchun,18
gong_seung_yeon,19,momoe_yamaguchi,42
minori_chihara,46,sumetal,40
able_wanamakok,25,zhou_xun,38
minori_chihara,44,vivian_wu,11
fala_chen,63,tina_q_nguyen,56
mika_nakashima,12,able_wanamakok,42
fala_chen,73,momoe_yamaguchi,32
anna_maria_perez_de_tagle,82,ming_xi,67
puff_guo,10,moametal,43
ming_xi,67,li_yuchun,11
li_yuchun,11,fumino_kimura,55
zhou_xun,38,fala_chen,63
lee_young_ae,13,vivian_wu,11
able_wanamakok,24,maggie_q,210
li_na_tennis,36,minori_chihara,43
ming_xi,9,lee_jung_hyun,2
lee_jung_hyun,37,able_wanamakok,7
puff_guo,8,tina_q_nguyen,56
anna_maria_perez_de_tagle,93,maureen_mendoza,28
puff_guo,8,marmee_cosico,41
aubrey_anderson-emmons,14,able_wanamakok,24
anna_tsuchiya,3,li_yuchun,6
zhou_xun,22,maggie_q,240
tina_q_nguyen,56,vivian_wu,11
tina_q_nguyen,56,ming_xi,26
maggie_q,210,vivian_wu,11
lee_jung_hyun,51,moametal,43
zhou_xun,36,ming_xi,55
aubrey_anderson-emmons,15,maggie_q,289
tila_tequila,932,tina_q_nguyen,56
gong_seung_yeon,22,marmee_cosico,41
gong_seung_yeon,19,moametal,11
momoe_yamaguchi,38,li_na_tennis,9
gong_seung_yeon,24,jinny_ng,49
moametal,43,jun_hasegawa,52
moametal,55,mika_nakashima,45
mika_nakashima,21,vivian_wu,11
lee_jung_hyun,31,li_yuchun,55
fala_chen,62,mika_nakashima,66
vivian_wu,12,sumetal,54
anna_maria_perez_de_tagle,82,sumetal,12
able_wanamakok,7,fala_chen,63
fumino_kimura,47,li_na_tennis,3
mika_nakashima,37,maggie_q,210
gong_hyo_jin,37,minori_chihara,49
gong_hyo_jin,25,lucy_liu,54
lucy_liu,64,aubrey_anderson-emmons,14
minori_chihara,52,shin_min_a,62
lee_jung_hyun,13,vivian_wu,12
lee_jung_hyun,37,sumetal,56
maureen_mendoza,28,lucy_liu,4
moametal,43,tina_q_nguyen,56
anna_tsuchiya,19,sumetal,33
minori_chihara,52,able_wanamakok,15
aubrey_anderson-emmons,15,gong_seung_yeon,20
aubrey_anderson-emmons,33,maureen_mendoza,7
fala_chen,69,tina_q_nguyen,56
lucy_liu,54,li_yuchun,6
zhou_xun,29,tina_q_nguyen,56
li_na_tennis,22,tila_tequila,924
tila_tequila,935,moametal,2
gong_hyo_jin,30,puff_guo,36
ming_xi,19,shin_min_a,44
tina_q_nguyen,56,marmee_cosico,79
lee_young_ae,22,maureen_mendoza,28
zhou_xun,3,marmee_cosico,62
fumino_kimura,61,aubrey_anderson-emmons,2
minori_chihara,39,tina_q_nguyen,56
maureen_mendoza,28,zhou_xun,21
tina_q_nguyen,56,gong_hyo_jin,3
zhou_xun,11,li_na_tennis,41
vivian_wu,12,marmee_cosico,63
lucy_liu,8,lee_jung_hyun,24
able_wanamakok,25,anna_tsuchiya,43
moametal,34,jun_hasegawa,68
ming_xi,17,zhou_xun,0
shin_min_a,17,li_yuchun,11
maggie_q,193,tila_tequila,935
li_na_tennis,12,sumetal,54
li_yuchun,52,li_na_tennis,22
gong_seung_yeon,49,tila_tequila,915
gong_seung_yeon,32,zhou_xun,3
vivian_wu,11,li_na_tennis,10
gong_hyo_jin,17,lucy_liu,57
jinny_ng,27,shin_min_a,7
minori_chihara,52,aubrey_anderson-emmons,14
marmee_cosico,79,aubrey_anderson-emmons,15
gong_seung_yeon,57,moametal,42
tila_tequila,959,aubrey_anderson-emmons,2
anna_tsuchiya,19,vivian_wu,12
zhou_xun,21,anna_maria_perez_de_tagle,93
aubrey_anderson-emmons,15,minori_chihara,46
mika_nakashima,66,fumino_kimura,62
tina_q_nguyen,56,sumetal,56
jun_hasegawa,56,gong_seung_yeon,20
anna_tsuchiya,44,puff_guo,41
tina_q_nguyen,56,lee_young_ae,62
tila_tequila,958,momoe_yamaguchi,38
anna_maria_perez_de_tagle,82,minori_chihara,43
tila_tequila,939,puff_guo,10
minori_chihara,44,marmee_cosico,63
moametal,42,tila_tequila,951
anna_tsuchiya,3,able_wanamakok,41
gong_seung_yeon,63,mika_nakashima,16
mika_nakashima,64,li_yuchun,18
aubrey_anderson-emmons,33,shin_min_a,34
maureen_mendoza,28,ming_xi,37
ming_xi,67,marmee_cosico,63
anna_maria_perez_de_tagle,82,ming_xi,50
tila_tequila,918,sumetal,51
aubrey_anderson-emmons,2,zhou_xun,13
mika_nakashima,66,moametal,56
li_yuchun,34,tila_tequila,911
lee_young_ae,60,minori_chihara,49
mika_nakashima,45,tina_q_nguyen,56
zhou_xun,53,li_na_tennis,43
moametal,2,xu_jinglei,15
mika_nakashima,3,fumino_kimura,61
zhou_xun,1,lee_jung_hyun,24
xu_jinglei,1,li_yuchun,57
lucy_liu,38,tina_q_nguyen,56
tila_tequila,951,moametal,43
zhou_xun,11,gong_seung_yeon,57
sumetal,28,anna_maria_perez_de_tagle,93
momoe_yamaguchi,38,minori_chihara,36
gong_hyo_jin,29,maureen_mendoza,28
li_na_tennis,36,shin_min_a,60
tila_tequila,964,fumino_kimura,16
lee_jung_hyun,52,lee_young_ae,22
lee_jung_hyun,24,tila_tequila,918
xu_jinglei,11,puff_guo,43
li_na_tennis,56,lee_jung_hyun,58
fumino_kimura,49,shin_min_a,22
jinny_ng,49,tina_q_nguyen,56
lee_young_ae,60,lee_jung_hyun,31
shin_min_a,17,fumino_kimura,47
able_wanamakok,24,aubrey_anderson-emmons,29
jun_hasegawa,56,xu_jinglei,61
minori_chihara,43,maureen_mendoza,28
maureen_mendoza,7,fumino_kimura,56
momoe_yamaguchi,32,anna_tsuchiya,3
anna_tsuchiya,44,momoe_yamaguchi,42
li_na_tennis,26,tina_q_nguyen,56
momoe_yamaguchi,42,lee_jung_hyun,31
li_na_tennis,41,fala_chen,62
tina_q_nguyen,56,zhou_xun,31
mika_nakashima,32,anna_tsuchiya,15
lucy_liu,1,tila_tequila,935
maureen_mendoza,28,fala_chen,69
able_wanamakok,24,maggie_q,289
gong_seung_yeon,27,vivian_wu,12
minori_chihara,39,sumetal,12
able_wanamakok,24,jun_hasegawa,8
tina_q_nguyen,56,ming_xi,67
lucy_liu,54,li_yuchun,48
mika_nakashima,33,gong_hyo_jin,20
tina_q_nguyen,56,marmee_cosico,79
vivian_wu,13,li_na_tennis,26
momoe_yamaguchi,38,sumetal,56
sumetal,33,jinny_ng,27
lee_young_ae,22,vivian_wu,12
maureen_mendoza,6,lee_young_ae,14
lee_jung_hyun,18,tina_q_nguyen,56
aubrey_anderson-emmons,29,xu_jinglei,61
maggie_q,210,maureen_mendoza,6
sumetal,51,tila_tequila,935
puff_guo,50,lee_young_ae,22
lucy_liu,56,jinny_ng,55
anna_maria_perez_de_tagle,93,lucy_liu,48
mika_nakashima,6,li_yuchun,11
able_wanamakok,41,maureen_mendoza,28
minori_chihara,44,anna_maria_perez_de_tagle,93
tina_q_nguyen,56,momoe_yamaguchi,32
moametal,11,lee_young_ae,25
mika_nakashima,66,jinny_ng,20
momoe_yamaguchi,38,ming_xi,37
momoe_yamaguchi,32,shin_min_a,33
gong_hyo_jin,56,moametal,42
maureen_mendoza,28,momoe_yamaguchi,38
lee_jung_hyun,52,gong_seung_yeon,54
fala_chen,69,shin_min_a,61
able_wanamakok,7,ming_xi,55
shin_min_a,44,lee_young_ae,13
shin_min_a,44,anna_tsuchiya,3
marmee_cosico,41,li_yuchun,57
gong_hyo_jin,20,gong_seung_yeon,24
able_wanamakok,41,minori_chihara,31
lee_jung_hyun,10,anna_tsuchiya,31
mika_nakashima,64,momoe_yamaguchi,38
sumetal,33,li_yuchun,57
maggie_q,210,fala_chen,63
aubrey_anderson-emmons,14,jun_hasegawa,31
momoe_yamaguchi,38,li_yuchun,47
anna_tsuchiya,18,fumino_kimura,49
gong_hyo_jin,30,gong_seung_yeon,19
lee_jung_hyun,10,lucy_liu,54
jinny_ng,48,able_wanamakok,7
maureen_mendoza,28,anna_maria_perez_de_tagle,93
aubrey_anderson-emmons,1,fumino_kimura,55
able_wanamakok,29,lee_jung_hyun,24
able_wanamakok,56,sumetal,51
lee_young_ae,9,tina_q_nguyen,56
gong_hyo_jin,57,minori_chihara,36
maureen_mendoza,7,gong_hyo_jin,10
tina_q_nguyen,56,moametal,56
lee_young_ae,15,mika_nakashima,37
momoe_yamaguchi,32,tina_q_nguyen,56
tila_tequila,909,lucy_liu,56
anna_maria_perez_de_tagle,82,xu_jinglei,16
xu_jinglei,11,jun_hasegawa,49
moametal,56,fumino_kimura,55
fumino_kimura,16,vivian_wu,12
gong_hyo_jin,17,ming_xi,50
xu_jinglei,36,lee_jung_hyun,58
maureen_mendoza,7,tila_tequila,959
zhou_xun,36,aubrey_anderson-emmons,29
anna_tsuchiya,15,lee_jung_hyun,31
fala_chen,73,gong_seung_yeon,25
sumetal,1,li_na_tennis,36
anna_maria_perez_de_tagle,93,xu_jinglei,58
momoe_yamaguchi,42,shin_min_a,8
tina_q_nguyen,56,marmee_cosico,62
xu_jinglei,41,marmee_cosico,79
momoe_yamaguchi,42,maureen_mendoza,7
shin_min_a,52,maureen_mendoza,6
jun_hasegawa,31,lee_jung_hyun,37
shin_min_a,25,gong_hyo_jin,53
li_na_tennis,41,li_yuchun,6
maggie_q,240,able_wanamakok,12
lee_jung_hyun,37,maureen_mendoza,28
li_na_tennis,56,jun_hasegawa,39
shin_min_a,56,moametal,2
marmee_cosico,28,tila_tequila,932
zhou_xun,11,anna_tsuchiya,44
puff_guo,41,vivian_wu,13
fumino_kimura,47,minori_chihara,19
maureen_mendoza,6,able_wanamakok,25
li_na_tennis,36,gong_hyo_jin,3
tila_tequila,958,moametal,55
marmee_cosico,41,tina_q_nguyen,56
moametal,2,momoe_yamaguchi,32
aubrey_anderson-emmons,2,lucy_liu,13
momoe_yamaguchi,32,lee_jung_hyun,18
maggie_q,281,gong_hyo_jin,0
anna_maria_perez_de_tagle,93,xu_jinglei,15
vivian_wu,11,momoe_yamaguchi,38
able_wanamakok,24,vivian_wu,13
tila_tequila,950,xu_jinglei,12
li_na_tennis,25,tila_tequila,951
xu_jinglei,34,tila_tequila,911
fala_chen,63,ming_xi,50
moametal,45,jinny_ng,49
mika_nakashima,64,momoe_yamaguchi,38
gong_hyo_jin,25,zhou_xun,21
momoe_yamaguchi,38,able_wanamakok,29
li_na_tennis,22,jinny_ng,55
shin_min_a,25,maggie_q,281
able_wanamakok,29,minori_chihara,19
momoe_yamaguchi,38,shin_min_a,17
moametal,34,momoe_yamaguchi,32
minori_chihara,31,aubrey_anderson-emmons,2
vivian_wu,12,sumetal,10
fumino_kimura,47,maureen_mendoza,6
zhou_xun,11,puff_guo,43
momoe_yamaguchi,42,xu_jinglei,34
jun_hasegawa,39,maureen_mendoza,7
tina_q_nguyen,56,mika_nakashima,6
shin_min_a,33,aubrey_anderson-emmons,2
zhou_xun,29,anna_tsuchiya,42
gong_hyo_jin,59,fala_chen,62
maggie_q,18,aubrey_anderson-emmons,2
anna_maria_perez_de_tagle,93,tila_tequila,926
anna_tsuchiya,3,shin_min_a,22
li_yuchun,32,ming_xi,40
puff_guo,33,fala_chen,62
moametal,55,xu_jinglei,15
shin_min_a,56,gong_hyo_jin,29
anna_maria_perez_de_tagle,82,mika_nakashima,12
lee_jung_hyun,24,tina_q_nguyen,56
lee_young_ae,20,lucy_liu,57
anna_maria_perez_de_tagle,93,li_na_tennis,10
zhou_xun,29,jun_hasegawa,18
gong_seung_yeon,25,fumino_kimura,47
moametal,49,puff_guo,5
tina_q_nguyen,56,lucy_liu,71
gong_seung_yeon,36,ming_xi,48
fumino_kimura,55,fala_chen,69
anna_maria_perez_de_tagle,82,aubrey_anderson-emmons,15
marmee_cosico,28,maureen_mendoza,28
puff_guo,50,fumino_kimura,47
lee_young_ae,14,anna_maria_perez_de_tagle,82
moametal,2,gong_seung_yeon,52
able_wanamakok,7,mika_nakashima,33
shin_min_a,8,mika_nakashima,16
shin_min_a,7,minori_chihara,52
anna_tsuchiya,50,able_wanamakok,41
xu_jinglei,58,mika_nakashima,33
jun_hasegawa,68,moametal,45
lucy_liu,64,xu_jinglei,15
moametal,56,maggie_q,210
lee_young_ae,60,minori_chihara,49
xu_jinglei,12,vivian_wu,12
maureen_mendoza,7,vivian_wu,11
fala_chen,63,jun_hasegawa,50
jinny_ng,24,vivian_wu,12
puff_guo,25,able_wanamakok,25
fala_chen,73,anna_maria_perez_de_tagle,93
momoe_yamaguchi,42,vivian_wu,11
li_na_tennis,36,fala_chen,63
zhou_xun,21,li_na_tennis,43
lucy_liu,48,puff_guo,33
zhou_xun,22,li_na_tennis,36
lee_jung_hyun,33,moametal,31
puff_guo,9,marmee_cosico,41
gong_hyo_jin,21,momoe_yamaguchi,42
gong_hyo_jin,30,zhou_xun,57
lucy_liu,71,maureen_mendoza,7
lee_young_ae,27,minori_chihara,39
li_na_tennis,56,fala_chen,62
maureen_mendoza,7,minori_chihara,43
vivian_wu,13,tila_tequila,958
anna_maria_perez_de_tagle,82,gong_hyo_jin,29
maureen_mendoza,6,vivian_wu,13
li_na_tennis,43,xu_jinglei,12
zhou_xun,0,lucy_liu,64
gong_hyo_jin,20,li_na_tennis,26
puff_guo,41,moametal,31
minori_chihara,39,li_na_tennis,10
li_yuchun,47,lee_jung_hyun,18
tina_q_nguyen,56,puff_guo,52
xu_jinglei,30,maggie_q,281
xu_jinglei,41,shin_min_a,41
puff_guo,5,minori_chihara,31
sumetal,10,anna_tsuchiya,1
able_wanamakok,7,xu_jinglei,30
tina_q_nguyen,56,anna_tsuchiya,19
gong_hyo_jin,17,puff_guo,9
jun_hasegawa,18,tila_tequila,951
ming_xi,31,xu_jinglei,41
vivian_wu,12,tila_tequila,964
lee_jung_hyun,13,momoe_yamaguchi,38
jun_hasegawa,56,aubrey_anderson-emmons,2
vivian_wu,11,fala_chen,73
aubrey_anderson-emmons,29,maureen_mendoza,7
fumino_kimura,55,maureen_mendoza,28
maggie_q,210,momoe_yamaguchi,42
tina_q_nguyen,56,vivian_wu,11
moametal,31,zhou_xun,57
lucy_liu,70,aubrey_anderson-emmons,1
fala_chen,73,vivian_wu,12
li_na_tennis,12,maggie_q,18
mika_nakashima,32,momoe_yamaguchi,38
mika_nakashima,37,fumino_kimura,7
maggie_q,289,zhou_xun,31
lee_young_ae,45,vivian_wu,11
vivian_wu,11,lee_young_ae,15
fala_chen,69,ming_xi,52
li_na_tennis,10,xu_jinglei,11
xu_jinglei,58,sumetal,13
zhou_xun,13,minori_chihara,43
momoe_yamaguchi,32,sumetal,28
ming_xi,40,sumetal,1
ming_xi,50,vivian_wu,12
fumino_kimura,28,lee_young_ae,20
marmee_cosico,79,jinny_ng,20
maggie_q,193,lee_jung_hyun,2
minori_chihara,43,gong_seung_yeon,32
lucy_liu,39,li_yuchun,3
jinny_ng,55,puff_guo,43
lucy_liu,4,moametal,43
maureen_mendoza,6,anna_maria_perez_de_tagle,82
puff_guo,5,mika_nakashima,21
li_na_tennis,56,gong_hyo_jin,37
li_na_tennis,26,anna_maria_perez_de_tagle,93
lee_jung_hyun,51,lee_young_ae,59
li_yuchun,32,momoe_yamaguchi,32
zhou_xun,38,lee_young_ae,25
maureen_mendoza,7,gong_hyo_jin,26
jinny_ng,30,anna_tsuchiya,50
anna_tsuchiya,50,sumetal,28
tina_q_nguyen,56,marmee_cosico,28
sumetal,56,fala_chen,62
gong_seung_yeon,24,anna_tsuchiya,19
anna_tsuchiya,44,fala_chen,63
shin_min_a,61,anna_tsuchiya,3
able_wanamakok,7,puff_guo,50
sumetal,51,lee_jung_hyun,10
fala_chen,73,mika_nakashima,64
tina_q_nguyen,56,lee_jung_hyun,52
aubrey_anderson-emmons,33,anna_maria_perez_de_tagle,82
gong_hyo_jin,8,xu_jinglei,12
anna_tsuchiya,3,momoe_yamaguchi,32
li_yuchun,55,sumetal,13
gong_hyo_jin,8,anna_maria_perez_de_tagle,93
lee_jung_hyun,51,minori_chihara,39
maggie_q,193,tila_tequila,964
ming_xi,19,momoe_yamaguchi,38
jun_hasegawa,68,puff_guo,5
lucy_liu,54,fumino_kimura,7
anna_tsuchiya,15,fumino_kimura,28
fala_chen,63,vivian_wu,13
aubrey_anderson-emmons,1,momoe_yamaguchi,32
fumino_kimura,47,tina_q_nguyen,56
fumino_kimura,61,li_na_tennis,28
ming_xi,48,li_yuchun,55
jun_hasegawa,50,gong_hyo_jin,25
tila_tequila,935,lee_young_ae,2
minori_chihara,43,vivian_wu,12
shin_min_a,8,fumino_kimura,7
anna_tsuchiya,19,maggie_q,289
anna_maria_perez_de_tagle,93,ming_xi,17
moametal,49,shin_min_a,7
puff_guo,7,moametal,43
mika_nakashima,32,shin_min_a,56
moametal,11,ming_xi,50
jinny_ng,55,puff_guo,13
lucy_liu,64,lee_young_ae,62
lee_young_ae,27,maggie_q,240
lee_jung_hyun,18,maureen_mendoza,6
mika_nakashima,3,fumino_kimura,62
lee_young_ae,60,li_yuchun,69
lucy_liu,70,lee_jung_hyun,33
lucy_liu,48,tina_q_nguyen,56
fala_chen,73,puff_guo,25
zhou_xun,53,able_wanamakok,15
sumetal,33,lee_jung_hyun,58
fala_chen,69,li_na_tennis,3
li_yuchun,64,sumetal,54
vivian_wu,11,fumino_kimura,56
zhou_xun,10,fumino_kimura,16
able_wanamakok,41,li_na_tennis,10
jinny_ng,24,lee_jung_hyun,2
maggie_q,193,li_na_tennis,28
tila_tequila,939,zhou_xun,10
gong_hyo_jin,57,maggie_q,240
li_yuchun,64,zhou_xun,3
maggie_q,18,moametal,43
zhou_xun,1,aubrey_anderson-emmons,14
momoe_yamaguchi,42,maggie_q,210
fala_chen,73,gong_seung_yeon,25
li_yuchun,3,maggie_q,210
minori_chihara,44,fumino_kimura,61
jun_hasegawa,68,moametal,45
ming_xi,50,aubrey_anderson-emmons,2
marmee_cosico,62,jun_hasegawa,49
sumetal,12,momoe_yamaguchi,38
mika_nakashima,6,maggie_q,18
lucy_liu,44,lee_young_ae,22
gong_hyo_jin,29,zhou_xun,38
gong_seung_yeon,39,xu_jinglei,58
xu_jinglei,36,vivian_wu,12
maureen_mendoza,28,lee_jung_hyun,31
momoe_yamaguchi,32,gong_hyo_jin,29
sumetal,51,minori_chihara,39
momoe_yamaguchi,42,mika_nakashima,16
tila_tequila,964,gong_seung_yeon,63
vivian_wu,12,able_wanamakok,42
vivian_wu,12,aubrey_anderson-emmons,2
ming_xi,17,lee_jung_hyun,51
maggie_q,281,lucy_liu,64
jinny_ng,30,anna_tsuchiya,31
shin_min_a,60,gong_hyo_jin,25
momoe_yamaguchi,38,fala_chen,62
maggie_q,193,gong_seung_yeon,0
lee_jung_hyun,52,lee_young_ae,62
maureen_mendoza,7,fala_chen,69
maggie_q,281,lee_jung_hyun,51
gong_hyo_jin,21,tila_tequila,918
jun_hasegawa,8,puff_guo,50
vivian_wu,13,gong_hyo_jin,59
jun_hasegawa,50,gong_seung_yeon,54
momoe_yamaguchi,32,tila_tequila,946
jinny_ng,24,gong_hyo_jin,26
able_wanamakok,29,minori_chihara,31
lee_young_ae,14,lucy_liu,48
minori_chihara,52,li_na_tennis,12
ming_xi,62,lucy_liu,39
aubrey_anderson-emmons,14,xu_jinglei,36
jinny_ng,49,gong_hyo_jin,56
jun_hasegawa,68,fumino_kimura,21
lee_jung_hyun,2,zhou_xun,1
anna_maria_perez_de_tagle,93,tina_q_nguyen,56
lee_young_ae,45,fala_chen,73
maureen_mendoza,28,able_wanamakok,29
minori_chihara,46,lee_jung_hyun,13
lee_jung_hyun,2,ming_xi,52
jun_hasegawa,68,lee_jung_hyun,52
anna_maria_perez_de_tagle,82,vivian_wu,13
momoe_yamaguchi,38,fala_chen,62
xu_jinglei,12,anna_tsuchiya,5
aubrey_anderson-emmons,2,marmee_cosico,41
anna_tsuchiya,19,shin_min_a,32
lee_jung_hyun,33,anna_tsuchiya,19
shin_min_a,34,anna_tsuchiya,31
maureen_mendoza,28,anna_maria_perez_de_tagle,93
minori_chihara,46,sumetal,55
fala_chen,62,maureen_mendoza,6
lucy_liu,4,fumino_kimura,28
gong_seung_yeon,0,anna_maria_perez_de_tagle,82
minori_chihara,39,tila_tequila,964
anna_maria_perez_de_tagle,82,gong_seung_yeon,22
zhou_xun,3,tina_q_nguyen,56
lee_jung_hyun,58,li_na_tennis,41
able_wanamakok,25,marmee_cosico,63
able_wanamakok,29,moametal,55
anna_tsuchiya,15,anna_maria_perez_de_tagle,82
gong_hyo_jin,57,gong_seung_yeon,0
lee_young_ae,9,momoe_yamaguchi,42
vivian_wu,13,lee_young_ae,15
li_na_tennis,10,gong_hyo_jin,0
xu_jinglei,61,minori_chihara,43
jinny_ng,27,maureen_mendoza,28
li_na_tennis,22,fumino_kimura,56
jinny_ng,24,lee_jung_hyun,31
vivian_wu,12,jinny_ng,20
minori_chihara,49,jun_hasegawa,8
lucy_liu,57,ming_xi,52
marmee_cosico,63,shin_min_a,22
fumino_kimura,7,aubrey_anderson-emmons,15
sumetal,55,aubrey_anderson-emmons,2
gong_hyo_jin,26,shin_min_a,61
momoe_yamaguchi,32,moametal,56
tila_tequila,951,jun_hasegawa,52
anna_maria_perez_de_tagle,82,minori_chihara,43
gong_hyo_jin,0,marmee_cosico,62
able_wanamakok,15,gong_hyo_jin,29
gong_hyo_jin,37,maggie_q,289
lee_jung_hyun,33,lucy_liu,56
shin_min_a,62,fumino_kimura,54
maggie_q,281,maureen_mendoza,7
sumetal,13,moametal,11
ming_xi,9,aubrey_anderson-emmons,1
ming_xi,67,anna_maria_perez_de_tagle,82
zhou_xun,57,jinny_ng,20
jun_hasegawa,50,lucy_liu,64
mika_nakashima,12,zhou_xun,1
anna_maria_perez_de_tagle,82,lee_young_ae,20
li_yuchun,69,puff_guo,13
anna_tsuchiya,31,jinny_ng,49
able_wanamakok,7,jun_hasegawa,18
jun_hasegawa,39,fala_chen,73
xu_jinglei,15,vivian_wu,11
xu_jinglei,61,minori_chihara,19
vivian_wu,12,xu_jinglei,12
able_wanamakok,12,aubrey_anderson-emmons,33
gong_seung_yeon,32,lucy_liu,38
able_wanamakok,56,momoe_yamaguchi,38
anna_tsuchiya,5,puff_guo,9
anna_tsuchiya,50,li_na_tennis,41
able_wanamakok,41,anna_maria_perez_de_tagle,93
tila_tequila,958,lucy_liu,8
able_wanamakok,7,mika_nakashima,64
anna_tsuchiya,18,zhou_xun,38
jun_hasegawa,52,puff_guo,9
sumetal,1,jinny_ng,49
jinny_ng,55,zhou_xun,10
gong_seung_yeon,57,momoe_yamaguchi,32
minori_chihara,46,anna_maria_perez_de_tagle,93
sumetal,55,gong_seung_yeon,12
jun_hasegawa,18,lee_young_ae,51
lucy_liu,48,tila_tequila,926
lee_young_ae,51,moametal,55
maureen_mendoza,7,fala_chen,69
li_yuchun,52,fumino_kimura,49
lee_young_ae,51,lucy_liu,70
jun_hasegawa,52,fala_chen,73
lee_young_ae,59,zhou_xun,1
ming_xi,19,jinny_ng,27
xu_jinglei,58,lee_young_ae,60
lucy_liu,54,shin_min_a,61
moametal,2,fumino_kimura,47
marmee_cosico,41,xu_jinglei,41
lee_jung_hyun,58,maureen_mendoza,28
fumino_kimura,56,tina_q_nguyen,56
tila_tequila,932,sumetal,55
li_na_tennis,43,anna_tsuchiya,3
marmee_cosico,28,maureen_mendoza,28
aubrey_anderson-emmons,1,mika_nakashima,21
xu_jinglei,58,maureen_mendoza,6
puff_guo,43,gong_seung_yeon,39
maggie_q,210,aubrey_anderson-emmons,33
tila_tequila,951,sumetal,47
xu_jinglei,37,li_na_tennis,41
gong_seung_yeon,49,mika_nakashima,66
li_yuchun,63,momoe_yamaguchi,32
gong_seung_yeon,57,minori_chihara,36
tila_tequila,932,momoe_yamaguchi,42
able_wanamakok,42,vivian_wu,11
maggie_q,18,fala_chen,69
gong_seung_yeon,52,shin_min_a,25
tila_tequila,918,gong_hyo_jin,21
able_wanamakok,12,jun_hasegawa,34
fumino_kimura,61,tila_tequila,915
anna_tsuchiya,42,jinny_ng,20
li_yuchun,32,zhou_xun,36
li_na_tennis,28,able_wanamakok,27
li_na_tennis,22,lee_young_ae,27
li_yuchun,52,ming_xi,40
minori_chihara,19,ming_xi,52
maggie_q,240,anna_maria_perez_de_tagle,93
lee_young_ae,25,able_wanamakok,41
tina_q_nguyen,56,sumetal,56
maureen_mendoza,6,shin_min_a,33
momoe_yamaguchi,42,mika_nakashima,32
zhou_xun,22,moametal,2
li_na_tennis,56,anna_maria_perez_de_tagle,82
maggie_q,281,jinny_ng,20
anna_tsuchiya,50,gong_seung_yeon,20
lucy_liu,64,li_na_tennis,35
gong_seung_yeon,63,ming_xi,9
lee_jung_hyun,51,jun_hasegawa,52
gong_hyo_jin,53,ming_xi,17
able_wanamakok,15,moametal,56
tina_q_nguyen,56,moametal,55
lucy_liu,54,anna_tsuchiya,5
lucy_liu,64,jinny_ng,48
li_na_tennis,7,sumetal,16
mika_nakashima,66,aubrey_anderson-emmons,29
maggie_q,240,fumino_kimura,28
tina_q_nguyen,56,fumino_kimura,28
ming_xi,37,lee_jung_hyun,10
moametal,11,fala_chen,63
maggie_q,18,gong_seung_yeon,52
shin_min_a,60,puff_guo,43
vivian_wu,12,fumino_kimura,7
jun_hasegawa,34,fumino_kimura,47
tina_q_nguyen,56,moametal,34
momoe_yamaguchi,42,lucy_liu,4
aubrey_anderson-emmons,2,fumino_kimura,21
puff_guo,41,zhou_xun,31
able_wanamakok,41,lucy_liu,39
sumetal,33,momoe_yamaguchi,32
momoe_yamaguchi,42,marmee_cosico,62
minori_chihara,31,maureen_mendoza,7
maggie_q,210,anna_maria_perez_de_tagle,93
maureen_mendoza,7,momoe_yamaguchi,32
anna_tsuchiya,50,jinny_ng,27
maggie_q,281,li_na_tennis,25
xu_jinglei,12,vivian_wu,11
able_wanamakok,12,fumino_kimura,56
fumino_kimura,22,moametal,49
moametal,43,maureen_mendoza,28
jinny_ng,20,maggie_q,289
fumino_kimura,49,mika_nakashima,6
maureen_mendoza,6,anna_maria_perez_de_tagle,82
fala_chen,63,jun_hasegawa,50
able_wanamakok,7,lee_young_ae,2
aubrey_anderson-emmons,33,marmee_cosico,62
mika_nakashima,3,marmee_cosico,62
vivian_wu,11,sumetal,28
xu_jinglei,36,gong_seung_yeon,25
gong_hyo_jin,57,moametal,49
maggie_q,18,gong_hyo_jin,20
li_na_tennis,8,maureen_mendoza,6
moametal,55,fala_chen,63
tina_q_nguyen,56,shin_min_a,34
marmee_cosico,79,anna_tsuchiya,5
gong_seung_yeon,54,minori_chihara,44
zhou_xun,53,gong_seung_yeon,32
li_yuchun,63,anna_maria_perez_de_tagle,93
anna_maria_perez_de_tagle,93,tina_q_nguyen,56
able_wanamakok,27,gong_hyo_jin,37
lucy_liu,71,ming_xi,67
gong_seung_yeon,22,puff_guo,33
ming_xi,62,zhou_xun,29
vivian_wu,13,li_yuchun,64
shin_min_a,17,minori_chihara,39
ming_xi,26,marmee_cosico,63
shin_min_a,33,anna_tsuchiya,44
able_wanamakok,12,li_yuchun,48
anna_tsuchiya,5,momoe_yamaguchi,42
anna_maria_perez_de_tagle,93,lee_young_ae,56
jinny_ng,49,lucy_liu,70
xu_jinglei,16,lee_jung_hyun,51
ming_xi,26,lee_jung_hyun,37
marmee_cosico,63,maggie_q,289
mika_nakashima,45,momoe_yamaguchi,42
ming_xi,62,moametal,56
fala_chen,69,maggie_q,18
momoe_yamaguchi,38,maggie_q,281
marmee_cosico,28,ming_xi,26
minori_chihara,43,jinny_ng,55
jun_hasegawa,56,ming_xi,24
lee_jung_hyun,31,xu_jinglei,15
mika_nakashima,32,gong_hyo_jin,26
gong_hyo_jin,29,tila_tequila,958
jinny_ng,30,ming_xi,52
moametal,56,gong_hyo_jin,17
sumetal,55,shin_min_a,25
gong_hyo_jin,30,moametal,55
maureen_mendoza,6,lee_jung_hyun,37
mika_nakashima,12,marmee_cosico,28
puff_guo,10,vivian_wu,13
gong_seung_yeon,39,gong_hyo_jin,20
vivian_wu,12,minori_chihara,44
gong_seung_yeon,63,li_na_tennis,26
xu_jinglei,36,mika_nakashima,45
lee_jung_hyun,24,fala_chen,62
jinny_ng,30,aubrey_anderson-emmons,29
li_na_tennis,8,able_wanamakok,24
sumetal,16,xu_jinglei,36
lucy_liu,54,xu_jinglei,41
tila_tequila,958,jinny_ng,24
jinny_ng,30,anna_maria_perez_de_tagle,93
ming_xi,40,aubrey_anderson-emmons,15
li_na_tennis,9,lee_jung_hyun,13
fumino_kimura,47,aubrey_anderson-emmons,1
anna_maria_perez_de_tagle,82,tina_q_nguyen,56
aubrey_anderson-emmons,29,maureen_mendoza,7
fala_chen,62,sumetal,55
moametal,34,li_yuchun,3
vivian_wu,13,moametal,2
able_wanamakok,27,aubrey_anderson-emmons,29
puff_guo,10,jinny_ng,30
gong_seung_yeon,32,ming_xi,48
lee_young_ae,22,tila_tequila,924
able_wanamakok,56,maureen_mendoza,7
shin_min_a,17,gong_seung_yeon,52
gong_hyo_jin,0,maureen_mendoza,6
anna_tsuchiya,44,mika_nakashima,21
sumetal,10,maggie_q,18
gong_seung_yeon,54,tina_q_nguyen,56
gong_seung_yeon,24,lucy_liu,8
xu_jinglei,16,gong_seung_yeon,20
able_wanamakok,25,gong_seung_yeon,54
mika_nakashima,53,tina_q_nguyen,56
lucy_liu,13,gong_hyo_jin,10
tina_q_nguyen,56,anna_tsuchiya,42
lucy_liu,64,fala_chen,73
tina_q_nguyen,56,ming_xi,9
maureen_mendoza,7,shin_min_a,22
vivian_wu,12,moametal,45
sumetal,47,vivian_wu,12
lee_jung_hyun,37,able_wanamakok,42
ming_xi,67,li_na_tennis,53
ming_xi,31,gong_hyo_jin,17
momoe_yamaguchi,42,anna_tsuchiya,50
li_na_tennis,41,fumino_kimura,22
gong_hyo_jin,30,lee_jung_hyun,33
jinny_ng,49,gong_seung_yeon,36
vivian_wu,12,gong_seung_yeon,63
zhou_xun,36,able_wanamakok,56
gong_seung_yeon,19,minori_chihara,49
momoe_yamaguchi,32,sumetal,33
mika_nakashima,32,lee_young_ae,56
able_wanamakok,29,maggie_q,289
lucy_liu,44,xu_jinglei,11
li_yuchun,32,jinny_ng,24
jinny_ng,27,lee_young_ae,62
fumino_kimura,56,gong_seung_yeon,25
tina_q_nguyen,56,anna_maria_perez_de_tagle,93
anna_maria_perez_de_tagle,82,shin_min_a,8
momoe_yamaguchi,32,xu_jinglei,11
ming_xi,48,momoe_yamaguchi,32
jinny_ng,48,anna_tsuchiya,18
lucy_liu,38,fala_chen,63
tina_q_nguyen,56,li_yuchun,64
xu_jinglei,15,fumino_kimura,49
jun_hasegawa,56,fumino_kimura,16
gong_seung_yeon,19,tina_q_nguyen,56
mika_nakashima,67,minori_chihara,36
jun_hasegawa,52,maureen_mendoza,7
vivian_wu,11,fumino_kimura,7
sumetal,13,zhou_xun,31
momoe_yamaguchi,32,anna_tsuchiya,3
jinny_ng,55,tila_tequila,926
maureen_mendoza,7,aubrey_anderson-emmons,29
shin_min_a,56,lee_young_ae,15
fala_chen,63,maureen_mendoza,6
sumetal,28,able_wanamakok,15
shin_min_a,41,jinny_ng,55
able_wanamakok,42,marmee_cosico,28
li_na_tennis,12,fala_chen,62
maggie_q,193,fala_chen,63
tina_q_nguyen,56,ming_xi,50
sumetal,40,jinny_ng,24
lucy_liu,64,fumino_kimura,16
momoe_yamaguchi,32,gong_seung_yeon,12
anna_tsuchiya,5,li_na_tennis,3
jun_hasegawa,56,lucy_liu,70
maggie_q,240,moametal,55
maureen_mendoza,7,puff_guo,36
lucy_liu,57,zhou_xun,29
lee_young_ae,56,sumetal,56
jinny_ng,30,marmee_cosico,41
marmee_cosico,63,tina_q_nguyen,56
sumetal,13,anna_maria_perez_de_tagle,82
ming_xi,67,lee_young_ae,27
aubrey_anderson-emmons,15,ming_xi,37
li_na_tennis,36,jun_hasegawa,8
lee_jung_hyun,18,maggie_q,18
gong_hyo_jin,17,li_yuchun,47
tina_q_nguyen,56,mika_nakashima,64
sumetal,33,jun_hasegawa,34
fala_chen,63,able_wanamakok,41
jinny_ng,30,maggie_q,240
momoe_yamaguchi,38,lucy_liu,13
lucy_liu,44,fala_chen,62
gong_seung_yeon,22,zhou_xun,57
minori_chihara,31,xu_jinglei,16
lee_young_ae,51,anna_maria_perez_de_tagle,93
xu_jinglei,58,li_na_tennis,43
anna_tsuchiya,18,ming_xi,31
tila_tequila,964,marmee_cosico,28
xu_jinglei,36,tina_q_nguyen,56
lee_young_ae,20,lee_jung_hyun,24
xu_jinglei,12,marmee_cosico,28
aubrey_anderson-emmons,33,fala_chen,69
anna_maria_perez_de_tagle,82,able_wanamakok,42
lee_young_ae,60,able_wanamakok,29
lee_jung_hyun,52,sumetal,40
lee_young_ae,45,ming_xi,26
lee_young_ae,13,anna_maria_perez_de_tagle,93
shin_min_a,33,maggie_q,281
anna_maria_perez_de_tagle,82,moametal,31
xu_jinglei,34,tila_tequila,950
moametal,49,momoe_yamaguchi,42
puff_guo,10,minori_chihara,36
fala_chen,63,shin_min_a,8
ming_xi,26,li_na_tennis,41
gong_seung_yeon,12,anna_maria_perez_de_tagle,93
able_wanamakok,15,zhou_xun,10
li_yuchun,14,mika_nakashima,33
sumetal,12,tila_tequila,958
maureen_mendoza,7,mika_nakashima,16
able_wanamakok,15,anna_tsuchiya,1
jinny_ng,30,puff_guo,52
anna_tsuchiya,42,gong_seung_yeon,24
xu_jinglei,36,moametal,11
anna_tsuchiya,42,moametal,43
ming_xi,31,puff_guo,33
zhou_xun,31,jinny_ng,48
maureen_mendoza,28,vivian_wu,12
minori_chihara,44,moametal,55
fala_chen,69,moametal,56
shin_min_a,22,vivian_wu,11
tila_tequila,958,able_wanamakok,41
jinny_ng,48,lee_jung_hyun,24
maggie_q,240,puff_guo,5
zhou_xun,11,mika_nakashima,67
tina_q_nguyen,56,jinny_ng,55
fala_chen,63,maureen_mendoza,6
vivian_wu,11,zhou_xun,22
vivian_wu,11,fala_chen,69
li_yuchun,34,puff_guo,25
mika_nakashima,21,lee_jung_hyun,10
gong_seung_yeon,63,fumino_kimura,61
anna_tsuchiya,19,shin_min_a,62
vivian_wu,12,anna_maria_perez_de_tagle,93
tila_tequila,924,li_yuchun,34
maggie_q,210,able_wanamakok,27
aubrey_anderson-emmons,2,jun_hasegawa,52
vivian_wu,12,maggie_q,281
gong_hyo_jin,53,li_na_tennis,25
jun_hasegawa,68,gong_seung_yeon,24
lee_jung_hyun,52,fumino_kimura,47
mika_nakashima,6,li_na_tennis,9
anna_tsuchiya,1,sumetal,12
maureen_mendoza,7,li_yuchun,69
anna_tsuchiya,50,xu_jinglei,12
anna_maria_perez_de_tagle,93,able_wanamakok,15
anna_maria_perez_de_tagle,93,fala_chen,69
moametal,43,xu_jinglei,58
mika_nakashima,3,anna_tsuchiya,5
vivian_wu,12,jun_hasegawa,18
anna_maria_perez_de_tagle,82,mika_nakashima,3
ming_xi,67,able_wanamakok,24
sumetal,33,fumino_kimura,54
aubrey_anderson-emmons,29,jinny_ng,27
ming_xi,48,tila_tequila,915
tila_tequila,946,ming_xi,19
anna_tsuchiya,44,lucy_liu,71
jinny_ng,49,fumino_kimura,62
marmee_cosico,63,aubrey_anderson-emmons,29
gong_seung_yeon,36,momoe_yamaguchi,32
li_na_tennis,35,tina_q_nguyen,56
momoe_yamaguchi,38,maggie_q,210
zhou_xun,11,marmee_cosico,62
minori_chihara,46,momoe_yamaguchi,38
sumetal,13,xu_jinglei,16
moametal,34,lee_jung_hyun,18
lucy_liu,64,fala_chen,63
anna_maria_perez_de_tagle,82,anna_tsuchiya,44
vivian_wu,11,aubrey_anderson-emmons,1
lucy_liu,8,fala_chen,62
jun_hasegawa,49,shin_min_a,56
lee_jung_hyun,18,mika_nakashima,66
maggie_q,240,li_yuchun,6
xu_jinglei,58,minori_chihara,52
puff_guo,10,mika_nakashima,66
gong_hyo_jin,57,vivian_wu,13
anna_maria_perez_de_tagle,82,lee_young_ae,56
gong_hyo_jin,8,lee_young_ae,5
anna_maria_perez_de_tagle,93,tila_tequila,955
fumino_kimura,54,tila_tequila,959
moametal,45,zhou_xun,44
momoe_yamaguchi,38,tina_q_nguyen,56
fala_chen,69,tila_tequila,958
moametal,56,lee_jung_hyun,13
able_wanamakok,15,tina_q_nguyen,56
li_yuchun,47,anna_tsuchiya,19
fala_chen,63,anna_maria_perez_de_tagle,82
marmee_cosico,63,ming_xi,26
xu_jinglei,61,gong_hyo_jin,20
li_yuchun,63,anna_maria_perez_de_tagle,82
minori_chihara,44,lee_young_ae,51
lee_jung_hyun,10,able_wanamakok,41
shin_min_a,41,tila_tequila,932
gong_hyo_jin,29,fala_chen,69
marmee_cosico,79,li_na_tennis,22
li_yuchun,57,shin_min_a,60
anna_maria_perez_de_tagle,93,lucy_liu,54
shin_min_a,7,lucy_liu,38
lee_jung_hyun,33,able_wanamakok,56
minori_chihara,31,zhou_xun,22
tila_tequila,958,vivian_wu,12
xu_jinglei,41,vivian_wu,13
gong_seung_yeon,39,xu_jinglei,41
gong_seung_yeon,32,lucy_liu,38
vivian_wu,11,minori_chihara,39
moametal,56,vivian_wu,12
li_na_tennis,3,jinny_ng,48
gong_seung_yeon,27,anna_maria_perez_de_tagle,93
gong_seung_yeon,0,li_na_tennis,43
anna_maria_perez_de_tagle,82,zhou_xun,44
sumetal,47,jinny_ng,55
vivian_wu,12,maureen_mendoza,6
marmee_cosico,62,tina_q_nguyen,56
maggie_q,193,mika_nakashima,45
moametal,42,maureen_mendoza,6
tina_q_nguyen,56,gong_seung_yeon,39
fumino_kimura,61,maureen_mendoza,6
able_wanamakok,29,moametal,11
lee_jung_hyun,18,minori_chihara,49
able_wanamakok,15,aubrey_anderson-emmons,33
puff_guo,8,jinny_ng,49
jun_hasegawa,39,moametal,45
fumino_kimura,49,vivian_wu,11
puff_guo,13,fumino_kimura,16
shin_min_a,25,xu_jinglei,16
maureen_mendoza,28,momoe_yamaguchi,42
anna_tsuchiya,3,fala_chen,62
zhou_xun,1,gong_seung_yeon,32
zhou_xun,1,fumino_kimura,54
lee_jung_hyun,51,aubrey_anderson-emmons,29
lucy_liu,4,marmee_cosico,63
moametal,42,ming_xi,62
anna_tsuchiya,3,lee_young_ae,51
fumino_kimura,22,li_na_tennis,26
puff_guo,41,able_wanamakok,12
anna_tsuchiya,5,fumino_kimura,47
fumino_kimura,62,marmee_cosico,79
gong_hyo_jin,30,maggie_q,18
lee_jung_hyun,33,tina_q_nguyen,56
aubrey_anderson-emmons,29,sumetal,56
sumetal,13,li_na_tennis,12
gong_hyo_jin,57,ming_xi,62
mika_nakashima,66,puff_guo,7
puff_guo,43,gong_seung_yeon,63
maureen_mendoza,7,shin_min_a,33
lee_jung_hyun,31,minori_chihara,39
vivian_wu,11,anna_maria_perez_de_tagle,93
gong_hyo_jin,30,able_wanamakok,7
moametal,43,xu_jinglei,58
lee_jung_hyun,2,li_yuchun,32
tina_q_nguyen,56,lucy_liu,8
tila_tequila,918,aubrey_anderson-emmons,29
fala_chen,73,maggie_q,281
maureen_mendoza,7,puff_guo,7
ming_xi,9,sumetal,56
tila_tequila,950,minori_chihara,39
jun_hasegawa,50,maureen_mendoza,7
anna_maria_perez_de_tagle,82,tina_q_nguyen,56
zhou_xun,36,jun_hasegawa,31
momoe_yamaguchi,38,jinny_ng,24
jinny_ng,55,lee_jung_hyun,33
anna_tsuchiya,19,marmee_cosico,28
maggie_q,289,jun_hasegawa,39
li_yuchun,3,able_wanamakok,25
lee_jung_hyun,10,fumino_kimura,21
xu_jinglei,41,marmee_cosico,79
tina_q_nguyen,56,aubrey_anderson-emmons,1
aubrey_anderson-emmons,14,jinny_ng,27
vivian_wu,11,aubrey_anderson-emmons,29
gong_hyo_jin,8,mika_nakashima,16
anna_maria_perez_de_tagle,93,jinny_ng,55
shin_min_a,60,maureen_mendoza,28
xu_jinglei,11,tina_q_nguyen,56
xu_jinglei,58,maureen_mendoza,7
aubrey_anderson-emmons,15,vivian_wu,11
jun_hasegawa,50,xu_jinglei,11
moametal,42,lee_jung_hyun,2
fala_chen,62,anna_tsuchiya,44
able_wanamakok,41,aubrey_anderson-emmons,1
maggie_q,210,sumetal,33
maureen_mendoza,7,aubrey_anderson-emmons,2
mika_nakashima,45,zhou_xun,57
sumetal,10,gong_seung_yeon,39
fumino_kimura,56,minori_chihara,31
minori_chihara,19,sumetal,40
gong_hyo_jin,17,puff_guo,8
puff_guo,43,zhou_xun,29
gong_seung_yeon,0,li_yuchun,55
marmee_cosico,62,vivian_wu,13
sumetal,56,puff_guo,9
maggie_q,193,maureen_mendoza,6
li_yuchun,52,gong_hyo_jin,37
gong_hyo_jin,59,tila_tequila,946
lee_young_ae,56,fala_chen,73
xu_jinglei,16,mika_nakashima,21
gong_seung_yeon,20,ming_xi,55
li_yuchun,55,jinny_ng,48
maggie_q,18,able_wanamakok,29
mika_nakashima,66,gong_hyo_jin,25
momoe_yamaguchi,42,fala_chen,63
tila_tequila,918,minori_chihara,39
fala_chen,62,momoe_yamaguchi,32
gong_seung_yeon,12,puff_guo,50
anna_tsuchiya,31,moametal,31
zhou_xun,11,gong_hyo_jin,10
mika_nakashima,64,able_wanamakok,24
momoe_yamaguchi,42,aubrey_anderson-emmons,1
li_yuchun,32,aubrey_anderson-emmons,2
lucy_liu,8,fala_chen,62
tina_q_nguyen,56,lee_young_ae,59
li_na_tennis,26,moametal,49
moametal,31,gong_hyo_jin,21
li_na_tennis,22,lee_young_ae,22
maggie_q,210,zhou_xun,21
anna_maria_perez_de_tagle,82,jinny_ng,30
lucy_liu,1,fumino_kimura,7
puff_guo,36,lucy_liu,38
gong_hyo_jin,10,li_yuchun,69
jun_hasegawa,39,fala_chen,69
fumino_kimura,7,li_yuchun,47
sumetal,47,shin_min_a,8
mika_nakashima,32,lucy_liu,38
minori_chihara,49,gong_seung_yeon,25
momoe_yamaguchi,38,tina_q_nguyen,56
zhou_xun,11,li_na_tennis,12
maggie_q,240,gong_seung_yeon,22
able_wanamakok,24,shin_min_a,52
maggie_q,193,li_na_tennis,10
aubrey_anderson-emmons,33,jinny_ng,27
marmee_cosico,28,jinny_ng,27
tina_q_nguyen,56,moametal,45
able_wanamakok,56,anna_tsuchiya,3
gong_seung_yeon,36,vivian_wu,12
sumetal,56,gong_seung_yeon,24
minori_chihara,52,maggie_q,18
fala_chen,62,zhou_xun,13
shin_min_a,60,momoe_yamaguchi,42
li_yuchun,32,mika_nakashima,3
maggie_q,193,gong_hyo_jin,10
puff_guo,50,jun_hasegawa,50
jinny_ng,55,momoe_yamaguchi,38
mika_nakashima,64,gong_hyo_jin,37
moametal,56,tila_tequila,951
aubrey_anderson-emmons,15,li_na_tennis,22
vivian_wu,12,gong_seung_yeon,12
tina_q_nguyen,56,lee_jung_hyun,37
shin_min_a,41,gong_seung_yeon,39
maggie_q,240,gong_seung_yeon,0
momoe_yamaguchi,32,anna_tsuchiya,44
vivian_wu,11,fala_chen,73
tina_q_nguyen,56,anna_maria_perez_de_tagle,93
li_yuchun,57,maureen_mendoza,6
aubrey_anderson-emmons,29,moametal,49
momoe_yamaguchi,32,fala_chen,63
gong_hyo_jin,10,lee_young_ae,5
jinny_ng,48,able_wanamakok,29
aubrey_anderson-emmons,33,jinny_ng,48
vivian_wu,11,lucy_liu,4
lee_jung_hyun,18,xu_jinglei,41
aubrey_anderson-emmons,14,anna_tsuchiya,44
maureen_mendoza,28,puff_guo,52
gong_seung_yeon,63,anna_maria_perez_de_tagle,93
maureen_mendoza,28,fumino_kimura,62
puff_guo,33,able_wanamakok,24
sumetal,28,li_yuchun,6
anna_tsuchiya,44,marmee_cosico,41
xu_jinglei,16,mika_nakashima,3
li_yuchun,32,momoe_yamaguchi,38
shin_min_a,41,lucy_liu,64
fumino_kimura,62,able_wanamakok,12
minori_chihara,19,mika_nakashima,64
jinny_ng,24,gong_hyo_jin,20
gong_seung_yeon,12,puff_guo,50
fumino_kimura,22,gong_hyo_jin,21
fala_chen,73,jun_hasegawa,8
moametal,34,lucy_liu,56
fala_chen,62,anna_maria_perez_de_tagle,82
lee_young_ae,27,minori_chihara,46
fala_chen,62,momoe_yamaguchi,32
maggie_q,18,li_na_tennis,12
lee_young_ae,15,anna_maria_perez_de_tagle,93
aubrey_anderson-emmons,2,anna_tsuchiya,15
anna_tsuchiya,31,fala_chen,62
li_yuchun,57,gong_seung_yeon,24
jinny_ng,48,momoe_yamaguchi,42
maureen_mendoza,28,vivian_wu,13
zhou_xun,57,vivian_wu,13
vivian_wu,13,zhou_xun,13
vivian_wu,11,lucy_liu,71
ming_xi,52,maureen_mendoza,28
gong_hyo_jin,56,zhou_xun,21
fumino_kimura,54,ming_xi,26
lee_jung_hyun,52,jinny_ng,24
xu_jinglei,1,puff_guo,9
li_na_tennis,41,jun_hasegawa,56
lucy_liu,4,xu_jinglei,41
aubrey_anderson-emmons,33,sumetal,12
vivian_wu,11,anna_maria_perez_de_tagle,82
maureen_mendoza,7,maggie_q,289
mika_nakashima,66,momoe_yamaguchi,32
anna_maria_perez_de_tagle,82,marmee_cosico,79
vivian_wu,11,gong_seung_yeon,27
xu_jinglei,37,anna_maria_perez_de_tagle,82
gong_seung_yeon,19,maureen_mendoza,7
marmee_cosico,28,maureen_mendoza,7
jinny_ng,48,lee_jung_hyun,13
tila_tequila,911,fumino_kimura,49
maggie_q,193,tina_q_nguyen,56
sumetal,55,gong_seung_yeon,19
marmee_cosico,79,fala_chen,73
anna_tsuchiya,50,li_yuchun,48
anna_tsuchiya,19,puff_guo,33
fumino_kimura,28,moametal,43
able_wanamakok,7,anna_maria_perez_de_tagle,82
shin_min_a,56,moametal,2
tina_q_nguyen,56,sumetal,10
lee_jung_hyun,58,fumino_kimura,56
anna_tsuchiya,15,momoe_yamaguchi,38
zhou_xun,1,sumetal,40
sumetal,47,vivian_wu,13
lee_young_ae,2,anna_maria_perez_de_tagle,82
lee_young_ae,56,lee_jung_hyun,58
aubrey_anderson-emmons,29,sumetal,54
jun_hasegawa,39,shin_min_a,25
fumino_kimura,55,anna_tsuchiya,5
ming_xi,50,moametal,55
maggie_q,240,jun_hasegawa,56
xu_jinglei,11,shin_min_a,17
fumino_kimura,28,tila_tequila,911
lee_jung_hyun,37,li_na_tennis,7
marmee_cosico,63,li_yuchun,3
anna_maria_perez_de_tagle,82,ming_xi,9
moametal,34,jinny_ng,30
lee_young_ae,45,minori_chihara,31
lee_young_ae,25,puff_guo,36
fala_chen,73,li_na_tennis,9
gong_seung_yeon,22,li_yuchun,63
jinny_ng,24,marmee_cosico,62
lee_young_ae,5,moametal,43
jun_hasegawa,31,tila_tequila,955
puff_guo,36,anna_maria_perez_de_tagle,82
minori_chihara,19,maggie_q,240
gong_hyo_jin,53,gong_seung_yeon,57
ming_xi,62,lee_young_ae,2
shin_min_a,60,ming_xi,52
zhou_xun,57,tina_q_nguyen,56
fala_chen,62,anna_tsuchiya,18
sumetal,10,anna_maria_perez_de_tagle,93
jinny_ng,48,tila_tequila,918
vivian_wu,13,maureen_mendoza,28
able_wanamakok,25,jinny_ng,55
minori_chihara,52,fumino_kimura,54
maggie_q,193,vivian_wu,13
gong_hyo_jin,21,li_na_tennis,8
li_na_tennis,25,jinny_ng,24
moametal,31,anna_tsuchiya,31
ming_xi,26,moametal,31
marmee_cosico,62,mika_nakashima,33
jun_hasegawa,8,fumino_kimura,22
vivian_wu,13,li_yuchun,11
lee_young_ae,59,puff_guo,9
aubrey_anderson-emmons,14,jun_hasegawa,18
lucy_liu,1,tina_q_nguyen,56
jun_hasegawa,50,zhou_xun,3
lee_young_ae,51,zhou_xun,44
jun_hasegawa,8,tina_q_nguyen,56
li_na_tennis,25,sumetal,55
moametal,43,lee_young_ae,15
jun_hasegawa,8,gong_hyo_jin,8
maggie_q,210,li_na_tennis,43
sumetal,16,jinny_ng,48
mika_nakashima,45,zhou_xun,29
xu_jinglei,15,able_wanamakok,12
lee_young_ae,15,gong_seung_yeon,32
lee_jung_hyun,13,puff_guo,33
ming_xi,55,tila_tequila,911
moametal,43,momoe_yamaguchi,32
jun_hasegawa,8,moametal,42
gong_seung_yeon,25,gong_hyo_jin,21
shin_min_a,32,tila_tequila,932
tila_tequila,939,marmee_cosico,79
lee_jung_hyun,10,vivian_wu,12
puff_guo,52,gong_seung_yeon,22
sumetal,10,aubrey_anderson-emmons,1
momoe_yamaguchi,38,ming_xi,48
park_ji_sung,50,ye_liu,2
scott_takeda,918,brandon_soo_hoo,17
jang_keun_suk,7,steven_yeun,297
will_yun_lee,570,huang_xiaoming,6
daniel_henney,37,kris_wu,23
big_bang_g-dragon,51,lee_dong_hae,17
ye_liu,2,cha_seung_won,53
teppei_koike,45,young_man_kang,49
young_man_kang,30,joo_jin_mo,20
park_ji_sung,58,ron_yuan,58
yun-fat_chow,358,shun_oguri,1
aaron_yoo,45,hua_chenyu,9
bang_yong_guk,4,steven_yeun,269
yun-fat_chow,8,lee_dong_hae,34
daniel_henney,56,sung_kang,52
jang_keun_suk,28,yannus_sufandi,16
reggie_lee,528,toma_ikuta,48
ye_liu,2,jian,28
aaron_yoo,45,teppei_koike,32
kanata_hongo,32,teppei_koike,16
brandon_soo_hoo,22,cha_seung_won,40
cha_seung_won,33,craig_fong,42
chin_han,3,scott_takeda,17
jaejoong,63,kris_wu,31
bang_yong_guk,10,steven_yeun,269
huang_xiaoming,37,hiroki_narimiya,74
hiroki_narimiya,55,jack_ma,422
ron_yuan,31,godfrey_gao,10
mark_dacascos,928,ji_chang_wook,30
lee_dong_hae,20,cha_seung_won,21
big_bang_g-dragon,49,yannus_sufandi,55
jian,47,daniel_henney,53
yoo_ah_in,50,big_bang_g-dragon,17
toma_ikuta,64,bang_yong_guk,20
robin_shou,489,kris_wu,38
yoo_ah_in,28,big_bang_g-dragon,49
chin_han,69,craig_fong,24
lee_joon-gi,24,yun-fat_chow,8
huang_xiaoming,20,brandon_soo_hoo,17
kanata_hongo,39,kazuya_kamenashi,50
chanyeol,3,young_man_kang,30
godfrey_gao,30,will_yun_lee,79
joo_jin_mo,29,yoo_ah_in,3
hua_chenyu,26,yun-fat_chow,50
jung_woo_sung,6,jung_yong_hwa,30
ron_yuan,53,shun_oguri,35
song_joong_ki,56,chin_han,69
robin_shou,97,lee_joon-gi,24
ryosuke_yamada,50,jet_li,4
craig_fong,42,jang_keun_suk,46
aaron_yoo,371,ryosuke_yamada,50
jung_woo_sung,25,john_woo,17
tony_jaa,43,shun_oguri,46
daniel_henney,6,lee_dong_hae,25
jaejoong,54,tony_chiu_wai_leung,28
ye_liu,1,craig_fong,19
tony_jaa,23,kanata_hongo,8
sung_kang,52,brandon_soo_hoo,16
jian,11,song_joong_ki,5
yao_ming,7,mark_dacascos,961
hiroki_narimiya,76,kris_wu,52
yao_ming,19,song_joong_ki,42
yun-fat_chow,358,teppei_koike,53
kazuya_kamenashi,52,yun-fat_chow,50
shun_oguri,51,tony_chiu_wai_leung,28
yoo_ah_in,38,ye_liu,29
chanyeol,29,ryosuke_yamada,50
scott_takeda,918,kanata_hongo,39
toma_ikuta,39,song_joong_ki,18
jung_woo_sung,15,song_joong_ki,30
bang_yong_guk,46,yun-fat_chow,50
song_joong_ki,26,teppei_koike,16
huang_xiaoming,4,chin_han,298
yun-fat_chow,50,jaejoong,21
yun-fat_chow,200,lee_joon-gi,24
lee_dong_hae,59,teppei_koike,6
shun_oguri,6,reggie_lee,528
toma_ikuta,75,craig_fong,60
bang_yong_guk,44,tony_chiu_wai_leung,7
yoo_ah_in,18,jack_ma,422
ye_liu,7,jaejoong,51
tony_jaa,20,sung_kang,52
ryosuke_yamada,50,daniel_henney,36
aaron_yoo,371,jung_yong_hwa,42
craig_fong,60,godfrey_gao,12
bang_yong_guk,10,shun_oguri,35
steven_yeun,269,young_man_kang,55
will_yun_lee,570,godfrey_gao,38
ji_chang_wook,59,chanyeol,38
kazuya_kamenashi,31,song_joong_ki,39
lee_dong_hae,20,toma_ikuta,39
aaron_yoo,371,shun_oguri,70
lee_joon-gi,24,chin_han,298
huang_xiaoming,11,ryosuke_yamada,50
young_man_kang,24,craig_fong,31
yun-fat_chow,200,ji_chang_wook,42
godfrey_gao,34,jang_keun_suk,58
yun-fat_chow,358,john_woo,16
toma_ikuta,7,big_bang_g-dragon,51
hiroki_narimiya,76,reggie_lee,62
aaron_yoo,371,tony_jaa,31
kris_wu,14,kazuya_kamenashi,5
craig_fong,60,young_man_kang,55
huang_xiaoming,3,cha_seung_won,44
huang_xiaoming,11,teppei_koike,63
bang_yong_guk,4,brandon_soo_hoo,23
ryosuke_yamada,50,brandon_soo_hoo,16
jian,53,toma_ikuta,10
yoo_ah_in,1,joo_jin_mo,55
lee_dong_hae,24,yun-fat_chow,358
huang_xiaoming,17,steven_yeun,297
lee_dong_hae,24,toma_ikuta,7
ye_liu,7,kanata_hongo,53
ji_chang_wook,38,bang_yong_guk,44
mark_dacascos,920,sung_kang,52
hiroki_narimiya,74,brandon_soo_hoo,23
daniel_henney,48,ye_liu,24
tony_jaa,31,daniel_henney,9
jung_yong_hwa,37,bang_yong_guk,4
yoo_ah_in,44,robin_shou,489
kazuya_kamenashi,7,brandon_soo_hoo,16
yun-fat_chow,8,jet_li,127
ryosuke_yamada,50,will_yun_lee,79
huang_xiaoming,6,park_ji_sung,8
daniel_henney,42,joo_jin_mo,28
huang_xiaoming,68,jung_yong_hwa,30
chin_han,58,park_ji_sung,8
park_ji_sung,11,aaron_yoo,45
will_yun_lee,79,chin_han,58
hiroki_narimiya,39,aaron_yoo,17
jaejoong,57,young_man_kang,22
ron_yuan,56,tony_jaa,11
park_ji_sung,26,robin_shou,489
kazuya_kamenashi,9,craig_fong,31
mark_dacascos,960,cha_seung_won,21
john_woo,19,jet_li,4
ye_liu,18,hiroki_narimiya,5
godfrey_gao,11,kris_wu,48
big_bang_g-dragon,28,chin_han,3
jian,13,brandon_soo_hoo,23
jack_ma,289,will_yun_lee,79
kris_wu,48,reggie_lee,41
godfrey_gao,39,park_ji_sung,50
robin_shou,97,tony_jaa,11
cha_seung_won,13,aaron_yoo,17
robin_shou,97,steven_yeun,261
toma_ikuta,48,huang_xiaoming,20
lee_dong_hae,53,hiroki_narimiya,53
jung_woo_sung,49,yoo_ah_in,48
ye_liu,29,will_yun_lee,490
young_man_kang,22,lee_joon-gi,24
craig_fong,24,ron_yuan,62
will_yun_lee,570,joo_jin_mo,0
jung_woo_sung,43,jaejoong,0
robin_shou,489,yannus_sufandi,16
will_yun_lee,570,craig_fong,75
yannus_sufandi,16,brandon_soo_hoo,23
jang_keun_suk,46,kris_wu,56
godfrey_gao,12,aaron_yoo,17
kazuya_kamenashi,7,scott_takeda,11
tony_jaa,11,hiroki_narimiya,24
toma_ikuta,64,jung_yong_hwa,42
hiroki_narimiya,39,chanyeol,58
tony_jaa,4,kanata_hongo,32
scott_takeda,11,mark_dacascos,920
kris_wu,22,song_joong_ki,11
ryosuke_yamada,50,tony_chiu_wai_leung,6
song_joong_ki,33,daniel_henney,48
park_ji_sung,32,young_man_kang,9
shun_oguri,46,steven_yeun,297
ji_chang_wook,37,jang_keun_suk,49
sung_kang,52,scott_takeda,925
scott_takeda,14,bang_yong_guk,10
big_bang_g-dragon,50,jung_woo_sung,6
sung_kang,52,yannus_sufandi,55
scott_takeda,923,lee_joon-gi,26
ron_yuan,53,jian,25
sung_kang,52,jung_woo_sung,11
jian,37,jung_yong_hwa,42
scott_takeda,915,ron_yuan,31
yannus_sufandi,16,tony_chiu_wai_leung,6
jung_yong_hwa,27,hua_chenyu,36
kris_wu,38,mark_dacascos,954
huang_xiaoming,32,scott_takeda,922
hua_chenyu,40,bang_yong_guk,44
ji_chang_wook,59,kazuya_kamenashi,6
teppei_koike,49,cha_seung_won,44
tony_jaa,23,park_ji_sung,32
scott_takeda,910,robin_shou,97
teppei_koike,32,song_joong_ki,56
yao_ming,36,godfrey_gao,46
daniel_henney,56,joo_jin_mo,29
robin_shou,97,yoo_ah_in,48
tony_chiu_wai_leung,20,scott_takeda,922
ryosuke_yamada,50,aaron_yoo,45
will_yun_lee,490,toma_ikuta,64
brandon_soo_hoo,22,yannus_sufandi,7
tony_jaa,45,kanata_hongo,39
kazuya_kamenashi,50,ye_liu,18
will_yun_lee,669,park_ji_sung,5
bang_yong_guk,4,will_yun_lee,490
ji_chang_wook,7,scott_takeda,925
yoo_ah_in,50,jung_woo_sung,34
ji_chang_wook,7,jet_li,127
park_ji_sung,17,steven_yeun,261
daniel_henney,36,jung_yong_hwa,13
toma_ikuta,22,jang_keun_suk,51
scott_takeda,918,yoo_ah_in,50
ji_chang_wook,16,kris_wu,23
scott_takeda,11,song_joong_ki,33
kris_wu,28,hiroki_narimiya,9
will_yun_lee,490,joo_jin_mo,39
ye_liu,6,reggie_lee,245
kazuya_kamenashi,50,hiroki_narimiya,17
kris_wu,23,steven_yeun,297
jaejoong,54,jung_woo_sung,15
jaejoong,11,ron_yuan,62
yao_ming,9,kris_wu,31
bang_yong_guk,44,tony_chiu_wai_leung,25
jet_li,125,kazuya_kamenashi,5
teppei_koike,53,joo_jin_mo,58
yun-fat_chow,50,will_yun_lee,510
jaejoong,40,aaron_yoo,106
toma_ikuta,10,teppei_koike,48
ron_yuan,31,song_joong_ki,13
reggie_lee,528,sung_kang,52
brandon_soo_hoo,22,huang_xiaoming,22
jang_keun_suk,58,ji_chang_wook,2
chanyeol,28,kanata_hongo,39
john_woo,16,chanyeol,29
park_ji_sung,16,chin_han,298
joo_jin_mo,20,huang_xiaoming,6
ye_liu,18,hua_chenyu,40
jack_ma,328,lee_dong_hae,59
ryosuke_yamada,50,chin_han,298
lee_joon-gi,26,mark_dacascos,22
bang_yong_guk,37,teppei_koike,63
godfrey_gao,46,yannus_sufandi,55
chin_han,298,jian,10
big_bang_g-dragon,17,yun-fat_chow,16
park_ji_sung,32,kazuya_kamenashi,47
craig_fong,78,yannus_sufandi,16
shun_oguri,51,brandon_soo_hoo,17
young_man_kang,9,reggie_lee,245
kanata_hongo,22,daniel_henney,56
ryosuke_yamada,50,shun_oguri,35
hiroki_narimiya,31,daniel_henney,53
lee_dong_hae,29,brandon_soo_hoo,23
young_man_kang,55,mark_dacascos,954
ji_chang_wook,7,john_woo,9
robin_shou,489,yao_ming,17
jung_woo_sung,26,yoo_ah_in,28
toma_ikuta,74,jung_woo_sung,34
joo_jin_mo,38,yao_ming,4
ron_yuan,56,daniel_henney,8
chanyeol,36,yannus_sufandi,16
bang_yong_guk,1,daniel_henney,6
big_bang_g-dragon,50,godfrey_gao,11
kanata_hongo,22,toma_ikuta,39
cha_seung_won,13,jang_keun_suk,51
craig_fong,58,joo_jin_mo,16
jack_ma,289,aaron_yoo,106
reggie_lee,62,big_bang_g-dragon,48
toma_ikuta,81,lee_joon-gi,24
will_yun_lee,510,chin_han,3
jian,47,ryosuke_yamada,50
kazuya_kamenashi,50,steven_yeun,297
robin_shou,489,godfrey_gao,46
yannus_sufandi,16,jaejoong,61
toma_ikuta,48,mark_dacascos,944
godfrey_gao,2,yoo_ah_in,8
kanata_hongo,18,ron_yuan,56
jian,10,jack_ma,422
jack_ma,422,hua_chenyu,49
chin_han,25,yoo_ah_in,15
cha_seung_won,19,daniel_henney,9
tony_chiu_wai_leung,17,aaron_yoo,17
brandon_soo_hoo,16,kazuya_kamenashi,6
ryosuke_yamada,50,jang_keun_suk,15
robin_shou,97,hiroki_narimiya,74
shun_oguri,33,park_ji_sung,5
scott_takeda,925,hiroki_narimiya,51
kris_wu,55,ryosuke_yamada,50
tony_jaa,11,park_ji_sung,50
hua_chenyu,34,jung_yong_hwa,33
joo_jin_mo,42,jet_li,125
reggie_lee,528,daniel_henney,9
song_joong_ki,33,big_bang_g-dragon,7
teppei_koike,45,chanyeol,70
yun-fat_chow,200,tony_jaa,22
tony_jaa,12,shun_oguri,64
chin_han,6,kris_wu,48
hua_chenyu,34,yao_ming,3
tony_chiu_wai_leung,7,reggie_lee,41
park_ji_sung,11,will_yun_lee,490
mark_dacascos,915,yao_ming,38
song_joong_ki,19,tony_chiu_wai_leung,4
joo_jin_mo,28,hua_chenyu,18
song_joong_ki,26,teppei_koike,49
lee_dong_hae,20,hiroki_narimiya,74
lee_joon-gi,24,joo_jin_mo,38
jang_keun_suk,46,shun_oguri,6
jang_keun_suk,26,hiroki_narimiya,58
kanata_hongo,22,yannus_sufandi,55
scott_takeda,909,jack_ma,422
john_woo,17,ji_chang_wook,5
robin_shou,489,ye_liu,29
jaejoong,56,hiroki_narimiya,26
jang_keun_suk,49,bang_yong_guk,42
jet_li,127,song_joong_ki,13
hua_chenyu,40,mark_dacascos,961
mark_dacascos,909,aaron_yoo,45
mark_dacascos,909,cha_seung_won,6
jung_woo_sung,43,jang_keun_suk,58
ryosuke_yamada,50,robin_shou,97
robin_shou,489,yao_ming,4
steven_yeun,297,shun_oguri,10
daniel_henney,0,godfrey_gao,41
will_yun_lee,79,young_man_kang,12
kanata_hongo,8,kris_wu,48
huang_xiaoming,1,hua_chenyu,9
jet_li,127,young_man_kang,66
will_yun_lee,669,park_ji_sung,26
ron_yuan,58,song_joong_ki,39
will_yun_lee,920,jack_ma,289
tony_jaa,20,ron_yuan,53
jang_keun_suk,46,toma_ikuta,74
brandon_soo_hoo,16,young_man_kang,22
bang_yong_guk,37,ji_chang_wook,16
kazuya_kamenashi,6,tony_chiu_wai_leung,28
song_joong_ki,13,joo_jin_mo,55
cha_seung_won,13,jung_yong_hwa,27
ye_liu,2,song_joong_ki,5
yun-fat_chow,358,godfrey_gao,7
yun-fat_chow,358,ye_liu,18
tony_jaa,8,bang_yong_guk,37
huang_xiaoming,9,reggie_lee,62
brandon_soo_hoo,17,teppei_koike,6
song_joong_ki,56,lee_dong_hae,20
jack_ma,422,will_yun_lee,570
chanyeol,4,sung_kang,52
kris_wu,54,brandon_soo_hoo,17
ye_liu,2,godfrey_gao,10
hiroki_narimiya,77,craig_fong,75
lee_dong_hae,63,park_ji_sung,40
daniel_henney,8,brandon_soo_hoo,16
craig_fong,60,kazuya_kamenashi,6
daniel_henney,6,hua_chenyu,10
teppei_koike,6,ye_liu,29
daniel_henney,37,ye_liu,29
jang_keun_suk,49,huang_xiaoming,26
ye_liu,1,jack_ma,289
song_joong_ki,42,huang_xiaoming,12
jung_woo_sung,0,jack_ma,223
park_ji_sung,40,tony_chiu_wai_leung,17
yun-fat_chow,8,ryosuke_yamada,50
young_man_kang,12,jian,10
chanyeol,3,jian,47
will_yun_lee,920,kris_wu,48
daniel_henney,0,jung_woo_sung,33
daniel_henney,36,godfrey_gao,23
daniel_henney,13,bang_yong_guk,42
jung_yong_hwa,30,ye_liu,2
yoo_ah_in,1,tony_chiu_wai_leung,12
yao_ming,19,tony_jaa,31
jung_yong_hwa,45,daniel_henney,55
bang_yong_guk,4,yun-fat_chow,16
park_ji_sung,9,craig_fong,42
huang_xiaoming,68,lee_joon-gi,26
shun_oguri,46,joo_jin_mo,42
kazuya_kamenashi,61,john_woo,9
jack_ma,289,bang_yong_guk,4
yoo_ah_in,8,yun-fat_chow,8
godfrey_gao,2,reggie_lee,528
craig_fong,24,kanata_hongo,43
jaejoong,63,shun_oguri,12
brandon_soo_hoo,16,hiroki_narimiya,51
ye_liu,24,chanyeol,36
steven_yeun,269,bang_yong_guk,20
daniel_henney,56,jian,10
jung_woo_sung,26,joo_jin_mo,28
will_yun_lee,920,toma_ikuta,7
jaejoong,47,yannus_sufandi,7
jang_keun_suk,7,brandon_soo_hoo,16
teppei_koike,32,kanata_hongo,43
song_joong_ki,52,yun-fat_chow,50
lee_joon-gi,24,john_woo,16
mark_dacascos,928,steven_yeun,269
jian,11,lee_joon-gi,24
jet_li,4,reggie_lee,62
jet_li,127,park_ji_sung,5
craig_fong,78,big_bang_g-dragon,1
yun-fat_chow,358,craig_fong,19
big_bang_g-dragon,1,jack_ma,328
shun_oguri,5,jaejoong,61
kris_wu,56,ji_chang_wook,5
robin_shou,489,hiroki_narimiya,53
big_bang_g-dragon,1,scott_takeda,916
chin_han,69,ye_liu,18
mark_dacascos,909,chin_han,58
bang_yong_guk,4,ye_liu,18
yao_ming,12,brandon_soo_hoo,16
huang_xiaoming,1,ron_yuan,58
mark_dacascos,915,chin_han,6
park_ji_sung,11,yao_ming,9
chanyeol,70,brandon_soo_hoo,22
kanata_hongo,28,ryosuke_yamada,50
john_woo,17,huang_xiaoming,4
craig_fong,31,yao_ming,1
bang_yong_guk,43,song_joong_ki,19
jung_yong_hwa,37,scott_takeda,922
jung_yong_hwa,30,mark_dacascos,944
sung_kang,52,jet_li,4
jack_ma,422,craig_fong,7
jung_woo_sung,22,huang_xiaoming,22
kris_wu,56,hiroki_narimiya,51
jet_li,127,lee_joon-gi,26
godfrey_gao,12,chanyeol,49
cha_seung_won,19,ryosuke_yamada,50
yannus_sufandi,7,reggie_lee,41
brandon_soo_hoo,23,ji_chang_wook,37
lee_joon-gi,26,chin_han,3
toma_ikuta,7,steven_yeun,261
craig_fong,75,brandon_soo_hoo,23
tony_jaa,8,park_ji_sung,14
big_bang_g-dragon,49,bang_yong_guk,37
steven_yeun,297,jang_keun_suk,58
shun_oguri,79,cha_seung_won,52
song_joong_ki,29,young_man_kang,66
aaron_yoo,45,joo_jin_mo,16
joo_jin_mo,8,hua_chenyu,29
teppei_koike,45,sung_kang,52
steven_yeun,297,john_woo,19
robin_shou,489,kris_wu,54
jaejoong,9,tony_chiu_wai_leung,12
park_ji_sung,18,steven_yeun,297
craig_fong,60,lee_dong_hae,53
shun_oguri,12,yoo_ah_in,3
lee_dong_hae,20,kazuya_kamenashi,7
jack_ma,289,robin_shou,97
robin_shou,489,reggie_lee,62
jaejoong,51,hua_chenyu,31
hua_chenyu,43,jack_ma,422
tony_jaa,31,steven_yeun,269
steven_yeun,261,song_joong_ki,52
aaron_yoo,106,cha_seung_won,13
lee_joon-gi,24,tony_jaa,4
jack_ma,207,park_ji_sung,26
park_ji_sung,58,scott_takeda,14
chin_han,44,chanyeol,3
hiroki_narimiya,58,tony_jaa,33
bang_yong_guk,37,toma_ikuta,10
scott_takeda,17,chanyeol,30
will_yun_lee,669,yannus_sufandi,55
ron_yuan,62,sung_kang,52
godfrey_gao,4,craig_fong,75
bang_yong_guk,46,ye_liu,12
tony_jaa,4,ron_yuan,31
scott_takeda,904,kris_wu,28
scott_takeda,14,daniel_henney,8
mark_dacascos,960,jung_yong_hwa,37
yoo_ah_in,31,jaejoong,61
ron_yuan,58,kanata_hongo,8
scott_takeda,6,hua_chenyu,49
bang_yong_guk,46,jet_li,4
lee_dong_hae,29,reggie_lee,528
tony_jaa,54,chanyeol,70
hua_chenyu,31,huang_xiaoming,22
chanyeol,49,john_woo,17
chanyeol,58,young_man_kang,10
hiroki_narimiya,51,ron_yuan,62
ji_chang_wook,46,hiroki_narimiya,58
lee_joon-gi,24,shun_oguri,41
ye_liu,24,young_man_kang,66
tony_jaa,33,reggie_lee,41
ji_chang_wook,46,big_bang_g-dragon,17
jaejoong,11,yao_ming,7
chanyeol,36,steven_yeun,261
jung_yong_hwa,1,lee_joon-gi,26
shun_oguri,10,tony_chiu_wai_leung,7
robin_shou,97,jian,27
ye_liu,18,kazuya_kamenashi,6
yun-fat_chow,358,park_ji_sung,50
tony_jaa,22,tony_chiu_wai_leung,7
jian,6,toma_ikuta,74
yannus_sufandi,16,toma_ikuta,74
kazuya_kamenashi,9,scott_takeda,923
jet_li,127,teppei_koike,6
ji_chang_wook,42,mark_dacascos,920
godfrey_gao,30,cha_seung_won,6
godfrey_gao,12,shun_oguri,5
kazuya_kamenashi,7,godfrey_gao,12
steven_yeun,261,young_man_kang,30
ji_chang_wook,42,scott_takeda,14
aaron_yoo,45,ron_yuan,56
scott_takeda,916,kris_wu,55
ron_yuan,62,jaejoong,6
lee_joon-gi,26,daniel_henney,48
reggie_lee,528,godfrey_gao,34
song_joong_ki,42,cha_seung_won,6
teppei_koike,7,cha_seung_won,21
cha_seung_won,8,jack_ma,422
young_man_kang,22,ye_liu,18
tony_jaa,31,young_man_kang,12
jack_ma,328,yao_ming,3
jaejoong,63,jack_ma,328
aaron_yoo,45,jung_woo_sung,25
big_bang_g-dragon,17,jet_li,4
kris_wu,56,jung_woo_sung,0
hiroki_narimiya,26,kanata_hongo,28
robin_shou,489,godfrey_gao,4
teppei_koike,32,chin_han,3
tony_chiu_wai_leung,12,big_bang_g-dragon,49
jian,6,ji_chang_wook,59
song_joong_ki,41,lee_dong_hae,67
cha_seung_won,53,reggie_lee,528
yoo_ah_in,48,cha_seung_won,33
daniel_henney,29,yannus_sufandi,55
scott_takeda,925,song_joong_ki,8
scott_takeda,6,ye_liu,24
park_ji_sung,9,shun_oguri,5
ji_chang_wook,38,chanyeol,29
lee_dong_hae,67,ryosuke_yamada,50
jaejoong,32,joo_jin_mo,44
toma_ikuta,48,kazuya_kamenashi,47
lee_joon-gi,24,teppei_koike,49
steven_yeun,297,kris_wu,52
shun_oguri,12,mark_dacascos,960
kazuya_kamenashi,15,song_joong_ki,11
joo_jin_mo,36,jung_woo_sung,33
tony_jaa,8,brandon_soo_hoo,16
teppei_koike,49,daniel_henney,11
brandon_soo_hoo,23,will_yun_lee,510
jang_keun_suk,28,yannus_sufandi,55
big_bang_g-dragon,6,jung_yong_hwa,4
reggie_lee,528,chanyeol,58
ye_liu,7,brandon_soo_hoo,23
jack_ma,289,lee_dong_hae,25
lee_dong_hae,57,yao_ming,4
chin_han,58,ron_yuan,56
joo_jin_mo,8,kanata_hongo,39
robin_shou,97,aaron_yoo,17
sung_kang,52,tony_chiu_wai_leung,7
john_woo,19,ryosuke_yamada,50
hua_chenyu,29,brandon_soo_hoo,23
kazuya_kamenashi,15,will_yun_lee,920
shun_oguri,35,teppei_koike,32
robin_shou,97,lee_dong_hae,29
lee_joon-gi,24,jet_li,4
john_woo,17,joo_jin_mo,42
robin_shou,489,young_man_kang,27
scott_takeda,918,bang_yong_guk,44
john_woo,16,yun-fat_chow,16
huang_xiaoming,32,ron_yuan,62
bang_yong_guk,10,lee_joon-gi,24
kanata_hongo,39,jet_li,127
daniel_henney,11,toma_ikuta,74
jung_woo_sung,32,yannus_sufandi,7
chin_han,69,kris_wu,31
sung_kang,52,jung_yong_hwa,1
aaron_yoo,371,yannus_sufandi,7
hua_chenyu,18,craig_fong,24
jian,37,hua_chenyu,31
reggie_lee,528,yannus_sufandi,16
kris_wu,56,daniel_henney,37
teppei_koike,32,cha_seung_won,6
chin_han,25,chanyeol,29
yao_ming,3,chin_han,3
ron_yuan,62,jet_li,127
brandon_soo_hoo,16,aaron_yoo,17
reggie_lee,528,steven_yeun,269
yao_ming,17,robin_shou,97
huang_xiaoming,4,chanyeol,49
sung_kang,52,jung_yong_hwa,1
ji_chang_wook,7,mark_dacascos,944
jet_li,127,hiroki_narimiya,9
godfrey_gao,4,ye_liu,6
brandon_soo_hoo,22,jack_ma,223
yoo_ah_in,27,young_man_kang,27
jaejoong,54,lee_joon-gi,26
young_man_kang,9,scott_takeda,915
shun_oguri,79,jung_yong_hwa,42
hiroki_narimiya,26,kanata_hongo,45
hua_chenyu,18,john_woo,1
tony_jaa,43,shun_oguri,70
jaejoong,51,ron_yuan,56
kanata_hongo,28,young_man_kang,9
big_bang_g-dragon,28,will_yun_lee,510
john_woo,16,tony_chiu_wai_leung,17
tony_chiu_wai_leung,20,park_ji_sung,48
godfrey_gao,46,huang_xiaoming,68
cha_seung_won,13,craig_fong,31
godfrey_gao,30,yao_ming,7
yun-fat_chow,358,scott_takeda,925
yoo_ah_in,27,ye_liu,2
mark_dacascos,944,yun-fat_chow,16
jang_keun_suk,15,tony_jaa,33
tony_chiu_wai_leung,7,will_yun_lee,570
hiroki_narimiya,24,bang_yong_guk,46
scott_takeda,922,kazuya_kamenashi,7
cha_seung_won,23,reggie_lee,41
tony_chiu_wai_leung,4,scott_takeda,925
cha_seung_won,53,sung_kang,52
jang_keun_suk,15,big_bang_g-dragon,17
yao_ming,5,toma_ikuta,7
kazuya_kamenashi,61,sung_kang,52
joo_jin_mo,24,ye_liu,12
teppei_koike,30,jaejoong,43
john_woo,1,aaron_yoo,17
ron_yuan,58,cha_seung_won,29
reggie_lee,245,ron_yuan,62
cha_seung_won,23,lee_joon-gi,24
ji_chang_wook,24,jet_li,125
jet_li,4,lee_joon-gi,24
scott_takeda,923,kanata_hongo,10
reggie_lee,62,sung_kang,52
yao_ming,3,shun_oguri,1
tony_chiu_wai_leung,20,will_yun_lee,490
tony_chiu_wai_leung,6,sung_kang,52
scott_takeda,916,park_ji_sung,26
tony_jaa,54,jet_li,127
teppei_koike,47,song_joong_ki,42
steven_yeun,297,ryosuke_yamada,50
young_man_kang,66,yannus_sufandi,7
john_woo,17,joo_jin_mo,24
reggie_lee,245,chin_han,298
mark_dacascos,909,will_yun_lee,510
kazuya_kamenashi,5,jaejoong,9
ye_liu,24,sung_kang,52
hua_chenyu,18,ji_chang_wook,16
shun_oguri,10,tony_chiu_wai_leung,28
mark_dacascos,960,hiroki_narimiya,24
jang_keun_suk,58,song_joong_ki,13
godfrey_gao,38,craig_fong,78
robin_shou,489,bang_yong_guk,10
song_joong_ki,19,jack_ma,422
ron_yuan,62,brandon_soo_hoo,17
hiroki_narimiya,9,godfrey_gao,2
craig_fong,24,aaron_yoo,45
hua_chenyu,9,aaron_yoo,17
yannus_sufandi,16,ryosuke_yamada,50
lee_joon-gi,24,kazuya_kamenashi,5
bang_yong_guk,46,ron_yuan,58
yao_ming,3,kazuya_kamenashi,5
shun_oguri,79,chanyeol,29
huang_xiaoming,12,kanata_hongo,10
jian,13,brandon_soo_hoo,22
joo_jin_mo,32,tony_chiu_wai_leung,6
steven_yeun,261,ron_yuan,58
ji_chang_wook,59,lee_dong_hae,63
yun-fat_chow,16,shun_oguri,10
joo_jin_mo,45,john_woo,19
joo_jin_mo,20,will_yun_lee,79
aaron_yoo,17,huang_xiaoming,17
young_man_kang,12,kris_wu,7
kanata_hongo,32,ji_chang_wook,50
steven_yeun,269,kazuya_kamenashi,6
jung_woo_sung,6,bang_yong_guk,43
lee_joon-gi,26,tony_jaa,22
ji_chang_wook,5,chanyeol,3
tony_chiu_wai_leung,20,kris_wu,28
chanyeol,4,yao_ming,23
jaejoong,0,jian,37
scott_takeda,11,joo_jin_mo,44
teppei_koike,28,steven_yeun,297
reggie_lee,41,big_bang_g-dragon,17
yun-fat_chow,16,shun_oguri,35
lee_dong_hae,25,shun_oguri,12
shun_oguri,35,godfrey_gao,33
ye_liu,24,song_joong_ki,19
kazuya_kamenashi,42,sung_kang,52
ryosuke_yamada,50,jaejoong,11
reggie_lee,528,ryosuke_yamada,50
kanata_hongo,32,bang_yong_guk,43
hua_chenyu,34,kanata_hongo,10
song_joong_ki,41,park_ji_sung,5
yannus_sufandi,7,sung_kang,52
bang_yong_guk,10,chanyeol,36
yannus_sufandi,16,young_man_kang,49
toma_ikuta,81,ryosuke_yamada,50
kazuya_kamenashi,15,aaron_yoo,17
shun_oguri,70,aaron_yoo,106
daniel_henney,54,cha_seung_won,23
jung_woo_sung,33,ron_yuan,31
park_ji_sung,18,robin_shou,489
yao_ming,22,chanyeol,59
daniel_henney,36,robin_shou,489
sung_kang,52,hua_chenyu,10
scott_takeda,925,will_yun_lee,920
shun_oguri,12,godfrey_gao,4
sung_kang,52,yao_ming,4
lee_joon-gi,24,ji_chang_wook,7
godfrey_gao,30,sung_kang,52
ron_yuan,31,steven_yeun,269
brandon_soo_hoo,22,yao_ming,23
ye_liu,12,kanata_hongo,18
chin_han,3,shun_oguri,59
jian,37,kanata_hongo,8
joo_jin_mo,24,lee_joon-gi,24
song_joong_ki,18,godfrey_gao,46
kanata_hongo,8,robin_shou,97
ye_liu,2,brandon_soo_hoo,23
jaejoong,51,yao_ming,11
ji_chang_wook,38,brandon_soo_hoo,17
jack_ma,289,daniel_henney,55
hua_chenyu,18,ron_yuan,62
teppei_koike,49,joo_jin_mo,36
aaron_yoo,17,brandon_soo_hoo,23
ryosuke_yamada,50,tony_chiu_wai_leung,7
yannus_sufandi,55,jet_li,127
jang_keun_suk,12,chanyeol,36
cha_seung_won,33,kazuya_kamenashi,61
yun-fat_chow,8,kanata_hongo,43
cha_seung_won,53,brandon_soo_hoo,22
shun_oguri,64,tony_chiu_wai_leung,4
chanyeol,49,craig_fong,58
aaron_yoo,45,teppei_koike,63
park_ji_sung,58,chin_han,69
chanyeol,15,joo_jin_mo,45
chanyeol,3,yoo_ah_in,44
kanata_hongo,43,jaejoong,6
song_joong_ki,26,daniel_henney,6
big_bang_g-dragon,6,park_ji_sung,50
lee_joon-gi,26,steven_yeun,297
aaron_yoo,106,reggie_lee,41
ron_yuan,56,song_joong_ki,33
yannus_sufandi,7,jian,11
song_joong_ki,52,ryosuke_yamada,50
steven_yeun,297,shun_oguri,10
lee_dong_hae,24,jung_yong_hwa,38
jet_li,127,ji_chang_wook,59
craig_fong,19,lee_dong_hae,53
ye_liu,6,ron_yuan,58
huang_xiaoming,32,john_woo,19
chanyeol,60,jack_ma,207
big_bang_g-dragon,17,jet_li,4
godfrey_gao,41,jung_yong_hwa,37
tony_jaa,22,teppei_koike,25
will_yun_lee,79,hua_chenyu,34
jian,27,jack_ma,328
jet_li,56,ryosuke_yamada,50
godfrey_gao,33,lee_dong_hae,17
kris_wu,48,ji_chang_wook,37
big_bang_g-dragon,28,yoo_ah_in,27
huang_xiaoming,20,steven_yeun,261
yao_ming,38,jet_li,125
scott_takeda,17,ron_yuan,62
john_woo,16,hua_chenyu,49
jaejoong,47,kazuya_kamenashi,31
daniel_henney,6,scott_takeda,909
jung_woo_sung,43,brandon_soo_hoo,23
ji_chang_wook,2,yao_ming,11
kanata_hongo,49,mark_dacascos,928
jung_yong_hwa,29,chanyeol,36
hiroki_narimiya,55,jack_ma,223
ye_liu,1,aaron_yoo,106
yun-fat_chow,8,joo_jin_mo,8
robin_shou,489,toma_ikuta,7
tony_jaa,8,sung_kang,52
chin_han,6,chanyeol,37
yun-fat_chow,200,ron_yuan,31
sung_kang,52,will_yun_lee,490
jung_woo_sung,43,jian,28
brandon_soo_hoo,17,will_yun_lee,490
toma_ikuta,74,bang_yong_guk,42
jaejoong,46,joo_jin_mo,16
will_yun_lee,79,hua_chenyu,10
tony_jaa,11,daniel_henney,54
joo_jin_mo,42,song_joong_ki,8
aaron_yoo,371,hiroki_narimiya,76
yannus_sufandi,7,brandon_soo_hoo,22
craig_fong,31,jung_woo_sung,20
jung_yong_hwa,42,tony_chiu_wai_leung,28
jet_li,125,mark_dacascos,22
mark_dacascos,22,jian,37
chin_han,44,young_man_kang,22
daniel_henney,6,park_ji_sung,16
yao_ming,19,yoo_ah_in,38
kanata_hongo,8,tony_chiu_wai_leung,12
tony_jaa,54,young_man_kang,10
brandon_soo_hoo,23,aaron_yoo,106
will_yun_lee,490,teppei_koike,28
yun-fat_chow,8,ye_liu,7
yannus_sufandi,7,steven_yeun,261
ji_chang_wook,7,jung_yong_hwa,1
jack_ma,207,lee_joon-gi,26
cha_seung_won,21,scott_takeda,922
teppei_koike,25,chin_han,69
jung_woo_sung,20,teppei_koike,45
jung_yong_hwa,27,young_man_kang,27
will_yun_lee,510,song_joong_ki,18
big_bang_g-dragon,28,kanata_hongo,10
big_bang_g-dragon,28,brandon_soo_hoo,23
song_joong_ki,5,aaron_yoo,371
song_joong_ki,8,lee_joon-gi,24
scott_takeda,923,kazuya_kamenashi,42
reggie_lee,41,jet_li,56
reggie_lee,245,ron_yuan,53
yao_ming,22,jack_ma,223
song_joong_ki,30,jian,53
yannus_sufandi,7,kanata_hongo,8
aaron_yoo,371,kris_wu,47
kazuya_kamenashi,7,young_man_kang,27
joo_jin_mo,29,aaron_yoo,45
toma_ikuta,7,jung_yong_hwa,4
robin_shou,489,jack_ma,289
jet_li,127,daniel_henney,11
jian,37,chin_han,58
jet_li,4,hua_chenyu,42
hua_chenyu,40,tony_jaa,43
yun-fat_chow,16,godfrey_gao,41
jaejoong,51,john_woo,1
cha_seung_won,52,aaron_yoo,17
song_joong_ki,42,big_bang_g-dragon,51
will_yun_lee,510,big_bang_g-dragon,12
aaron_yoo,371,toma_ikuta,81
jet_li,4,jang_keun_suk,12
craig_fong,60,chanyeol,36
mark_dacascos,909,jaejoong,0
jian,27,will_yun_lee,570
jung_woo_sung,43,young_man_kang,27
song_joong_ki,11,hua_chenyu,18
steven_yeun,297,yoo_ah_in,48
lee_joon-gi,24,john_woo,17
big_bang_g-dragon,51,jaejoong,43
lee_dong_hae,63,tony_jaa,11
aaron_yoo,45,yannus_sufandi,16
kanata_hongo,45,jung_yong_hwa,13
cha_seung_won,29,jet_li,127
bang_yong_guk,10,yannus_sufandi,7
mark_dacascos,902,craig_fong,58
hiroki_narimiya,74,jaejoong,0
hua_chenyu,31,huang_xiaoming,26
hiroki_narimiya,58,chin_han,298
sung_kang,52,ye_liu,2
jung_yong_hwa,4,ryosuke_yamada,50
ye_liu,18,aaron_yoo,17
lee_joon-gi,24,chin_han,58
lee_joon-gi,26,jack_ma,289
shun_oguri,64,chanyeol,49
joo_jin_mo,55,song_joong_ki,56
hiroki_narimiya,74,yao_ming,3
kazuya_kamenashi,47,shun_oguri,1
yao_ming,33,brandon_soo_hoo,22
jang_keun_suk,46,reggie_lee,62
cha_seung_won,28,shun_oguri,51
godfrey_gao,34,ron_yuan,58
hua_chenyu,29,ron_yuan,56
john_woo,1,brandon_soo_hoo,17
hiroki_narimiya,76,ye_liu,29
hiroki_narimiya,5,aaron_yoo,45
shun_oguri,51,jack_ma,289
scott_takeda,922,daniel_henney,15
daniel_henney,9,tony_jaa,4
jet_li,125,chanyeol,29
robin_shou,97,ji_chang_wook,50
daniel_henney,56,yoo_ah_in,44
craig_fong,60,cha_seung_won,23
song_joong_ki,26,sung_kang,52
will_yun_lee,920,daniel_henney,0
daniel_henney,13,big_bang_g-dragon,1
ji_chang_wook,50,yao_ming,4
jaejoong,21,daniel_henney,54
robin_shou,97,jung_yong_hwa,45
chin_han,3,jang_keun_suk,52
huang_xiaoming,68,big_bang_g-dragon,50
young_man_kang,55,daniel_henney,7
lee_dong_hae,17,jung_woo_sung,41
jet_li,56,kris_wu,7
will_yun_lee,510,brandon_soo_hoo,17
mark_dacascos,954,park_ji_sung,16
kris_wu,14,steven_yeun,297
scott_takeda,14,jaejoong,9
will_yun_lee,920,bang_yong_guk,10
sung_kang,52,chanyeol,58
will_yun_lee,79,yoo_ah_in,27
john_woo,19,kazuya_kamenashi,5
hiroki_narimiya,74,steven_yeun,297
jack_ma,207,craig_fong,42
jang_keun_suk,46,yoo_ah_in,50
ji_chang_wook,46,cha_seung_won,28
kris_wu,22,hiroki_narimiya,55
chanyeol,4,huang_xiaoming,12
robin_shou,97,aaron_yoo,106
kris_wu,31,shun_oguri,79
lee_dong_hae,33,kris_wu,56
big_bang_g-dragon,12,kazuya_kamenashi,54
kris_wu,14,godfrey_gao,34
ron_yuan,56,kris_wu,31
brandon_soo_hoo,22,john_woo,16
john_woo,1,tony_chiu_wai_leung,23
lee_joon-gi,24,kris_wu,54
john_woo,9,sung_kang,52
song_joong_ki,39,lee_dong_hae,17
john_woo,19,tony_chiu_wai_leung,21
hiroki_narimiya,24,park_ji_sung,9
hiroki_narimiya,17,kazuya_kamenashi,31
craig_fong,42,chanyeol,15
jet_li,127,jack_ma,223
yoo_ah_in,38,jung_woo_sung,33
ji_chang_wook,7,will_yun_lee,79
will_yun_lee,669,ron_yuan,31
scott_takeda,915,yoo_ah_in,31
will_yun_lee,79,teppei_koike,49
teppei_koike,16,lee_dong_hae,57
jang_keun_suk,15,ye_liu,2
tony_jaa,31,sung_kang,52
jet_li,56,jaejoong,51
jang_keun_suk,52,daniel_henney,36
park_ji_sung,16,hua_chenyu,42
brandon_soo_hoo,17,kanata_hongo,22
jang_keun_suk,13,jet_li,4
yannus_sufandi,7,jang_keun_suk,7
yao_ming,36,kanata_hongo,53
ryosuke_yamada,50,robin_shou,97
kanata_hongo,28,ye_liu,18
park_ji_sung,48,yun-fat_chow,200
yannus_sufandi,55,song_joong_ki,29
robin_shou,489,jung_woo_sung,36
steven_yeun,297,yao_ming,33
ji_chang_wook,59,ye_liu,18
huang_xiaoming,6,kanata_hongo,39
kanata_hongo,43,song_joong_ki,29
kris_wu,55,kazuya_kamenashi,50
yun-fat_chow,200,ron_yuan,31
lee_joon-gi,26,jack_ma,223
chanyeol,30,hua_chenyu,29
kanata_hongo,45,bang_yong_guk,1
song_joong_ki,30,jung_woo_sung,54
chanyeol,15,jung_woo_sung,36
sung_kang,52,godfrey_gao,41
kanata_hongo,39,song_joong_ki,41
john_woo,9,mark_dacascos,902
jang_keun_suk,45,aaron_yoo,106
daniel_henney,42,jang_keun_suk,58
yao_ming,3,steven_yeun,269
hua_chenyu,10,kazuya_kamenashi,15
brandon_soo_hoo,22,tony_jaa,33
scott_takeda,17,steven_yeun,261
hiroki_narimiya,77,lee_dong_hae,20
john_woo,16,yun-fat_chow,50
jack_ma,207,yao_ming,12
song_joong_ki,28,lee_dong_hae,57
yun-fat_chow,16,park_ji_sung,8
will_yun_lee,79,bang_yong_guk,46
tony_chiu_wai_leung,6,will_yun_lee,570
ryosuke_yamada,50,jung_yong_hwa,13
craig_fong,58,chanyeol,59
shun_oguri,5,mark_dacascos,960
ji_chang_wook,7,joo_jin_mo,29
kanata_hongo,28,tony_jaa,43
hua_chenyu,36,lee_joon-gi,26
jet_li,127,ji_chang_wook,2
craig_fong,31,robin_shou,97
tony_chiu_wai_leung,4,will_yun_lee,920
ryosuke_yamada,50,lee_dong_hae,59
godfrey_gao,30,jaejoong,61
mark_dacascos,961,daniel_henney,53
kris_wu,31,will_yun_lee,570
huang_xiaoming,1,park_ji_sung,8
ji_chang_wook,47,brandon_soo_hoo,16
young_man_kang,27,toma_ikuta,22
mark_dacascos,902,scott_takeda,6
kanata_hongo,53,joo_jin_mo,8
big_bang_g-dragon,7,bang_yong_guk,44
will_yun_lee,920,hua_chenyu,18
cha_seung_won,13,john_woo,16
park_ji_sung,58,tony_jaa,12
craig_fong,7,lee_joon-gi,26
jaejoong,11,song_joong_ki,26
young_man_kang,55,kris_wu,56
toma_ikuta,10,yannus_sufandi,16
hiroki_narimiya,24,big_bang_g-dragon,6
huang_xiaoming,22,kazuya_kamenashi,25
jung_yong_hwa,13,yao_ming,17
yun-fat_chow,16,kris_wu,55
bang_yong_guk,10,sung_kang,52
jang_keun_suk,12,jung_yong_hwa,45
kanata_hongo,32,teppei_koike,63
tony_jaa,12,will_yun_lee,490
godfrey_gao,7,hiroki_narimiya,58
yannus_sufandi,16,yun-fat_chow,16
yannus_sufandi,7,teppei_koike,45
sung_kang,52,hua_chenyu,29
kanata_hongo,22,reggie_lee,245
jaejoong,43,daniel_henney,53
lee_joon-gi,26,chanyeol,3
reggie_lee,41,kris_wu,7
shun_oguri,1,park_ji_sung,26
hua_chenyu,40,kazuya_kamenashi,42
craig_fong,78,young_man_kang,12
huang_xiaoming,1,kazuya_kamenashi,6
aaron_yoo,17,robin_shou,97
kris_wu,31,chin_han,69
shun_oguri,46,jaejoong,32
yao_ming,36,chanyeol,37
tony_jaa,22,toma_ikuta,48
scott_takeda,925,jet_li,127
reggie_lee,245,huang_xiaoming,17
young_man_kang,12,jet_li,56
jack_ma,223,yannus_sufandi,7
hiroki_narimiya,53,yao_ming,1
toma_ikuta,48,chin_han,3
godfrey_gao,33,jung_yong_hwa,42
yoo_ah_in,8,song_joong_ki,19
hua_chenyu,30,ye_liu,24
brandon_soo_hoo,17,kazuya_kamenashi,50
jung_woo_sung,34,jack_ma,207
kazuya_kamenashi,52,jang_keun_suk,58
ye_liu,7,reggie_lee,41
tony_chiu_wai_leung,25,craig_fong,7
ji_chang_wook,47,kris_wu,56
robin_shou,97,ji_chang_wook,16
aaron_yoo,106,robin_shou,97
shun_oguri,70,john_woo,1
tony_chiu_wai_leung,20,shun_oguri,6
aaron_yoo,17,tony_jaa,12
yun-fat_chow,16,kazuya_kamenashi,31
tony_jaa,24,brandon_soo_hoo,22
tony_jaa,12,kris_wu,52
ye_liu,18,reggie_lee,528
cha_seung_won,52,joo_jin_mo,36
reggie_lee,245,big_bang_g-dragon,17
jet_li,4,song_joong_ki,19
toma_ikuta,10,tony_jaa,20
chanyeol,59,lee_joon-gi,26
cha_seung_won,53,song_joong_ki,33
jung_woo_sung,26,lee_joon-gi,24
song_joong_ki,11,tony_jaa,31
ye_liu,7,kazuya_kamenashi,50
joo_jin_mo,58,mark_dacascos,928
hua_chenyu,34,brandon_soo_hoo,16
daniel_henney,29,bang_yong_guk,10
lee_joon-gi,24,hiroki_narimiya,9
teppei_koike,42,tony_chiu_wai_leung,6
daniel_henney,7,ye_liu,6
john_woo,9,cha_seung_won,40
jang_keun_suk,52,young_man_kang,30
teppei_koike,42,kris_wu,48
song_joong_ki,52,tony_chiu_wai_leung,21
big_bang_g-dragon,37,song_joong_ki,56
jack_ma,223,cha_seung_won,28
robin_shou,97,reggie_lee,41
sung_kang,52,yun-fat_chow,16
mark_dacascos,944,tony_chiu_wai_leung,4
park_ji_sung,48,jung_woo_sung,54
scott_takeda,915,teppei_koike,48
scott_takeda,909,lee_dong_hae,25
toma_ikuta,48,jack_ma,223
craig_fong,19,sung_kang,52
jung_woo_sung,22,john_woo,1
ron_yuan,62,will_yun_lee,920
jung_woo_sung,25,hua_chenyu,10
godfrey_gao,7,big_bang_g-dragon,6
steven_yeun,269,cha_seung_won,6
yun-fat_chow,200,jung_yong_hwa,30
ji_chang_wook,46,jian,37
jian,6,reggie_lee,41
aaron_yoo,371,daniel_henney,54
kris_wu,28,john_woo,19
tony_jaa,22,young_man_kang,49
kris_wu,52,john_woo,17
steven_yeun,269,mark_dacascos,902
lee_dong_hae,32,huang_xiaoming,68
jung_yong_hwa,45,lee_joon-gi,24
jet_li,4,jung_woo_sung,0
lee_dong_hae,29,jang_keun_suk,26
yannus_sufandi,16,jaejoong,40
big_bang_g-dragon,49,steven_yeun,269
ji_chang_wook,37,song_joong_ki,19
park_ji_sung,8,mark_dacascos,902
toma_ikuta,64,song_joong_ki,18
song_joong_ki,41,yannus_sufandi,7
joo_jin_mo,8,jack_ma,289
steven_yeun,297,park_ji_sung,5
hua_chenyu,30,kanata_hongo,10
hiroki_narimiya,17,ryosuke_yamada,50
lee_dong_hae,25,will_yun_lee,570
john_woo,1,jang_keun_suk,60
joo_jin_mo,38,teppei_koike,45
teppei_koike,63,shun_oguri,51
young_man_kang,66,jung_woo_sung,36
jung_yong_hwa,30,jian,28
jang_keun_suk,26,john_woo,16
jian,13,yoo_ah_in,18
yao_ming,33,jet_li,4
john_woo,1,teppei_koike,32
song_joong_ki,28,sung_kang,52
yao_ming,7,jet_li,127
jian,53,jaejoong,46
lee_dong_hae,17,jet_li,56
godfrey_gao,2,jaejoong,51
ron_yuan,53,lee_dong_hae,53
ye_liu,7,reggie_lee,245
chin_han,25,jang_keun_suk,7
aaron_yoo,371,young_man_kang,12
brandon_soo_hoo,17,yannus_sufandi,7
reggie_lee,41,young_man_kang,49
joo_jin_mo,42,john_woo,9
jian,28,toma_ikuta,64
jung_woo_sung,17,reggie_lee,62
big_bang_g-dragon,1,jang_keun_suk,6
john_woo,19,ji_chang_wook,37
john_woo,1,kazuya_kamenashi,7
ye_liu,7,teppei_koike,47
brandon_soo_hoo,17,bang_yong_guk,42
chin_han,298,daniel_henney,8
jack_ma,328,ye_liu,18
kris_wu,48,jung_yong_hwa,45
sung_kang,52,kris_wu,31
steven_yeun,297,jung_woo_sung,49
aaron_yoo,371,shun_oguri,70
chanyeol,49,song_joong_ki,26
cha_seung_won,52,jet_li,125
shun_oguri,10,john_woo,16
yannus_sufandi,16,joo_jin_mo,44
jaejoong,9,chanyeol,28
scott_takeda,909,shun_oguri,1
jack_ma,223,jian,13
lee_dong_hae,57,hiroki_narimiya,74
daniel_henney,15,big_bang_g-dragon,12
john_woo,16,park_ji_sung,9
jet_li,56,lee_dong_hae,57
chin_han,3,bang_yong_guk,20
tony_jaa,43,mark_dacascos,961
lee_dong_hae,59,ron_yuan,58
scott_takeda,6,bang_yong_guk,46
tony_chiu_wai_leung,7,joo_jin_mo,36
kazuya_kamenashi,50,young_man_kang,9
godfrey_gao,4,tony_chiu_wai_leung,23
mark_dacascos,902,jian,37
jet_li,4,huang_xiaoming,9
jack_ma,207,joo_jin_mo,24
jaejoong,54,scott_takeda,6
hiroki_narimiya,55,shun_oguri,12
lee_joon-gi,26,kris_wu,22
mark_dacascos,928,young_man_kang,12
huang_xiaoming,20,daniel_henney,9
teppei_koike,6,jaejoong,21
bang_yong_guk,42,daniel_henney,48
song_joong_ki,26,chin_han,25
aaron_yoo,17,jaejoong,43
huang_xiaoming,12,jet_li,127
mark_dacascos,902,cha_seung_won,44
lee_joon-gi,26,park_ji_sung,58
aaron_yoo,371,mark_dacascos,909
yun-fat_chow,358,reggie_lee,245
young_man_kang,22,joo_jin_mo,8
hua_chenyu,42,ji_chang_wook,30
jack_ma,207,brandon_soo_hoo,17
jaejoong,46,yoo_ah_in,50
robin_shou,97,hiroki_narimiya,5
jack_ma,223,ji_chang_wook,2
daniel_henney,36,scott_takeda,915
cha_seung_won,53,steven_yeun,297
yun-fat_chow,8,bang_yong_guk,44
yao_ming,4,hiroki_narimiya,58
daniel_henney,6,jian,27
brandon_soo_hoo,23,mark_dacascos,920
tony_jaa,23,scott_takeda,923
yun-fat_chow,200,chin_han,69
toma_ikuta,75,yannus_sufandi,16
jet_li,4,lee_dong_hae,53
sung_kang,52,hua_chenyu,9
kazuya_kamenashi,52,kanata_hongo,45
jaejoong,61,scott_takeda,14
will_yun_lee,920,reggie_lee,62
jung_woo_sung,11,ron_yuan,53
godfrey_gao,34,joo_jin_mo,8
steven_yeun,269,yannus_sufandi,16
kris_wu,48,young_man_kang,24
yao_ming,38,jet_li,56
jang_keun_suk,13,robin_shou,97
mark_dacascos,902,song_joong_ki,19
chin_han,6,daniel_henney,7
brandon_soo_hoo,23,craig_fong,78
big_bang_g-dragon,49,jang_keun_suk,26
yannus_sufandi,16,shun_oguri,70
yoo_ah_in,1,teppei_koike,48
cha_seung_won,6,park_ji_sung,58
robin_shou,97,jian,13
sung_kang,52,godfrey_gao,4
steven_yeun,297,teppei_koike,28
yannus_sufandi,7,jung_yong_hwa,38
joo_jin_mo,20,yoo_ah_in,27
chin_han,25,hua_chenyu,18
robin_shou,489,kazuya_kamenashi,9
jaejoong,61,shun_oguri,6
hiroki_narimiya,31,bang_yong_guk,37
godfrey_gao,23,craig_fong,24
kazuya_kamenashi,25,will_yun_lee,920
jet_li,127,steven_yeun,261
huang_xiaoming,26,yoo_ah_in,1
yannus_sufandi,7,scott_takeda,17
jian,37,john_woo,1
john_woo,19,ron_yuan,58
ron_yuan,62,sung_kang,52
aaron_yoo,371,ji_chang_wook,2
hiroki_narimiya,77,aaron_yoo,106
teppei_koike,32,will_yun_lee,669
will_yun_lee,79,jung_yong_hwa,38
yun-fat_chow,16,joo_jin_mo,55
robin_shou,97,jet_li,127
lee_joon-gi,24,toma_ikuta,22
sung_kang,52,yoo_ah_in,22
jaejoong,32,ji_chang_wook,38
robin_shou,489,reggie_lee,62
hiroki_narimiya,55,jung_yong_hwa,13
bang_yong_guk,4,lee_dong_hae,32
jung_yong_hwa,4,scott_takeda,14
sung_kang,52,daniel_henney,42
song_joong_ki,19,ye_liu,6
steven_yeun,261,jian,10
joo_jin_mo,45,yun-fat_chow,16
big_bang_g-dragon,46,godfrey_gao,12
joo_jin_mo,44,young_man_kang,22
lee_joon-gi,26,jang_keun_suk,51
ye_liu,24,godfrey_gao,7
teppei_koike,28,ye_liu,6
big_bang_g-dragon,28,lee_joon-gi,24
jung_woo_sung,26,tony_jaa,31
ron_yuan,62,bang_yong_guk,42
chin_han,25,huang_xiaoming,26
chin_han,69,jaejoong,6
big_bang_g-dragon,46,ji_chang_wook,42
jaejoong,32,yao_ming,3
tony_chiu_wai_leung,7,chanyeol,70
godfrey_gao,46,chin_han,25
cha_seung_won,52,kanata_hongo,28
ron_yuan,31,tony_jaa,43
kanata_hongo,18,scott_takeda,910
scott_takeda,916,lee_dong_hae,33
kris_wu,7,john_woo,1
young_man_kang,10,steven_yeun,297
joo_jin_mo,8,jet_li,127
john_woo,9,young_man_kang,9
big_bang_g-dragon,7,kazuya_kamenashi,50
ron_yuan,58,robin_shou,489
jang_keun_suk,46,joo_jin_mo,39
yun-fat_chow,200,yoo_ah_in,38
kris_wu,38,jian,25
yun-fat_chow,8,yoo_ah_in,31
lee_joon-gi,24,ye_liu,7
jian,11,tony_jaa,8
teppei_koike,49,godfrey_gao,23
godfrey_gao,4,hua_chenyu,26
hua_chenyu,29,bang_yong_guk,4
big_bang_g-dragon,7,jian,53
jet_li,56,scott_takeda,925
craig_fong,75,jian,47
song_joong_ki,13,yun-fat_chow,8
reggie_lee,528,teppei_koike,16
young_man_kang,66,lee_dong_hae,53
sung_kang,52,teppei_koike,47
yannus_sufandi,7,ryosuke_yamada,50
ron_yuan,53,yannus_sufandi,7
yoo_ah_in,1,shun_oguri,1
jaejoong,57,lee_joon-gi,26
bang_yong_guk,10,yoo_ah_in,44
aaron_yoo,17,brandon_soo_hoo,22
huang_xiaoming,4,yoo_ah_in,28
jung_woo_sung,36,huang_xiaoming,6
chin_han,3,aaron_yoo,17
joo_jin_mo,36,hua_chenyu,26
ryosuke_yamada,50,jang_keun_suk,26
shun_oguri,6,yannus_sufandi,16
teppei_koike,48,hiroki_narimiya,76
song_joong_ki,8,yun-fat_chow,8
mark_dacascos,960,kris_wu,55
lee_joon-gi,26,hiroki_narimiya,76
lee_joon-gi,24,jang_keun_suk,12
shun_oguri,79,jack_ma,422
teppei_koike,48,kazuya_kamenashi,61
jack_ma,328,reggie_lee,41
ron_yuan,31,jung_woo_sung,36
hua_chenyu,34,kris_wu,14
jang_keun_suk,46,lee_joon-gi,26
yun-fat_chow,8,chin_han,6
huang_xiaoming,25,godfrey_gao,33
hiroki_narimiya,24,huang_xiaoming,26
sung_kang,52,godfrey_gao,38
scott_takeda,923,ron_yuan,53
jung_yong_hwa,33,hua_chenyu,43
sung_kang,52,ye_liu,29
joo_jin_mo,0,yao_ming,11
reggie_lee,528,robin_shou,97
tony_chiu_wai_leung,21,big_bang_g-dragon,50
toma_ikuta,64,ye_liu,6
aaron_yoo,17,toma_ikuta,48
jang_keun_suk,7,yun-fat_chow,358
daniel_henney,54,park_ji_sung,17
craig_fong,78,park_ji_sung,48
craig_fong,60,jung_yong_hwa,38
scott_takeda,17,tony_chiu_wai_leung,25
yannus_sufandi,16,john_woo,17
hua_chenyu,42,yoo_ah_in,1
yao_ming,4,ye_liu,24
kazuya_kamenashi,54,kanata_hongo,39
scott_takeda,925,kazuya_kamenashi,7
teppei_koike,47,jung_yong_hwa,4
daniel_henney,54,joo_jin_mo,29
john_woo,19,teppei_koike,47
song_joong_ki,33,hiroki_narimiya,31
jaejoong,46,sung_kang,52
toma_ikuta,75,aaron_yoo,106
daniel_henney,0,steven_yeun,269
ji_chang_wook,38,toma_ikuta,22
young_man_kang,30,teppei_koike,32
steven_yeun,261,john_woo,17
song_joong_ki,41,teppei_koike,42
bang_yong_guk,1,shun_oguri,46
sung_kang,52,park_ji_sung,40
will_yun_lee,510,robin_shou,489
will_yun_lee,669,teppei_koike,28
kris_wu,14,ji_chang_wook,42
huang_xiaoming,32,sung_kang,52
craig_fong,75,lee_dong_hae,25
jian,47,park_ji_sung,40
jung_woo_sung,36,jack_ma,422
scott_takeda,910,chin_han,3
yun-fat_chow,358,steven_yeun,261
jet_li,125,jian,6
sung_kang,52,hiroki_narimiya,5
joo_jin_mo,20,hiroki_narimiya,77
big_bang_g-dragon,28,hiroki_narimiya,17
park_ji_sung,17,big_bang_g-dragon,28
jian,53,shun_oguri,1
bang_yong_guk,10,scott_takeda,904
scott_takeda,909,jet_li,4
yun-fat_chow,8,jaejoong,40
tony_jaa,20,big_bang_g-dragon,35
john_woo,19,tony_jaa,24
jang_keun_suk,49,teppei_koike,49
reggie_lee,41,jet_li,125
lee_dong_hae,17,jang_keun_suk,12
mark_dacascos,22,kanata_hongo,8
aaron_yoo,17,jack_ma,289
ye_liu,24,kazuya_kamenashi,6
steven_yeun,297,yun-fat_chow,50
tony_chiu_wai_leung,4,jack_ma,289
kazuya_kamenashi,6,jian,47
jet_li,56,yun-fat_chow,200
scott_takeda,904,tony_jaa,22
mark_dacascos,22,song_joong_ki,56
ye_liu,2,bang_yong_guk,46
reggie_lee,528,hiroki_narimiya,58
big_bang_g-dragon,6,bang_yong_guk,20
lee_joon-gi,24,kanata_hongo,8
jaejoong,47,ji_chang_wook,24
jet_li,4,daniel_henney,48
reggie_lee,245,ji_chang_wook,37
shun_oguri,79,kris_wu,31
hiroki_narimiya,5,john_woo,17
godfrey_gao,7,yun-fat_chow,8
joo_jin_mo,45,jung_yong_hwa,33
daniel_henney,53,joo_jin_mo,28
hua_chenyu,40,craig_fong,7
jung_woo_sung,22,jang_keun_suk,51
tony_chiu_wai_leung,17,tony_jaa,23
bang_yong_guk,44,jet_li,125
reggie_lee,245,kazuya_kamenashi,47
jian,27,will_yun_lee,510
sung_kang,52,jaejoong,51
hiroki_narimiya,77,chin_han,298
jaejoong,43,scott_takeda,909
aaron_yoo,17,robin_shou,97
jian,27,jung_woo_sung,22
chin_han,69,hiroki_narimiya,77
sung_kang,52,brandon_soo_hoo,17
kris_wu,54,daniel_henney,11
chanyeol,59,cha_seung_won,53
reggie_lee,62,jang_keun_suk,51
park_ji_sung,9,robin_shou,489
yun-fat_chow,358,ji_chang_wook,47
scott_takeda,17,ye_liu,18
shun_oguri,64,joo_jin_mo,39
shun_oguri,6,joo_jin_mo,28
steven_yeun,269,tony_jaa,11
will_yun_lee,490,jung_yong_hwa,45
joo_jin_mo,44,chin_han,6
ron_yuan,58,joo_jin_mo,42
teppei_koike,42,chanyeol,4
brandon_soo_hoo,16,jung_woo_sung,54
toma_ikuta,64,brandon_soo_hoo,22
sung_kang,52,chanyeol,37
park_ji_sung,14,john_woo,17
jaejoong,54,young_man_kang,22
jung_yong_hwa,13,yun-fat_chow,50
mark_dacascos,920,ryosuke_yamada,50
park_ji_sung,16,craig_fong,42
yannus_sufandi,16,song_joong_ki,26
jet_li,56,jian,6
jung_woo_sung,49,jaejoong,0
jaejoong,11,huang_xiaoming,20
jack_ma,207,lee_dong_hae,67
cha_seung_won,19,yannus_sufandi,7
tony_chiu_wai_leung,28,ryosuke_yamada,50
lee_joon-gi,26,big_bang_g-dragon,37
scott_takeda,925,hua_chenyu,36
cha_seung_won,53,jung_yong_hwa,13
reggie_lee,528,scott_takeda,17
aaron_yoo,371,jian,11
joo_jin_mo,16,will_yun_lee,510
hua_chenyu,34,craig_fong,42
lee_dong_hae,67,joo_jin_mo,29
joo_jin_mo,32,ye_liu,29
ron_yuan,31,brandon_soo_hoo,16
jung_yong_hwa,42,lee_joon-gi,26
huang_xiaoming,9,jian,28
robin_shou,489,chanyeol,37
yoo_ah_in,8,kazuya_kamenashi,50
kris_wu,14,steven_yeun,269
jaejoong,56,jack_ma,223
steven_yeun,297,sung_kang,52
kazuya_kamenashi,61,toma_ikuta,74
jet_li,4,jung_woo_sung,0
yannus_sufandi,7,big_bang_g-dragon,1
scott_takeda,916,sung_kang,52
reggie_lee,41,jaejoong,43
will_yun_lee,510,yao_ming,4
chin_han,6,yao_ming,17
sung_kang,52,lee_dong_hae,27
hiroki_narimiya,26,tony_chiu_wai_leung,21
ji_chang_wook,42,yoo_ah_in,48
ryosuke_yamada,50,john_woo,19
kanata_hongo,18,mark_dacascos,960
kanata_hongo,43,yun-fat_chow,50
toma_ikuta,64,yao_ming,33
ryosuke_yamada,50,daniel_henney,6
hua_chenyu,10,godfrey_gao,30
yoo_ah_in,27,steven_yeun,297
scott_takeda,922,sung_kang,52
daniel_henney,56,john_woo,19
huang_xiaoming,22,toma_ikuta,75
chanyeol,3,park_ji_sung,16
young_man_kang,55,steven_yeun,269
jet_li,4,jung_woo_sung,26
jack_ma,328,lee_joon-gi,24
ryosuke_yamada,50,kris_wu,14
hua_chenyu,26,ye_liu,1
jack_ma,422,ryosuke_yamada,50
young_man_kang,55,lee_joon-gi,24
yun-fat_chow,358,chanyeol,28
teppei_koike,63,robin_shou,97
ji_chang_wook,46,jung_woo_sung,0
bang_yong_guk,10,yoo_ah_in,50
chin_han,44,mark_dacascos,961
brandon_soo_hoo,22,kanata_hongo,18
shun_oguri,35,lee_joon-gi,24
jaejoong,9,kanata_hongo,53
tony_jaa,43,joo_jin_mo,0
young_man_kang,49,ye_liu,1
yun-fat_chow,50,tony_jaa,12
daniel_henney,48,will_yun_lee,79
yoo_ah_in,3,craig_fong,31
steven_yeun,261,chanyeol,28
scott_takeda,918,daniel_henney,55
john_woo,16,daniel_henney,42
craig_fong,60,jang_keun_suk,6
song_joong_ki,33,brandon_soo_hoo,16
ron_yuan,31,yao_ming,1
jian,6,joo_jin_mo,24
john_woo,17,jack_ma,223
kris_wu,31,cha_seung_won,52
ryosuke_yamada,50,robin_shou,489
young_man_kang,12,kris_wu,47
chanyeol,59,jack_ma,289
ron_yuan,62,ye_liu,24
song_joong_ki,26,jang_keun_suk,26
jang_keun_suk,6,teppei_koike,49
aaron_yoo,106,toma_ikuta,81
joo_jin_mo,45,young_man_kang,10
kanata_hongo,28,toma_ikuta,75
tony_jaa,8,jang_keun_suk,51
jung_woo_sung,36,kazuya_kamenashi,9
steven_yeun,297,robin_shou,97
jung_yong_hwa,4,craig_fong,60
jian,28,jang_keun_suk,51
teppei_koike,48,big_bang_g-dragon,7
ron_yuan,58,jang_keun_suk,45
hua_chenyu,9,park_ji_sung,58
hiroki_narimiya,55,scott_takeda,910
yun-fat_chow,200,tony_chiu_wai_leung,21
aaron_yoo,45,jung_woo_sung,32
hua_chenyu,10,ryosuke_yamada,50
jet_li,127,cha_seung_won,8
big_bang_g-dragon,46,chin_han,69
park_ji_sung,40,joo_jin_mo,29
jung_woo_sung,32,scott_takeda,910
jet_li,125,big_bang_g-dragon,6
big_bang_g-dragon,48,huang_xiaoming,20
scott_takeda,14,aaron_yoo,371
jack_ma,289,aaron_yoo,45
robin_shou,97,lee_dong_hae,32
daniel_henney,8,ron_yuan,56
toma_ikuta,48,jet_li,127
craig_fong,31,ryosuke_yamada,50
jack_ma,422,bang_yong_guk,43
song_joong_ki,42,big_bang_g-dragon,35
kris_wu,55,jet_li,4
song_joong_ki,19,hua_chenyu,36
scott_takeda,904,young_man_kang,66
ron_yuan,56,park_ji_sung,58
joo_jin_mo,42,young_man_kang,10
yao_ming,36,jang_keun_suk,60
yun-fat_chow,358,jung_woo_sung,43
daniel_henney,8,robin_shou,489
ji_chang_wook,2,huang_xiaoming,25
lee_joon-gi,24,shun_oguri,70
chin_han,44,young_man_kang,24
yun-fat_chow,8,ye_liu,7
john_woo,19,jack_ma,422
young_man_kang,10,ryosuke_yamada,50
jack_ma,328,shun_oguri,41
tony_chiu_wai_leung,20,yoo_ah_in,28
jaejoong,43,ye_liu,7
kris_wu,56,jian,37
mark_dacascos,920,aaron_yoo,17
jaejoong,0,yao_ming,19
aaron_yoo,17,teppei_koike,30
huang_xiaoming,37,ron_yuan,58
bang_yong_guk,46,hua_chenyu,18
kris_wu,31,daniel_henney,29
hiroki_narimiya,26,big_bang_g-dragon,6
tony_chiu_wai_leung,12,hiroki_narimiya,9
teppei_koike,49,big_bang_g-dragon,48
jung_yong_hwa,33,mark_dacascos,909
aaron_yoo,106,ji_chang_wook,5
bang_yong_guk,44,brandon_soo_hoo,22
chin_han,25,song_joong_ki,19
ji_chang_wook,59,kanata_hongo,22
shun_oguri,5,tony_chiu_wai_leung,4
teppei_koike,49,reggie_lee,245
chin_han,25,toma_ikuta,22
young_man_kang,55,ji_chang_wook,38
bang_yong_guk,46,steven_yeun,269
godfrey_gao,23,yoo_ah_in,18
song_joong_ki,26,lee_dong_hae,24
hua_chenyu,10,kanata_hongo,43
john_woo,9,godfrey_gao,11
aaron_yoo,45,jet_li,56
lee_dong_hae,20,chin_han,58
teppei_koike,6,brandon_soo_hoo,17
john_woo,19,kazuya_kamenashi,31
chin_han,44,yannus_sufandi,7
brandon_soo_hoo,16,reggie_lee,62
scott_takeda,915,kris_wu,55
tony_chiu_wai_leung,4,hiroki_narimiya,17
yun-fat_chow,8,big_bang_g-dragon,46
jung_woo_sung,25,yun-fat_chow,200
lee_dong_hae,24,ye_liu,2
song_joong_ki,26,kanata_hongo,39
scott_takeda,6,steven_yeun,261
jung_woo_sung,49,park_ji_sung,32
joo_jin_mo,8,bang_yong_guk,4
robin_shou,97,jang_keun_suk,26
song_joong_ki,5,aaron_yoo,371
jack_ma,328,teppei_koike,7
huang_xiaoming,32,young_man_kang,9
tony_chiu_wai_leung,7,mark_dacascos,909
chanyeol,28,chin_han,58
kazuya_kamenashi,5,song_joong_ki,56
cha_seung_won,28,tony_chiu_wai_leung,23
godfrey_gao,4,hua_chenyu,9
jet_li,125,joo_jin_mo,45
craig_fong,19,robin_shou,97
shun_oguri,41,cha_seung_won,6
park_ji_sung,14,jet_li,56
lee_dong_hae,24,brandon_soo_hoo,17
young_man_kang,24,john_woo,9
hua_chenyu,18,kanata_hongo,10
tony_chiu_wai_leung,4,kris_wu,22
jung_woo_sung,22,hua_chenyu,40
ji_chang_wook,5,young_man_kang,12
ye_liu,1,tony_jaa,31
ji_chang_wook,50,john_woo,17
reggie_lee,528,hua_chenyu,40
bang_yong_guk,10,jack_ma,328
tony_chiu_wai_leung,20,toma_ikuta,64
chin_han,25,jaejoong,63
lee_dong_hae,57,chanyeol,37
sung_kang,52,john_woo,9
ji_chang_wook,50,jung_yong_hwa,29
steven_yeun,269,scott_takeda,11
kazuya_kamenashi,7,big_bang_g-dragon,6
chin_han,69,song_joong_ki,13
joo_jin_mo,16,scott_takeda,14
lee_joon-gi,26,scott_takeda,925
yannus_sufandi,55,jian,53
scott_takeda,904,lee_dong_hae,33
shun_oguri,70,lee_joon-gi,26
daniel_henney,54,jack_ma,328
brandon_soo_hoo,22,aaron_yoo,106
park_ji_sung,5,jet_li,56
mark_dacascos,960,tony_jaa,8
song_joong_ki,8,craig_fong,75
jian,53,teppei_koike,16
chanyeol,29,lee_joon-gi,24
brandon_soo_hoo,17,kris_wu,38
sung_kang,52,ye_liu,7
joo_jin_mo,36,jaejoong,46
ron_yuan,56,lee_joon-gi,26
big_bang_g-dragon,7,ron_yuan,31
jaejoong,57,song_joong_ki,33
ji_chang_wook,7,lee_joon-gi,24
yao_ming,4,aaron_yoo,17
hiroki_narimiya,74,huang_xiaoming,26
robin_shou,97,will_yun_lee,79
jung_yong_hwa,1,jung_woo_sung,22
young_man_kang,9,jack_ma,207
bang_yong_guk,46,shun_oguri,35
jang_keun_suk,52,jian,28
park_ji_sung,32,jang_keun_suk,7
teppei_koike,6,aaron_yoo,17
craig_fong,19,jet_li,127
aaron_yoo,17,bang_yong_guk,43
song_joong_ki,18,young_man_kang,22
daniel_henney,55,will_yun_lee,490
park_ji_sung,58,yoo_ah_in,31
will_yun_lee,669,scott_takeda,923
park_ji_sung,48,yoo_ah_in,31
big_bang_g-dragon,1,kazuya_kamenashi,47
ye_liu,12,jung_woo_sung,11
shun_oguri,41,lee_joon-gi,26
kazuya_kamenashi,5,jang_keun_suk,6
bang_yong_guk,46,sung_kang,52
will_yun_lee,490,jaejoong,57
craig_fong,31,chin_han,44
chanyeol,38,chin_han,6
joo_jin_mo,42,chanyeol,59
jet_li,56,jung_woo_sung,32
godfrey_gao,10,bang_yong_guk,37
tony_jaa,8,aaron_yoo,106
jack_ma,223,joo_jin_mo,36
lee_dong_hae,33,bang_yong_guk,42
kazuya_kamenashi,50,song_joong_ki,29
jian,25,steven_yeun,269
lee_joon-gi,24,mark_dacascos,22
chin_han,58,brandon_soo_hoo,17
ji_chang_wook,50,tony_chiu_wai_leung,4
daniel_henney,7,yao_ming,23
ron_yuan,53,godfrey_gao,38
jaejoong,61,ron_yuan,62
yun-fat_chow,8,jian,11
kris_wu,7,godfrey_gao,33
jung_yong_hwa,4,ron_yuan,58
jet_li,125,yannus_sufandi,7
park_ji_sung,50,jaejoong,54
toma_ikuta,74,huang_xiaoming,9
hiroki_narimiya,31,jaejoong,61
bang_yong_guk,37,aaron_yoo,17
hiroki_narimiya,9,teppei_koike,53
shun_oguri,46,daniel_henney,37
chin_han,6,shun_oguri,59
lee_dong_hae,57,cha_seung_won,13
toma_ikuta,64,joo_jin_mo,0
jian,28,tony_jaa,8
big_bang_g-dragon,35,brandon_soo_hoo,17
jaejoong,46,brandon_soo_hoo,23
lee_dong_hae,17,bang_yong_guk,4
daniel_henney,15,shun_oguri,46
godfrey_gao,4,park_ji_sung,5
chanyeol,59,ye_liu,6
huang_xiaoming,22,daniel_henney,53
cha_seung_won,8,jung_yong_hwa,13
bang_yong_guk,37,tony_chiu_wai_leung,25
yao_ming,1,kanata_hongo,43
yoo_ah_in,22,lee_joon-gi,26
jaejoong,46,yun-fat_chow,50
kazuya_kamenashi,5,ye_liu,12
tony_chiu_wai_leung,7,hua_chenyu,34
lee_dong_hae,67,jaejoong,47
kazuya_kamenashi,6,bang_yong_guk,4
jung_woo_sung,0,jang_keun_suk,26
robin_shou,97,ye_liu,12
robin_shou,489,godfrey_gao,10
jung_yong_hwa,30,shun_oguri,5
robin_shou,97,lee_dong_hae,24
joo_jin_mo,20,young_man_kang,12
park_ji_sung,9,tony_jaa,22
mark_dacascos,960,aaron_yoo,371
lee_dong_hae,63,yao_ming,11
jung_yong_hwa,30,yannus_sufandi,7
daniel_henney,7,ji_chang_wook,46
mark_dacascos,960,lee_dong_hae,33
ron_yuan,62,ji_chang_wook,24
reggie_lee,41,park_ji_sung,40
hiroki_narimiya,5,steven_yeun,297
jack_ma,207,kanata_hongo,8
lee_dong_hae,63,chin_han,58
john_woo,19,ron_yuan,58
john_woo,9,godfrey_gao,10
joo_jin_mo,29,ji_chang_wook,24
brandon_soo_hoo,23,john_woo,17
shun_oguri,5,godfrey_gao,7
chanyeol,60,jung_woo_sung,41
jet_li,125,sung_kang,52
jung_yong_hwa,38,jet_li,56
bang_yong_guk,37,kris_wu,56
jian,10,tony_chiu_wai_leung,6
chin_han,69,tony_jaa,31
robin_shou,97,yun-fat_chow,358
shun_oguri,46,chanyeol,15
park_ji_sung,5,jang_keun_suk,60
tony_jaa,12,lee_joon-gi,26
jaejoong,47,jung_woo_sung,54
ron_yuan,31,hua_chenyu,36
ryosuke_yamada,50,ji_chang_wook,42
bang_yong_guk,43,kris_wu,28
yun-fat_chow,50,bang_yong_guk,4
chin_han,25,big_bang_g-dragon,6
hiroki_narimiya,26,kanata_hongo,22
tony_jaa,17,yoo_ah_in,3
ye_liu,7,hua_chenyu,9
craig_fong,60,yao_ming,1
john_woo,19,teppei_koike,32
aaron_yoo,371,jang_keun_suk,12
chin_han,69,yao_ming,22
ron_yuan,31,kazuya_kamenashi,5
huang_xiaoming,1,hiroki_narimiya,74
huang_xiaoming,22,chin_han,44
shun_oguri,51,steven_yeun,297
brandon_soo_hoo,16,chanyeol,60
ji_chang_wook,2,big_bang_g-dragon,12
john_woo,1,reggie_lee,62
chin_han,69,young_man_kang,49
yoo_ah_in,31,chin_han,298
park_ji_sung,40,young_man_kang,55
lee_dong_hae,63,big_bang_g-dragon,49
chin_han,298,toma_ikuta,74
godfrey_gao,12,young_man_kang,66
young_man_kang,55,brandon_soo_hoo,22
chin_han,69,steven_yeun,269
toma_ikuta,81,park_ji_sung,16
kanata_hongo,53,aaron_yoo,17
cha_seung_won,29,jack_ma,289
jaejoong,32,jung_woo_sung,15
bang_yong_guk,10,reggie_lee,528
ryosuke_yamada,50,yoo_ah_in,27
daniel_henney,54,yun-fat_chow,358
young_man_kang,22,brandon_soo_hoo,23
craig_fong,19,lee_dong_hae,32
bang_yong_guk,46,shun_oguri,5
yun-fat_chow,200,teppei_koike,63
godfrey_gao,10,daniel_henney,48
jet_li,127,reggie_lee,41
scott_takeda,915,huang_xiaoming,11
jaejoong,61,big_bang_g-dragon,28
shun_oguri,1,chin_han,25
jian,6,shun_oguri,59
ye_liu,18,yao_ming,33
jung_yong_hwa,37,park_ji_sung,5
aaron_yoo,106,hiroki_narimiya,58
jian,11,huang_xiaoming,6
kris_wu,22,hua_chenyu,10
kris_wu,7,steven_yeun,269
sung_kang,52,tony_jaa,24
jung_yong_hwa,28,park_ji_sung,17
tony_jaa,4,reggie_lee,528
mark_dacascos,928,will_yun_lee,79
lee_joon-gi,24,teppei_koike,25
song_joong_ki,18,kanata_hongo,10
joo_jin_mo,20,brandon_soo_hoo,23
john_woo,17,godfrey_gao,4
aaron_yoo,17,reggie_lee,62
huang_xiaoming,1,kanata_hongo,53
ryosuke_yamada,50,yun-fat_chow,16
jian,10,jack_ma,422
scott_takeda,918,jaejoong,21
jian,25,scott_takeda,916
cha_seung_won,6,jaejoong,0
john_woo,17,chin_han,58
cha_seung_won,23,aaron_yoo,45
big_bang_g-dragon,6,godfrey_gao,12
cha_seung_won,29,kazuya_kamenashi,54
kanata_hongo,45,young_man_kang,30
yannus_sufandi,16,jian,13
jaejoong,51,tony_jaa,12
john_woo,1,shun_oguri,5
aaron_yoo,17,joo_jin_mo,20
young_man_kang,49,ji_chang_wook,37
jet_li,56,yun-fat_chow,200
ron_yuan,58,steven_yeun,261
joo_jin_mo,32,reggie_lee,245
joo_jin_mo,20,yoo_ah_in,8
scott_takeda,11,yun-fat_chow,200
robin_shou,97,jung_woo_sung,17
jaejoong,54,steven_yeun,297
robin_shou,97,ron_yuan,56
kanata_hongo,18,jet_li,127
toma_ikuta,75,big_bang_g-dragon,7
jaejoong,56,ye_liu,1
godfrey_gao,41,jian,25
lee_joon-gi,26,young_man_kang,24
lee_joon-gi,26,yun-fat_chow,200
godfrey_gao,12,big_bang_g-dragon,6
mark_dacascos,22,chin_han,44
jack_ma,422,brandon_soo_hoo,23
craig_fong,60,kanata_hongo,28
young_man_kang,49,tony_chiu_wai_leung,25
tony_chiu_wai_leung,12,young_man_kang,49
tony_jaa,4,ye_liu,7
chin_han,3,robin_shou,489
jaejoong,0,ryosuke_yamada,50
mark_dacascos,902,jian,25
ron_yuan,58,joo_jin_mo,28
kazuya_kamenashi,7,brandon_soo_hoo,17
jung_woo_sung,36,jet_li,127
godfrey_gao,7,mark_dacascos,960
ryosuke_yamada,50,john_woo,17
lee_dong_hae,27,lee_joon-gi,24
aaron_yoo,371,mark_dacascos,915
godfrey_gao,4,reggie_lee,62
jung_woo_sung,36,jack_ma,328
lee_dong_hae,24,yannus_sufandi,16
sung_kang,52,daniel_henney,56
lee_joon-gi,26,ye_liu,1
lee_dong_hae,59,tony_jaa,4
jet_li,127,ryosuke_yamada,50
hua_chenyu,43,brandon_soo_hoo,22
yun-fat_chow,16,kanata_hongo,28
aaron_yoo,17,jung_yong_hwa,42
ryosuke_yamada,50,sung_kang,52
huang_xiaoming,12,song_joong_ki,11
joo_jin_mo,55,sung_kang,52
jet_li,4,yun-fat_chow,50
huang_xiaoming,25,will_yun_lee,920
joo_jin_mo,55,lee_dong_hae,17
yoo_ah_in,28,reggie_lee,528
robin_shou,489,yao_ming,9
jet_li,127,hiroki_narimiya,77
cha_seung_won,52,steven_yeun,261
jang_keun_suk,15,ryosuke_yamada,50
hua_chenyu,26,reggie_lee,528
yoo_ah_in,27,daniel_henney,13
hua_chenyu,43,brandon_soo_hoo,17
hua_chenyu,18,tony_chiu_wai_leung,23
chin_han,6,young_man_kang,49
kanata_hongo,43,tony_chiu_wai_leung,21
sung_kang,52,craig_fong,19
lee_joon-gi,24,hiroki_narimiya,76
jian,53,hiroki_narimiya,53
kanata_hongo,28,craig_fong,42
shun_oguri,51,kris_wu,48
jaejoong,54,big_bang_g-dragon,7
chin_han,58,lee_joon-gi,24
jack_ma,223,steven_yeun,261
bang_yong_guk,43,hua_chenyu,40
shun_oguri,5,aaron_yoo,106
hua_chenyu,31,will_yun_lee,510
robin_shou,97,cha_seung_won,28
scott_takeda,11,bang_yong_guk,44
park_ji_sung,5,young_man_kang,22
chanyeol,28,kris_wu,47
yun-fat_chow,50,big_bang_g-dragon,48
aaron_yoo,106,big_bang_g-dragon,46
huang_xiaoming,4,jack_ma,328
park_ji_sung,14,hua_chenyu,29
kazuya_kamenashi,9,song_joong_ki,13
mark_dacascos,961,hiroki_narimiya,26
mark_dacascos,915,lee_joon-gi,24
scott_takeda,918,jaejoong,6
yoo_ah_in,48,kris_wu,31
jet_li,56,brandon_soo_hoo,22
teppei_koike,47,ye_liu,18
chin_han,58,yannus_sufandi,7
yoo_ah_in,15,sung_kang,52
park_ji_sung,9,yannus_sufandi,16
hua_chenyu,10,scott_takeda,14
song_joong_ki,41,craig_fong,31
jung_yong_hwa,1,tony_chiu_wai_leung,17
yun-fat_chow,200,song_joong_ki,8
daniel_henney,53,lee_joon-gi,26
kris_wu,31,tony_chiu_wai_leung,7
park_ji_sung,26,hiroki_narimiya,58
john_woo,9,jung_yong_hwa,38
robin_shou,489,jet_li,4
mark_dacascos,22,ye_liu,24
john_woo,17,aaron_yoo,371
kanata_hongo,39,young_man_kang,9
hiroki_narimiya,53,big_bang_g-dragon,1
tony_jaa,8,yao_ming,19
hiroki_narimiya,5,sung_kang,52
hua_chenyu,10,yun-fat_chow,50
yun-fat_chow,16,john_woo,19
big_bang_g-dragon,13,ji_chang_wook,42
song_joong_ki,28,big_bang_g-dragon,7
hiroki_narimiya,24,jung_yong_hwa,27
jack_ma,207,hua_chenyu,18
jang_keun_suk,7,jung_yong_hwa,1
godfrey_gao,38,kanata_hongo,32
jung_yong_hwa,4,brandon_soo_hoo,17
jung_woo_sung,33,jian,6
jaejoong,47,kris_wu,55
jack_ma,223,teppei_koike,53
yun-fat_chow,16,jang_keun_suk,12
jian,28,jang_keun_suk,12
steven_yeun,261,lee_joon-gi,24
scott_takeda,909,bang_yong_guk,46
tony_chiu_wai_leung,6,jaejoong,21
ji_chang_wook,24,young_man_kang,10
hiroki_narimiya,5,steven_yeun,269
yun-fat_chow,358,jung_woo_sung,36
joo_jin_mo,24,teppei_koike,6
craig_fong,31,godfrey_gao,30
kris_wu,14,huang_xiaoming,17
park_ji_sung,32,john_woo,16
ji_chang_wook,5,hiroki_narimiya,5
kazuya_kamenashi,50,hua_chenyu,49
ji_chang_wook,5,tony_chiu_wai_leung,28
jack_ma,289,mark_dacascos,961
chin_han,25,steven_yeun,261
kris_wu,14,mark_dacascos,915
chin_han,3,reggie_lee,62
ye_liu,6,kris_wu,38
ji_chang_wook,30,reggie_lee,62
tony_jaa,33,ron_yuan,58
jet_li,4,kazuya_kamenashi,7
yannus_sufandi,55,bang_yong_guk,43
craig_fong,31,mark_dacascos,22
aaron_yoo,45,song_joong_ki,29
joo_jin_mo,36,daniel_henney,6
huang_xiaoming,26,hiroki_narimiya,9
cha_seung_won,52,jung_yong_hwa,27
jung_woo_sung,0,jung_yong_hwa,29
chin_han,25,ji_chang_wook,50
yun-fat_chow,8,daniel_henney,8
john_woo,1,jang_keun_suk,46
mark_dacascos,961,robin_shou,489
toma_ikuta,48,daniel_henney,54
sung_kang,52,daniel_henney,29
daniel_henney,7,godfrey_gao,33
scott_takeda,923,jang_keun_suk,60
jet_li,125,toma_ikuta,81
craig_fong,24,steven_yeun,297
aaron_yoo,371,john_woo,17
big_bang_g-dragon,35,lee_joon-gi,26
song_joong_ki,26,huang_xiaoming,68
jang_keun_suk,12,young_man_kang,66
steven_yeun,269,shun_oguri,33
chin_han,298,jung_yong_hwa,38
brandon_soo_hoo,22,hiroki_narimiya,51
yao_ming,22,scott_takeda,904
lee_joon-gi,24,ji_chang_wook,42
jung_woo_sung,54,toma_ikuta,64
yoo_ah_in,28,ryosuke_yamada,50
yoo_ah_in,8,scott_takeda,925
joo_jin_mo,45,yannus_sufandi,55
reggie_lee,528,daniel_henney,11
bang_yong_guk,46,yoo_ah_in,18
kris_wu,22,reggie_lee,62
kanata_hongo,22,john_woo,16
yoo_ah_in,3,kanata_hongo,49
kris_wu,48,hiroki_narimiya,17
hua_chenyu,9,jung_yong_hwa,4
scott_takeda,909,hua_chenyu,43
tony_jaa,22,toma_ikuta,22
young_man_kang,49,john_woo,9
shun_oguri,10,lee_dong_hae,53
young_man_kang,12,jet_li,4
chanyeol,60,hiroki_narimiya,17
jang_keun_suk,7,ji_chang_wook,24
song_joong_ki,5,hua_chenyu,49
aaron_yoo,371,sung_kang,52
hiroki_narimiya,51,yannus_sufandi,7
daniel_henney,48,lee_dong_hae,17
jet_li,4,jung_woo_sung,34
lee_joon-gi,24,huang_xiaoming,3
reggie_lee,41,jian,6
yao_ming,19,jaejoong,9
brandon_soo_hoo,16,yoo_ah_in,31
jaejoong,54,jang_keun_suk,58
huang_xiaoming,22,scott_takeda,14
daniel_henney,36,hiroki_narimiya,77
park_ji_sung,8,chanyeol,49
jaejoong,0,kazuya_kamenashi,54
big_bang_g-dragon,1,lee_dong_hae,34
godfrey_gao,30,park_ji_sung,40
big_bang_g-dragon,28,joo_jin_mo,36
kris_wu,54,craig_fong,60
brandon_soo_hoo,23,reggie_lee,62
kris_wu,23,jian,47
yao_ming,1,jung_yong_hwa,1
song_joong_ki,28,joo_jin_mo,55
hua_chenyu,29,huang_xiaoming,12
chanyeol,70,mark_dacascos,944
tony_jaa,54,godfrey_gao,10
will_yun_lee,490,craig_fong,31
lee_dong_hae,17,craig_fong,42
jian,10,yao_ming,11
john_woo,9,daniel_henney,8
kazuya_kamenashi,15,jung_yong_hwa,28
craig_fong,31,yoo_ah_in,27
hua_chenyu,34,park_ji_sung,40
kazuya_kamenashi,25,ryosuke_yamada,50
lee_dong_hae,17,young_man_kang,30
yannus_sufandi,16,jack_ma,422
jian,53,hua_chenyu,9
ji_chang_wook,59,lee_joon-gi,24
reggie_lee,245,joo_jin_mo,20
ron_yuan,58,shun_oguri,1
chanyeol,49,robin_shou,97
hua_chenyu,43,john_woo,9
big_bang_g-dragon,13,hiroki_narimiya,53
jaejoong,47,mark_dacascos,920
yun-fat_chow,8,ji_chang_wook,59
robin_shou,97,hiroki_narimiya,26
jung_yong_hwa,29,lee_joon-gi,24
ron_yuan,62,kazuya_kamenashi,15
mark_dacascos,22,song_joong_ki,19
jung_yong_hwa,37,jian,27
yoo_ah_in,22,jaejoong,21
lee_dong_hae,53,shun_oguri,1
ji_chang_wook,38,yannus_sufandi,7
huang_xiaoming,12,ryosuke_yamada,50
cha_seung_won,6,tony_chiu_wai_leung,4
sung_kang,52,jung_woo_sung,54
jung_woo_sung,33,toma_ikuta,75
yoo_ah_in,8,ji_chang_wook,5
kris_wu,28,ye_liu,7
joo_jin_mo,0,yun-fat_chow,8
steven_yeun,261,yun-fat_chow,200
scott_takeda,904,cha_seung_won,44
lee_joon-gi,26,brandon_soo_hoo,23
tony_chiu_wai_leung,21,toma_ikuta,10
jian,37,jaejoong,46
ji_chang_wook,38,jack_ma,207
kris_wu,38,ye_liu,2
scott_takeda,915,young_man_kang,27
lee_dong_hae,32,jet_li,127
daniel_henney,48,will_yun_lee,490
kris_wu,56,shun_oguri,70
cha_seung_won,44,kanata_hongo,28
yannus_sufandi,55,chanyeol,30
ryosuke_yamada,50,yoo_ah_in,1
godfrey_gao,30,mark_dacascos,909
song_joong_ki,5,craig_fong,78
john_woo,1,jung_woo_sung,43
tony_chiu_wai_leung,21,shun_oguri,1
jian,27,jang_keun_suk,28
young_man_kang,9,lee_joon-gi,26
big_bang_g-dragon,49,jaejoong,43
mark_dacascos,944,ji_chang_wook,46
ron_yuan,53,jang_keun_suk,6
kris_wu,54,reggie_lee,528
tony_jaa,4,jack_ma,328
reggie_lee,41,yannus_sufandi,55
daniel_henney,11,hua_chenyu,31
lee_dong_hae,53,reggie_lee,245
yun-fat_chow,358,chanyeol,3
yun-fat_chow,200,ron_yuan,62
tony_chiu_wai_leung,21,ron_yuan,56
jack_ma,289,ron_yuan,62
big_bang_g-dragon,35,kazuya_kamenashi,61
jack_ma,328,song_joong_ki,26
john_woo,9,will_yun_lee,920
ron_yuan,62,yannus_sufandi,55
young_man_kang,30,reggie_lee,41
yoo_ah_in,48,joo_jin_mo,39
bang_yong_guk,37,tony_jaa,31
daniel_henney,54,craig_fong,7
jet_li,127,tony_chiu_wai_leung,6
scott_takeda,922,kris_wu,55
mark_dacascos,944,bang_yong_guk,43
jack_ma,207,hua_chenyu,49
cha_seung_won,53,kris_wu,22
song_joong_ki,5,will_yun_lee,570
huang_xiaoming,22,steven_yeun,261
yun-fat_chow,358,ron_yuan,31
will_yun_lee,669,song_joong_ki,19
robin_shou,97,craig_fong,60
yannus_sufandi,7,joo_jin_mo,32
park_ji_sung,18,chanyeol,59
aaron_yoo,371,scott_takeda,904
teppei_koike,16,jet_li,127
steven_yeun,261,jian,6
jack_ma,422,yao_ming,17
will_yun_lee,490,tony_jaa,8
will_yun_lee,490,yun-fat_chow,50
john_woo,19,will_yun_lee,920
bang_yong_guk,37,craig_fong,58
yun-fat_chow,358,song_joong_ki,42
mark_dacascos,944,bang_yong_guk,10
cha_seung_won,23,teppei_koike,63
scott_takeda,17,mark_dacascos,22
kanata_hongo,49,jet_li,56
ji_chang_wook,42,jaejoong,46
tony_jaa,45,jang_keun_suk,6
yannus_sufandi,55,godfrey_gao,38
yoo_ah_in,27,cha_seung_won,52
scott_takeda,910,craig_fong,75
ron_yuan,58,aaron_yoo,371
tony_chiu_wai_leung,12,ji_chang_wook,47
craig_fong,78,jung_woo_sung,6
chin_han,69,kazuya_kamenashi,15
yun-fat_chow,16,steven_yeun,297
ron_yuan,56,chanyeol,3
huang_xiaoming,32,mark_dacascos,22
craig_fong,7,reggie_lee,62
lee_dong_hae,27,toma_ikuta,7
mark_dacascos,915,brandon_soo_hoo,16
ron_yuan,62,toma_ikuta,7
ryosuke_yamada,50,toma_ikuta,75
hiroki_narimiya,17,kris_wu,48
hiroki_narimiya,39,sung_kang,52
tony_chiu_wai_leung,17,yun-fat_chow,50
ryosuke_yamada,50,joo_jin_mo,0
park_ji_sung,26,godfrey_gao,33
tony_jaa,20,steven_yeun,297
hua_chenyu,42,tony_chiu_wai_leung,23
toma_ikuta,10,ji_chang_wook,5
lee_dong_hae,17,scott_takeda,910
steven_yeun,261,will_yun_lee,920
sung_kang,52,kazuya_kamenashi,7
reggie_lee,528,kris_wu,22
aaron_yoo,17,shun_oguri,46
daniel_henney,15,bang_yong_guk,4
park_ji_sung,40,brandon_soo_hoo,17
lee_dong_hae,57,huang_xiaoming,68
jet_li,125,ji_chang_wook,16
joo_jin_mo,44,sung_kang,52
tony_chiu_wai_leung,20,jet_li,127
aaron_yoo,45,chanyeol,3
yoo_ah_in,48,jian,11
john_woo,16,hiroki_narimiya,24
lee_dong_hae,17,sung_kang,52
godfrey_gao,30,jaejoong,54
jang_keun_suk,12,aaron_yoo,106
song_joong_ki,41,mark_dacascos,22
jang_keun_suk,28,teppei_koike,48
young_man_kang,9,mark_dacascos,909
young_man_kang,22,jian,28
joo_jin_mo,38,daniel_henney,6
jung_yong_hwa,45,jaejoong,57
jet_li,4,ron_yuan,62
mark_dacascos,920,kanata_hongo,53
bang_yong_guk,43,jang_keun_suk,60
yannus_sufandi,55,ji_chang_wook,42
godfrey_gao,12,craig_fong,75
robin_shou,489,jang_keun_suk,15
yao_ming,11,kris_wu,22
huang_xiaoming,6,daniel_henney,53
big_bang_g-dragon,28,kazuya_kamenashi,61
park_ji_sung,50,sung_kang,52
jian,10,steven_yeun,261
kanata_hongo,28,steven_yeun,297
robin_shou,97,tony_jaa,11
yoo_ah_in,18,brandon_soo_hoo,17
sung_kang,52,ryosuke_yamada,50
hiroki_narimiya,55,lee_dong_hae,53
daniel_henney,48,aaron_yoo,371
kris_wu,47,cha_seung_won,40
steven_yeun,261,lee_dong_hae,25
jung_yong_hwa,38,kazuya_kamenashi,50
sung_kang,52,tony_jaa,31
yoo_ah_in,48,sung_kang,52
jack_ma,422,joo_jin_mo,58
kris_wu,48,shun_oguri,41
yao_ming,12,robin_shou,97
kanata_hongo,39,yun-fat_chow,8
john_woo,9,craig_fong,42
ryosuke_yamada,50,hua_chenyu,36
jet_li,56,sung_kang,52
joo_jin_mo,29,huang_xiaoming,32
sung_kang,52,chanyeol,15
kris_wu,7,aaron_yoo,17
cha_seung_won,21,jian,6
tony_chiu_wai_leung,23,tony_jaa,22
godfrey_gao,39,teppei_koike,49
cha_seung_won,52,john_woo,9
big_bang_g-dragon,49,jian,53
cha_seung_won,21,jack_ma,207
bang_yong_guk,46,jack_ma,422
robin_shou,97,joo_jin_mo,58
daniel_henney,53,big_bang_g-dragon,48
joo_jin_mo,44,tony_jaa,17
hiroki_narimiya,76,yoo_ah_in,38
yannus_sufandi,16,daniel_henney,0
jung_woo_sung,17,teppei_koike,6
ryosuke_yamada,50,hua_chenyu,30
jaejoong,63,bang_yong_guk,43
lee_joon-gi,24,sung_kang,52
shun_oguri,35,teppei_koike,16
song_joong_ki,8,yun-fat_chow,50
kris_wu,22,scott_takeda,6
chanyeol,58,reggie_lee,245
jang_keun_suk,6,toma_ikuta,75
teppei_koike,32,lee_dong_hae,20
ryosuke_yamada,50,lee_joon-gi,26
godfrey_gao,41,young_man_kang,24
aaron_yoo,45,john_woo,16
robin_shou,97,jet_li,56
joo_jin_mo,16,jaejoong,40
reggie_lee,245,tony_jaa,54
kris_wu,7,chin_han,6
robin_shou,97,huang_xiaoming,3
robin_shou,97,jung_yong_hwa,27
lee_dong_hae,63,chanyeol,49
young_man_kang,12,tony_jaa,4
godfrey_gao,12,yannus_sufandi,55
yoo_ah_in,31,steven_yeun,297
cha_seung_won,19,steven_yeun,297
reggie_lee,62,huang_xiaoming,17
big_bang_g-dragon,13,huang_xiaoming,26
hua_chenyu,29,jian,25
mark_dacascos,960,jian,53
aaron_yoo,106,yun-fat_chow,200
lee_joon-gi,26,bang_yong_guk,46
lee_dong_hae,63,daniel_henney,15
joo_jin_mo,0,cha_seung_won,52
reggie_lee,245,lee_dong_hae,20
yun-fat_chow,358,young_man_kang,10
reggie_lee,41,toma_ikuta,81
yun-fat_chow,8,jung_yong_hwa,33
yannus_sufandi,55,jang_keun_suk,12
scott_takeda,909,steven_yeun,261
ji_chang_wook,37,jung_yong_hwa,27
jet_li,4,big_bang_g-dragon,37
jung_yong_hwa,1,ron_yuan,56
jung_yong_hwa,45,scott_takeda,11
ye_liu,2,yoo_ah_in,21
mark_dacascos,920,jet_li,127
tony_jaa,12,kanata_hongo,49
tony_jaa,22,craig_fong,7
tony_chiu_wai_leung,23,robin_shou,97
brandon_soo_hoo,16,jian,53
jang_keun_suk,52,aaron_yoo,106
joo_jin_mo,20,john_woo,19
ji_chang_wook,59,bang_yong_guk,20
sung_kang,52,yao_ming,4
chanyeol,3,scott_takeda,922
jack_ma,328,steven_yeun,269
yun-fat_chow,8,hiroki_narimiya,24
ron_yuan,62,kanata_hongo,45
kris_wu,28,will_yun_lee,920
yannus_sufandi,7,yoo_ah_in,38
mark_dacascos,960,scott_takeda,6
godfrey_gao,12,kris_wu,22
sung_kang,52,yannus_sufandi,7
kazuya_kamenashi,54,jian,28
yao_ming,5,sung_kang,52
ye_liu,18,jang_keun_suk,52
lee_dong_hae,25,daniel_henney,6
huang_xiaoming,17,sung_kang,52
jet_li,4,bang_yong_guk,43
robin_shou,489,big_bang_g-dragon,1
sung_kang,52,hiroki_narimiya,58
yao_ming,19,craig_fong,19
scott_takeda,923,ye_liu,12
jaejoong,9,chanyeol,28
will_yun_lee,570,godfrey_gao,23
chin_han,58,jung_woo_sung,26
shun_oguri,46,jung_woo_sung,6
jung_woo_sung,36,hiroki_narimiya,24
hua_chenyu,10,tony_jaa,8
sung_kang,52,tony_chiu_wai_leung,4
jian,11,park_ji_sung,9
bang_yong_guk,20,joo_jin_mo,58
will_yun_lee,570,aaron_yoo,371
ji_chang_wook,50,kanata_hongo,28
jian,6,reggie_lee,62
toma_ikuta,10,huang_xiaoming,17
young_man_kang,24,cha_seung_won,28
yoo_ah_in,50,cha_seung_won,40
song_joong_ki,28,jung_woo_sung,26
lee_dong_hae,63,robin_shou,489
lee_dong_hae,67,daniel_henney,53
hua_chenyu,30,jang_keun_suk,52
young_man_kang,30,song_joong_ki,5
kanata_hongo,8,jaejoong,21
yoo_ah_in,3,kazuya_kamenashi,54
scott_takeda,6,john_woo,9
kanata_hongo,45,robin_shou,489
aaron_yoo,371,jack_ma,422
kris_wu,31,brandon_soo_hoo,16
kris_wu,7,jang_keun_suk,28
kris_wu,38,jang_keun_suk,60
aaron_yoo,17,kanata_hongo,18
ye_liu,2,ryosuke_yamada,50
ji_chang_wook,46,aaron_yoo,17
aaron_yoo,17,jack_ma,422
craig_fong,7,hiroki_narimiya,76
yoo_ah_in,38,jang_keun_suk,6
godfrey_gao,7,kanata_hongo,8
sung_kang,52,jet_li,56
yannus_sufandi,16,huang_xiaoming,32
kanata_hongo,43,song_joong_ki,39
jaejoong,32,craig_fong,60
big_bang_g-dragon,46,brandon_soo_hoo,23
big_bang_g-dragon,51,daniel_henney,54
jung_yong_hwa,28,robin_shou,489
jet_li,56,ji_chang_wook,2
joo_jin_mo,38,jian,25
jung_woo_sung,54,jaejoong,9
craig_fong,7,shun_oguri,59
shun_oguri,64,craig_fong,78
sung_kang,52,kazuya_kamenashi,52
jung_yong_hwa,27,ryosuke_yamada,50
jian,27,young_man_kang,30
kris_wu,22,hiroki_narimiya,55
will_yun_lee,490,kanata_hongo,10
robin_shou,489,teppei_koike,6
joo_jin_mo,45,yannus_sufandi,16
aaron_yoo,371,jang_keun_suk,7
lee_dong_hae,27,daniel_henney,53
bang_yong_guk,1,mark_dacascos,920
mark_dacascos,909,toma_ikuta,74
kris_wu,22,bang_yong_guk,20
jung_yong_hwa,29,cha_seung_won,33
kanata_hongo,10,bang_yong_guk,42
huang_xiaoming,1,will_yun_lee,79
mark_dacascos,902,jaejoong,57
robin_shou,489,chin_han,44
brandon_soo_hoo,23,jung_yong_hwa,38
brandon_soo_hoo,17,kanata_hongo,18
jet_li,4,john_woo,9
jang_keun_suk,26,steven_yeun,269
mark_dacascos,920,song_joong_ki,8
yao_ming,7,kazuya_kamenashi,54
yoo_ah_in,15,kanata_hongo,10
will_yun_lee,920,joo_jin_mo,55
steven_yeun,269,brandon_soo_hoo,23
craig_fong,19,song_joong_ki,41
lee_joon-gi,26,yoo_ah_in,50
yao_ming,19,kris_wu,23
lee_joon-gi,26,jung_woo_sung,15
shun_oguri,10,jang_keun_suk,26
yao_ming,12,sung_kang,52
toma_ikuta,81,tony_jaa,23
kris_wu,7,shun_oguri,33
will_yun_lee,79,park_ji_sung,50
hua_chenyu,43,jang_keun_suk,52
reggie_lee,41,ye_liu,12
jang_keun_suk,58,aaron_yoo,17
song_joong_ki,19,hua_chenyu,9
sung_kang,52,kanata_hongo,43
jang_keun_suk,13,jack_ma,223
yannus_sufandi,55,yao_ming,23
reggie_lee,62,jack_ma,223
song_joong_ki,30,kris_wu,28
big_bang_g-dragon,51,hua_chenyu,36
daniel_henney,15,joo_jin_mo,28
kris_wu,38,park_ji_sung,32
steven_yeun,261,tony_chiu_wai_leung,17
hiroki_narimiya,51,mark_dacascos,915
teppei_koike,16,yao_ming,5
ye_liu,18,scott_takeda,922
godfrey_gao,7,big_bang_g-dragon,12
will_yun_lee,79,hua_chenyu,40
chin_han,69,jet_li,4
cha_seung_won,40,lee_joon-gi,24
jaejoong,32,young_man_kang,55
ji_chang_wook,7,jian,13
john_woo,1,robin_shou,97
sung_kang,52,aaron_yoo,106
joo_jin_mo,39,chanyeol,70
ji_chang_wook,30,yannus_sufandi,7
kazuya_kamenashi,42,brandon_soo_hoo,22
lee_joon-gi,24,song_joong_ki,26
shun_oguri,5,jaejoong,0
aaron_yoo,371,yao_ming,33
jian,13,jang_keun_suk,51
godfrey_gao,41,hua_chenyu,49
lee_joon-gi,24,toma_ikuta,22
robin_shou,489,mark_dacascos,954
jack_ma,328,cha_seung_won,52
ron_yuan,31,yannus_sufandi,16
kris_wu,55,john_woo,17
bang_yong_guk,1,mark_dacascos,915
shun_oguri,1,kanata_hongo,22
kazuya_kamenashi,25,big_bang_g-dragon,46
joo_jin_mo,38,hiroki_narimiya,17
toma_ikuta,10,jian,6
toma_ikuta,48,reggie_lee,41
daniel_henney,29,robin_shou,97
will_yun_lee,570,tony_chiu_wai_leung,23
young_man_kang,55,kanata_hongo,18
lee_joon-gi,26,park_ji_sung,9
kanata_hongo,8,song_joong_ki,42
hiroki_narimiya,77,aaron_yoo,17
jang_keun_suk,28,yao_ming,5
ron_yuan,56,tony_jaa,33
kris_wu,38,jet_li,4
jian,37,song_joong_ki,29
joo_jin_mo,58,sung_kang,52
chin_han,25,ryosuke_yamada,50
yoo_ah_in,50,song_joong_ki,29
sung_kang,52,cha_seung_won,40
yao_ming,11,ron_yuan,31
steven_yeun,297,yoo_ah_in,21
joo_jin_mo,38,aaron_yoo,45
godfrey_gao,41,lee_dong_hae,67
lee_joon-gi,24,jian,11
daniel_henney,15,yoo_ah_in,31
jet_li,4,kazuya_kamenashi,7
chin_han,69,hiroki_narimiya,53
steven_yeun,297,yao_ming,33
tony_chiu_wai_leung,6,cha_seung_won,23
teppei_koike,45,jian,27
jaejoong,0,jet_li,4
yannus_sufandi,7,cha_seung_won,44
mark_dacascos,909,lee_joon-gi,24
huang_xiaoming,20,steven_yeun,297
john_woo,16,robin_shou,97
toma_ikuta,64,hiroki_narimiya,39
yao_ming,23,park_ji_sung,26
yannus_sufandi,7,robin_shou,97
daniel_henney,54,jack_ma,422
tony_chiu_wai_leung,23,scott_takeda,6
jung_woo_sung,32,tony_jaa,8
kazuya_kamenashi,5,ryosuke_yamada,50
yannus_sufandi,55,cha_seung_won,19
yannus_sufandi,16,ye_liu,18
kris_wu,47,john_woo,19
sung_kang,52,scott_takeda,910
bang_yong_guk,42,young_man_kang,55
lee_joon-gi,26,will_yun_lee,669
ji_chang_wook,59,song_joong_ki,41
huang_xiaoming,20,will_yun_lee,490
aaron_yoo,371,teppei_koike,16
huang_xiaoming,32,kris_wu,14
brandon_soo_hoo,16,scott_takeda,918
godfrey_gao,4,lee_dong_hae,32
kris_wu,7,daniel_henney,8
lee_dong_hae,29,joo_jin_mo,39
ye_liu,24,mark_dacascos,920
jung_woo_sung,54,robin_shou,489
joo_jin_mo,42,young_man_kang,49
jung_yong_hwa,13,chin_han,3
reggie_lee,245,lee_joon-gi,24
aaron_yoo,371,brandon_soo_hoo,23
jung_woo_sung,41,ryosuke_yamada,50
jian,6,will_yun_lee,510
cha_seung_won,28,lee_dong_hae,29
jet_li,4,joo_jin_mo,24
hua_chenyu,29,jet_li,125
cha_seung_won,33,yun-fat_chow,358
teppei_koike,28,reggie_lee,41
godfrey_gao,10,huang_xiaoming,20
lee_dong_hae,32,scott_takeda,6
ron_yuan,53,yun-fat_chow,50
reggie_lee,41,big_bang_g-dragon,35
bang_yong_guk,43,jang_keun_suk,13
big_bang_g-dragon,13,teppei_koike,53
ji_chang_wook,16,godfrey_gao,33
tony_chiu_wai_leung,4,lee_dong_hae,24
big_bang_g-dragon,17,yannus_sufandi,55
brandon_soo_hoo,17,scott_takeda,6
sung_kang,52,yun-fat_chow,8
jack_ma,422,ji_chang_wook,2
steven_yeun,269,yun-fat_chow,8
sung_kang,52,reggie_lee,528
daniel_henney,37,ji_chang_wook,7
shun_oguri,5,ji_chang_wook,16
kanata_hongo,49,kazuya_kamenashi,15
ryosuke_yamada,50,aaron_yoo,106
big_bang_g-dragon,12,park_ji_sung,16
young_man_kang,30,yun-fat_chow,200
john_woo,1,ron_yuan,62
joo_jin_mo,32,robin_shou,489
will_yun_lee,510,bang_yong_guk,46
big_bang_g-dragon,48,daniel_henney,53
aaron_yoo,106,hiroki_narimiya,26
godfrey_gao,46,tony_chiu_wai_leung,4
jaejoong,54,chanyeol,38
sung_kang,52,young_man_kang,27
ryosuke_yamada,50,ji_chang_wook,38
huang_xiaoming,4,john_woo,1
jaejoong,61,chin_han,69
park_ji_sung,14,reggie_lee,528
park_ji_sung,32,kanata_hongo,32
craig_fong,42,tony_jaa,8
ron_yuan,56,lee_joon-gi,24
huang_xiaoming,20,aaron_yoo,45
sung_kang,52,joo_jin_mo,36
chin_han,44,song_joong_ki,19
jang_keun_suk,58,tony_chiu_wai_leung,12
hiroki_narimiya,5,lee_joon-gi,26
ye_liu,24,shun_oguri,64
teppei_koike,28,young_man_kang,12
park_ji_sung,58,lee_dong_hae,33
jian,13,ryosuke_yamada,50
mark_dacascos,22,huang_xiaoming,12
kris_wu,52,hua_chenyu,26
tony_jaa,33,tony_chiu_wai_leung,6
kanata_hongo,45,chanyeol,60
young_man_kang,49,chanyeol,38
ron_yuan,56,godfrey_gao,41
godfrey_gao,46,kazuya_kamenashi,25
jung_woo_sung,32,song_joong_ki,42
teppei_koike,47,shun_oguri,79
bang_yong_guk,10,lee_dong_hae,25
daniel_henney,9,park_ji_sung,11
tony_chiu_wai_leung,6,reggie_lee,528
teppei_koike,47,ron_yuan,31
godfrey_gao,10,hiroki_narimiya,51
will_yun_lee,79,song_joong_ki,8
yao_ming,11,young_man_kang,27
ji_chang_wook,42,yao_ming,22
toma_ikuta,7,mark_dacascos,960
ji_chang_wook,38,park_ji_sung,32
joo_jin_mo,36,yao_ming,3
toma_ikuta,74,mark_dacascos,954
joo_jin_mo,16,huang_xiaoming,37
scott_takeda,922,teppei_koike,6
mark_dacascos,915,yoo_ah_in,27
ron_yuan,56,cha_seung_won,40
cha_seung_won,29,joo_jin_mo,8
shun_oguri,12,steven_yeun,269
ron_yuan,58,sung_kang,52
kris_wu,23,shun_oguri,46
jet_li,127,shun_oguri,35
jack_ma,207,ryosuke_yamada,50
bang_yong_guk,44,will_yun_lee,570
chanyeol,28,godfrey_gao,34
kris_wu,14,will_yun_lee,490
craig_fong,7,toma_ikuta,64
yoo_ah_in,28,chanyeol,60
scott_takeda,14,chin_han,58
tony_chiu_wai_leung,25,scott_takeda,922
kazuya_kamenashi,61,tony_chiu_wai_leung,6
ron_yuan,53,yun-fat_chow,8
tony_chiu_wai_leung,4,robin_shou,489
kazuya_kamenashi,61,yao_ming,36
sung_kang,52,big_bang_g-dragon,1
park_ji_sung,9,steven_yeun,261
reggie_lee,62,yun-fat_chow,358
shun_oguri,35,godfrey_gao,33
sung_kang,52,jaejoong,46
yao_ming,22,ron_yuan,58
tony_jaa,31,john_woo,17
big_bang_g-dragon,49,jang_keun_suk,26
big_bang_g-dragon,35,lee_dong_hae,29
park_ji_sung,32,ron_yuan,58
ryosuke_yamada,50,ye_liu,7
jung_woo_sung,43,jung_yong_hwa,1
robin_shou,97,mark_dacascos,902
yun-fat_chow,16,hiroki_narimiya,9
joo_jin_mo,39,jung_woo_sung,6
will_yun_lee,510,yun-fat_chow,200
will_yun_lee,510,big_bang_g-dragon,7
tony_chiu_wai_leung,25,chanyeol,37
teppei_koike,48,sung_kang,52
ryosuke_yamada,50,ji_chang_wook,24
big_bang_g-dragon,17,john_woo,19
scott_takeda,11,jack_ma,207
john_woo,16,cha_seung_won,29
brandon_soo_hoo,16,tony_chiu_wai_leung,7
jaejoong,51,tony_chiu_wai_leung,4
huang_xiaoming,20,kris_wu,47
craig_fong,60,joo_jin_mo,16
yoo_ah_in,31,big_bang_g-dragon,48
mark_dacascos,954,teppei_koike,45
brandon_soo_hoo,17,godfrey_gao,38
john_woo,16,yun-fat_chow,50
lee_joon-gi,26,ron_yuan,56
lee_dong_hae,53,reggie_lee,245
bang_yong_guk,20,young_man_kang,30
ye_liu,12,lee_joon-gi,24
cha_seung_won,19,lee_joon-gi,24
teppei_koike,42,joo_jin_mo,29
young_man_kang,55,robin_shou,97
craig_fong,75,jung_yong_hwa,29
mark_dacascos,909,yao_ming,19
yao_ming,4,tony_jaa,33
mark_dacascos,902,jaejoong,56
shun_oguri,64,yun-fat_chow,16
yao_ming,4,big_bang_g-dragon,46
chanyeol,38,jung_woo_sung,34
yao_ming,7,tony_jaa,33
hiroki_narimiya,24,jaejoong,32
john_woo,17,chanyeol,70
yoo_ah_in,3,kanata_hongo,45
jung_yong_hwa,45,toma_ikuta,48
scott_takeda,918,jang_keun_suk,28
kazuya_kamenashi,42,bang_yong_guk,20
john_woo,17,jian,37
yao_ming,11,jet_li,56
ye_liu,18,craig_fong,58
scott_takeda,922,jian,10
toma_ikuta,48,robin_shou,97
lee_joon-gi,26,cha_seung_won,6
jung_woo_sung,20,aaron_yoo,45
cha_seung_won,44,ron_yuan,31
kris_wu,48,song_joong_ki,11
tony_chiu_wai_leung,6,jian,13
young_man_kang,24,john_woo,17
kazuya_kamenashi,5,yannus_sufandi,55
steven_yeun,297,jet_li,56
yannus_sufandi,16,robin_shou,489
bang_yong_guk,10,yoo_ah_in,31
ye_liu,24,daniel_henney,36
tony_jaa,12,toma_ikuta,39
yun-fat_chow,16,bang_yong_guk,43
toma_ikuta,7,jung_yong_hwa,38
ye_liu,24,tony_chiu_wai_leung,7
craig_fong,31,shun_oguri,35
kazuya_kamenashi,42,mark_dacascos,902
sung_kang,52,yoo_ah_in,22
lee_dong_hae,20,lee_joon-gi,24
daniel_henney,48,joo_jin_mo,32
ji_chang_wook,59,hua_chenyu,9
daniel_henney,15,will_yun_lee,510
teppei_koike,45,steven_yeun,261
cha_seung_won,52,jack_ma,328
lee_joon-gi,24,shun_oguri,35
robin_shou,97,jung_yong_hwa,4
reggie_lee,41,mark_dacascos,928
godfrey_gao,11,toma_ikuta,48
kris_wu,28,craig_fong,42
bang_yong_guk,10,teppei_koike,25
jang_keun_suk,60,yun-fat_chow,50
cha_seung_won,21,park_ji_sung,58
kris_wu,38,kanata_hongo,28
daniel_henney,6,kazuya_kamenashi,6
shun_oguri,10,kazuya_kamenashi,42
young_man_kang,30,daniel_henney,13
cha_seung_won,40,song_joong_ki,39
yoo_ah_in,22,tony_chiu_wai_leung,28
toma_ikuta,64,jung_woo_sung,20
toma_ikuta,75,hua_chenyu,42
mark_dacascos,920,kazuya_kamenashi,61
chanyeol,49,john_woo,1
bang_yong_guk,46,jack_ma,289
aaron_yoo,106,hua_chenyu,30
cha_seung_won,52,ye_liu,7
ji_chang_wook,24,yun-fat_chow,50
shun_oguri,41,kris_wu,22
hua_chenyu,36,scott_takeda,17
song_joong_ki,30,aaron_yoo,371
young_man_kang,22,jang_keun_suk,7
jet_li,125,kanata_hongo,39
ye_liu,2,yoo_ah_in,21
will_yun_lee,510,reggie_lee,62
godfrey_gao,4,jung_yong_hwa,4
jet_li,127,yannus_sufandi,55
ryosuke_yamada,50,park_ji_sung,11
cha_seung_won,52,daniel_henney,0
jian,53,aaron_yoo,106
jian,37,jang_keun_suk,45
tony_chiu_wai_leung,21,lee_joon-gi,24
ron_yuan,31,huang_xiaoming,26
ryosuke_yamada,50,kanata_hongo,8
chin_han,69,ye_liu,29
jang_keun_suk,15,chanyeol,28
steven_yeun,269,chanyeol,4
cha_seung_won,19,jet_li,127
reggie_lee,528,scott_takeda,14
toma_ikuta,7,chin_han,44
shun_oguri,46,cha_seung_won,29
chin_han,58,big_bang_g-dragon,48
kris_wu,48,toma_ikuta,64
lee_joon-gi,24,john_woo,16
young_man_kang,9,park_ji_sung,17
tony_chiu_wai_leung,4,shun_oguri,6
lee_joon-gi,24,steven_yeun,261
ye_liu,18,cha_seung_won,21
hua_chenyu,43,yao_ming,5
aaron_yoo,17,kris_wu,7
hua_chenyu,9,huang_xiaoming,4
ron_yuan,56,lee_joon-gi,26
yannus_sufandi,55,bang_yong_guk,42
daniel_henney,36,hiroki_narimiya,74
chin_han,298,jian,11
bang_yong_guk,43,kris_wu,47
big_bang_g-dragon,17,chin_han,6
jet_li,56,joo_jin_mo,0
chin_han,44,kris_wu,23
jack_ma,422,yoo_ah_in,8
daniel_henney,6,ji_chang_wook,2
joo_jin_mo,24,jaejoong,32
tony_jaa,4,hua_chenyu,30
kazuya_kamenashi,52,daniel_henney,0
chin_han,69,tony_jaa,31
young_man_kang,10,big_bang_g-dragon,6
young_man_kang,24,jack_ma,422
john_woo,9,jack_ma,422
chin_han,25,huang_xiaoming,25
hua_chenyu,18,kanata_hongo,45
kazuya_kamenashi,61,craig_fong,31
hiroki_narimiya,74,jang_keun_suk,49
jet_li,127,jung_woo_sung,32
jung_woo_sung,22,daniel_henney,36
hua_chenyu,31,ron_yuan,56
yun-fat_chow,358,john_woo,17
lee_joon-gi,24,aaron_yoo,106
steven_yeun,269,ron_yuan,58
huang_xiaoming,4,ji_chang_wook,50
brandon_soo_hoo,22,ye_liu,7
lee_joon-gi,26,young_man_kang,49
toma_ikuta,48,jang_keun_suk,51
song_joong_ki,39,shun_oguri,6
teppei_koike,63,reggie_lee,62
jung_yong_hwa,4,kris_wu,31
yannus_sufandi,16,hua_chenyu,31
kanata_hongo,49,jung_woo_sung,11
ji_chang_wook,59,robin_shou,489
hiroki_narimiya,76,kanata_hongo,22
toma_ikuta,7,ron_yuan,62
lee_dong_hae,20,john_woo,16
reggie_lee,62,kanata_hongo,22
kris_wu,55,steven_yeun,269
hiroki_narimiya,51,jian,25
young_man_kang,30,kris_wu,55
joo_jin_mo,32,tony_jaa,20
jack_ma,422,shun_oguri,64
yannus_sufandi,7,lee_dong_hae,63
toma_ikuta,81,yun-fat_chow,50
yoo_ah_in,8,jang_keun_suk,15
huang_xiaoming,32,yao_ming,11
robin_shou,97,steven_yeun,269
chin_han,44,jung_woo_sung,11
hiroki_narimiya,51,tony_chiu_wai_leung,21
huang_xiaoming,25,yoo_ah_in,28
jaejoong,46,joo_jin_mo,29
tony_jaa,22,jian,47
jung_woo_sung,41,ron_yuan,53
tony_jaa,4,song_joong_ki,42
chin_han,69,kris_wu,48
godfrey_gao,34,jian,37
steven_yeun,261,toma_ikuta,81
tony_jaa,22,cha_seung_won,8
jung_yong_hwa,42,jaejoong,9
chin_han,298,kris_wu,48
tony_chiu_wai_leung,23,huang_xiaoming,3
bang_yong_guk,1,jang_keun_suk,45
jack_ma,223,reggie_lee,528
brandon_soo_hoo,17,reggie_lee,41
chin_han,58,ji_chang_wook,46
lee_joon-gi,24,reggie_lee,62
kazuya_kamenashi,15,ye_liu,7
craig_fong,19,daniel_henney,36
kris_wu,52,huang_xiaoming,32
john_woo,17,yun-fat_chow,200
hua_chenyu,42,joo_jin_mo,36
godfrey_gao,34,yoo_ah_in,50
toma_ikuta,74,hiroki_narimiya,77
yannus_sufandi,16,jian,28
jack_ma,422,huang_xiaoming,3
park_ji_sung,48,daniel_henney,36
aaron_yoo,371,jack_ma,422
jet_li,4,ron_yuan,31
hua_chenyu,31,tony_chiu_wai_leung,21
yao_ming,19,jian,37
chanyeol,36,teppei_koike,42
will_yun_lee,570,bang_yong_guk,46
jaejoong,51,jack_ma,223
sung_kang,52,craig_fong,19
kazuya_kamenashi,7,chin_han,3
yun-fat_chow,8,song_joong_ki,13
kris_wu,55,yun-fat_chow,16
song_joong_ki,29,sung_kang,52
young_man_kang,22,chanyeol,28
jaejoong,46,ji_chang_wook,16
reggie_lee,528,tony_jaa,54
reggie_lee,62,tony_jaa,33
ji_chang_wook,59,scott_takeda,11
jian,53,big_bang_g-dragon,37
yannus_sufandi,7,jet_li,4
cha_seung_won,29,lee_joon-gi,24
big_bang_g-dragon,13,cha_seung_won,33
chanyeol,36,chin_han,6
jian,53,steven_yeun,297
tony_jaa,45,chanyeol,3
brandon_soo_hoo,17,john_woo,1
godfrey_gao,33,ryosuke_yamada,50
lee_dong_hae,32,craig_fong,78
big_bang_g-dragon,6,yoo_ah_in,31
sung_kang,52,big_bang_g-dragon,13
godfrey_gao,46,craig_fong,31
jet_li,125,ron_yuan,56
shun_oguri,6,jet_li,4
jack_ma,223,joo_jin_mo,16
lee_joon-gi,26,brandon_soo_hoo,16
robin_shou,97,steven_yeun,261
scott_takeda,6,kazuya_kamenashi,6
joo_jin_mo,20,reggie_lee,41
robin_shou,97,craig_fong,24
yao_ming,19,chin_han,69
john_woo,9,bang_yong_guk,37
park_ji_sung,58,tony_jaa,4
hiroki_narimiya,53,ryosuke_yamada,50
jian,10,chanyeol,15
scott_takeda,922,park_ji_sung,14
joo_jin_mo,58,daniel_henney,7
yun-fat_chow,16,sung_kang,52
reggie_lee,245,ron_yuan,58
kazuya_kamenashi,31,jian,13
sung_kang,52,cha_seung_won,33
chanyeol,58,big_bang_g-dragon,35
john_woo,1,teppei_koike,48
kazuya_kamenashi,61,craig_fong,42
hiroki_narimiya,58,jang_keun_suk,12
craig_fong,42,jung_yong_hwa,1
cha_seung_won,19,yao_ming,3
jung_woo_sung,33,jack_ma,207
lee_dong_hae,57,sung_kang,52
tony_jaa,22,hua_chenyu,10
lee_dong_hae,27,shun_oguri,79
jung_yong_hwa,13,jung_woo_sung,33
hua_chenyu,42,young_man_kang,49
yoo_ah_in,3,john_woo,1
daniel_henney,42,toma_ikuta,48
robin_shou,97,ye_liu,29
steven_yeun,297,scott_takeda,923
teppei_koike,45,ji_chang_wook,42
jung_yong_hwa,30,lee_joon-gi,26
ron_yuan,62,song_joong_ki,28
brandon_soo_hoo,22,bang_yong_guk,4
steven_yeun,297,toma_ikuta,64
lee_joon-gi,26,mark_dacascos,944
jack_ma,289,kanata_hongo,45
jian,11,godfrey_gao,30
toma_ikuta,10,ye_liu,29
godfrey_gao,23,kazuya_kamenashi,7
young_man_kang,27,tony_chiu_wai_leung,21
kanata_hongo,28,bang_yong_guk,43
aaron_yoo,17,reggie_lee,41
chanyeol,70,jian,25
craig_fong,7,jaejoong,56
ron_yuan,58,tony_chiu_wai_leung,7
jet_li,127,big_bang_g-dragon,50
chin_han,6,aaron_yoo,371
lee_dong_hae,53,scott_takeda,6
will_yun_lee,79,ji_chang_wook,38
daniel_henney,9,scott_takeda,6
reggie_lee,62,lee_dong_hae,25
ron_yuan,31,ye_liu,2
jung_yong_hwa,13,tony_jaa,11
jaejoong,21,godfrey_gao,7
hua_chenyu,18,shun_oguri,12
aaron_yoo,106,scott_takeda,915
joo_jin_mo,29,godfrey_gao,12
sung_kang,52,steven_yeun,261
aaron_yoo,17,ji_chang_wook,2
ye_liu,12,young_man_kang,49
sung_kang,52,craig_fong,58
chin_han,6,yao_ming,38
jang_keun_suk,51,jung_yong_hwa,1
yun-fat_chow,16,joo_jin_mo,39
yun-fat_chow,16,mark_dacascos,909
yun-fat_chow,358,tony_chiu_wai_leung,28
daniel_henney,53,aaron_yoo,106
craig_fong,58,toma_ikuta,75
shun_oguri,51,big_bang_g-dragon,50
park_ji_sung,11,ryosuke_yamada,50
daniel_henney,0,scott_takeda,11
bang_yong_guk,4,john_woo,19
jian,27,yao_ming,5
john_woo,19,cha_seung_won,23
young_man_kang,55,daniel_henney,8
tony_chiu_wai_leung,17,jet_li,127
shun_oguri,70,lee_dong_hae,33
jian,11,ye_liu,1
hua_chenyu,42,chanyeol,38
will_yun_lee,669,shun_oguri,10
bang_yong_guk,20,kazuya_kamenashi,61
jung_yong_hwa,37,robin_shou,97
will_yun_lee,570,jaejoong,11
tony_jaa,8,godfrey_gao,10
tony_jaa,43,teppei_koike,49
mark_dacascos,915,jet_li,127
sung_kang,52,song_joong_ki,33
jung_woo_sung,33,shun_oguri,33
robin_shou,489,kanata_hongo,8
scott_takeda,904,young_man_kang,12
song_joong_ki,5,yoo_ah_in,50
lee_dong_hae,32,sung_kang,52
yannus_sufandi,16,john_woo,9
ryosuke_yamada,50,sung_kang,52
kazuya_kamenashi,54,cha_seung_won,6
kazuya_kamenashi,31,jung_woo_sung,43
jang_keun_suk,45,jaejoong,46
kanata_hongo,8,mark_dacascos,902
kris_wu,22,joo_jin_mo,55
lee_dong_hae,25,chanyeol,36
tony_jaa,8,shun_oguri,12
steven_yeun,261,shun_oguri,6
jung_yong_hwa,42,jaejoong,0
ron_yuan,53,ji_chang_wook,38
ye_liu,6,kris_wu,54
teppei_koike,28,kris_wu,28
john_woo,17,park_ji_sung,58
hua_chenyu,49,joo_jin_mo,0
scott_takeda,922,jian,11
jang_keun_suk,12,yoo_ah_in,18
hua_chenyu,29,jack_ma,422
aaron_yoo,17,yun-fat_chow,50
chanyeol,59,park_ji_sung,9
john_woo,16,craig_fong,58
jang_keun_suk,49,kris_wu,14
joo_jin_mo,39,scott_takeda,909
park_ji_sung,58,jian,53
bang_yong_guk,10,kazuya_kamenashi,42
song_joong_ki,5,kazuya_kamenashi,7
ji_chang_wook,30,hiroki_narimiya,51
brandon_soo_hoo,17,jang_keun_suk,13
tony_jaa,31,godfrey_gao,41
jung_woo_sung,32,will_yun_lee,510
hua_chenyu,10,jaejoong,51
toma_ikuta,22,scott_takeda,916
kazuya_kamenashi,5,jaejoong,46
bang_yong_guk,43,daniel_henney,48
hua_chenyu,40,yannus_sufandi,55
chanyeol,15,mark_dacascos,902
robin_shou,97,jian,53
daniel_henney,36,bang_yong_guk,4
lee_dong_hae,34,park_ji_sung,50
hua_chenyu,30,craig_fong,31
steven_yeun,269,hua_chenyu,31
sung_kang,52,jack_ma,207
kris_wu,22,jaejoong,54
young_man_kang,22,big_bang_g-dragon,6
jaejoong,32,steven_yeun,297
big_bang_g-dragon,37,john_woo,16
aaron_yoo,45,hua_chenyu,9
lee_dong_hae,57,chin_han,58
brandon_soo_hoo,17,chin_han,69
jang_keun_suk,26,jack_ma,422
jaejoong,63,robin_shou,97
sung_kang,52,brandon_soo_hoo,16
tony_chiu_wai_leung,7,bang_yong_guk,42
lee_joon-gi,26,chin_han,25
hua_chenyu,31,jung_woo_sung,26
yannus_sufandi,7,robin_shou,489
jung_yong_hwa,28,sung_kang,52
ye_liu,6,mark_dacascos,915
aaron_yoo,106,jian,13
daniel_henney,15,yoo_ah_in,3
kazuya_kamenashi,52,tony_chiu_wai_leung,23
park_ji_sung,50,scott_takeda,11
jian,28,jung_woo_sung,32
mark_dacascos,920,ye_liu,7
mark_dacascos,902,aaron_yoo,106
young_man_kang,22,jung_yong_hwa,42
teppei_koike,7,yannus_sufandi,7
tony_jaa,23,mark_dacascos,944
lee_dong_hae,32,yao_ming,9
brandon_soo_hoo,17,jung_yong_hwa,42
reggie_lee,528,tony_chiu_wai_leung,6
daniel_henney,11,bang_yong_guk,46
chanyeol,58,yannus_sufandi,16
reggie_lee,41,shun_oguri,35
tony_jaa,45,cha_seung_won,52
teppei_koike,16,brandon_soo_hoo,17
jang_keun_suk,51,cha_seung_won,8
kris_wu,54,reggie_lee,528
bang_yong_guk,44,kazuya_kamenashi,52
lee_joon-gi,26,jack_ma,223
daniel_henney,13,godfrey_gao,38
robin_shou,489,craig_fong,24
cha_seung_won,28,daniel_henney,56
ye_liu,18,jian,28
jaejoong,9,robin_shou,97
jian,53,godfrey_gao,11
huang_xiaoming,1,bang_yong_guk,1
yoo_ah_in,27,jang_keun_suk,60
jung_woo_sung,25,yun-fat_chow,358
young_man_kang,66,scott_takeda,923
godfrey_gao,39,jang_keun_suk,52
cha_seung_won,13,jack_ma,289
lee_joon-gi,26,jung_yong_hwa,30
teppei_koike,16,jack_ma,328
young_man_kang,24,scott_takeda,11
robin_shou,97,tony_jaa,45
will_yun_lee,570,robin_shou,489
song_joong_ki,33,cha_seung_won,19
ryosuke_yamada,50,daniel_henney,8
chin_han,3,yun-fat_chow,8
kazuya_kamenashi,7,jung_yong_hwa,45
lee_joon-gi,26,kris_wu,22
lee_joon-gi,24,mark_dacascos,928
cha_seung_won,29,godfrey_gao,7
ji_chang_wook,30,joo_jin_mo,32
jang_keun_suk,60,robin_shou,489
will_yun_lee,510,kris_wu,56
kazuya_kamenashi,42,teppei_koike,32
jet_li,127,ryosuke_yamada,50
steven_yeun,261,lee_joon-gi,24
ji_chang_wook,24,song_joong_ki,39
craig_fong,42,bang_yong_guk,43
toma_ikuta,64,daniel_henney,0
lee_dong_hae,24,steven_yeun,297
lee_dong_hae,32,joo_jin_mo,39
craig_fong,7,godfrey_gao,46
lee_dong_hae,24,yun-fat_chow,200
lee_dong_hae,33,yao_ming,4
sung_kang,52,jaejoong,0
teppei_koike,47,mark_dacascos,915
jet_li,125,will_yun_lee,490
cha_seung_won,40,daniel_henney,8
john_woo,16,lee_joon-gi,24
hua_chenyu,49,godfrey_gao,10
jian,37,robin_shou,97
jian,37,jung_yong_hwa,45
song_joong_ki,18,park_ji_sung,16
craig_fong,42,ryosuke_yamada,50
park_ji_sung,11,bang_yong_guk,20
tony_chiu_wai_leung,25,teppei_koike,16
chanyeol,37,jian,47
shauna_chin,7,whitney_houston,33
gabourey_sidibe,91,monique_coleman,15
retta,414,tamala_jones,50
kim_fields,51,audra_mcdonald,44
meagan_good,108,tichina_arnold,61
aisha_tyler,49,meagan_good,65
sanaa_lathan,52,imani_t_williams,59
mo'nique,23,gabourey_sidibe,37
audra_mcdonald,27,denyce_lawton,2
wanda_sykes,1,whitney_houston,113
shauna_chin,18,pam_grier,65
denyce_lawton,34,lupita_nyong'o,82
gloria_reuben,21,theresa_randle,765
yvette_nicole_brown,99,monique_coleman,48
lupita_nyong'o,82,alfre_woodard,103
tamala_jones,60,pamella_d'pella,96
tatyana_ali,15,thandie_newton,146
gloria_reuben,2,lupita_nyong'o,42
sanaa_lathan,62,shauna_chin,30
jurnee_smollett-bell,51,mo'nique,25
alfre_woodard,105,regina_hall,37
judith_shekoni,60,retta,47
claudia_jordan,5,zoe_kravitz,61
jordin_sparks,107,s_epatha_merkerson,3
retta,226,gloria_reuben,2
wanda_sykes,1,selita_ebanks,14
christina_milian,81,la_la_anthony,33
claudia_jordan,23,nicki_minaj,45
tasha_smith,24,tamala_jones,14
pamella_d'pella,52,amber_riley,80
jurnee_smollett-bell,3,jordin_sparks,8
jurnee_smollett-bell,46,amber_riley,91
audra_mcdonald,44,lakisha_jones,26
octavia_spencer,46,la_la_anthony,58
gloria_reuben,39,whitney_houston,33
pam_grier,55,sanaa_lathan,62
octavia_spencer,46,selita_ebanks,62
kat_graham,42,namaiya_cunningham,29
octavia_spencer,46,amber_riley,80
s_epatha_merkerson,3,sanaa_lathan,49
meagan_good,65,pam_grier,78
jurnee_smollett-bell,3,monique_coleman,45
whitney_houston,107,wanda_sykes,56
jordin_sparks,27,amanda_brugel,43
amanda_brugel,26,elise_neal,80
meagan_good,108,rutina_wesley,39
nicki_minaj,15,tamala_jones,60
chandra_wilson,70,christina_milian,81
mo'nique,93,veronica_webb,36
claudia_jordan,32,chandra_wilson,109
nicki_minaj,36,wanda_sykes,46
lakisha_jones,26,rihanna,170
eva_marcille,11,megalyn_echikunwoke,21
zoe_kravitz,103,amanda_brugel,26
zoe_kravitz,64,alfre_woodard,132
gloria_reuben,21,levona_lewis,64
lakisha_jones,26,selita_ebanks,52
mo'nique,80,kim_fields,19
pamella_d'pella,52,levona_lewis,64
jaida-iman_benjamin,18,rihanna,173
eva_marcille,29,lupita_nyong'o,122
elise_neal,80,christina_milian,81
la_la_anthony,17,regina_hall,5
shauna_chin,30,la_la_anthony,68
judith_shekoni,20,mo'nique,93
nikki_storm,15,rutina_wesley,39
wanda_sykes,5,zoe_kravitz,50
elise_neal,80,trina_mcgee,20
eva_marcille,29,wanda_sykes,5
nicki_minaj,36,theresa_randle,765
rihanna,170,regina_hall,32
kim_fields,37,audra_mcdonald,60
tasha_smith,14,amber_riley,102
denyce_lawton,95,zoe_kravitz,64
kat_graham,36,mo'nique,25
aisha_tyler,159,veronica_webb,10
aisha_tyler,159,pamella_d'pella,52
tatyana_ali,13,whitney_houston,113
namaiya_cunningham,21,theresa_randle,765
nicki_minaj,36,trina_mcgee,20
namaiya_cunningham,12,thandie_newton,26
theresa_randle,765,octavia_spencer,46
kim_fields,51,denyce_lawton,95
lupita_nyong'o,21,gabourey_sidibe,37
aisha_tyler,29,monique_coleman,23
audra_mcdonald,27,amber_riley,102
elise_neal,80,gabourey_sidibe,129
nikki_storm,57,gloria_reuben,2
lakisha_jones,26,thandie_newton,166
wanda_sykes,59,tamala_jones,67
nicki_minaj,45,christina_milian,81
claudia_jordan,32,shauna_chin,30
sanaa_lathan,49,nicki_minaj,36
levona_lewis,64,tasha_smith,20
tichina_arnold,61,meagan_good,65
megalyn_echikunwoke,2,jurnee_smollett-bell,51
s_epatha_merkerson,54,tatyana_ali,21
gabourey_sidibe,129,jurnee_smollett-bell,3
alfre_woodard,154,s_epatha_merkerson,30
elise_neal,80,eva_marcille,14
shauna_chin,36,lupita_nyong'o,122
levona_lewis,64,gabourey_sidibe,91
tamala_jones,34,fumi_desalu-vold,1
rihanna,173,audra_mcdonald,27
s_epatha_merkerson,3,tasha_smith,20
alfre_woodard,154,levona_lewis,64
nicki_minaj,15,sharon_leal,18
amber_riley,80,theresa_randle,765
nikki_storm,57,trina_mcgee,20
chandra_wilson,8,la_la_anthony,58
tamala_jones,14,christina_milian,7
meagan_good,27,tasha_smith,20
aisha_tyler,25,alfre_woodard,103
meagan_good,108,lakisha_jones,26
sharon_leal,18,jordin_sparks,107
rutina_wesley,39,namaiya_cunningham,21
kim_fields,19,jurnee_smollett-bell,46
nikki_storm,57,chandra_wilson,18
christina_milian,81,jurnee_smollett-bell,47
retta,226,chandra_wilson,108
jaida-iman_benjamin,77,tasha_smith,24
lupita_nyong'o,42,yvette_nicole_brown,99
whitney_houston,33,jaida-iman_benjamin,18
gloria_reuben,53,chandra_wilson,130
denyce_lawton,58,wanda_sykes,46
levona_lewis,60,elise_neal,80
meagan_good,65,pamella_d'pella,76
yvette_nicole_brown,41,rihanna,330
sharon_leal,18,denyce_lawton,2
amanda_brugel,7,veronica_webb,10
alfre_woodard,113,pamella_d'pella,15
chandra_wilson,130,kat_graham,108
trina_mcgee,20,alfre_woodard,94
rihanna,173,alfre_woodard,105
gloria_reuben,19,wanda_sykes,46
claudia_jordan,39,meagan_good,27
tatyana_ali,21,amber_riley,91
kim_fields,19,megalyn_echikunwoke,21
rutina_wesley,39,tasha_smith,14
chandra_wilson,8,amber_riley,80
rihanna,170,amber_riley,80
regina_hall,50,monique_coleman,15
tatyana_ali,28,aisha_tyler,25
fumi_desalu-vold,10,pam_grier,62
la_la_anthony,31,tamala_jones,16
la_la_anthony,55,pamella_d'pella,52
s_epatha_merkerson,3,shauna_chin,30
thandie_newton,26,imani_t_williams,26
tasha_smith,24,imani_t_williams,26
megalyn_echikunwoke,2,mo'nique,25
tichina_arnold,61,megalyn_echikunwoke,6
pamella_d'pella,15,selita_ebanks,14
denyce_lawton,58,shauna_chin,30
audra_mcdonald,55,lakisha_jones,26
tichina_arnold,47,namaiya_cunningham,44
yvette_nicole_brown,55,aisha_tyler,49
audra_mcdonald,22,whitney_houston,33
lakisha_jones,26,shauna_chin,36
tichina_arnold,38,thandie_newton,26
zoe_kravitz,77,s_epatha_merkerson,54
gabourey_sidibe,152,rutina_wesley,60
denyce_lawton,95,christina_milian,7
thandie_newton,31,kat_graham,108
rutina_wesley,60,imani_t_williams,26
tatyana_ali,35,zoe_kravitz,103
alfre_woodard,154,theresa_randle,765
meagan_good,65,veronica_webb,36
nicki_minaj,15,tamala_jones,67
nicki_minaj,15,meagan_good,108
pam_grier,62,pamella_d'pella,96
jaida-iman_benjamin,77,mo'nique,23
chandra_wilson,130,tatyana_ali,41
tichina_arnold,38,trina_mcgee,20
meagan_good,108,fumi_desalu-vold,1
fumi_desalu-vold,4,mo'nique,80
monique_coleman,48,octavia_spencer,46
retta,414,tamala_jones,43
monique_coleman,45,selita_ebanks,14
meagan_good,65,wanda_sykes,5
fumi_desalu-vold,10,regina_hall,50
rutina_wesley,60,aisha_tyler,61
rihanna,173,jaida-iman_benjamin,18
denyce_lawton,34,kim_fields,51
nicki_minaj,15,namaiya_cunningham,44
kim_fields,51,rutina_wesley,60
jurnee_smollett-bell,51,alfre_woodard,103
regina_hall,50,levona_lewis,60
kim_fields,7,alfre_woodard,154
jurnee_smollett-bell,47,claudia_jordan,1
tichina_arnold,47,lupita_nyong'o,61
regina_hall,24,rihanna,109
wanda_sykes,56,denyce_lawton,34
zoe_kravitz,64,meagan_good,27
pamella_d'pella,15,monique_coleman,15
whitney_houston,113,kat_graham,108
amanda_brugel,43,amber_riley,102
tichina_arnold,10,amanda_brugel,43
rutina_wesley,60,fumi_desalu-vold,4
rutina_wesley,39,tasha_smith,24
monique_coleman,45,regina_hall,36
sanaa_lathan,20,namaiya_cunningham,21
selita_ebanks,26,alfre_woodard,132
gabourey_sidibe,37,alfre_woodard,94
tatyana_ali,35,elise_neal,80
audra_mcdonald,55,selita_ebanks,56
whitney_houston,33,sanaa_lathan,118
judith_shekoni,60,eva_marcille,11
meagan_good,108,sharon_leal,89
lakisha_jones,26,elise_neal,80
imani_t_williams,1,yvette_nicole_brown,74
rutina_wesley,39,gloria_reuben,57
alfre_woodard,103,lupita_nyong'o,21
aisha_tyler,159,trina_mcgee,20
alfre_woodard,105,denyce_lawton,13
lupita_nyong'o,122,selita_ebanks,56
denyce_lawton,95,jordin_sparks,131
levona_lewis,64,jaida-iman_benjamin,77
alfre_woodard,105,tamala_jones,67
trina_mcgee,20,tamala_jones,50
kat_graham,42,meagan_good,65
shauna_chin,21,tichina_arnold,47
amber_riley,118,tatyana_ali,49
trina_mcgee,20,gloria_reuben,27
jordin_sparks,58,levona_lewis,64
la_la_anthony,17,tatyana_ali,28
lupita_nyong'o,61,selita_ebanks,56
lakisha_jones,26,zoe_kravitz,103
thandie_newton,51,zoe_kravitz,83
gabourey_sidibe,129,trina_mcgee,20
sharon_leal,89,lakisha_jones,26
sanaa_lathan,116,eva_marcille,29
gloria_reuben,48,mo'nique,38
pam_grier,62,kim_fields,19
alfre_woodard,154,zoe_kravitz,77
nicki_minaj,45,levona_lewis,64
aisha_tyler,61,octavia_spencer,46
eva_marcille,29,tichina_arnold,38
sharon_leal,89,whitney_houston,107
kat_graham,108,jaida-iman_benjamin,77
zoe_kravitz,50,pamella_d'pella,76
alfre_woodard,154,theresa_randle,765
kim_fields,7,veronica_webb,22
tatyana_ali,20,amanda_brugel,43
judith_shekoni,20,meagan_good,27
tatyana_ali,13,wanda_sykes,1
namaiya_cunningham,29,gabourey_sidibe,91
theresa_randle,765,rutina_wesley,39
tamala_jones,67,namaiya_cunningham,21
thandie_newton,31,nikki_storm,57
kim_fields,37,judith_shekoni,60
sanaa_lathan,20,shauna_chin,7
regina_hall,5,alfre_woodard,113
denyce_lawton,95,la_la_anthony,31
claudia_jordan,1,lakisha_jones,26
tamala_jones,14,sanaa_lathan,62
la_la_anthony,58,alfre_woodard,103
regina_hall,32,christina_milian,7
la_la_anthony,17,imani_t_williams,1
namaiya_cunningham,29,rutina_wesley,39
wanda_sykes,46,imani_t_williams,59
yvette_nicole_brown,55,whitney_houston,33
chandra_wilson,130,veronica_webb,1
claudia_jordan,5,elise_neal,80
retta,226,alfre_woodard,103
meagan_good,27,lakisha_jones,26
wanda_sykes,5,jordin_sparks,155
mo'nique,103,whitney_houston,107
fumi_desalu-vold,10,veronica_webb,22
claudia_jordan,1,tamala_jones,59
nikki_storm,57,imani_t_williams,1
regina_hall,36,tasha_smith,20
jurnee_smollett-bell,3,la_la_anthony,31
sanaa_lathan,116,theresa_randle,765
veronica_webb,1,rutina_wesley,39
kim_fields,7,christina_milian,81
sharon_leal,18,kat_graham,42
kim_fields,19,theresa_randle,765
tamala_jones,60,amanda_brugel,7
nicki_minaj,45,fumi_desalu-vold,1
megalyn_echikunwoke,6,namaiya_cunningham,21
monique_coleman,45,jordin_sparks,27
whitney_houston,33,denyce_lawton,34
whitney_houston,107,nicki_minaj,36
tatyana_ali,20,theresa_randle,765
jordin_sparks,38,christina_milian,81
alfre_woodard,105,octavia_spencer,101
claudia_jordan,47,octavia_spencer,101
monique_coleman,23,meagan_good,27
rihanna,109,s_epatha_merkerson,54
retta,47,imani_t_williams,59
whitney_houston,33,mo'nique,23
trina_mcgee,20,yvette_nicole_brown,96
rutina_wesley,39,la_la_anthony,33
thandie_newton,26,nikki_storm,31
la_la_anthony,58,amanda_brugel,26
tatyana_ali,20,s_epatha_merkerson,28
shauna_chin,36,tasha_smith,20
monique_coleman,15,imani_t_williams,1
theresa_randle,765,gloria_reuben,21
wanda_sykes,56,tichina_arnold,10
kat_graham,42,octavia_spencer,46
sharon_leal,89,jurnee_smollett-bell,41
amber_riley,102,elise_neal,80
meagan_good,65,kat_graham,36
yvette_nicole_brown,41,shauna_chin,30
fumi_desalu-vold,10,trina_mcgee,20
christina_milian,81,jaida-iman_benjamin,18
nicki_minaj,36,levona_lewis,64
lupita_nyong'o,35,namaiya_cunningham,51
s_epatha_merkerson,3,audra_mcdonald,60
la_la_anthony,55,jurnee_smollett-bell,3
thandie_newton,146,jurnee_smollett-bell,46
gabourey_sidibe,91,chandra_wilson,130
kat_graham,108,jaida-iman_benjamin,77
imani_t_williams,1,trina_mcgee,20
shauna_chin,53,selita_ebanks,26
sharon_leal,18,rihanna,330
claudia_jordan,39,shauna_chin,4
kim_fields,51,alfre_woodard,103
shauna_chin,4,rihanna,330
rutina_wesley,60,denyce_lawton,34
veronica_webb,36,audra_mcdonald,27
yvette_nicole_brown,88,eva_marcille,11
whitney_houston,33,mo'nique,103
s_epatha_merkerson,3,chandra_wilson,130
octavia_spencer,46,nikki_storm,57
elise_neal,80,eva_marcille,45
regina_hall,37,jaida-iman_benjamin,18
trina_mcgee,20,kim_fields,19
shauna_chin,21,namaiya_cunningham,44
claudia_jordan,1,tichina_arnold,47
denyce_lawton,95,retta,414
monique_coleman,15,nikki_storm,31
selita_ebanks,52,jurnee_smollett-bell,51
thandie_newton,166,s_epatha_merkerson,3
levona_lewis,60,zoe_kravitz,50
jordin_sparks,107,judith_shekoni,1
aisha_tyler,44,veronica_webb,1
denyce_lawton,58,tichina_arnold,38
regina_hall,50,nikki_storm,57
amanda_brugel,43,gloria_reuben,27
sanaa_lathan,20,lakisha_jones,26
rutina_wesley,60,kim_fields,51
theresa_randle,765,meagan_good,27
selita_ebanks,12,tichina_arnold,47
aisha_tyler,49,rutina_wesley,60
megalyn_echikunwoke,43,shauna_chin,21
shauna_chin,18,lakisha_jones,26
pamella_d'pella,52,tasha_smith,14
trina_mcgee,20,mo'nique,23
audra_mcdonald,55,jaida-iman_benjamin,18
monique_coleman,15,fumi_desalu-vold,1
zoe_kravitz,64,theresa_randle,765
jaida-iman_benjamin,77,judith_shekoni,1
christina_milian,81,pamella_d'pella,52
elise_neal,80,aisha_tyler,49
pamella_d'pella,99,sharon_leal,14
levona_lewis,60,trina_mcgee,20
amanda_brugel,43,tichina_arnold,38
shauna_chin,4,tatyana_ali,41
pam_grier,78,claudia_jordan,5
megalyn_echikunwoke,2,whitney_houston,33
pamella_d'pella,15,retta,414
tamala_jones,43,nicki_minaj,45
lupita_nyong'o,21,rutina_wesley,60
thandie_newton,103,octavia_spencer,101
kat_graham,108,selita_ebanks,56
nicki_minaj,15,fumi_desalu-vold,1
alfre_woodard,103,lakisha_jones,26
jordin_sparks,27,tamala_jones,14
nicki_minaj,36,aisha_tyler,29
mo'nique,38,jaida-iman_benjamin,77
zoe_kravitz,50,trina_mcgee,20
christina_milian,7,fumi_desalu-vold,4
aisha_tyler,92,pam_grier,55
theresa_randle,765,claudia_jordan,32
jordin_sparks,97,veronica_webb,22
jordin_sparks,120,levona_lewis,64
elise_neal,80,s_epatha_merkerson,30
la_la_anthony,68,lupita_nyong'o,21
rutina_wesley,60,fumi_desalu-vold,4
nikki_storm,15,chandra_wilson,108
monique_coleman,15,tatyana_ali,41
theresa_randle,765,elise_neal,80
rihanna,330,lakisha_jones,26
denyce_lawton,58,thandie_newton,166
whitney_houston,107,lupita_nyong'o,82
imani_t_williams,26,alfre_woodard,105
nikki_storm,31,gloria_reuben,17
gabourey_sidibe,152,pamella_d'pella,76
wanda_sykes,5,amanda_brugel,43
denyce_lawton,34,gloria_reuben,48
audra_mcdonald,38,kat_graham,108
lupita_nyong'o,61,fumi_desalu-vold,4
gloria_reuben,21,tatyana_ali,13
jurnee_smollett-bell,3,shauna_chin,4
veronica_webb,36,namaiya_cunningham,12
shauna_chin,7,kat_graham,36
levona_lewis,64,fumi_desalu-vold,10
imani_t_williams,59,claudia_jordan,29
pamella_d'pella,96,thandie_newton,31
megalyn_echikunwoke,21,jordin_sparks,8
whitney_houston,107,jordin_sparks,107
lupita_nyong'o,82,pamella_d'pella,96
rihanna,330,octavia_spencer,46
gloria_reuben,57,lupita_nyong'o,82
tichina_arnold,10,imani_t_williams,1
judith_shekoni,1,pamella_d'pella,96
shauna_chin,36,rutina_wesley,39
meagan_good,27,tatyana_ali,15
theresa_randle,765,lakisha_jones,26
tichina_arnold,10,tasha_smith,24
selita_ebanks,62,eva_marcille,11
lupita_nyong'o,82,la_la_anthony,19
judith_shekoni,1,audra_mcdonald,38
amber_riley,91,lupita_nyong'o,82
christina_milian,81,chandra_wilson,18
denyce_lawton,13,octavia_spencer,94
nicki_minaj,45,claudia_jordan,5
alfre_woodard,132,chandra_wilson,8
monique_coleman,48,tamala_jones,60
selita_ebanks,62,amber_riley,102
shauna_chin,30,monique_coleman,48
tatyana_ali,28,trina_mcgee,20
jurnee_smollett-bell,51,rihanna,330
s_epatha_merkerson,3,rutina_wesley,60
eva_marcille,14,zoe_kravitz,50
nikki_storm,15,claudia_jordan,23
pamella_d'pella,96,yvette_nicole_brown,55
megalyn_echikunwoke,32,lakisha_jones,26
regina_hall,50,s_epatha_merkerson,3
aisha_tyler,29,mo'nique,80
gloria_reuben,39,sanaa_lathan,116
zoe_kravitz,50,jaida-iman_benjamin,77
gabourey_sidibe,37,whitney_houston,33
rutina_wesley,60,namaiya_cunningham,29
monique_coleman,23,wanda_sykes,59
zoe_kravitz,77,theresa_randle,765
megalyn_echikunwoke,8,rutina_wesley,60
gloria_reuben,57,nikki_storm,57
audra_mcdonald,55,chandra_wilson,18
pam_grier,55,yvette_nicole_brown,74
pam_grier,55,eva_marcille,11
theresa_randle,765,gloria_reuben,53
audra_mcdonald,44,mo'nique,38
gabourey_sidibe,91,trina_mcgee,20
lupita_nyong'o,122,imani_t_williams,1
megalyn_echikunwoke,48,claudia_jordan,47
jaida-iman_benjamin,77,audra_mcdonald,55
zoe_kravitz,64,pam_grier,65
rihanna,109,amanda_brugel,26
tamala_jones,14,rutina_wesley,39
nicki_minaj,15,shauna_chin,30
lakisha_jones,26,thandie_newton,51
pam_grier,65,tichina_arnold,38
la_la_anthony,33,tamala_jones,43
shauna_chin,30,rutina_wesley,39
elise_neal,80,nicki_minaj,45
gloria_reuben,19,rutina_wesley,39
kim_fields,37,tichina_arnold,10
monique_coleman,40,veronica_webb,1
whitney_houston,113,rutina_wesley,39
kim_fields,7,regina_hall,32
whitney_houston,107,nikki_storm,15
christina_milian,7,wanda_sykes,59
gabourey_sidibe,37,meagan_good,27
tamala_jones,60,pamella_d'pella,52
retta,226,rutina_wesley,60
jordin_sparks,58,christina_milian,81
kim_fields,7,imani_t_williams,26
lupita_nyong'o,21,gloria_reuben,21
aisha_tyler,159,tichina_arnold,61
pam_grier,65,sharon_leal,89
amanda_brugel,43,selita_ebanks,56
tamala_jones,50,sharon_leal,18
trina_mcgee,20,rihanna,170
sanaa_lathan,20,judith_shekoni,60
thandie_newton,103,s_epatha_merkerson,28
tamala_jones,67,christina_milian,81
sanaa_lathan,54,tichina_arnold,47
selita_ebanks,14,theresa_randle,765
meagan_good,27,octavia_spencer,46
gloria_reuben,53,s_epatha_merkerson,28
mo'nique,23,monique_coleman,45
tamala_jones,16,denyce_lawton,58
sharon_leal,89,imani_t_williams,26
aisha_tyler,44,tasha_smith,20
denyce_lawton,13,selita_ebanks,26
thandie_newton,51,yvette_nicole_brown,20
tamala_jones,43,s_epatha_merkerson,3
megalyn_echikunwoke,6,shauna_chin,7
tatyana_ali,41,jaida-iman_benjamin,77
kat_graham,36,aisha_tyler,29
selita_ebanks,51,trina_mcgee,20
judith_shekoni,20,eva_marcille,45
zoe_kravitz,64,yvette_nicole_brown,41
sharon_leal,14,alfre_woodard,154
judith_shekoni,20,jaida-iman_benjamin,18
tamala_jones,50,rutina_wesley,60
megalyn_echikunwoke,43,lakisha_jones,26
claudia_jordan,39,sharon_leal,89
mo'nique,23,sharon_leal,18
megalyn_echikunwoke,2,judith_shekoni,60
veronica_webb,22,retta,47
kat_graham,42,nikki_storm,15
s_epatha_merkerson,3,pamella_d'pella,52
namaiya_cunningham,29,amanda_brugel,26
whitney_houston,33,sanaa_lathan,62
whitney_houston,33,kim_fields,7
octavia_spencer,46,wanda_sykes,46
zoe_kravitz,103,audra_mcdonald,22
alfre_woodard,103,selita_ebanks,52
lupita_nyong'o,82,kim_fields,37
fumi_desalu-vold,10,thandie_newton,103
fumi_desalu-vold,10,amanda_brugel,7
jaida-iman_benjamin,77,nicki_minaj,45
lupita_nyong'o,82,mo'nique,103
mo'nique,25,rutina_wesley,39
retta,47,lakisha_jones,26
pamella_d'pella,15,lupita_nyong'o,82
jordin_sparks,27,chandra_wilson,130
wanda_sykes,5,pamella_d'pella,99
shauna_chin,53,alfre_woodard,132
trina_mcgee,20,imani_t_williams,1
judith_shekoni,60,selita_ebanks,26
jurnee_smollett-bell,47,aisha_tyler,128
shauna_chin,30,fumi_desalu-vold,10
gabourey_sidibe,152,judith_shekoni,1
gabourey_sidibe,129,veronica_webb,43
pamella_d'pella,52,rutina_wesley,39
jordin_sparks,131,gloria_reuben,39
christina_milian,81,thandie_newton,66
s_epatha_merkerson,3,jordin_sparks,155
mo'nique,38,tichina_arnold,47
fumi_desalu-vold,1,jurnee_smollett-bell,51
fumi_desalu-vold,10,lupita_nyong'o,35
regina_hall,36,la_la_anthony,17
monique_coleman,23,judith_shekoni,20
wanda_sykes,1,whitney_houston,113
zoe_kravitz,61,lakisha_jones,26
rutina_wesley,60,judith_shekoni,60
zoe_kravitz,61,aisha_tyler,128
veronica_webb,36,rutina_wesley,60
kim_fields,37,gloria_reuben,17
whitney_houston,107,zoe_kravitz,77
la_la_anthony,31,amanda_brugel,26
claudia_jordan,32,veronica_webb,43
gabourey_sidibe,37,aisha_tyler,92
judith_shekoni,60,denyce_lawton,95
namaiya_cunningham,29,gloria_reuben,27
thandie_newton,103,tatyana_ali,41
sharon_leal,89,lupita_nyong'o,61
mo'nique,93,monique_coleman,48
s_epatha_merkerson,30,rihanna,330
alfre_woodard,154,megalyn_echikunwoke,2
namaiya_cunningham,12,tamala_jones,60
rihanna,109,amber_riley,102
s_epatha_merkerson,3,monique_coleman,15
alfre_woodard,103,theresa_randle,765
trina_mcgee,20,tasha_smith,14
la_la_anthony,33,meagan_good,65
megalyn_echikunwoke,43,mo'nique,38
aisha_tyler,92,selita_ebanks,14
pamella_d'pella,99,tatyana_ali,41
alfre_woodard,94,shauna_chin,21
nikki_storm,31,sharon_leal,18
retta,414,tatyana_ali,20
gloria_reuben,21,jurnee_smollett-bell,46
s_epatha_merkerson,54,sanaa_lathan,109
alfre_woodard,105,judith_shekoni,1
selita_ebanks,56,la_la_anthony,33
yvette_nicole_brown,96,tasha_smith,14
nikki_storm,31,la_la_anthony,17
denyce_lawton,34,wanda_sykes,5
trina_mcgee,20,regina_hall,5
nicki_minaj,45,whitney_houston,113
rihanna,173,eva_marcille,29
claudia_jordan,1,kat_graham,37
la_la_anthony,68,amber_riley,91
pamella_d'pella,96,kim_fields,51
thandie_newton,166,fumi_desalu-vold,4
zoe_kravitz,64,whitney_houston,113
trina_mcgee,20,audra_mcdonald,27
pam_grier,65,selita_ebanks,29
theresa_randle,765,thandie_newton,166
regina_hall,2,zoe_kravitz,103
lupita_nyong'o,42,gabourey_sidibe,129
imani_t_williams,59,alfre_woodard,94
alfre_woodard,94,tichina_arnold,38
monique_coleman,48,regina_hall,37
rutina_wesley,39,la_la_anthony,68
s_epatha_merkerson,28,selita_ebanks,12
theresa_randle,765,jurnee_smollett-bell,41
zoe_kravitz,77,tasha_smith,20
lakisha_jones,26,pam_grier,78
amber_riley,118,gloria_reuben,39
megalyn_echikunwoke,2,elise_neal,80
thandie_newton,31,mo'nique,38
kat_graham,42,shauna_chin,7
sanaa_lathan,62,rutina_wesley,60
octavia_spencer,101,tichina_arnold,61
thandie_newton,31,tasha_smith,14
christina_milian,7,pamella_d'pella,52
gabourey_sidibe,129,imani_t_williams,26
shauna_chin,4,megalyn_echikunwoke,21
tasha_smith,24,whitney_houston,33
monique_coleman,15,imani_t_williams,26
kat_graham,42,judith_shekoni,20
namaiya_cunningham,21,mo'nique,103
megalyn_echikunwoke,21,denyce_lawton,13
meagan_good,108,monique_coleman,40
tamala_jones,67,amanda_brugel,26
jordin_sparks,131,trina_mcgee,20
s_epatha_merkerson,30,judith_shekoni,60
jaida-iman_benjamin,77,jurnee_smollett-bell,41
rihanna,170,lakisha_jones,26
thandie_newton,166,namaiya_cunningham,29
wanda_sykes,1,zoe_kravitz,61
nicki_minaj,36,lupita_nyong'o,61
regina_hall,32,nicki_minaj,15
jordin_sparks,38,zoe_kravitz,50
zoe_kravitz,77,nicki_minaj,36
lakisha_jones,26,chandra_wilson,109
monique_coleman,23,lakisha_jones,26
chandra_wilson,70,audra_mcdonald,44
tichina_arnold,38,gloria_reuben,2
s_epatha_merkerson,3,rihanna,109
selita_ebanks,12,tasha_smith,24
yvette_nicole_brown,122,judith_shekoni,1
trina_mcgee,20,megalyn_echikunwoke,21
lakisha_jones,26,tatyana_ali,21
thandie_newton,146,jurnee_smollett-bell,46
la_la_anthony,55,jaida-iman_benjamin,77
selita_ebanks,56,sharon_leal,18
jaida-iman_benjamin,18,la_la_anthony,19
zoe_kravitz,61,shauna_chin,21
mo'nique,103,amanda_brugel,43
sharon_leal,14,theresa_randle,765
jordin_sparks,8,namaiya_cunningham,51
thandie_newton,26,chandra_wilson,8
thandie_newton,166,jaida-iman_benjamin,77
rihanna,173,theresa_randle,765
audra_mcdonald,55,chandra_wilson,130
theresa_randle,765,rutina_wesley,60
chandra_wilson,8,regina_hall,36
octavia_spencer,101,gloria_reuben,53
trina_mcgee,20,judith_shekoni,20
audra_mcdonald,60,kat_graham,42
nicki_minaj,36,monique_coleman,15
octavia_spencer,101,selita_ebanks,56
octavia_spencer,101,nikki_storm,15
judith_shekoni,20,tatyana_ali,41
meagan_good,108,sharon_leal,18
regina_hall,2,elise_neal,80
tasha_smith,20,denyce_lawton,58
la_la_anthony,55,rutina_wesley,60
alfre_woodard,154,pam_grier,55
judith_shekoni,1,tasha_smith,24
imani_t_williams,1,tamala_jones,14
tatyana_ali,20,fumi_desalu-vold,4
mo'nique,23,jurnee_smollett-bell,46
judith_shekoni,20,whitney_houston,113
jaida-iman_benjamin,77,s_epatha_merkerson,28
elise_neal,80,audra_mcdonald,22
lakisha_jones,26,audra_mcdonald,22
pamella_d'pella,96,lupita_nyong'o,21
kat_graham,42,nikki_storm,31
zoe_kravitz,61,jaida-iman_benjamin,18
jordin_sparks,155,namaiya_cunningham,29
eva_marcille,29,jordin_sparks,97
zoe_kravitz,61,kat_graham,36
gabourey_sidibe,129,kim_fields,37
christina_milian,7,alfre_woodard,154
imani_t_williams,59,trina_mcgee,20
selita_ebanks,52,imani_t_williams,1
pamella_d'pella,96,thandie_newton,66
kat_graham,108,zoe_kravitz,77
kat_graham,37,christina_milian,7
gloria_reuben,17,levona_lewis,60
aisha_tyler,92,elise_neal,80
gabourey_sidibe,152,judith_shekoni,20
pamella_d'pella,15,wanda_sykes,31
gloria_reuben,57,s_epatha_merkerson,30
sanaa_lathan,49,eva_marcille,29
regina_hall,36,rutina_wesley,60
s_epatha_merkerson,3,veronica_webb,43
pam_grier,55,kat_graham,37
regina_hall,36,lupita_nyong'o,42
veronica_webb,1,pam_grier,78
namaiya_cunningham,51,lakisha_jones,26
gloria_reuben,21,pamella_d'pella,15
rihanna,173,imani_t_williams,59
theresa_randle,765,retta,414
tasha_smith,14,theresa_randle,765
gabourey_sidibe,37,pamella_d'pella,76
zoe_kravitz,61,lupita_nyong'o,42
denyce_lawton,95,tasha_smith,14
kat_graham,36,eva_marcille,45
levona_lewis,64,retta,414
whitney_houston,33,jaida-iman_benjamin,18
fumi_desalu-vold,10,audra_mcdonald,38
elise_neal,80,nicki_minaj,36
chandra_wilson,130,jurnee_smollett-bell,47
chandra_wilson,18,gabourey_sidibe,37
la_la_anthony,31,selita_ebanks,52
gabourey_sidibe,37,yvette_nicole_brown,20
kim_fields,7,imani_t_williams,1
amber_riley,102,veronica_webb,22
aisha_tyler,159,monique_coleman,48
chandra_wilson,130,sharon_leal,14
amber_riley,118,s_epatha_merkerson,30
s_epatha_merkerson,30,regina_hall,36
kim_fields,51,namaiya_cunningham,44
jaida-iman_benjamin,77,thandie_newton,51
kat_graham,37,claudia_jordan,32
rihanna,170,christina_milian,81
s_epatha_merkerson,30,yvette_nicole_brown,55
elise_neal,80,amber_riley,102
shauna_chin,30,chandra_wilson,130
veronica_webb,1,christina_milian,81
christina_milian,81,tamala_jones,60
tamala_jones,16,s_epatha_merkerson,3
amber_riley,91,theresa_randle,765
sharon_leal,14,jordin_sparks,27
meagan_good,27,pamella_d'pella,96
wanda_sykes,5,octavia_spencer,46
shauna_chin,36,chandra_wilson,108
lakisha_jones,26,sanaa_lathan,52
selita_ebanks,56,trina_mcgee,20
elise_neal,80,alfre_woodard,154
judith_shekoni,60,nikki_storm,57
chandra_wilson,8,thandie_newton,26
lakisha_jones,26,retta,47
sharon_leal,89,veronica_webb,22
nikki_storm,15,denyce_lawton,95
sanaa_lathan,20,namaiya_cunningham,21
eva_marcille,11,elise_neal,80
selita_ebanks,62,sharon_leal,18
regina_hall,46,la_la_anthony,58
denyce_lawton,13,jordin_sparks,155
namaiya_cunningham,21,claudia_jordan,32
lakisha_jones,26,chandra_wilson,70
fumi_desalu-vold,1,tasha_smith,20
shauna_chin,53,octavia_spencer,101
alfre_woodard,103,tasha_smith,24
pam_grier,55,meagan_good,65
amanda_brugel,43,jurnee_smollett-bell,3
fumi_desalu-vold,1,trina_mcgee,20
aisha_tyler,92,megalyn_echikunwoke,48
kat_graham,42,nicki_minaj,36
veronica_webb,43,meagan_good,65
amanda_brugel,43,tasha_smith,14
jordin_sparks,27,zoe_kravitz,103
octavia_spencer,101,tatyana_ali,35
mo'nique,103,meagan_good,65
gloria_reuben,17,amanda_brugel,26
la_la_anthony,68,sanaa_lathan,109
mo'nique,25,veronica_webb,10
octavia_spencer,94,regina_hall,50
octavia_spencer,101,monique_coleman,45
lakisha_jones,26,mo'nique,23
gloria_reuben,2,lupita_nyong'o,61
selita_ebanks,26,denyce_lawton,95
alfre_woodard,94,chandra_wilson,130
zoe_kravitz,83,gabourey_sidibe,152
aisha_tyler,159,judith_shekoni,60
judith_shekoni,20,sharon_leal,14
theresa_randle,765,retta,47
octavia_spencer,46,alfre_woodard,105
claudia_jordan,39,theresa_randle,765
yvette_nicole_brown,96,pam_grier,65
tatyana_ali,20,jaida-iman_benjamin,77
kat_graham,36,audra_mcdonald,38
namaiya_cunningham,51,veronica_webb,1
levona_lewis,64,imani_t_williams,26
denyce_lawton,13,regina_hall,36
chandra_wilson,108,thandie_newton,66
gloria_reuben,2,sanaa_lathan,109
tatyana_ali,20,imani_t_williams,59
tatyana_ali,49,meagan_good,27
veronica_webb,22,regina_hall,50
theresa_randle,765,pam_grier,78
whitney_houston,107,veronica_webb,36
tamala_jones,34,sharon_leal,89
eva_marcille,45,levona_lewis,60
zoe_kravitz,83,eva_marcille,14
tasha_smith,14,pamella_d'pella,15
pam_grier,62,gloria_reuben,21
levona_lewis,60,gloria_reuben,48
octavia_spencer,94,la_la_anthony,55
tatyana_ali,41,kat_graham,108
megalyn_echikunwoke,21,sanaa_lathan,20
s_epatha_merkerson,30,meagan_good,65
veronica_webb,10,regina_hall,46
judith_shekoni,20,tatyana_ali,35
whitney_houston,107,retta,226
elise_neal,80,chandra_wilson,70
sanaa_lathan,49,gabourey_sidibe,152
kim_fields,37,lakisha_jones,26
octavia_spencer,101,tamala_jones,67
judith_shekoni,60,pamella_d'pella,96
judith_shekoni,60,chandra_wilson,8
tasha_smith,20,sanaa_lathan,116
shauna_chin,21,eva_marcille,29
kim_fields,7,theresa_randle,765
trina_mcgee,20,s_epatha_merkerson,54
jordin_sparks,58,la_la_anthony,31
s_epatha_merkerson,30,megalyn_echikunwoke,48
kim_fields,37,audra_mcdonald,60
mo'nique,23,kat_graham,108
monique_coleman,48,pam_grier,78
jaida-iman_benjamin,18,tatyana_ali,13
retta,226,gloria_reuben,57
wanda_sykes,1,fumi_desalu-vold,1
meagan_good,27,trina_mcgee,20
chandra_wilson,130,theresa_randle,765
retta,414,nicki_minaj,45
elise_neal,80,fumi_desalu-vold,1
denyce_lawton,34,pam_grier,62
kat_graham,37,tichina_arnold,61
lupita_nyong'o,82,megalyn_echikunwoke,2
retta,414,sanaa_lathan,62
mo'nique,103,selita_ebanks,12
chandra_wilson,130,veronica_webb,43
amanda_brugel,7,judith_shekoni,1
gabourey_sidibe,37,kat_graham,36
whitney_houston,107,yvette_nicole_brown,44
monique_coleman,23,thandie_newton,51
trina_mcgee,20,pam_grier,78
thandie_newton,26,nikki_storm,31
kim_fields,37,jordin_sparks,120
alfre_woodard,103,lakisha_jones,26
meagan_good,108,amanda_brugel,26
nikki_storm,31,yvette_nicole_brown,122
wanda_sykes,59,meagan_good,108
denyce_lawton,13,nikki_storm,15
sanaa_lathan,54,la_la_anthony,33
tamala_jones,50,yvette_nicole_brown,96
retta,47,audra_mcdonald,55
tamala_jones,59,elise_neal,80
monique_coleman,23,thandie_newton,166
octavia_spencer,101,levona_lewis,60
eva_marcille,25,chandra_wilson,70
tatyana_ali,21,yvette_nicole_brown,88
jaida-iman_benjamin,18,zoe_kravitz,103
nikki_storm,31,namaiya_cunningham,29
regina_hall,5,denyce_lawton,13
lupita_nyong'o,61,fumi_desalu-vold,4
gloria_reuben,39,rutina_wesley,60
nicki_minaj,45,selita_ebanks,51
jurnee_smollett-bell,47,thandie_newton,26
monique_coleman,48,regina_hall,2
whitney_houston,107,nicki_minaj,15
sharon_leal,89,trina_mcgee,20
rutina_wesley,39,octavia_spencer,94
nicki_minaj,36,levona_lewis,60
elise_neal,80,retta,226
christina_milian,81,trina_mcgee,20
la_la_anthony,58,gloria_reuben,17
mo'nique,93,judith_shekoni,60
fumi_desalu-vold,10,pam_grier,62
pam_grier,65,tichina_arnold,61
judith_shekoni,20,monique_coleman,45
lakisha_jones,26,lupita_nyong'o,82
amanda_brugel,7,nicki_minaj,36
kim_fields,37,kat_graham,37
sanaa_lathan,62,whitney_houston,33
tichina_arnold,61,mo'nique,103
nikki_storm,31,christina_milian,81
veronica_webb,10,retta,47
tatyana_ali,28,aisha_tyler,25
nikki_storm,57,meagan_good,27
kat_graham,36,zoe_kravitz,64
gloria_reuben,53,levona_lewis,64
claudia_jordan,39,amber_riley,80
claudia_jordan,39,la_la_anthony,31
namaiya_cunningham,21,yvette_nicole_brown,45
s_epatha_merkerson,28,jordin_sparks,27
wanda_sykes,31,sharon_leal,89
pamella_d'pella,52,nicki_minaj,15
lakisha_jones,26,levona_lewis,64
meagan_good,27,jordin_sparks,58
la_la_anthony,58,judith_shekoni,60
sanaa_lathan,62,nikki_storm,15
meagan_good,65,pamella_d'pella,76
namaiya_cunningham,51,gloria_reuben,39
elise_neal,80,jaida-iman_benjamin,77
levona_lewis,60,lakisha_jones,26
nikki_storm,57,thandie_newton,51
whitney_houston,107,nikki_storm,57
christina_milian,81,selita_ebanks,56
amanda_brugel,43,elise_neal,80
sanaa_lathan,54,claudia_jordan,29
eva_marcille,14,jaida-iman_benjamin,77
monique_coleman,40,aisha_tyler,25
namaiya_cunningham,29,christina_milian,81
veronica_webb,36,rihanna,109
jordin_sparks,131,tatyana_ali,49
tatyana_ali,21,veronica_webb,22
claudia_jordan,23,regina_hall,36
retta,47,la_la_anthony,55
tasha_smith,20,gloria_reuben,27
levona_lewis,64,tasha_smith,14
claudia_jordan,1,namaiya_cunningham,21
rutina_wesley,60,wanda_sykes,1
alfre_woodard,113,audra_mcdonald,38
s_epatha_merkerson,3,shauna_chin,36
yvette_nicole_brown,20,amanda_brugel,26
thandie_newton,66,amanda_brugel,26
retta,414,trina_mcgee,20
retta,226,amanda_brugel,43
mo'nique,93,tamala_jones,34
pam_grier,65,kim_fields,7
meagan_good,27,tasha_smith,14
thandie_newton,51,veronica_webb,43
veronica_webb,10,tichina_arnold,61
monique_coleman,23,meagan_good,65
gabourey_sidibe,152,trina_mcgee,20
jaida-iman_benjamin,77,levona_lewis,64
amanda_brugel,7,nikki_storm,31
denyce_lawton,95,pamella_d'pella,52
judith_shekoni,1,tichina_arnold,38
imani_t_williams,26,veronica_webb,1
theresa_randle,765,gabourey_sidibe,37
judith_shekoni,1,gabourey_sidibe,152
yvette_nicole_brown,41,kat_graham,108
sanaa_lathan,54,kat_graham,108
meagan_good,108,yvette_nicole_brown,44
kim_fields,51,nicki_minaj,36
tichina_arnold,10,wanda_sykes,59
judith_shekoni,1,pam_grier,62
tasha_smith,24,tichina_arnold,10
sharon_leal,18,amber_riley,91
veronica_webb,36,levona_lewis,64
regina_hall,7,wanda_sykes,46
wanda_sykes,56,alfre_woodard,103
yvette_nicole_brown,41,la_la_anthony,58
megalyn_echikunwoke,43,jaida-iman_benjamin,77
veronica_webb,22,rihanna,109
elise_neal,80,octavia_spencer,94
rihanna,109,christina_milian,7
shauna_chin,7,denyce_lawton,13
audra_mcdonald,60,jordin_sparks,38
kim_fields,19,zoe_kravitz,77
chandra_wilson,109,christina_milian,81
trina_mcgee,20,selita_ebanks,52
veronica_webb,22,s_epatha_merkerson,54
theresa_randle,765,kim_fields,37
sanaa_lathan,116,judith_shekoni,20
tamala_jones,34,gloria_reuben,39
shauna_chin,18,wanda_sykes,31
jurnee_smollett-bell,3,audra_mcdonald,55
christina_milian,81,veronica_webb,1
gloria_reuben,53,lupita_nyong'o,35
octavia_spencer,101,alfre_woodard,105
elise_neal,80,amber_riley,80
tamala_jones,43,rihanna,330
whitney_houston,107,tatyana_ali,28
tichina_arnold,47,christina_milian,81
chandra_wilson,108,jordin_sparks,38
eva_marcille,11,alfre_woodard,105
sharon_leal,14,pam_grier,62
jaida-iman_benjamin,77,kim_fields,7
christina_milian,7,claudia_jordan,29
eva_marcille,14,pamella_d'pella,96
aisha_tyler,25,gabourey_sidibe,152
tichina_arnold,47,meagan_good,65
nicki_minaj,45,amanda_brugel,43
aisha_tyler,159,megalyn_echikunwoke,21
christina_milian,7,pamella_d'pella,96
lupita_nyong'o,122,elise_neal,80
aisha_tyler,128,nicki_minaj,45
nicki_minaj,15,tamala_jones,60
fumi_desalu-vold,4,christina_milian,7
amanda_brugel,43,jurnee_smollett-bell,51
yvette_nicole_brown,74,pam_grier,55
sharon_leal,14,kat_graham,108
wanda_sykes,5,retta,47
imani_t_williams,59,wanda_sykes,5
lupita_nyong'o,42,yvette_nicole_brown,99
la_la_anthony,33,trina_mcgee,20
s_epatha_merkerson,54,mo'nique,38
christina_milian,7,rihanna,330
amanda_brugel,43,kim_fields,19
rutina_wesley,39,shauna_chin,21
trina_mcgee,20,jordin_sparks,131
selita_ebanks,29,aisha_tyler,61
denyce_lawton,2,la_la_anthony,58
rutina_wesley,39,monique_coleman,15
regina_hall,36,audra_mcdonald,55
retta,47,christina_milian,81
pamella_d'pella,99,elise_neal,80
namaiya_cunningham,44,aisha_tyler,61
fumi_desalu-vold,4,claudia_jordan,5
audra_mcdonald,27,rutina_wesley,60
tatyana_ali,35,denyce_lawton,13
meagan_good,27,trina_mcgee,20
fumi_desalu-vold,4,claudia_jordan,32
thandie_newton,26,theresa_randle,765
levona_lewis,64,trina_mcgee,20
elise_neal,80,zoe_kravitz,61
tichina_arnold,38,levona_lewis,64
gabourey_sidibe,37,shauna_chin,4
megalyn_echikunwoke,21,levona_lewis,60
veronica_webb,1,kim_fields,51
kat_graham,42,la_la_anthony,33
retta,414,gloria_reuben,39
claudia_jordan,5,alfre_woodard,154
chandra_wilson,8,kat_graham,36
elise_neal,80,pamella_d'pella,52
chandra_wilson,70,retta,226
octavia_spencer,101,sanaa_lathan,118
retta,47,rihanna,170
la_la_anthony,68,veronica_webb,43
namaiya_cunningham,44,christina_milian,81
chandra_wilson,108,yvette_nicole_brown,122
alfre_woodard,94,gabourey_sidibe,129
megalyn_echikunwoke,21,octavia_spencer,46
retta,47,kat_graham,37
jordin_sparks,120,tamala_jones,14
la_la_anthony,33,chandra_wilson,70
pamella_d'pella,52,veronica_webb,43
rihanna,170,kim_fields,19
monique_coleman,48,lupita_nyong'o,42
claudia_jordan,32,theresa_randle,765
theresa_randle,765,whitney_houston,107
namaiya_cunningham,44,zoe_kravitz,50
aisha_tyler,61,lupita_nyong'o,35
kat_graham,108,kim_fields,19
whitney_houston,113,chandra_wilson,108
theresa_randle,765,jaida-iman_benjamin,18
imani_t_williams,26,fumi_desalu-vold,10
trina_mcgee,20,megalyn_echikunwoke,8
theresa_randle,765,nikki_storm,31
claudia_jordan,1,tichina_arnold,47
pamella_d'pella,99,judith_shekoni,1
rihanna,330,kat_graham,37
whitney_houston,113,claudia_jordan,1
lakisha_jones,26,lupita_nyong'o,42
yvette_nicole_brown,41,jurnee_smollett-bell,47
amber_riley,102,namaiya_cunningham,51
tasha_smith,20,kat_graham,108
whitney_houston,33,claudia_jordan,1
amber_riley,118,nicki_minaj,36
kat_graham,42,monique_coleman,40
shauna_chin,18,thandie_newton,66
la_la_anthony,19,namaiya_cunningham,51
retta,226,trina_mcgee,20
eva_marcille,45,lupita_nyong'o,35
jurnee_smollett-bell,46,octavia_spencer,94
shauna_chin,53,alfre_woodard,103
rihanna,173,aisha_tyler,128
pam_grier,65,yvette_nicole_brown,122
megalyn_echikunwoke,48,aisha_tyler,128
lupita_nyong'o,82,tatyana_ali,20
zoe_kravitz,103,selita_ebanks,56
audra_mcdonald,55,gloria_reuben,19
megalyn_echikunwoke,32,trina_mcgee,20
amanda_brugel,26,s_epatha_merkerson,54
namaiya_cunningham,51,monique_coleman,40
namaiya_cunningham,21,amanda_brugel,43
retta,226,wanda_sykes,5
lupita_nyong'o,61,imani_t_williams,26
rihanna,330,fumi_desalu-vold,1
sharon_leal,14,trina_mcgee,20
monique_coleman,23,theresa_randle,765
claudia_jordan,32,denyce_lawton,95
megalyn_echikunwoke,6,fumi_desalu-vold,10
trina_mcgee,20,amanda_brugel,43
selita_ebanks,51,eva_marcille,14
eva_marcille,14,imani_t_williams,59
tichina_arnold,10,jaida-iman_benjamin,18
gloria_reuben,21,s_epatha_merkerson,30
judith_shekoni,1,lupita_nyong'o,61
wanda_sykes,1,tasha_smith,20
retta,414,jordin_sparks,58
shauna_chin,21,aisha_tyler,92
selita_ebanks,29,denyce_lawton,34
monique_coleman,45,pamella_d'pella,76
tichina_arnold,47,denyce_lawton,2
denyce_lawton,34,octavia_spencer,46
nicki_minaj,15,tasha_smith,14
trina_mcgee,20,lupita_nyong'o,42
pam_grier,65,wanda_sykes,31
pamella_d'pella,76,nicki_minaj,15
christina_milian,7,claudia_jordan,23
eva_marcille,25,levona_lewis,64
elise_neal,80,pam_grier,65
jaida-iman_benjamin,77,monique_coleman,40
denyce_lawton,34,levona_lewis,60
nicki_minaj,36,regina_hall,50
pam_grier,78,sanaa_lathan,116
alfre_woodard,103,shauna_chin,4
imani_t_williams,59,tatyana_ali,20
eva_marcille,14,claudia_jordan,1
nicki_minaj,15,amanda_brugel,43
tasha_smith,24,kim_fields,51
megalyn_echikunwoke,32,gloria_reuben,19
pamella_d'pella,96,veronica_webb,43
pam_grier,78,tichina_arnold,38
pam_grier,62,nikki_storm,57
audra_mcdonald,27,jordin_sparks,97
retta,226,levona_lewis,60
retta,47,wanda_sykes,46
sharon_leal,18,retta,226
kat_graham,108,claudia_jordan,1
jaida-iman_benjamin,18,gabourey_sidibe,37
nicki_minaj,15,aisha_tyler,92
chandra_wilson,8,tamala_jones,34
pam_grier,65,nikki_storm,31
shauna_chin,7,chandra_wilson,8
elise_neal,80,shauna_chin,36
tasha_smith,14,selita_ebanks,14
tatyana_ali,35,nikki_storm,31
levona_lewis,60,judith_shekoni,20
judith_shekoni,20,pam_grier,62
sharon_leal,89,zoe_kravitz,50
amber_riley,102,zoe_kravitz,77
megalyn_echikunwoke,48,denyce_lawton,58
kim_fields,7,selita_ebanks,14
lakisha_jones,26,eva_marcille,45
monique_coleman,40,jordin_sparks,38
wanda_sykes,5,amber_riley,118
amber_riley,102,nicki_minaj,36
thandie_newton,166,pamella_d'pella,52
gabourey_sidibe,129,aisha_tyler,159
elise_neal,80,jaida-iman_benjamin,77
pamella_d'pella,15,tasha_smith,20
amber_riley,80,trina_mcgee,20
la_la_anthony,55,monique_coleman,23
imani_t_williams,26,denyce_lawton,58
audra_mcdonald,60,judith_shekoni,60
pamella_d'pella,99,la_la_anthony,58
christina_milian,81,s_epatha_merkerson,3
christina_milian,7,levona_lewis,60
retta,226,mo'nique,93
yvette_nicole_brown,99,nicki_minaj,15
alfre_woodard,103,s_epatha_merkerson,30
audra_mcdonald,27,retta,47
claudia_jordan,32,yvette_nicole_brown,41
regina_hall,36,tatyana_ali,20
jaida-iman_benjamin,18,imani_t_williams,59
monique_coleman,15,whitney_houston,107
retta,47,selita_ebanks,62
rihanna,170,la_la_anthony,55
christina_milian,81,la_la_anthony,31
veronica_webb,1,claudia_jordan,29
whitney_houston,113,gloria_reuben,53
chandra_wilson,109,jurnee_smollett-bell,41
alfre_woodard,113,trina_mcgee,20
whitney_houston,107,namaiya_cunningham,12
trina_mcgee,20,kat_graham,42
regina_hall,46,veronica_webb,10
rihanna,170,megalyn_echikunwoke,21
denyce_lawton,95,lakisha_jones,26
pam_grier,62,pamella_d'pella,15
fumi_desalu-vold,10,kat_graham,108
tatyana_ali,21,monique_coleman,45
tasha_smith,20,trina_mcgee,20
eva_marcille,25,theresa_randle,765
gabourey_sidibe,129,sanaa_lathan,54
sanaa_lathan,62,la_la_anthony,55
namaiya_cunningham,44,pam_grier,62
rutina_wesley,60,zoe_kravitz,64
nicki_minaj,36,claudia_jordan,29
theresa_randle,765,tasha_smith,14
pam_grier,55,zoe_kravitz,61
s_epatha_merkerson,3,retta,47
judith_shekoni,60,pamella_d'pella,15
selita_ebanks,26,jurnee_smollett-bell,46
nicki_minaj,36,rihanna,109
sanaa_lathan,20,alfre_woodard,132
jurnee_smollett-bell,51,aisha_tyler,29
megalyn_echikunwoke,8,tamala_jones,67
imani_t_williams,26,nicki_minaj,15
jurnee_smollett-bell,47,eva_marcille,29
tamala_jones,34,tichina_arnold,38
levona_lewis,60,jordin_sparks,8
imani_t_williams,59,megalyn_echikunwoke,6
amber_riley,80,rutina_wesley,60
whitney_houston,33,sanaa_lathan,49
shauna_chin,7,la_la_anthony,33
jaida-iman_benjamin,18,christina_milian,81
fumi_desalu-vold,1,wanda_sykes,46
kat_graham,42,audra_mcdonald,44
zoe_kravitz,77,la_la_anthony,55
trina_mcgee,20,aisha_tyler,29
pam_grier,62,judith_shekoni,60
veronica_webb,10,imani_t_williams,26
s_epatha_merkerson,30,pam_grier,78
veronica_webb,10,kat_graham,37
retta,414,pamella_d'pella,52
whitney_houston,113,trina_mcgee,20
s_epatha_merkerson,54,megalyn_echikunwoke,43
nicki_minaj,36,trina_mcgee,20
lakisha_jones,26,jaida-iman_benjamin,18
eva_marcille,14,mo'nique,103
kat_graham,37,namaiya_cunningham,44
kim_fields,7,aisha_tyler,49
elise_neal,80,rutina_wesley,39
tasha_smith,14,sanaa_lathan,116
kat_graham,108,whitney_houston,107
audra_mcdonald,60,zoe_kravitz,64
kat_graham,108,elise_neal,80
jaida-iman_benjamin,77,whitney_houston,107
jordin_sparks,8,sharon_leal,89
jurnee_smollett-bell,41,fumi_desalu-vold,1
meagan_good,65,s_epatha_merkerson,28
tatyana_ali,13,tasha_smith,24
mo'nique,38,monique_coleman,40
retta,414,imani_t_williams,1
kat_graham,108,imani_t_williams,59
alfre_woodard,105,judith_shekoni,1
thandie_newton,146,tichina_arnold,38
trina_mcgee,20,tamala_jones,34
octavia_spencer,101,nicki_minaj,45
imani_t_williams,26,la_la_anthony,19
jaida-iman_benjamin,18,wanda_sykes,5
jaida-iman_benjamin,77,alfre_woodard,103
judith_shekoni,1,la_la_anthony,58
whitney_houston,33,shauna_chin,4
fumi_desalu-vold,4,imani_t_williams,26
christina_milian,7,yvette_nicole_brown,41
jurnee_smollett-bell,47,theresa_randle,765
alfre_woodard,132,sanaa_lathan,109
gabourey_sidibe,152,tasha_smith,14
amber_riley,91,jaida-iman_benjamin,77
amanda_brugel,7,kim_fields,51
amber_riley,91,denyce_lawton,13
kim_fields,7,christina_milian,81
tasha_smith,20,chandra_wilson,70
kim_fields,51,pamella_d'pella,15
veronica_webb,22,rihanna,109
judith_shekoni,1,elise_neal,80
la_la_anthony,31,meagan_good,27
chandra_wilson,109,rihanna,170
levona_lewis,64,wanda_sykes,1
denyce_lawton,13,kim_fields,7
nikki_storm,57,tichina_arnold,10
rihanna,170,chandra_wilson,130
lakisha_jones,26,alfre_woodard,154
thandie_newton,146,imani_t_williams,59
kat_graham,42,s_epatha_merkerson,3
s_epatha_merkerson,54,tasha_smith,14
la_la_anthony,33,tamala_jones,59
lakisha_jones,26,nikki_storm,31
mo'nique,25,veronica_webb,10
octavia_spencer,101,sanaa_lathan,52
judith_shekoni,1,megalyn_echikunwoke,2
whitney_houston,107,trina_mcgee,20
thandie_newton,31,megalyn_echikunwoke,48
yvette_nicole_brown,99,audra_mcdonald,60
zoe_kravitz,103,pamella_d'pella,76
tasha_smith,14,mo'nique,38
denyce_lawton,2,aisha_tyler,159
mo'nique,38,audra_mcdonald,22
jurnee_smollett-bell,3,elise_neal,80
rutina_wesley,60,regina_hall,50
veronica_webb,36,lakisha_jones,26
namaiya_cunningham,29,audra_mcdonald,27
shauna_chin,36,gloria_reuben,48
alfre_woodard,94,octavia_spencer,101
theresa_randle,765,rihanna,109
amanda_brugel,26,chandra_wilson,108
tatyana_ali,13,christina_milian,7
rutina_wesley,60,elise_neal,80
pamella_d'pella,52,rutina_wesley,39
judith_shekoni,20,veronica_webb,1
lupita_nyong'o,82,jaida-iman_benjamin,18
megalyn_echikunwoke,21,octavia_spencer,101
pamella_d'pella,76,tatyana_ali,15
pam_grier,65,wanda_sykes,46
rutina_wesley,60,amanda_brugel,43
amanda_brugel,43,sharon_leal,18
la_la_anthony,68,meagan_good,108
pamella_d'pella,52,theresa_randle,765
nicki_minaj,45,fumi_desalu-vold,1
aisha_tyler,44,nicki_minaj,45
nikki_storm,15,eva_marcille,45
claudia_jordan,39,shauna_chin,53
jurnee_smollett-bell,41,monique_coleman,23
namaiya_cunningham,29,gloria_reuben,48
jurnee_smollett-bell,47,alfre_woodard,132
imani_t_williams,59,tatyana_ali,13
pamella_d'pella,15,imani_t_williams,26
rutina_wesley,60,monique_coleman,15
selita_ebanks,52,jordin_sparks,97
rutina_wesley,39,regina_hall,37
namaiya_cunningham,29,chandra_wilson,108
nicki_minaj,45,jordin_sparks,8
mo'nique,93,lupita_nyong'o,82
tatyana_ali,49,megalyn_echikunwoke,8
audra_mcdonald,55,zoe_kravitz,64
theresa_randle,765,nikki_storm,15
mo'nique,38,kat_graham,108
amanda_brugel,43,lakisha_jones,26
wanda_sykes,5,meagan_good,65
jaida-iman_benjamin,18,theresa_randle,765
sanaa_lathan,118,selita_ebanks,29
rihanna,109,elise_neal,80
denyce_lawton,95,lakisha_jones,26
mo'nique,25,la_la_anthony,19
tichina_arnold,61,nicki_minaj,36
trina_mcgee,20,jaida-iman_benjamin,18
christina_milian,81,lupita_nyong'o,122
regina_hall,5,nicki_minaj,45
trina_mcgee,20,eva_marcille,11
levona_lewis,64,jurnee_smollett-bell,41
aisha_tyler,29,yvette_nicole_brown,41
jordin_sparks,8,sharon_leal,14
levona_lewis,64,wanda_sykes,31
kim_fields,7,alfre_woodard,105
jurnee_smollett-bell,3,rihanna,109
sharon_leal,89,retta,414
whitney_houston,113,gloria_reuben,53
meagan_good,65,sanaa_lathan,54
pam_grier,78,octavia_spencer,46
kat_graham,36,lupita_nyong'o,61
gloria_reuben,21,aisha_tyler,61
jaida-iman_benjamin,18,pam_grier,55
alfre_woodard,94,rihanna,173
imani_t_williams,1,kim_fields,37
s_epatha_merkerson,3,imani_t_williams,26
tamala_jones,50,tasha_smith,14
monique_coleman,48,retta,414
megalyn_echikunwoke,8,kim_fields,51
theresa_randle,765,lupita_nyong'o,82
s_epatha_merkerson,28,nikki_storm,31
christina_milian,81,pam_grier,62
elise_neal,80,la_la_anthony,33
tichina_arnold,61,kim_fields,7
aisha_tyler,44,eva_marcille,14
amanda_brugel,7,denyce_lawton,34
amanda_brugel,26,levona_lewis,64
monique_coleman,15,yvette_nicole_brown,41
levona_lewis,64,chandra_wilson,109
retta,47,thandie_newton,166
jordin_sparks,155,christina_milian,7
tichina_arnold,10,zoe_kravitz,64
audra_mcdonald,44,megalyn_echikunwoke,21
amanda_brugel,43,tasha_smith,14
yvette_nicole_brown,44,fumi_desalu-vold,10
denyce_lawton,95,nikki_storm,57
jurnee_smollett-bell,46,tichina_arnold,61
sanaa_lathan,20,s_epatha_merkerson,54
veronica_webb,36,gabourey_sidibe,37
kim_fields,51,denyce_lawton,58
s_epatha_merkerson,30,kim_fields,37
kat_graham,36,elise_neal,80
eva_marcille,25,veronica_webb,43
elise_neal,80,jordin_sparks,58
tatyana_ali,21,audra_mcdonald,44
jaida-iman_benjamin,18,namaiya_cunningham,29
levona_lewis,60,amanda_brugel,7
whitney_houston,33,zoe_kravitz,83
amanda_brugel,7,tamala_jones,60
shauna_chin,36,lupita_nyong'o,82
veronica_webb,22,claudia_jordan,47
claudia_jordan,47,rutina_wesley,39
sharon_leal,18,retta,47
lupita_nyong'o,21,chandra_wilson,70
namaiya_cunningham,12,trina_mcgee,20
whitney_houston,113,christina_milian,7
tatyana_ali,41,kim_fields,19
kat_graham,108,tatyana_ali,41
regina_hall,24,sharon_leal,18
audra_mcdonald,27,amanda_brugel,26
chandra_wilson,8,judith_shekoni,1
theresa_randle,765,audra_mcdonald,22
yvette_nicole_brown,99,regina_hall,5
kat_graham,42,aisha_tyler,29
tamala_jones,43,tasha_smith,14
kim_fields,7,sanaa_lathan,118
zoe_kravitz,103,rihanna,109
kat_graham,36,monique_coleman,48
levona_lewis,60,megalyn_echikunwoke,32
thandie_newton,166,judith_shekoni,1
veronica_webb,36,lupita_nyong'o,21
jurnee_smollett-bell,51,sharon_leal,18
pam_grier,55,gloria_reuben,2
gabourey_sidibe,129,christina_milian,81
theresa_randle,765,lupita_nyong'o,42
nicki_minaj,15,denyce_lawton,58
kim_fields,51,sharon_leal,89
judith_shekoni,1,trina_mcgee,20
tatyana_ali,13,judith_shekoni,1
gloria_reuben,53,yvette_nicole_brown,45
jordin_sparks,155,s_epatha_merkerson,54
aisha_tyler,49,rutina_wesley,39
rutina_wesley,39,christina_milian,81
thandie_newton,51,s_epatha_merkerson,3
fumi_desalu-vold,10,wanda_sykes,46
kat_graham,36,audra_mcdonald,44
alfre_woodard,103,imani_t_williams,26
theresa_randle,765,veronica_webb,22
imani_t_williams,59,audra_mcdonald,60
regina_hall,36,amanda_brugel,26
meagan_good,27,jaida-iman_benjamin,18
chandra_wilson,109,alfre_woodard,132
meagan_good,65,selita_ebanks,51
megalyn_echikunwoke,2,trina_mcgee,20
kim_fields,51,imani_t_williams,1
lupita_nyong'o,21,jurnee_smollett-bell,3
judith_shekoni,20,monique_coleman,48
meagan_good,108,namaiya_cunningham,29
regina_hall,50,lupita_nyong'o,82
judith_shekoni,20,octavia_spencer,101
audra_mcdonald,22,namaiya_cunningham,21
meagan_good,27,veronica_webb,1
amber_riley,118,namaiya_cunningham,12
theresa_randle,765,audra_mcdonald,44
theresa_randle,765,zoe_kravitz,103
nicki_minaj,45,kim_fields,37
rutina_wesley,39,gabourey_sidibe,37
monique_coleman,15,pam_grier,55
audra_mcdonald,22,monique_coleman,48
tasha_smith,20,theresa_randle,765
amanda_brugel,43,judith_shekoni,1
eva_marcille,25,chandra_wilson,70
jurnee_smollett-bell,46,chandra_wilson,70
yvette_nicole_brown,74,rihanna,330
judith_shekoni,1,imani_t_williams,1
sharon_leal,18,pam_grier,78
tamala_jones,59,la_la_anthony,19
imani_t_williams,1,retta,226
tichina_arnold,10,shauna_chin,53
gloria_reuben,21,tatyana_ali,35
jaida-iman_benjamin,18,aisha_tyler,61
s_epatha_merkerson,28,tamala_jones,60
sanaa_lathan,109,meagan_good,27
tatyana_ali,15,lupita_nyong'o,122
s_epatha_merkerson,54,nicki_minaj,15
christina_milian,7,namaiya_cunningham,51
zoe_kravitz,77,kat_graham,37
judith_shekoni,20,octavia_spencer,101
tatyana_ali,21,elise_neal,80
yvette_nicole_brown,74,pam_grier,65
sharon_leal,89,jaida-iman_benjamin,18
zoe_kravitz,103,nicki_minaj,36
regina_hall,5,namaiya_cunningham,29
tamala_jones,43,chandra_wilson,70
retta,47,gabourey_sidibe,152
rutina_wesley,60,lupita_nyong'o,21
mo'nique,38,aisha_tyler,92
regina_hall,5,selita_ebanks,62
zoe_kravitz,64,imani_t_williams,26
rutina_wesley,39,denyce_lawton,2
lupita_nyong'o,42,denyce_lawton,2
meagan_good,108,tamala_jones,43
levona_lewis,64,theresa_randle,765
kat_graham,37,meagan_good,108
pamella_d'pella,99,tamala_jones,67
aisha_tyler,61,christina_milian,81
levona_lewis,60,nikki_storm,15
rutina_wesley,39,tasha_smith,20
sharon_leal,18,denyce_lawton,2
tatyana_ali,41,pamella_d'pella,96
thandie_newton,31,rihanna,173
kim_fields,7,denyce_lawton,34
alfre_woodard,103,s_epatha_merkerson,54
amber_riley,80,aisha_tyler,29
trina_mcgee,20,wanda_sykes,59
tichina_arnold,10,thandie_newton,26
wanda_sykes,46,kim_fields,7
megalyn_echikunwoke,48,audra_mcdonald,55
namaiya_cunningham,51,gabourey_sidibe,129
trina_mcgee,20,jordin_sparks,38
chandra_wilson,18,yvette_nicole_brown,15
amber_riley,91,shauna_chin,36
theresa_randle,765,gabourey_sidibe,152
whitney_houston,113,retta,47
theresa_randle,765,shauna_chin,21
denyce_lawton,13,gabourey_sidibe,37
amber_riley,102,jordin_sparks,155
claudia_jordan,39,nikki_storm,31
sanaa_lathan,116,jaida-iman_benjamin,77
kim_fields,51,tatyana_ali,15
rutina_wesley,39,denyce_lawton,2
tichina_arnold,38,pam_grier,62
alfre_woodard,103,megalyn_echikunwoke,48
chandra_wilson,130,pam_grier,78
wanda_sykes,1,jurnee_smollett-bell,47
lupita_nyong'o,122,audra_mcdonald,60
sanaa_lathan,54,tasha_smith,14
elise_neal,80,gabourey_sidibe,129
theresa_randle,765,claudia_jordan,32
jaida-iman_benjamin,18,mo'nique,38
sanaa_lathan,49,s_epatha_merkerson,54
yvette_nicole_brown,74,namaiya_cunningham,29
aisha_tyler,49,whitney_houston,33
imani_t_williams,59,trina_mcgee,20
tasha_smith,24,retta,47
sharon_leal,18,fumi_desalu-vold,1
trina_mcgee,20,pamella_d'pella,96
veronica_webb,1,namaiya_cunningham,21
lupita_nyong'o,35,rutina_wesley,60
rihanna,173,jordin_sparks,38
fumi_desalu-vold,1,kim_fields,51
theresa_randle,765,jordin_sparks,97
shauna_chin,18,pam_grier,62
veronica_webb,36,thandie_newton,166
tasha_smith,24,tatyana_ali,41
octavia_spencer,46,claudia_jordan,1
kat_graham,37,trina_mcgee,20
amanda_brugel,26,mo'nique,23
rutina_wesley,39,tasha_smith,20
regina_hall,46,nikki_storm,15
whitney_houston,107,la_la_anthony,58
lakisha_jones,26,rutina_wesley,60
tamala_jones,67,eva_marcille,45
nicki_minaj,15,s_epatha_merkerson,28
lakisha_jones,26,retta,414
elise_neal,80,alfre_woodard,113
jaida-iman_benjamin,18,namaiya_cunningham,12
megalyn_echikunwoke,43,fumi_desalu-vold,4
meagan_good,27,tatyana_ali,21
elise_neal,80,gabourey_sidibe,129
audra_mcdonald,22,pamella_d'pella,52
s_epatha_merkerson,30,kim_fields,51
namaiya_cunningham,21,tichina_arnold,61
trina_mcgee,20,retta,414
whitney_houston,107,lakisha_jones,26
theresa_randle,765,lakisha_jones,26
jordin_sparks,131,tatyana_ali,28
shauna_chin,4,chandra_wilson,8
nicki_minaj,15,shauna_chin,21
namaiya_cunningham,21,aisha_tyler,128
elise_neal,80,lakisha_jones,26
zoe_kravitz,50,mo'nique,23
eva_marcille,45,levona_lewis,64
tatyana_ali,20,yvette_nicole_brown,44
gloria_reuben,2,alfre_woodard,132
amanda_brugel,26,levona_lewis,60
amanda_brugel,43,thandie_newton,146
elise_neal,80,retta,414
jordin_sparks,155,sanaa_lathan,52
octavia_spencer,46,namaiya_cunningham,21
veronica_webb,1,claudia_jordan,29
shauna_chin,30,tasha_smith,24
gabourey_sidibe,91,chandra_wilson,130
monique_coleman,45,imani_t_williams,26
theresa_randle,765,jurnee_smollett-bell,41
fumi_desalu-vold,4,aisha_tyler,44
aisha_tyler,159,audra_mcdonald,22
regina_hall,7,jurnee_smollett-bell,51
nicki_minaj,45,jordin_sparks,27
mo'nique,103,shauna_chin,7
nikki_storm,57,s_epatha_merkerson,54
theresa_randle,765,gloria_reuben,39
audra_mcdonald,55,eva_marcille,25
lakisha_jones,26,la_la_anthony,58
tasha_smith,14,alfre_woodard,105
chandra_wilson,109,amanda_brugel,7
s_epatha_merkerson,30,kat_graham,37
denyce_lawton,13,mo'nique,25
tamala_jones,14,amber_riley,91
megalyn_echikunwoke,21,aisha_tyler,44
denyce_lawton,34,jaida-iman_benjamin,18
elise_neal,80,thandie_newton,26
tasha_smith,24,gabourey_sidibe,129
shauna_chin,53,elise_neal,80
gabourey_sidibe,129,namaiya_cunningham,21
retta,226,claudia_jordan,47
retta,414,elise_neal,80
zoe_kravitz,50,rutina_wesley,60
tasha_smith,14,meagan_good,27
mo'nique,80,whitney_houston,113
lupita_nyong'o,82,whitney_houston,107
tatyana_ali,28,shauna_chin,4
jaida-iman_benjamin,18,gloria_reuben,27
levona_lewis,64,judith_shekoni,1
alfre_woodard,94,lupita_nyong'o,61
meagan_good,108,jordin_sparks,131
aisha_tyler,61,alfre_woodard,105
trina_mcgee,20,thandie_newton,103
alfre_woodard,105,christina_milian,7
nikki_storm,31,megalyn_echikunwoke,6
rihanna,170,megalyn_echikunwoke,32
aisha_tyler,44,rihanna,173
christina_milian,81,claudia_jordan,1
kim_fields,7,wanda_sykes,59
s_epatha_merkerson,54,veronica_webb,43
retta,226,tasha_smith,14
tatyana_ali,21,tichina_arnold,10
la_la_anthony,19,whitney_houston,113
la_la_anthony,19,levona_lewis,60
tamala_jones,34,eva_marcille,45
amber_riley,91,kim_fields,51
selita_ebanks,51,monique_coleman,23
lakisha_jones,26,judith_shekoni,60
yvette_nicole_brown,45,tasha_smith,20
meagan_good,65,fumi_desalu-vold,10
zoe_kravitz,61,shauna_chin,30
levona_lewis,60,amanda_brugel,7
claudia_jordan,47,la_la_anthony,19
wanda_sykes,31,kim_fields,51
whitney_houston,107,fumi_desalu-vold,4
tasha_smith,24,pamella_d'pella,99
fumi_desalu-vold,1,meagan_good,27
chandra_wilson,70,monique_coleman,48
rihanna,170,alfre_woodard,94
jordin_sparks,155,lakisha_jones,26
tasha_smith,24,theresa_randle,765
claudia_jordan,32,whitney_houston,107
audra_mcdonald,38,veronica_webb,10
fumi_desalu-vold,1,rutina_wesley,60
tamala_jones,50,la_la_anthony,58
tatyana_ali,20,levona_lewis,60
kim_fields,37,thandie_newton,103
megalyn_echikunwoke,8,monique_coleman,45
nikki_storm,57,rutina_wesley,39
christina_milian,7,shauna_chin,53
monique_coleman,48,rihanna,170
alfre_woodard,105,tasha_smith,20
namaiya_cunningham,21,megalyn_echikunwoke,21
zoe_kravitz,64,jordin_sparks,27
chandra_wilson,8,lupita_nyong'o,82
retta,226,yvette_nicole_brown,88
retta,47,namaiya_cunningham,12
lakisha_jones,26,sharon_leal,14
claudia_jordan,5,tichina_arnold,38
lupita_nyong'o,82,tasha_smith,24
tichina_arnold,10,lupita_nyong'o,21
octavia_spencer,94,gabourey_sidibe,152
mo'nique,103,shauna_chin,4
denyce_lawton,95,sharon_leal,89
retta,414,pam_grier,62
aisha_tyler,159,shauna_chin,18
lupita_nyong'o,122,christina_milian,7
thandie_newton,146,jaida-iman_benjamin,77
retta,414,zoe_kravitz,61
namaiya_cunningham,29,christina_milian,81
amber_riley,91,trina_mcgee,20
pam_grier,78,shauna_chin,36
pamella_d'pella,76,pam_grier,62
octavia_spencer,101,levona_lewis,64
octavia_spencer,46,selita_ebanks,51
tichina_arnold,61,jaida-iman_benjamin,77
tamala_jones,14,jaida-iman_benjamin,18
selita_ebanks,62,aisha_tyler,49
nikki_storm,31,rihanna,173
trina_mcgee,20,judith_shekoni,20
shauna_chin,36,selita_ebanks,51
zoe_kravitz,64,veronica_webb,22
claudia_jordan,1,yvette_nicole_brown,82
meagan_good,27,rihanna,330
denyce_lawton,34,lupita_nyong'o,42
selita_ebanks,51,imani_t_williams,26
whitney_houston,113,lakisha_jones,26
tamala_jones,14,meagan_good,108
jordin_sparks,107,jaida-iman_benjamin,18
s_epatha_merkerson,30,pam_grier,55
namaiya_cunningham,51,veronica_webb,43
mo'nique,93,levona_lewis,64
monique_coleman,23,octavia_spencer,101
nikki_storm,31,la_la_anthony,58
veronica_webb,1,regina_hall,37
nicki_minaj,36,pam_grier,62
kat_graham,36,shauna_chin,21
whitney_houston,33,tamala_jones,14
monique_coleman,15,selita_ebanks,62
namaiya_cunningham,12,lupita_nyong'o,122
sanaa_lathan,54,zoe_kravitz,64
sharon_leal,89,alfre_woodard,154
aisha_tyler,49,nikki_storm,31
rihanna,170,eva_marcille,14
gabourey_sidibe,129,tasha_smith,20
aisha_tyler,49,jaida-iman_benjamin,77
rihanna,173,rutina_wesley,39
regina_hall,2,la_la_anthony,58
fumi_desalu-vold,1,imani_t_williams,1
wanda_sykes,46,shauna_chin,18
gabourey_sidibe,152,eva_marcille,14
kim_fields,37,tamala_jones,16
jurnee_smollett-bell,47,s_epatha_merkerson,28
jordin_sparks,8,rutina_wesley,39
denyce_lawton,34,jaida-iman_benjamin,77
nikki_storm,31,audra_mcdonald,44
trina_mcgee,20,s_epatha_merkerson,3
rihanna,173,jaida-iman_benjamin,77
levona_lewis,64,lakisha_jones,26
elise_neal,80,amanda_brugel,26
claudia_jordan,23,nicki_minaj,15
gabourey_sidibe,129,megalyn_echikunwoke,8
trina_mcgee,20,levona_lewis,64
veronica_webb,1,meagan_good,27
christina_milian,7,regina_hall,5
sanaa_lathan,118,elise_neal,80
whitney_houston,107,megalyn_echikunwoke,2
monique_coleman,45,thandie_newton,26
elise_neal,80,eva_marcille,45
selita_ebanks,12,jaida-iman_benjamin,77
lupita_nyong'o,42,jurnee_smollett-bell,47
regina_hall,36,tamala_jones,43
sharon_leal,18,aisha_tyler,92
levona_lewis,64,kim_fields,37
amber_riley,118,denyce_lawton,13
tasha_smith,20,la_la_anthony,17
nikki_storm,57,tichina_arnold,47
trina_mcgee,20,gloria_reuben,19
nikki_storm,15,megalyn_echikunwoke,32
tatyana_ali,13,rutina_wesley,60
shauna_chin,21,wanda_sykes,1
alfre_woodard,103,pam_grier,62
meagan_good,65,retta,414
sharon_leal,14,wanda_sykes,46
retta,47,alfre_woodard,154
fumi_desalu-vold,1,elise_neal,80
levona_lewis,60,la_la_anthony,33
christina_milian,7,namaiya_cunningham,44
selita_ebanks,12,namaiya_cunningham,12
la_la_anthony,17,shauna_chin,7
amanda_brugel,7,amber_riley,91
jordin_sparks,8,kat_graham,108
mo'nique,80,rutina_wesley,39
claudia_jordan,5,lupita_nyong'o,122
audra_mcdonald,60,regina_hall,24
shauna_chin,53,jaida-iman_benjamin,18
rihanna,109,thandie_newton,146
rutina_wesley,60,eva_marcille,45
elise_neal,80,claudia_jordan,47
la_la_anthony,17,imani_t_williams,26
chandra_wilson,18,eva_marcille,29
amanda_brugel,7,zoe_kravitz,83
denyce_lawton,95,elise_neal,80
selita_ebanks,62,namaiya_cunningham,29
fumi_desalu-vold,1,namaiya_cunningham,29
jurnee_smollett-bell,51,s_epatha_merkerson,30
nikki_storm,57,thandie_newton,103
monique_coleman,23,trina_mcgee,20
amber_riley,91,meagan_good,27
eva_marcille,45,tamala_jones,14
chandra_wilson,108,eva_marcille,45
regina_hall,32,amber_riley,102
megalyn_echikunwoke,21,tasha_smith,20
octavia_spencer,94,rihanna,170
thandie_newton,66,judith_shekoni,20
aisha_tyler,128,yvette_nicole_brown,122
wanda_sykes,59,alfre_woodard,113
whitney_houston,107,jordin_sparks,38
tamala_jones,50,sanaa_lathan,109
fumi_desalu-vold,4,levona_lewis,60
monique_coleman,45,regina_hall,32
nicki_minaj,45,nikki_storm,57
jordin_sparks,131,aisha_tyler,25
veronica_webb,43,tamala_jones,50
megalyn_echikunwoke,21,kim_fields,51
namaiya_cunningham,12,tichina_arnold,61
chandra_wilson,109,elise_neal,80
elise_neal,80,pamella_d'pella,52
meagan_good,27,pam_grier,62
octavia_spencer,46,trina_mcgee,20
shauna_chin,4,tatyana_ali,41
jordin_sparks,131,claudia_jordan,1
aisha_tyler,49,la_la_anthony,68
nikki_storm,57,audra_mcdonald,55
mo'nique,38,amanda_brugel,26
tatyana_ali,41,tasha_smith,24
octavia_spencer,46,aisha_tyler,29
tamala_jones,60,whitney_houston,107
kat_graham,42,nicki_minaj,45
audra_mcdonald,44,elise_neal,80
claudia_jordan,47,fumi_desalu-vold,4
denyce_lawton,34,regina_hall,24
levona_lewis,64,shauna_chin,4
whitney_houston,33,meagan_good,27
retta,47,rutina_wesley,60
regina_hall,50,alfre_woodard,113
aisha_tyler,29,tamala_jones,67
aisha_tyler,128,tamala_jones,67
zoe_kravitz,64,christina_milian,7
amanda_brugel,26,nicki_minaj,45
christina_milian,7,tatyana_ali,49
wanda_sykes,1,jurnee_smollett-bell,46
imani_t_williams,59,mo'nique,93
levona_lewis,64,tatyana_ali,41
monique_coleman,23,tamala_jones,50
megalyn_echikunwoke,43,chandra_wilson,8
kim_fields,7,audra_mcdonald,22
whitney_houston,33,retta,47
shauna_chin,4,nicki_minaj,15
nikki_storm,57,regina_hall,36
alfre_woodard,103,tatyana_ali,13
levona_lewis,60,amber_riley,102
sharon_leal,89,jurnee_smollett-bell,47
eva_marcille,14,shauna_chin,36
shauna_chin,7,s_epatha_merkerson,3
chandra_wilson,130,aisha_tyler,44
s_epatha_merkerson,30,nicki_minaj,45
trina_mcgee,20,rutina_wesley,60
selita_ebanks,52,namaiya_cunningham,21
zoe_kravitz,77,rutina_wesley,60
rutina_wesley,60,zoe_kravitz,103
kat_graham,37,jordin_sparks,107
elise_neal,80,lupita_nyong'o,122
selita_ebanks,12,eva_marcille,25
chandra_wilson,70,meagan_good,27
lakisha_jones,26,tichina_arnold,61
jurnee_smollett-bell,46,amanda_brugel,7
gabourey_sidibe,152,jaida-iman_benjamin,18
zoe_kravitz,77,monique_coleman,45
thandie_newton,166,retta,414
rutina_wesley,60,monique_coleman,48
claudia_jordan,39,thandie_newton,66
tichina_arnold,47,aisha_tyler,92
nikki_storm,15,tichina_arnold,61
kat_graham,36,rutina_wesley,60
pam_grier,78,kat_graham,36
judith_shekoni,60,rihanna,109
octavia_spencer,46,amber_riley,102
octavia_spencer,46,meagan_good,65
thandie_newton,146,amanda_brugel,26
monique_coleman,40,jordin_sparks,107
alfre_woodard,132,retta,414
regina_hall,24,mo'nique,25
jordin_sparks,58,levona_lewis,64
elise_neal,80,monique_coleman,15
claudia_jordan,39,chandra_wilson,8
tamala_jones,59,pam_grier,55
pamella_d'pella,96,jordin_sparks,120
octavia_spencer,101,s_epatha_merkerson,30
rutina_wesley,39,imani_t_williams,1
jaida-iman_benjamin,77,lakisha_jones,26
octavia_spencer,46,sharon_leal,14
wanda_sykes,46,sharon_leal,89
tamala_jones,50,gabourey_sidibe,37
theresa_randle,765,amanda_brugel,7
sharon_leal,18,yvette_nicole_brown,45
elise_neal,80,lakisha_jones,26
aisha_tyler,92,la_la_anthony,31
pamella_d'pella,52,wanda_sykes,56
pam_grier,78,zoe_kravitz,83
zoe_kravitz,103,christina_milian,7
audra_mcdonald,38,yvette_nicole_brown,82
shauna_chin,30,jordin_sparks,155
judith_shekoni,20,monique_coleman,45
aisha_tyler,44,jurnee_smollett-bell,51
jaida-iman_benjamin,18,namaiya_cunningham,44
tatyana_ali,28,regina_hall,46
trina_mcgee,20,fumi_desalu-vold,4
mo'nique,80,chandra_wilson,18
nikki_storm,57,la_la_anthony,17
veronica_webb,22,judith_shekoni,1
s_epatha_merkerson,28,whitney_houston,107
monique_coleman,45,zoe_kravitz,83
octavia_spencer,101,pam_grier,78
rihanna,330,pamella_d'pella,96
la_la_anthony,31,jurnee_smollett-bell,46
octavia_spencer,94,jordin_sparks,97
audra_mcdonald,38,jaida-iman_benjamin,18
claudia_jordan,5,s_epatha_merkerson,28
megalyn_echikunwoke,43,aisha_tyler,92
rutina_wesley,39,mo'nique,103
namaiya_cunningham,12,la_la_anthony,58
rihanna,173,gloria_reuben,48
jaida-iman_benjamin,18,pam_grier,55
elise_neal,80,whitney_houston,113
jurnee_smollett-bell,46,trina_mcgee,20
rutina_wesley,60,jaida-iman_benjamin,77
megalyn_echikunwoke,2,claudia_jordan,23
megalyn_echikunwoke,48,regina_hall,37
denyce_lawton,13,tasha_smith,24
jaida-iman_benjamin,18,zoe_kravitz,77
alfre_woodard,113,sharon_leal,18
s_epatha_merkerson,3,jordin_sparks,107
imani_t_williams,26,christina_milian,7
denyce_lawton,13,tasha_smith,20
sanaa_lathan,54,kat_graham,37
amber_riley,118,gloria_reuben,19
veronica_webb,36,selita_ebanks,14
pamella_d'pella,52,megalyn_echikunwoke,8
kat_graham,42,namaiya_cunningham,44
gabourey_sidibe,37,zoe_kravitz,50
denyce_lawton,2,sanaa_lathan,54
pamella_d'pella,15,tamala_jones,67
pamella_d'pella,52,yvette_nicole_brown,88
nikki_storm,15,pamella_d'pella,96
megalyn_echikunwoke,8,audra_mcdonald,60
kat_graham,42,lakisha_jones,26
lupita_nyong'o,42,imani_t_williams,26
kim_fields,37,tasha_smith,14
pam_grier,62,alfre_woodard,154
yvette_nicole_brown,99,regina_hall,50
fumi_desalu-vold,1,la_la_anthony,17
eva_marcille,45,sharon_leal,89
pamella_d'pella,96,lupita_nyong'o,82
amanda_brugel,43,kim_fields,37
lupita_nyong'o,122,rihanna,173
fumi_desalu-vold,10,pamella_d'pella,52
tamala_jones,50,whitney_houston,107
amanda_brugel,7,la_la_anthony,17
jaida-iman_benjamin,18,chandra_wilson,130
eva_marcille,45,wanda_sykes,56
regina_hall,46,zoe_kravitz,50
trina_mcgee,20,tatyana_ali,21
thandie_newton,26,eva_marcille,14
zoe_kravitz,77,mo'nique,93
mo'nique,25,jurnee_smollett-bell,47
zoe_kravitz,77,thandie_newton,103
lupita_nyong'o,61,denyce_lawton,95
tamala_jones,59,sharon_leal,14
nicki_minaj,45,elise_neal,80
thandie_newton,26,lupita_nyong'o,122
jaida-iman_benjamin,18,elise_neal,80
monique_coleman,23,regina_hall,32
monique_coleman,15,chandra_wilson,108
fumi_desalu-vold,10,sharon_leal,14
wanda_sykes,31,imani_t_williams,59
sanaa_lathan,109,lakisha_jones,26
jaida-iman_benjamin,77,la_la_anthony,19
gabourey_sidibe,91,selita_ebanks,62
nikki_storm,57,selita_ebanks,12
amber_riley,102,jordin_sparks,58
la_la_anthony,31,pam_grier,78
gloria_reuben,19,amber_riley,118
imani_t_williams,59,thandie_newton,146
wanda_sykes,5,denyce_lawton,95
lakisha_jones,26,wanda_sykes,1
kat_graham,37,tasha_smith,20
amanda_brugel,43,theresa_randle,765
la_la_anthony,33,jurnee_smollett-bell,51
rutina_wesley,39,tatyana_ali,49
namaiya_cunningham,12,selita_ebanks,51
christina_milian,81,megalyn_echikunwoke,32
pamella_d'pella,15,yvette_nicole_brown,55
trina_mcgee,20,rihanna,173
meagan_good,108,zoe_kravitz,77
imani_t_williams,26,pam_grier,65
lupita_nyong'o,21,rutina_wesley,60
judith_shekoni,60,octavia_spencer,94
thandie_newton,66,sharon_leal,18
thandie_newton,31,imani_t_williams,1
tasha_smith,24,fumi_desalu-vold,1
tamala_jones,50,eva_marcille,45
rutina_wesley,60,la_la_anthony,55
namaiya_cunningham,44,tamala_jones,14
aisha_tyler,128,sharon_leal,14
jaida-iman_benjamin,77,shauna_chin,18
rihanna,173,whitney_houston,33
megalyn_echikunwoke,2,judith_shekoni,20
megalyn_echikunwoke,43,alfre_woodard,132
rutina_wesley,39,kim_fields,7
chandra_wilson,130,denyce_lawton,2
imani_t_williams,1,zoe_kravitz,83
octavia_spencer,101,alfre_woodard,94
jaida-iman_benjamin,77,tatyana_ali,15
zoe_kravitz,77,theresa_randle,765
pamella_d'pella,52,imani_t_williams,26
mo'nique,93,regina_hall,2
kim_fields,7,regina_hall,2
pamella_d'pella,15,shauna_chin,4
levona_lewis,60,wanda_sykes,5
namaiya_cunningham,21,judith_shekoni,20
meagan_good,27,namaiya_cunningham,21
sanaa_lathan,118,selita_ebanks,62
eva_marcille,29,octavia_spencer,46
kim_fields,37,lupita_nyong'o,82
mo'nique,93,sharon_leal,18
namaiya_cunningham,51,tamala_jones,50
lakisha_jones,26,nikki_storm,57
la_la_anthony,55,s_epatha_merkerson,30
levona_lewis,64,alfre_woodard,105
selita_ebanks,56,jaida-iman_benjamin,18
retta,414,tasha_smith,14
monique_coleman,40,claudia_jordan,32
levona_lewis,64,whitney_houston,33
regina_hall,36,imani_t_williams,1
tamala_jones,34,kim_fields,37
elise_neal,80,veronica_webb,36
sharon_leal,89,tichina_arnold,38
tichina_arnold,10,theresa_randle,765
selita_ebanks,14,kim_fields,7
s_epatha_merkerson,28,sanaa_lathan,49
kat_graham,42,whitney_houston,107
jurnee_smollett-bell,46,tasha_smith,20
elise_neal,80,amber_riley,80
trina_mcgee,20,veronica_webb,36
sanaa_lathan,62,lupita_nyong'o,61
gabourey_sidibe,91,alfre_woodard,105
amber_riley,102,gabourey_sidibe,91
fumi_desalu-vold,1,tatyana_ali,20
thandie_newton,51,jurnee_smollett-bell,3
thandie_newton,31,tamala_jones,43
tichina_arnold,38,mo'nique,38
selita_ebanks,12,whitney_houston,113
jordin_sparks,38,chandra_wilson,130
chandra_wilson,109,wanda_sykes,1
levona_lewis,60,tasha_smith,20
nicki_minaj,36,retta,414
retta,414,amber_riley,80
jurnee_smollett-bell,47,wanda_sykes,56
jordin_sparks,38,chandra_wilson,130
jaida-iman_benjamin,77,elise_neal,80
megalyn_echikunwoke,2,aisha_tyler,29
trina_mcgee,20,claudia_jordan,47
kat_graham,37,thandie_newton,51
veronica_webb,22,octavia_spencer,94
audra_mcdonald,27,gabourey_sidibe,152
tamala_jones,67,fumi_desalu-vold,4
pamella_d'pella,15,megalyn_echikunwoke,6
nikki_storm,31,jaida-iman_benjamin,18
claudia_jordan,1,tichina_arnold,38
alfre_woodard,103,tichina_arnold,10
tamala_jones,43,tasha_smith,24
chandra_wilson,8,imani_t_williams,1
jurnee_smollett-bell,46,rihanna,109
eva_marcille,45,s_epatha_merkerson,3
regina_hall,50,pamella_d'pella,15
rihanna,330,lupita_nyong'o,42
veronica_webb,10,levona_lewis,60
claudia_jordan,32,wanda_sykes,1
shauna_chin,53,retta,414
amanda_brugel,7,octavia_spencer,46
sharon_leal,14,gloria_reuben,39
meagan_good,108,regina_hall,24
christina_milian,7,monique_coleman,23
theresa_randle,765,mo'nique,80
amber_riley,80,kat_graham,108
chandra_wilson,130,aisha_tyler,49
tamala_jones,16,regina_hall,5
octavia_spencer,94,trina_mcgee,20
amanda_brugel,7,kim_fields,7
jaida-iman_benjamin,18,tatyana_ali,20
alfre_woodard,103,theresa_randle,765
veronica_webb,43,jordin_sparks,107
mo'nique,80,alfre_woodard,94
jordin_sparks,131,pam_grier,78
lakisha_jones,26,amber_riley,118
lakisha_jones,26,theresa_randle,765
tasha_smith,24,zoe_kravitz,77
elise_neal,80,imani_t_williams,26
theresa_randle,765,thandie_newton,26
meagan_good,27,alfre_woodard,154
nikki_storm,57,selita_ebanks,14
chandra_wilson,130,selita_ebanks,12
kim_fields,51,tichina_arnold,10
gabourey_sidibe,152,theresa_randle,765
amber_riley,118,mo'nique,80
alfre_woodard,105,aisha_tyler,61
meagan_good,65,rutina_wesley,60
shauna_chin,7,rutina_wesley,39
tichina_arnold,38,jaida-iman_benjamin,77
amber_riley,118,alfre_woodard,94
thandie_newton,51,shauna_chin,30
wanda_sykes,1,aisha_tyler,159
zoe_kravitz,64,audra_mcdonald,60
amber_riley,118,regina_hall,24
jaida-iman_benjamin,18,fumi_desalu-vold,4
gloria_reuben,2,yvette_nicole_brown,74
la_la_anthony,68,pamella_d'pella,96
jurnee_smollett-bell,51,tamala_jones,43
s_epatha_merkerson,28,selita_ebanks,29
namaiya_cunningham,51,la_la_anthony,58
aisha_tyler,159,whitney_houston,33
elise_neal,80,pam_grier,62
shauna_chin,30,levona_lewis,64
thandie_newton,51,judith_shekoni,20
zoe_kravitz,61,claudia_jordan,32
tichina_arnold,61,claudia_jordan,47
alfre_woodard,105,gloria_reuben,57
zoe_kravitz,61,eva_marcille,29
nikki_storm,57,pamella_d'pella,52
regina_hall,46,tasha_smith,14
meagan_good,108,retta,47
elise_neal,80,jaida-iman_benjamin,18
jordin_sparks,58,tamala_jones,60
jordin_sparks,107,monique_coleman,48
kat_graham,108,megalyn_echikunwoke,48
judith_shekoni,20,pam_grier,78
tasha_smith,14,judith_shekoni,20
imani_t_williams,1,nikki_storm,15
amanda_brugel,7,meagan_good,27
namaiya_cunningham,29,la_la_anthony,19
retta,226,monique_coleman,45
amanda_brugel,26,claudia_jordan,23
octavia_spencer,46,kat_graham,36
claudia_jordan,47,thandie_newton,51
jordin_sparks,27,veronica_webb,22
monique_coleman,48,fumi_desalu-vold,1
tasha_smith,24,kat_graham,37
tamala_jones,16,lupita_nyong'o,21
megalyn_echikunwoke,21,pamella_d'pella,15
christina_milian,81,kat_graham,36
zoe_kravitz,77,gabourey_sidibe,37
chandra_wilson,109,pam_grier,62
meagan_good,108,thandie_newton,26
trina_mcgee,20,la_la_anthony,31
tasha_smith,20,sanaa_lathan,116
lakisha_jones,26,jordin_sparks,120
octavia_spencer,94,jaida-iman_benjamin,77
yvette_nicole_brown,44,tichina_arnold,61
monique_coleman,40,chandra_wilson,8
gabourey_sidibe,129,jurnee_smollett-bell,46
judith_shekoni,60,la_la_anthony,31
shauna_chin,53,megalyn_echikunwoke,21
alfre_woodard,103,aisha_tyler,25
yvette_nicole_brown,20,chandra_wilson,109
megalyn_echikunwoke,6,selita_ebanks,26
nikki_storm,15,tichina_arnold,38
pam_grier,78,lupita_nyong'o,42
shauna_chin,36,denyce_lawton,2
selita_ebanks,62,yvette_nicole_brown,122
zoe_kravitz,61,veronica_webb,36
veronica_webb,10,pam_grier,65
sharon_leal,14,trina_mcgee,20
whitney_houston,113,shauna_chin,21
alfre_woodard,132,trina_mcgee,20
jordin_sparks,27,alfre_woodard,113
shauna_chin,4,levona_lewis,60
audra_mcdonald,44,gabourey_sidibe,129
yvette_nicole_brown,15,theresa_randle,765
judith_shekoni,60,wanda_sykes,59
jordin_sparks,97,regina_hall,24
zoe_kravitz,77,thandie_newton,166
namaiya_cunningham,12,amanda_brugel,43
megalyn_echikunwoke,48,fumi_desalu-vold,4
retta,414,la_la_anthony,58
retta,414,la_la_anthony,17
kat_graham,37,veronica_webb,43
lakisha_jones,26,jordin_sparks,120
mo'nique,38,retta,226
denyce_lawton,2,whitney_houston,113
theresa_randle,765,tamala_jones,59
yvette_nicole_brown,41,mo'nique,80
la_la_anthony,55,eva_marcille,11
aisha_tyler,128,claudia_jordan,39
tasha_smith,14,zoe_kravitz,103
monique_coleman,40,gloria_reuben,27
namaiya_cunningham,29,rihanna,173
rihanna,170,fumi_desalu-vold,4
shauna_chin,53,claudia_jordan,29
tasha_smith,24,gloria_reuben,21
wanda_sykes,46,eva_marcille,25
tatyana_ali,49,octavia_spencer,101
chandra_wilson,130,shauna_chin,53
amanda_brugel,7,amber_riley,118
aisha_tyler,29,namaiya_cunningham,21
shauna_chin,30,tasha_smith,20
sanaa_lathan,109,selita_ebanks,62
meagan_good,108,audra_mcdonald,60
jaida-iman_benjamin,77,amanda_brugel,43
kat_graham,42,regina_hall,5
tamala_jones,50,yvette_nicole_brown,41
sanaa_lathan,54,tasha_smith,20
tasha_smith,14,lakisha_jones,26
sanaa_lathan,118,gloria_reuben,19
shauna_chin,53,pamella_d'pella,96
tasha_smith,20,lakisha_jones,26
retta,47,regina_hall,24
amber_riley,118,denyce_lawton,34
lupita_nyong'o,122,judith_shekoni,20
tasha_smith,14,nicki_minaj,15
la_la_anthony,55,pam_grier,62
tatyana_ali,49,audra_mcdonald,22
shauna_chin,53,pam_grier,65
audra_mcdonald,22,tatyana_ali,49
tatyana_ali,15,retta,47
megalyn_echikunwoke,2,claudia_jordan,23
meagan_good,65,jordin_sparks,120
tasha_smith,14,selita_ebanks,14
rihanna,170,yvette_nicole_brown,15
theresa_randle,765,retta,226
veronica_webb,10,kat_graham,42
zoe_kravitz,61,nikki_storm,57
wanda_sykes,59,tichina_arnold,47
tasha_smith,14,fumi_desalu-vold,4
tatyana_ali,49,sharon_leal,18
regina_hall,46,shauna_chin,21
aisha_tyler,159,amber_riley,80
sanaa_lathan,109,elise_neal,80
fumi_desalu-vold,1,la_la_anthony,19
chandra_wilson,130,theresa_randle,765
regina_hall,7,eva_marcille,29
nicki_minaj,45,retta,47
s_epatha_merkerson,54,megalyn_echikunwoke,21
tatyana_ali,20,alfre_woodard,132
mo'nique,103,levona_lewis,60
regina_hall,36,gloria_reuben,53
audra_mcdonald,38,megalyn_echikunwoke,21
theresa_randle,765,wanda_sykes,1
tichina_arnold,10,tasha_smith,14
gabourey_sidibe,152,shauna_chin,4
whitney_houston,113,theresa_randle,765
monique_coleman,23,amanda_brugel,26
pam_grier,55,tichina_arnold,61
tasha_smith,20,theresa_randle,765
eva_marcille,29,amanda_brugel,43
amanda_brugel,43,retta,47
judith_shekoni,20,octavia_spencer,101
elise_neal,80,shauna_chin,21
tatyana_ali,49,kat_graham,108
shauna_chin,30,fumi_desalu-vold,4
lakisha_jones,26,amber_riley,102
shauna_chin,18,zoe_kravitz,64
meagan_good,65,kim_fields,19
mo'nique,80,nicki_minaj,36
shauna_chin,4,judith_shekoni,60
octavia_spencer,101,eva_marcille,11
monique_coleman,40,rihanna,330
nicki_minaj,36,retta,47
yvette_nicole_brown,15,veronica_webb,10
kat_graham,37,la_la_anthony,68
elise_neal,80,amber_riley,118
fumi_desalu-vold,10,meagan_good,27
amber_riley,91,gloria_reuben,48
sharon_leal,18,jordin_sparks,38
levona_lewis,60,monique_coleman,23
aisha_tyler,25,s_epatha_merkerson,54
theresa_randle,765,tichina_arnold,10
tatyana_ali,21,lupita_nyong'o,42
chandra_wilson,109,mo'nique,38
elise_neal,80,selita_ebanks,51
namaiya_cunningham,44,meagan_good,65
claudia_jordan,23,denyce_lawton,95
gabourey_sidibe,37,nicki_minaj,15
tatyana_ali,35,veronica_webb,10
meagan_good,65,tatyana_ali,21
gabourey_sidibe,152,denyce_lawton,58
imani_t_williams,26,gloria_reuben,19
elise_neal,80,pamella_d'pella,96
eva_marcille,45,tichina_arnold,38
namaiya_cunningham,21,denyce_lawton,58
shauna_chin,7,fumi_desalu-vold,4
theresa_randle,765,rihanna,109
amanda_brugel,7,imani_t_williams,59
nicki_minaj,45,wanda_sykes,59
tasha_smith,14,amber_riley,102
elise_neal,80,selita_ebanks,51
amanda_brugel,43,gloria_reuben,53
aisha_tyler,49,judith_shekoni,1
imani_t_williams,1,theresa_randle,765
sanaa_lathan,54,pamella_d'pella,99
judith_shekoni,20,levona_lewis,60
denyce_lawton,58,levona_lewis,60
judith_shekoni,1,namaiya_cunningham,44
christina_milian,81,rihanna,109
nicki_minaj,45,megalyn_echikunwoke,43
lupita_nyong'o,21,pamella_d'pella,96
jurnee_smollett-bell,46,levona_lewis,64
kat_graham,37,tatyana_ali,15
levona_lewis,60,nikki_storm,31
s_epatha_merkerson,28,sharon_leal,18
jurnee_smollett-bell,46,alfre_woodard,103
tasha_smith,24,elise_neal,80
gabourey_sidibe,152,selita_ebanks,52
s_epatha_merkerson,30,gloria_reuben,19
pam_grier,62,regina_hall,2
imani_t_williams,26,rutina_wesley,60
shauna_chin,53,pam_grier,62
shauna_chin,4,gloria_reuben,39
alfre_woodard,103,jaida-iman_benjamin,18
rutina_wesley,60,octavia_spencer,101
wanda_sykes,46,shauna_chin,18
veronica_webb,1,levona_lewis,60
denyce_lawton,2,la_la_anthony,33
mo'nique,103,thandie_newton,103
meagan_good,108,sanaa_lathan,20
meagan_good,65,selita_ebanks,29
kat_graham,108,nikki_storm,31
chandra_wilson,70,zoe_kravitz,83
retta,414,shauna_chin,21
jaida-iman_benjamin,77,elise_neal,80
tatyana_ali,21,aisha_tyler,92
fumi_desalu-vold,1,kat_graham,108
lupita_nyong'o,35,eva_marcille,11
kim_fields,51,lakisha_jones,26
shauna_chin,18,monique_coleman,23
retta,226,shauna_chin,7
rutina_wesley,60,jordin_sparks,97
aisha_tyler,92,gabourey_sidibe,129
trina_mcgee,20,thandie_newton,66
levona_lewis,64,mo'nique,25
audra_mcdonald,22,nicki_minaj,45
nikki_storm,15,gloria_reuben,2
elise_neal,80,thandie_newton,26
sharon_leal,89,elise_neal,80
gloria_reuben,48,lupita_nyong'o,35
shauna_chin,7,thandie_newton,51
thandie_newton,146,lupita_nyong'o,61
gloria_reuben,19,tatyana_ali,20
tatyana_ali,28,gloria_reuben,57
monique_coleman,48,judith_shekoni,1
rutina_wesley,60,audra_mcdonald,60
meagan_good,27,aisha_tyler,29
amanda_brugel,7,rutina_wesley,60
regina_hall,37,pam_grier,78
tatyana_ali,49,alfre_woodard,103
yvette_nicole_brown,41,thandie_newton,66
kat_graham,108,theresa_randle,765
sharon_leal,89,nicki_minaj,36
s_epatha_merkerson,30,levona_lewis,60
nicki_minaj,15,mo'nique,93
sharon_leal,89,alfre_woodard,103
nikki_storm,31,christina_milian,81
tichina_arnold,47,tasha_smith,24
regina_hall,2,christina_milian,81
lakisha_jones,26,theresa_randle,765
tasha_smith,20,judith_shekoni,20
retta,226,whitney_houston,107
nikki_storm,15,trina_mcgee,20
pamella_d'pella,99,monique_coleman,15
thandie_newton,166,tichina_arnold,47
denyce_lawton,95,octavia_spencer,46
sharon_leal,18,la_la_anthony,33
lakisha_jones,26,chandra_wilson,108
pamella_d'pella,76,veronica_webb,36
monique_coleman,48,chandra_wilson,109
theresa_randle,765,pamella_d'pella,96
judith_shekoni,20,jaida-iman_benjamin,77
amanda_brugel,26,rutina_wesley,60
s_epatha_merkerson,3,gloria_reuben,48
eva_marcille,25,thandie_newton,26
elise_neal,80,jaida-iman_benjamin,77
judith_shekoni,60,meagan_good,108
eva_marcille,14,jordin_sparks,97
tichina_arnold,38,zoe_kravitz,64
jordin_sparks,120,pam_grier,65
fumi_desalu-vold,1,claudia_jordan,47
christina_milian,81,shauna_chin,21
amanda_brugel,7,wanda_sykes,56
monique_coleman,15,audra_mcdonald,55
pamella_d'pella,52,amanda_brugel,26
zoe_kravitz,77,kat_graham,42
lupita_nyong'o,21,mo'nique,38
rihanna,109,veronica_webb,10
nicki_minaj,36,meagan_good,65
judith_shekoni,20,namaiya_cunningham,51
claudia_jordan,39,sharon_leal,14
mo'nique,25,chandra_wilson,18
claudia_jordan,23,veronica_webb,1
theresa_randle,765,jaida-iman_benjamin,77
lakisha_jones,26,regina_hall,50
tasha_smith,14,tamala_jones,14
amanda_brugel,26,trina_mcgee,20
kim_fields,19,pam_grier,62
gloria_reuben,19,levona_lewis,64
tasha_smith,20,sharon_leal,14
christina_milian,7,wanda_sykes,56
kim_fields,7,thandie_newton,166
zoe_kravitz,61,alfre_woodard,132
la_la_anthony,68,trina_mcgee,20
gabourey_sidibe,37,trina_mcgee,20
alfre_woodard,103,audra_mcdonald,38
veronica_webb,36,lakisha_jones,26
pamella_d'pella,76,chandra_wilson,109
amber_riley,80,lupita_nyong'o,82
jurnee_smollett-bell,51,rutina_wesley,39
gabourey_sidibe,129,meagan_good,27
lakisha_jones,26,la_la_anthony,55
christina_milian,7,sharon_leal,89
megalyn_echikunwoke,21,pamella_d'pella,15
octavia_spencer,101,mo'nique,80
audra_mcdonald,22,nicki_minaj,45
aisha_tyler,61,selita_ebanks,26
rutina_wesley,39,yvette_nicole_brown,122
eva_marcille,45,theresa_randle,765
alfre_woodard,154,nikki_storm,15
rutina_wesley,39,mo'nique,25
rihanna,170,imani_t_williams,1
audra_mcdonald,27,theresa_randle,765
retta,47,lakisha_jones,26
amanda_brugel,26,retta,47
sharon_leal,14,amber_riley,118
zoe_kravitz,50,shauna_chin,21
nikki_storm,57,levona_lewis,64
lupita_nyong'o,122,elise_neal,80
jordin_sparks,8,pamella_d'pella,96
meagan_good,27,christina_milian,7
megalyn_echikunwoke,43,trina_mcgee,20
tatyana_ali,21,amanda_brugel,7
lupita_nyong'o,42,rihanna,109
mo'nique,80,kim_fields,7
eva_marcille,11,claudia_jordan,32
mo'nique,103,amber_riley,80
pamella_d'pella,15,chandra_wilson,130
tatyana_ali,21,denyce_lawton,95
yvette_nicole_brown,44,rutina_wesley,39
amber_riley,102,fumi_desalu-vold,4
rihanna,330,zoe_kravitz,83
tatyana_ali,13,denyce_lawton,58
trina_mcgee,20,elise_neal,80
trina_mcgee,20,jurnee_smollett-bell,51
mo'nique,103,regina_hall,50
tamala_jones,16,rutina_wesley,39
rihanna,330,tasha_smith,24
christina_milian,81,retta,414
amber_riley,102,jurnee_smollett-bell,3
lakisha_jones,26,eva_marcille,11
elise_neal,80,theresa_randle,765
trina_mcgee,20,mo'nique,93
claudia_jordan,47,meagan_good,65
tichina_arnold,10,christina_milian,81
jordin_sparks,120,thandie_newton,166
amanda_brugel,43,pamella_d'pella,15
tamala_jones,67,s_epatha_merkerson,3
jordin_sparks,155,amanda_brugel,7
judith_shekoni,60,mo'nique,38
jordin_sparks,107,judith_shekoni,1
wanda_sykes,1,meagan_good,108
shauna_chin,53,veronica_webb,22
whitney_houston,33,octavia_spencer,94
wanda_sykes,59,denyce_lawton,58
jordin_sparks,120,la_la_anthony,33
rutina_wesley,39,regina_hall,50
whitney_houston,113,lakisha_jones,26
nikki_storm,15,jordin_sparks,97
chandra_wilson,18,kat_graham,36
jurnee_smollett-bell,46,s_epatha_merkerson,54
zoe_kravitz,77,selita_ebanks,56
fumi_desalu-vold,1,kim_fields,37
namaiya_cunningham,44,meagan_good,108
chandra_wilson,70,rutina_wesley,39
amanda_brugel,26,christina_milian,81
nikki_storm,57,denyce_lawton,58
claudia_jordan,23,nicki_minaj,45
tasha_smith,24,lupita_nyong'o,42
rihanna,170,aisha_tyler,128
denyce_lawton,58,rutina_wesley,60
chandra_wilson,108,claudia_jordan,29
denyce_lawton,95,tichina_arnold,61
mo'nique,25,aisha_tyler,61
rutina_wesley,39,pam_grier,65
veronica_webb,43,meagan_good,108
sanaa_lathan,116,trina_mcgee,20
selita_ebanks,14,amanda_brugel,26
levona_lewis,60,lupita_nyong'o,61
thandie_newton,166,nikki_storm,57
jurnee_smollett-bell,41,amanda_brugel,7
levona_lewis,64,wanda_sykes,5
gloria_reuben,19,chandra_wilson,70
elise_neal,80,judith_shekoni,1
la_la_anthony,31,elise_neal,80
whitney_houston,33,amanda_brugel,43
kim_fields,37,thandie_newton,103
lupita_nyong'o,61,audra_mcdonald,27
christina_milian,7,levona_lewis,64
tichina_arnold,10,elise_neal,80
tatyana_ali,35,imani_t_williams,1
tichina_arnold,38,chandra_wilson,130
claudia_jordan,23,octavia_spencer,94
megalyn_echikunwoke,8,alfre_woodard,132
whitney_houston,33,s_epatha_merkerson,30
sharon_leal,14,elise_neal,80
denyce_lawton,2,tatyana_ali,13
rutina_wesley,39,chandra_wilson,109
judith_shekoni,60,jordin_sparks,58
tatyana_ali,28,christina_milian,7
judith_shekoni,1,zoe_kravitz,83
trina_mcgee,20,nikki_storm,31
tamala_jones,43,veronica_webb,36
whitney_houston,113,nicki_minaj,45
elise_neal,80,tamala_jones,14
theresa_randle,765,elise_neal,80
mo'nique,25,pam_grier,62
chandra_wilson,108,gloria_reuben,57
chandra_wilson,8,octavia_spencer,101
aisha_tyler,128,amanda_brugel,7
zoe_kravitz,61,kat_graham,108
lakisha_jones,26,namaiya_cunningham,21
shauna_chin,18,la_la_anthony,55
nicki_minaj,36,monique_coleman,40
zoe_kravitz,77,denyce_lawton,13
tichina_arnold,47,tamala_jones,34
gabourey_sidibe,152,thandie_newton,166
sanaa_lathan,109,elise_neal,80
jurnee_smollett-bell,41,thandie_newton,31
sanaa_lathan,54,kim_fields,37
claudia_jordan,29,audra_mcdonald,55
shauna_chin,53,regina_hall,7
regina_hall,36,alfre_woodard,94
jaida-iman_benjamin,77,jordin_sparks,107
imani_t_williams,59,regina_hall,50
fumi_desalu-vold,4,octavia_spencer,46
aisha_tyler,159,jordin_sparks,120
nicki_minaj,36,mo'nique,80
tasha_smith,24,amanda_brugel,7
pamella_d'pella,76,nikki_storm,31
tasha_smith,24,tamala_jones,67
chandra_wilson,130,tatyana_ali,20
amber_riley,118,sanaa_lathan,109
gloria_reuben,21,audra_mcdonald,60
lupita_nyong'o,42,regina_hall,24
christina_milian,7,levona_lewis,64
denyce_lawton,2,christina_milian,81
whitney_houston,113,jurnee_smollett-bell,3
jordin_sparks,97,trina_mcgee,20
aisha_tyler,29,sanaa_lathan,20
veronica_webb,1,lupita_nyong'o,42
jurnee_smollett-bell,41,lakisha_jones,26
kat_graham,108,lakisha_jones,26
judith_shekoni,1,gloria_reuben,17
rutina_wesley,60,trina_mcgee,20
veronica_webb,22,claudia_jordan,5
imani_t_williams,1,wanda_sykes,31
trina_mcgee,20,rihanna,170
s_epatha_merkerson,54,mo'nique,23
chandra_wilson,8,alfre_woodard,154
gloria_reuben,27,trina_mcgee,20
jurnee_smollett-bell,51,kat_graham,108
levona_lewis,64,thandie_newton,166
regina_hall,37,tasha_smith,24
audra_mcdonald,55,tatyana_ali,15
whitney_houston,113,nicki_minaj,36
amber_riley,91,tasha_smith,14
levona_lewis,60,retta,226
rutina_wesley,39,jordin_sparks,131
mo'nique,93,imani_t_williams,1
nikki_storm,57,jurnee_smollett-bell,3
gloria_reuben,19,claudia_jordan,5
fumi_desalu-vold,10,imani_t_williams,26
jordin_sparks,8,regina_hall,46
aisha_tyler,159,jurnee_smollett-bell,41
shauna_chin,18,claudia_jordan,39
thandie_newton,31,pam_grier,78
regina_hall,32,namaiya_cunningham,44
nicki_minaj,36,tatyana_ali,28
aisha_tyler,25,namaiya_cunningham,21
meagan_good,65,lupita_nyong'o,42
meagan_good,27,aisha_tyler,159
lupita_nyong'o,35,tasha_smith,14
yvette_nicole_brown,41,regina_hall,5
zoe_kravitz,103,fumi_desalu-vold,10
pamella_d'pella,15,denyce_lawton,95
whitney_houston,113,gloria_reuben,48
zoe_kravitz,61,pamella_d'pella,96
regina_hall,32,trina_mcgee,20
denyce_lawton,34,mo'nique,103
trina_mcgee,20,gloria_reuben,21
yvette_nicole_brown,45,aisha_tyler,92
selita_ebanks,56,rihanna,170
sharon_leal,14,theresa_randle,765
meagan_good,65,sharon_leal,14
judith_shekoni,20,pamella_d'pella,52
christina_milian,7,fumi_desalu-vold,4
selita_ebanks,29,jordin_sparks,107
pam_grier,65,veronica_webb,43
regina_hall,5,chandra_wilson,109
sharon_leal,18,kat_graham,42
christina_milian,81,elise_neal,80
claudia_jordan,47,alfre_woodard,113
thandie_newton,66,jaida-iman_benjamin,18
nicki_minaj,45,theresa_randle,765
kat_graham,37,regina_hall,37
jordin_sparks,155,sanaa_lathan,49
chandra_wilson,108,tamala_jones,59
rihanna,173,lakisha_jones,26
retta,47,jordin_sparks,27
s_epatha_merkerson,54,jaida-iman_benjamin,18
christina_milian,81,gloria_reuben,21
tamala_jones,59,meagan_good,108
nikki_storm,31,fumi_desalu-vold,4
namaiya_cunningham,51,mo'nique,80
nicki_minaj,36,nikki_storm,57
gloria_reuben,57,levona_lewis,64
audra_mcdonald,38,gloria_reuben,17
nikki_storm,57,jordin_sparks,27
rihanna,170,lakisha_jones,26
regina_hall,50,selita_ebanks,51
fumi_desalu-vold,4,mo'nique,25
gabourey_sidibe,37,rutina_wesley,60
yvette_nicole_brown,20,meagan_good,65
zoe_kravitz,50,alfre_woodard,94
audra_mcdonald,27,chandra_wilson,109
christina_milian,81,la_la_anthony,55
aisha_tyler,61,kat_graham,37
thandie_newton,66,gabourey_sidibe,129
nikki_storm,15,s_epatha_merkerson,3
jordin_sparks,8,rihanna,109
aisha_tyler,128,zoe_kravitz,50
veronica_webb,22,lupita_nyong'o,61
tasha_smith,14,rutina_wesley,60
whitney_houston,113,sanaa_lathan,49
la_la_anthony,19,nicki_minaj,45
sharon_leal,18,alfre_woodard,113
s_epatha_merkerson,54,retta,226
sharon_leal,18,imani_t_williams,26
fumi_desalu-vold,10,amanda_brugel,43
meagan_good,27,claudia_jordan,47
fumi_desalu-vold,1,theresa_randle,765
fumi_desalu-vold,4,mo'nique,25
shauna_chin,4,fumi_desalu-vold,4
octavia_spencer,94,veronica_webb,43
retta,47,monique_coleman,40
levona_lewis,64,s_epatha_merkerson,3
sharon_leal,89,yvette_nicole_brown,55
levona_lewis,64,shauna_chin,30
gabourey_sidibe,152,eva_marcille,29
aisha_tyler,29,claudia_jordan,39
la_la_anthony,58,kat_graham,36
whitney_houston,113,namaiya_cunningham,44
gloria_reuben,19,sanaa_lathan,116
aisha_tyler,128,wanda_sykes,56
la_la_anthony,55,megalyn_echikunwoke,32
tamala_jones,60,pamella_d'pella,15
amanda_brugel,43,theresa_randle,765
shauna_chin,21,rutina_wesley,39
lakisha_jones,26,octavia_spencer,94
zoe_kravitz,83,whitney_houston,107
whitney_houston,113,gloria_reuben,21
yvette_nicole_brown,45,megalyn_echikunwoke,8
nikki_storm,15,amber_riley,118
gabourey_sidibe,152,elise_neal,80
whitney_houston,113,nikki_storm,31
veronica_webb,22,theresa_randle,765
veronica_webb,22,zoe_kravitz,103
la_la_anthony,33,pam_grier,78
lupita_nyong'o,42,s_epatha_merkerson,30
monique_coleman,15,thandie_newton,51
lakisha_jones,26,whitney_houston,107
yvette_nicole_brown,45,monique_coleman,40
selita_ebanks,26,amanda_brugel,26
alfre_woodard,105,tichina_arnold,38
monique_coleman,23,nikki_storm,57
selita_ebanks,51,aisha_tyler,128
kim_fields,37,imani_t_williams,26
alfre_woodard,113,jaida-iman_benjamin,77
judith_shekoni,1,regina_hall,46
pam_grier,65,aisha_tyler,49
pamella_d'pella,52,gloria_reuben,57
levona_lewis,60,meagan_good,27
tatyana_ali,15,rutina_wesley,39
megalyn_echikunwoke,21,rutina_wesley,60
thandie_newton,26,pam_grier,65
veronica_webb,1,tichina_arnold,61
imani_t_williams,1,namaiya_cunningham,12
veronica_webb,1,judith_shekoni,20
aisha_tyler,128,tatyana_ali,21
fumi_desalu-vold,10,veronica_webb,22
whitney_houston,107,alfre_woodard,94
amanda_brugel,43,veronica_webb,10
megalyn_echikunwoke,32,levona_lewis,60
zoe_kravitz,77,pamella_d'pella,99
mo'nique,25,gloria_reuben,27
meagan_good,65,namaiya_cunningham,44
judith_shekoni,20,tamala_jones,60
thandie_newton,31,amanda_brugel,7
yvette_nicole_brown,82,denyce_lawton,13
wanda_sykes,56,trina_mcgee,20
jordin_sparks,107,claudia_jordan,32
elise_neal,80,trina_mcgee,20
wanda_sykes,1,audra_mcdonald,22
alfre_woodard,154,fumi_desalu-vold,4
mo'nique,80,amanda_brugel,43
claudia_jordan,47,shauna_chin,30
kim_fields,51,claudia_jordan,23
pam_grier,78,jordin_sparks,131
retta,226,sanaa_lathan,54
pam_grier,62,gabourey_sidibe,37
mo'nique,38,chandra_wilson,70
gloria_reuben,53,kim_fields,37
judith_shekoni,20,tasha_smith,24
rihanna,173,gloria_reuben,2
veronica_webb,10,lakisha_jones,26
amanda_brugel,26,fumi_desalu-vold,1
tatyana_ali,49,meagan_good,65
mo'nique,80,theresa_randle,765
nicki_minaj,45,chandra_wilson,130
pamella_d'pella,15,shauna_chin,7
rutina_wesley,39,fumi_desalu-vold,10
meagan_good,27,christina_milian,7
denyce_lawton,58,gabourey_sidibe,152
jordin_sparks,155,levona_lewis,64
shauna_chin,36,christina_milian,7
jaida-iman_benjamin,77,nikki_storm,57
monique_coleman,40,aisha_tyler,25
nikki_storm,15,rihanna,109
sanaa_lathan,116,veronica_webb,22
claudia_jordan,47,alfre_woodard,113
judith_shekoni,20,amanda_brugel,7
namaiya_cunningham,21,pam_grier,65
monique_coleman,40,pam_grier,62
veronica_webb,10,aisha_tyler,61
pam_grier,65,whitney_houston,107
gloria_reuben,39,mo'nique,103
jurnee_smollett-bell,3,tamala_jones,50
jordin_sparks,38,s_epatha_merkerson,54
fumi_desalu-vold,1,octavia_spencer,101
aisha_tyler,29,gabourey_sidibe,152
regina_hall,50,zoe_kravitz,61
trina_mcgee,20,sharon_leal,18
jaida-iman_benjamin,18,thandie_newton,66
nikki_storm,57,thandie_newton,51
thandie_newton,103,s_epatha_merkerson,30
jordin_sparks,8,judith_shekoni,60
regina_hall,36,sharon_leal,89
rihanna,109,gloria_reuben,21
fumi_desalu-vold,1,sanaa_lathan,118
sanaa_lathan,116,levona_lewis,60
yvette_nicole_brown,55,tasha_smith,14
mo'nique,93,s_epatha_merkerson,3
claudia_jordan,23,thandie_newton,31
gloria_reuben,2,whitney_houston,33
rutina_wesley,60,sharon_leal,18
gabourey_sidibe,37,imani_t_williams,59
wanda_sykes,5,eva_marcille,25
yvette_nicole_brown,55,meagan_good,65
aisha_tyler,25,jaida-iman_benjamin,77
rutina_wesley,39,selita_ebanks,52
judith_shekoni,1,veronica_webb,10
shauna_chin,7,namaiya_cunningham,21
alfre_woodard,103,claudia_jordan,47
sanaa_lathan,109,rutina_wesley,39
chandra_wilson,70,regina_hall,2
alfre_woodard,103,jurnee_smollett-bell,41
chandra_wilson,109,sharon_leal,14
tamala_jones,60,amanda_brugel,43
denyce_lawton,2,veronica_webb,22
pam_grier,55,zoe_kravitz,103
amanda_brugel,7,retta,47
lakisha_jones,26,kat_graham,108
gloria_reuben,39,pam_grier,78
theresa_randle,765,wanda_sykes,56
monique_coleman,48,gloria_reuben,57
thandie_newton,51,elise_neal,80
sanaa_lathan,109,shauna_chin,7
pam_grier,55,whitney_houston,107
yvette_nicole_brown,88,chandra_wilson,18
nikki_storm,57,elise_neal,80
theresa_randle,765,octavia_spencer,94
judith_shekoni,1,yvette_nicole_brown,96
lakisha_jones,26,zoe_kravitz,83
la_la_anthony,68,fumi_desalu-vold,4
levona_lewis,64,selita_ebanks,56
tichina_arnold,10,pam_grier,65
la_la_anthony,17,rihanna,170
amber_riley,80,octavia_spencer,101
mo'nique,103,tatyana_ali,35
yvette_nicole_brown,45,kat_graham,108
lupita_nyong'o,122,christina_milian,81
aisha_tyler,61,wanda_sykes,56
regina_hall,5,jurnee_smollett-bell,46
thandie_newton,103,alfre_woodard,132
denyce_lawton,34,selita_ebanks,51
megalyn_echikunwoke,8,tasha_smith,14
jaida-iman_benjamin,18,la_la_anthony,33
yvette_nicole_brown,96,megalyn_echikunwoke,8
lakisha_jones,26,trina_mcgee,20
levona_lewis,64,zoe_kravitz,83
octavia_spencer,46,audra_mcdonald,55
theresa_randle,765,tasha_smith,24
elise_neal,80,monique_coleman,40
kat_graham,108,monique_coleman,45
nikki_storm,31,judith_shekoni,60
zoe_kravitz,64,fumi_desalu-vold,4
tasha_smith,14,claudia_jordan,5
octavia_spencer,46,monique_coleman,40
thandie_newton,166,rihanna,170
nicki_minaj,36,rutina_wesley,39
alfre_woodard,94,nikki_storm,57
jurnee_smollett-bell,46,zoe_kravitz,64
rutina_wesley,60,jurnee_smollett-bell,51
tamala_jones,60,thandie_newton,66
jordin_sparks,27,tatyana_ali,41
mo'nique,25,denyce_lawton,95
la_la_anthony,33,trina_mcgee,20
claudia_jordan,23,elise_neal,80
rihanna,173,imani_t_williams,1
eva_marcille,29,tichina_arnold,61
monique_coleman,48,jordin_sparks,8
lupita_nyong'o,21,kat_graham,37
tichina_arnold,61,elise_neal,80
shauna_chin,21,nicki_minaj,36
gabourey_sidibe,37,veronica_webb,22
wanda_sykes,1,levona_lewis,60
judith_shekoni,20,christina_milian,7
amber_riley,102,la_la_anthony,31
la_la_anthony,19,regina_hall,32
lakisha_jones,26,s_epatha_merkerson,30
mo'nique,25,veronica_webb,1
mo'nique,103,regina_hall,24
gloria_reuben,53,levona_lewis,64
megalyn_echikunwoke,2,octavia_spencer,101
wanda_sykes,56,trina_mcgee,20
theresa_randle,765,aisha_tyler,29
alfre_woodard,113,octavia_spencer,101
amber_riley,91,jurnee_smollett-bell,3
nicki_minaj,36,chandra_wilson,70
shauna_chin,30,nicki_minaj,36
tichina_arnold,10,eva_marcille,45
namaiya_cunningham,21,rihanna,170
meagan_good,65,regina_hall,2
tichina_arnold,38,s_epatha_merkerson,3
sharon_leal,18,shauna_chin,4
pam_grier,65,retta,414
shauna_chin,4,alfre_woodard,94
levona_lewis,60,trina_mcgee,20
chandra_wilson,70,christina_milian,7
fumi_desalu-vold,1,amanda_brugel,26
jurnee_smollett-bell,3,amber_riley,91
shauna_chin,7,tatyana_ali,21
retta,47,mo'nique,80
rihanna,170,amanda_brugel,7
sharon_leal,89,jaida-iman_benjamin,77
pam_grier,55,eva_marcille,45
pamella_d'pella,52,s_epatha_merkerson,30
jurnee_smollett-bell,51,monique_coleman,15
theresa_randle,765,megalyn_echikunwoke,21
meagan_good,108,jaida-iman_benjamin,77
whitney_houston,33,veronica_webb,1
pamella_d'pella,76,imani_t_williams,59
tamala_jones,34,chandra_wilson,70
fumi_desalu-vold,4,thandie_newton,66
jurnee_smollett-bell,46,nicki_minaj,15
tatyana_ali,41,wanda_sykes,31
judith_shekoni,1,yvette_nicole_brown,45
namaiya_cunningham,51,selita_ebanks,29
tichina_arnold,38,shauna_chin,53
nikki_storm,31,rutina_wesley,60
jaida-iman_benjamin,77,monique_coleman,48
chandra_wilson,130,shauna_chin,30
nicki_minaj,36,monique_coleman,40
s_epatha_merkerson,28,retta,226
lupita_nyong'o,61,pam_grier,55
kat_graham,108,jordin_sparks,58
trina_mcgee,20,retta,47
chandra_wilson,70,veronica_webb,22
veronica_webb,36,mo'nique,38
selita_ebanks,29,elise_neal,80
aisha_tyler,128,elise_neal,80
yvette_nicole_brown,96,regina_hall,37
judith_shekoni,60,tichina_arnold,61
lupita_nyong'o,122,megalyn_echikunwoke,48
pam_grier,55,audra_mcdonald,60
pamella_d'pella,52,fumi_desalu-vold,10
trina_mcgee,20,elise_neal,80
judith_shekoni,60,lupita_nyong'o,61
denyce_lawton,2,fumi_desalu-vold,1
namaiya_cunningham,21,gloria_reuben,53
tasha_smith,20,regina_hall,2
lupita_nyong'o,122,shauna_chin,4
gloria_reuben,48,octavia_spencer,94
kat_graham,42,tasha_smith,20
octavia_spencer,46,jaida-iman_benjamin,77
trina_mcgee,20,la_la_anthony,55
lupita_nyong'o,42,shauna_chin,36
tichina_arnold,61,monique_coleman,40
wanda_sykes,46,veronica_webb,43
lupita_nyong'o,122,regina_hall,2
amber_riley,102,lakisha_jones,26
yvette_nicole_brown,41,thandie_newton,66
sanaa_lathan,118,thandie_newton,146
mo'nique,103,jordin_sparks,97
rutina_wesley,39,jordin_sparks,120
imani_t_williams,26,eva_marcille,11
levona_lewis,60,megalyn_echikunwoke,8
mo'nique,25,lakisha_jones,26
veronica_webb,10,jordin_sparks,8
amber_riley,91,jurnee_smollett-bell,3
shauna_chin,21,octavia_spencer,94
jordin_sparks,27,namaiya_cunningham,29
denyce_lawton,13,amber_riley,102
chandra_wilson,109,sanaa_lathan,49
retta,226,pam_grier,55
veronica_webb,36,la_la_anthony,31
sanaa_lathan,54,christina_milian,7
kim_fields,37,yvette_nicole_brown,15
pamella_d'pella,76,chandra_wilson,18
fumi_desalu-vold,1,whitney_houston,113
retta,226,octavia_spencer,94
megalyn_echikunwoke,6,tasha_smith,14
yvette_nicole_brown,99,nikki_storm,57
tamala_jones,14,tasha_smith,20
denyce_lawton,13,gloria_reuben,57
christina_milian,81,aisha_tyler,25
thandie_newton,103,veronica_webb,43
audra_mcdonald,44,thandie_newton,26
amanda_brugel,7,levona_lewis,60
rutina_wesley,60,chandra_wilson,70
namaiya_cunningham,29,whitney_houston,113
whitney_houston,107,tichina_arnold,47
s_epatha_merkerson,3,rutina_wesley,60
yvette_nicole_brown,82,denyce_lawton,2
tasha_smith,20,fumi_desalu-vold,10
s_epatha_merkerson,3,mo'nique,23
veronica_webb,10,jurnee_smollett-bell,46
octavia_spencer,46,wanda_sykes,1
kat_graham,36,zoe_kravitz,103
nicki_minaj,45,tatyana_ali,35
claudia_jordan,1,imani_t_williams,26
audra_mcdonald,55,aisha_tyler,44
denyce_lawton,58,christina_milian,81
jurnee_smollett-bell,41,la_la_anthony,68
namaiya_cunningham,29,claudia_jordan,29
jaida-iman_benjamin,18,whitney_houston,33
jurnee_smollett-bell,3,jaida-iman_benjamin,18
monique_coleman,23,jurnee_smollett-bell,3
fumi_desalu-vold,4,megalyn_echikunwoke,21
lakisha_jones,26,meagan_good,27
imani_t_williams,26,gabourey_sidibe,37
megalyn_echikunwoke,8,lakisha_jones,26
megalyn_echikunwoke,6,theresa_randle,765
namaiya_cunningham,29,kim_fields,37
elise_neal,80,megalyn_echikunwoke,6
amber_riley,91,shauna_chin,21
sanaa_lathan,20,nicki_minaj,15
namaiya_cunningham,29,tatyana_ali,15
aisha_tyler,128,lakisha_jones,26
amanda_brugel,43,mo'nique,23
kim_fields,7,namaiya_cunningham,12
fumi_desalu-vold,10,chandra_wilson,109
chandra_wilson,108,yvette_nicole_brown,82
zoe_kravitz,83,tamala_jones,43
veronica_webb,10,fumi_desalu-vold,4
veronica_webb,10,trina_mcgee,20
theresa_randle,765,tamala_jones,14
sanaa_lathan,109,zoe_kravitz,64
pam_grier,65,jurnee_smollett-bell,3
zoe_kravitz,64,megalyn_echikunwoke,21
wanda_sykes,46,amber_riley,102
gabourey_sidibe,37,elise_neal,80
amanda_brugel,26,elise_neal,80
meagan_good,65,shauna_chin,21
thandie_newton,166,pam_grier,65
sanaa_lathan,109,shauna_chin,36
claudia_jordan,1,retta,47
tatyana_ali,28,amanda_brugel,7
yvette_nicole_brown,99,tichina_arnold,10
kim_fields,37,tasha_smith,24
octavia_spencer,94,amanda_brugel,7
amber_riley,91,rutina_wesley,39
jurnee_smollett-bell,46,meagan_good,108
jaida-iman_benjamin,77,imani_t_williams,1
theresa_randle,765,jaida-iman_benjamin,77
nicki_minaj,36,tasha_smith,24
kat_graham,108,gabourey_sidibe,37
aisha_tyler,61,retta,47
meagan_good,65,tichina_arnold,38
monique_coleman,23,amanda_brugel,7
trina_mcgee,20,namaiya_cunningham,29
monique_coleman,15,amber_riley,91
la_la_anthony,58,tasha_smith,24
eva_marcille,14,regina_hall,24
sanaa_lathan,118,wanda_sykes,1
monique_coleman,48,selita_ebanks,52
lupita_nyong'o,21,pam_grier,78
lupita_nyong'o,61,rutina_wesley,60
amanda_brugel,43,lakisha_jones,26
nikki_storm,15,thandie_newton,146
tichina_arnold,38,retta,47
theresa_randle,765,tamala_jones,14
shauna_chin,36,lakisha_jones,26
wanda_sykes,1,rihanna,330
rutina_wesley,39,tichina_arnold,38
tasha_smith,14,selita_ebanks,62
rihanna,330,gloria_reuben,27
selita_ebanks,12,nikki_storm,57
rutina_wesley,60,tasha_smith,24
kat_graham,108,amanda_brugel,26
tasha_smith,24,veronica_webb,22
zoe_kravitz,61,lakisha_jones,26
retta,226,gabourey_sidibe,152
alfre_woodard,113,sharon_leal,18
zoe_kravitz,50,levona_lewis,64
meagan_good,27,fumi_desalu-vold,4
pamella_d'pella,76,selita_ebanks,56
elise_neal,80,selita_ebanks,62
claudia_jordan,39,rihanna,170
megalyn_echikunwoke,48,alfre_woodard,103
whitney_houston,113,sanaa_lathan,116
trina_mcgee,20,thandie_newton,26
regina_hall,50,mo'nique,23
thandie_newton,26,claudia_jordan,32
trina_mcgee,20,imani_t_williams,1
rihanna,109,selita_ebanks,51
yvette_nicole_brown,15,retta,414
audra_mcdonald,44,selita_ebanks,12
amber_riley,91,zoe_kravitz,61
nikki_storm,31,tamala_jones,34
pam_grier,65,alfre_woodard,154
sharon_leal,89,tamala_jones,67
namaiya_cunningham,44,wanda_sykes,46
trina_mcgee,20,amber_riley,102
sharon_leal,18,rihanna,170
tamala_jones,34,lupita_nyong'o,21
christina_milian,81,retta,226
selita_ebanks,56,tichina_arnold,47
mo'nique,80,alfre_woodard,113
gabourey_sidibe,129,sanaa_lathan,109
lupita_nyong'o,82,tamala_jones,16
rihanna,170,wanda_sykes,5
amanda_brugel,7,lakisha_jones,26
levona_lewis,60,meagan_good,108
whitney_houston,113,retta,414
namaiya_cunningham,29,veronica_webb,43
trina_mcgee,20,sharon_leal,18
amanda_brugel,26,amber_riley,102
christina_milian,81,mo'nique,103
judith_shekoni,60,veronica_webb,43
megalyn_echikunwoke,21,sanaa_lathan,54
levona_lewis,60,pamella_d'pella,99
denyce_lawton,2,tatyana_ali,49
tatyana_ali,28,nikki_storm,57
monique_coleman,45,jurnee_smollett-bell,47
rutina_wesley,60,jaida-iman_benjamin,77
selita_ebanks,51,regina_hall,24
pamella_d'pella,76,jaida-iman_benjamin,77
rutina_wesley,60,rihanna,109
fumi_desalu-vold,1,lakisha_jones,26
whitney_houston,113,chandra_wilson,18
amber_riley,118,tamala_jones,50
steve_mcqueen,14,corbin_bleu,744
wyclef_jean,81,corbin_bleu,568
snoop_dogg,83,dwayne_boyd,54
larry_flash_jenkins,37,andre_braugher,85
anthony_anderson,98,larry_flash_jenkins,46
fabrice_eboue,940,andre_braugher,85
shemar_moore,63,david_alan_grier,105
tyler_perry,53,rico_e_anderson,41
patrick_j_nicolas,40,donald_glover,80
andre_gordon,20,david_alan_grier,66
wyclef_jean,68,marlon_wayans,42
corbin_bleu,568,donald_glover,114
dwayne_boyd,54,michael_wayne_thomas,12
todd_bridges,10,kyle_massey,12
david_alan_grier,20,kyle_massey,25
tracy_morgan,54,xzibit,11
50_cent,73,larry_flash_jenkins,42
todd_bridges,9,rico_e_anderson,41
orlando_jones,380,tyler_perry,103
tyler_perry,79,cedric_the_entertainer,25
fabrice_eboue,905,anthony_anderson,67
mos_def,31,fabrice_eboue,940
fabrice_eboue,922,randy_jackson,168
anthony_anderson,33,patrick_j_nicolas,15
andre_braugher,31,david_gyasi,33
andre_gordon,20,michael_ealy,87
romany_malco,77,rico_e_anderson,41
snoop_dogg,158,donald_glover,102
dwayne_boyd,55,chi_mcbride,19
tracy_morgan,190,50_cent,73
orlando_jones,380,aldis_hodge,25
kyle_massey,24,michael_ealy,48
andre_gordon,20,anthony_anderson,17
david_gyasi,45,wyclef_jean,58
dwayne_boyd,32,randy_jackson,119
corbin_bleu,568,50_cent,73
anthony_anderson,55,xzibit,12
snoop_dogg,83,corbin_bleu,568
larry_flash_jenkins,46,rico_e_anderson,41
fabrice_eboue,903,mos_def,11
cedric_the_entertainer,25,orlando_jones,380
dwayne_boyd,59,mos_def,31
shemar_moore,15,andre_gordon,20
michael_wayne_thomas,29,david_oyelowo,9
mos_def,31,patrick_j_nicolas,15
snoop_dogg,56,david_oyelowo,9
corbin_bleu,744,kyle_massey,51
marlon_wayans,63,romany_malco,20
larry_flash_jenkins,21,michael_wayne_thomas,29
cedric_the_entertainer,5,todd_bridges,15
kyle_massey,25,michael_ealy,165
andre_gordon,20,patrick_j_nicolas,40
andre_gordon,20,snoop_dogg,83
anthony_anderson,33,andre_gordon,20
chi_mcbride,10,shemar_moore,26
david_alan_grier,50,anthony_anderson,67
cedric_the_entertainer,5,donald_glover,80
david_oyelowo,247,michael_wayne_thomas,12
wyclef_jean,68,patrick_j_nicolas,11
romany_malco,6,xzibit,12
patrick_j_nicolas,15,steve_mcqueen,6
patrick_j_nicolas,11,michael_ealy,87
fabrice_eboue,954,dwayne_boyd,55
rico_e_anderson,41,50_cent,73
patrick_j_nicolas,15,anthony_anderson,33
orlando_jones,380,corbin_bleu,568
rico_e_anderson,41,tyler_perry,94
andre_gordon,20,patrick_j_nicolas,15
donald_glover,10,david_oyelowo,247
corbin_bleu,744,chi_mcbride,10
michael_ealy,48,xzibit,11
corbin_bleu,568,michael_wayne_thomas,12
fabrice_eboue,941,xzibit,12
shemar_moore,63,dwayne_boyd,27
michael_wayne_thomas,29,david_oyelowo,186
david_gyasi,13,50_cent,25
aldis_hodge,31,chi_mcbride,19
andre_braugher,1,david_gyasi,42
mos_def,38,steve_mcqueen,100
xzibit,11,shemar_moore,26
mos_def,41,anthony_anderson,55
david_gyasi,33,tracy_morgan,190
corbin_bleu,744,larry_flash_jenkins,46
orlando_jones,380,chi_mcbride,19
michael_ealy,155,corbin_bleu,568
david_gyasi,13,corbin_bleu,568
chi_mcbride,10,dwayne_boyd,60
orlando_jones,380,david_alan_grier,20
randy_jackson,168,shemar_moore,20
larry_flash_jenkins,37,michael_wayne_thomas,50
marlon_wayans,63,50_cent,25
marlon_wayans,63,shemar_moore,51
tyler_perry,103,cedric_the_entertainer,5
david_oyelowo,9,50_cent,55
larry_flash_jenkins,37,marlon_wayans,63
steve_mcqueen,4,todd_bridges,43
tyler_perry,44,romany_malco,55
david_alan_grier,105,dwayne_boyd,60
wyclef_jean,68,steve_mcqueen,97
mos_def,38,andre_gordon,20
wyclef_jean,51,david_alan_grier,20
todd_bridges,10,patrick_j_nicolas,15
andre_gordon,20,aldis_hodge,21
andre_braugher,1,rico_e_anderson,41
wyclef_jean,58,david_gyasi,45
david_alan_grier,50,randy_jackson,119
steve_mcqueen,36,randy_jackson,116
steve_mcqueen,14,fabrice_eboue,960
steve_mcqueen,100,kyle_massey,24
donald_glover,122,kyle_massey,51
chi_mcbride,10,david_oyelowo,186
dwayne_boyd,59,david_oyelowo,247
steve_mcqueen,97,aldis_hodge,4
michael_ealy,87,donald_glover,106
tracy_morgan,13,kyle_massey,46
rico_e_anderson,41,larry_flash_jenkins,21
steve_mcqueen,6,donald_glover,95
orlando_jones,380,larry_flash_jenkins,46
andre_gordon,20,randy_jackson,161
50_cent,67,wyclef_jean,58
50_cent,73,mos_def,31
shemar_moore,26,dwayne_boyd,59
romany_malco,58,xzibit,12
snoop_dogg,56,david_alan_grier,38
50_cent,73,orlando_jones,380
anthony_anderson,55,marlon_wayans,66
randy_jackson,119,michael_ealy,86
rico_e_anderson,41,patrick_j_nicolas,11
dwayne_boyd,54,andre_braugher,66
anthony_anderson,17,randy_jackson,116
snoop_dogg,86,fabrice_eboue,904
chi_mcbride,19,aldis_hodge,31
mos_def,11,patrick_j_nicolas,12
steve_mcqueen,95,kyle_massey,24
50_cent,104,patrick_j_nicolas,11
marlon_wayans,79,anthony_anderson,9
wyclef_jean,56,david_gyasi,33
marlon_wayans,79,david_alan_grier,105
wyclef_jean,68,xzibit,5
dwayne_boyd,30,donald_glover,122
corbin_bleu,568,david_alan_grier,65
anthony_anderson,17,kyle_massey,24
todd_bridges,10,orlando_jones,380
anthony_anderson,33,david_oyelowo,247
orlando_jones,380,steve_mcqueen,97
fabrice_eboue,903,anthony_anderson,17
fabrice_eboue,904,larry_flash_jenkins,21
xzibit,5,shemar_moore,20
andre_gordon,20,steve_mcqueen,36
aldis_hodge,32,larry_flash_jenkins,21
xzibit,5,aldis_hodge,28
mos_def,41,rico_e_anderson,41
andre_braugher,1,david_alan_grier,66
david_gyasi,13,mos_def,41
marlon_wayans,42,aldis_hodge,31
andre_braugher,66,david_alan_grier,50
steve_mcqueen,95,anthony_anderson,67
tyler_perry,103,todd_bridges,10
donald_glover,102,anthony_anderson,55
tyler_perry,53,50_cent,104
david_alan_grier,50,aldis_hodge,21
mos_def,31,wyclef_jean,56
fabrice_eboue,930,mos_def,29
chi_mcbride,19,andre_braugher,21
anthony_anderson,98,andre_braugher,1
michael_wayne_thomas,12,shemar_moore,15
50_cent,20,michael_wayne_thomas,23
corbin_bleu,744,larry_flash_jenkins,42
patrick_j_nicolas,54,tracy_morgan,30
david_alan_grier,105,andre_gordon,20
david_gyasi,33,david_alan_grier,66
randy_jackson,161,steve_mcqueen,14
cedric_the_entertainer,25,wyclef_jean,51
wyclef_jean,68,tracy_morgan,54
tyler_perry,70,todd_bridges,9
fabrice_eboue,960,xzibit,11
anthony_anderson,98,david_alan_grier,38
cedric_the_entertainer,25,kyle_massey,51
david_oyelowo,186,andre_braugher,66
tyler_perry,44,kyle_massey,24
rico_e_anderson,41,corbin_bleu,744
patrick_j_nicolas,40,xzibit,12
cedric_the_entertainer,5,tracy_morgan,30
corbin_bleu,744,aldis_hodge,28
mos_def,29,andre_braugher,85
chi_mcbride,19,randy_jackson,143
xzibit,12,patrick_j_nicolas,12
chi_mcbride,10,orlando_jones,380
david_alan_grier,50,andre_braugher,21
mos_def,46,dwayne_boyd,30
donald_glover,10,todd_bridges,15
marlon_wayans,79,aldis_hodge,21
orlando_jones,380,snoop_dogg,56
david_alan_grier,105,andre_gordon,20
anthony_anderson,9,randy_jackson,161
michael_ealy,37,donald_glover,106
randy_jackson,139,patrick_j_nicolas,15
michael_ealy,37,michael_wayne_thomas,29
snoop_dogg,127,tracy_morgan,131
xzibit,12,david_oyelowo,247
david_alan_grier,20,chi_mcbride,10
tracy_morgan,130,david_alan_grier,105
50_cent,20,michael_ealy,121
wyclef_jean,51,anthony_anderson,98
donald_glover,114,michael_wayne_thomas,12
todd_bridges,43,rico_e_anderson,41
michael_ealy,37,chi_mcbride,19
steve_mcqueen,97,snoop_dogg,56
snoop_dogg,86,marlon_wayans,63
steve_mcqueen,36,david_alan_grier,50
wyclef_jean,58,andre_gordon,20
tyler_perry,44,cedric_the_entertainer,5
corbin_bleu,744,xzibit,11
50_cent,25,kyle_massey,12
orlando_jones,380,tracy_morgan,131
michael_wayne_thomas,12,kyle_massey,25
larry_flash_jenkins,42,david_alan_grier,65
steve_mcqueen,36,tyler_perry,94
andre_gordon,20,fabrice_eboue,929
kyle_massey,8,xzibit,11
todd_bridges,10,xzibit,11
shemar_moore,26,david_oyelowo,186
aldis_hodge,32,michael_wayne_thomas,12
chi_mcbride,10,dwayne_boyd,27
xzibit,11,steve_mcqueen,16
david_alan_grier,20,larry_flash_jenkins,42
randy_jackson,143,romany_malco,16
xzibit,5,corbin_bleu,744
rico_e_anderson,41,cedric_the_entertainer,5
aldis_hodge,25,larry_flash_jenkins,37
tracy_morgan,29,michael_ealy,86
randy_jackson,161,romany_malco,55
aldis_hodge,21,patrick_j_nicolas,40
david_alan_grier,20,orlando_jones,380
fabrice_eboue,903,corbin_bleu,744
marlon_wayans,42,chi_mcbride,10
aldis_hodge,4,david_alan_grier,65
50_cent,20,wyclef_jean,56
shemar_moore,15,fabrice_eboue,902
rico_e_anderson,41,david_alan_grier,20
mos_def,29,marlon_wayans,79
todd_bridges,15,larry_flash_jenkins,37
marlon_wayans,66,david_alan_grier,65
corbin_bleu,568,snoop_dogg,86
mos_def,41,michael_ealy,86
snoop_dogg,158,cedric_the_entertainer,25
patrick_j_nicolas,12,orlando_jones,380
orlando_jones,380,david_gyasi,33
rico_e_anderson,41,andre_gordon,20
mos_def,29,andre_braugher,13
david_alan_grier,50,dwayne_boyd,60
rico_e_anderson,41,kyle_massey,46
andre_gordon,20,fabrice_eboue,906
xzibit,11,aldis_hodge,4
wyclef_jean,51,orlando_jones,380
xzibit,12,cedric_the_entertainer,25
fabrice_eboue,929,rico_e_anderson,41
david_alan_grier,38,randy_jackson,142
tyler_perry,79,wyclef_jean,68
marlon_wayans,66,michael_wayne_thomas,50
romany_malco,84,marlon_wayans,63
andre_braugher,31,mos_def,31
andre_gordon,20,steve_mcqueen,95
xzibit,11,david_alan_grier,50
steve_mcqueen,97,david_alan_grier,50
rico_e_anderson,41,fabrice_eboue,957
kyle_massey,51,randy_jackson,142
romany_malco,84,aldis_hodge,16
david_alan_grier,20,corbin_bleu,744
aldis_hodge,40,tracy_morgan,53
marlon_wayans,63,randy_jackson,146
andre_braugher,31,cedric_the_entertainer,5
kyle_massey,51,david_gyasi,42
tracy_morgan,59,aldis_hodge,40
shemar_moore,26,david_alan_grier,105
chi_mcbride,19,tyler_perry,53
corbin_bleu,568,shemar_moore,20
david_alan_grier,20,rico_e_anderson,41
mos_def,41,larry_flash_jenkins,42
michael_ealy,170,david_gyasi,42
david_gyasi,45,larry_flash_jenkins,21
wyclef_jean,81,marlon_wayans,79
marlon_wayans,66,patrick_j_nicolas,54
randy_jackson,168,tracy_morgan,13
donald_glover,95,todd_bridges,9
wyclef_jean,56,michael_wayne_thomas,29
chi_mcbride,10,kyle_massey,12
michael_ealy,86,aldis_hodge,21
fabrice_eboue,905,shemar_moore,51
romany_malco,77,chi_mcbride,19
michael_ealy,121,aldis_hodge,4
michael_ealy,155,romany_malco,57
chi_mcbride,10,cedric_the_entertainer,25
kyle_massey,8,xzibit,5
aldis_hodge,4,randy_jackson,119
david_alan_grier,20,david_oyelowo,186
michael_wayne_thomas,50,patrick_j_nicolas,15
david_oyelowo,186,david_alan_grier,65
wyclef_jean,58,tyler_perry,53
fabrice_eboue,929,orlando_jones,380
kyle_massey,12,tracy_morgan,131
david_alan_grier,66,todd_bridges,10
snoop_dogg,56,donald_glover,106
corbin_bleu,568,andre_braugher,13
romany_malco,77,50_cent,67
david_oyelowo,186,anthony_anderson,9
marlon_wayans,79,romany_malco,57
fabrice_eboue,903,wyclef_jean,58
randy_jackson,139,tyler_perry,44
aldis_hodge,40,randy_jackson,85
dwayne_boyd,60,anthony_anderson,33
kyle_massey,51,aldis_hodge,26
andre_gordon,20,tyler_perry,53
tracy_morgan,29,todd_bridges,9
david_alan_grier,38,tyler_perry,70
cedric_the_entertainer,25,mos_def,11
david_oyelowo,247,tracy_morgan,53
aldis_hodge,28,david_gyasi,13
50_cent,67,andre_gordon,20
donald_glover,122,aldis_hodge,31
cedric_the_entertainer,5,david_oyelowo,247
michael_ealy,86,randy_jackson,139
orlando_jones,380,snoop_dogg,83
larry_flash_jenkins,21,fabrice_eboue,940
tracy_morgan,13,randy_jackson,161
rico_e_anderson,41,todd_bridges,10
david_oyelowo,9,dwayne_boyd,60
andre_gordon,20,steve_mcqueen,36
anthony_anderson,17,tracy_morgan,11
david_oyelowo,9,michael_ealy,87
aldis_hodge,31,andre_gordon,20
wyclef_jean,81,randy_jackson,161
orlando_jones,380,patrick_j_nicolas,11
patrick_j_nicolas,15,chi_mcbride,19
andre_braugher,66,michael_wayne_thomas,29
donald_glover,114,larry_flash_jenkins,46
michael_wayne_thomas,23,shemar_moore,51
donald_glover,114,xzibit,11
chi_mcbride,19,corbin_bleu,568
andre_braugher,13,mos_def,41
michael_ealy,37,orlando_jones,380
shemar_moore,15,david_gyasi,45
romany_malco,46,marlon_wayans,66
dwayne_boyd,27,michael_wayne_thomas,29
romany_malco,55,todd_bridges,9
todd_bridges,15,snoop_dogg,158
orlando_jones,380,todd_bridges,9
cedric_the_entertainer,25,andre_gordon,20
tracy_morgan,54,david_gyasi,42
cedric_the_entertainer,25,xzibit,12
larry_flash_jenkins,42,todd_bridges,10
tracy_morgan,11,tyler_perry,44
david_oyelowo,247,michael_ealy,87
corbin_bleu,744,steve_mcqueen,73
david_gyasi,33,marlon_wayans,79
50_cent,67,michael_ealy,37
michael_wayne_thomas,29,andre_braugher,85
dwayne_boyd,54,romany_malco,16
xzibit,11,todd_bridges,43
donald_glover,80,steve_mcqueen,4
kyle_massey,25,david_oyelowo,9
patrick_j_nicolas,11,wyclef_jean,56
rico_e_anderson,41,romany_malco,20
anthony_anderson,98,david_gyasi,33
50_cent,73,aldis_hodge,26
tracy_morgan,107,xzibit,11
corbin_bleu,568,rico_e_anderson,41
mos_def,31,donald_glover,114
romany_malco,6,aldis_hodge,32
50_cent,67,patrick_j_nicolas,54
fabrice_eboue,902,snoop_dogg,83
aldis_hodge,25,dwayne_boyd,27
larry_flash_jenkins,42,shemar_moore,20
david_alan_grier,50,xzibit,11
michael_ealy,170,todd_bridges,9
wyclef_jean,68,andre_braugher,1
aldis_hodge,25,wyclef_jean,68
chi_mcbride,10,michael_ealy,87
todd_bridges,9,andre_braugher,21
cedric_the_entertainer,25,wyclef_jean,58
dwayne_boyd,60,romany_malco,77
cedric_the_entertainer,5,romany_malco,79
tracy_morgan,22,steve_mcqueen,6
randy_jackson,161,tyler_perry,70
50_cent,55,orlando_jones,380
xzibit,11,steve_mcqueen,6
david_gyasi,45,michael_wayne_thomas,25
anthony_anderson,9,michael_ealy,170
xzibit,5,rico_e_anderson,41
marlon_wayans,79,chi_mcbride,10
snoop_dogg,86,fabrice_eboue,906
cedric_the_entertainer,5,david_oyelowo,9
kyle_massey,8,david_oyelowo,186
aldis_hodge,31,50_cent,104
corbin_bleu,568,fabrice_eboue,901
michael_wayne_thomas,50,michael_ealy,121
randy_jackson,161,snoop_dogg,127
anthony_anderson,98,rico_e_anderson,41
corbin_bleu,744,tracy_morgan,54
50_cent,55,michael_wayne_thomas,29
kyle_massey,8,cedric_the_entertainer,25
mos_def,35,rico_e_anderson,41
wyclef_jean,68,todd_bridges,15
tyler_perry,79,steve_mcqueen,95
marlon_wayans,79,tyler_perry,44
randy_jackson,85,david_alan_grier,66
patrick_j_nicolas,54,david_alan_grier,65
mos_def,31,patrick_j_nicolas,12
anthony_anderson,17,wyclef_jean,51
michael_wayne_thomas,50,wyclef_jean,56
xzibit,5,wyclef_jean,68
rico_e_anderson,41,mos_def,29
david_oyelowo,186,50_cent,20
rico_e_anderson,41,andre_braugher,66
david_oyelowo,247,tracy_morgan,29
steve_mcqueen,4,michael_ealy,37
romany_malco,20,tyler_perry,70
snoop_dogg,83,steve_mcqueen,4
larry_flash_jenkins,21,david_oyelowo,186
larry_flash_jenkins,37,andre_gordon,20
dwayne_boyd,30,larry_flash_jenkins,21
cedric_the_entertainer,5,chi_mcbride,19
aldis_hodge,26,shemar_moore,26
xzibit,11,orlando_jones,380
orlando_jones,380,rico_e_anderson,41
randy_jackson,146,david_gyasi,13
patrick_j_nicolas,15,anthony_anderson,9
snoop_dogg,86,tracy_morgan,53
tracy_morgan,53,fabrice_eboue,903
todd_bridges,43,dwayne_boyd,27
larry_flash_jenkins,42,patrick_j_nicolas,40
steve_mcqueen,16,larry_flash_jenkins,42
steve_mcqueen,6,marlon_wayans,79
david_gyasi,45,orlando_jones,380
corbin_bleu,568,steve_mcqueen,36
steve_mcqueen,97,mos_def,35
david_oyelowo,186,dwayne_boyd,60
michael_wayne_thomas,29,david_alan_grier,66
rico_e_anderson,41,corbin_bleu,744
dwayne_boyd,59,steve_mcqueen,4
cedric_the_entertainer,5,50_cent,104
wyclef_jean,81,anthony_anderson,98
andre_gordon,20,orlando_jones,380
dwayne_boyd,28,tracy_morgan,13
david_alan_grier,50,corbin_bleu,568
andre_braugher,21,michael_ealy,165
david_oyelowo,247,mos_def,31
snoop_dogg,83,donald_glover,8
chi_mcbride,19,shemar_moore,51
snoop_dogg,83,fabrice_eboue,913
randy_jackson,168,andre_braugher,13
michael_wayne_thomas,23,dwayne_boyd,55
david_alan_grier,38,orlando_jones,380
michael_ealy,87,50_cent,20
wyclef_jean,58,orlando_jones,380
anthony_anderson,9,michael_ealy,37
david_gyasi,42,michael_wayne_thomas,23
randy_jackson,161,andre_gordon,20
rico_e_anderson,41,50_cent,104
larry_flash_jenkins,21,donald_glover,118
aldis_hodge,25,david_alan_grier,50
50_cent,25,mos_def,11
aldis_hodge,31,50_cent,67
chi_mcbride,10,donald_glover,106
larry_flash_jenkins,46,david_alan_grier,65
kyle_massey,25,wyclef_jean,58
patrick_j_nicolas,40,marlon_wayans,79
anthony_anderson,9,todd_bridges,43
randy_jackson,139,tyler_perry,70
orlando_jones,380,mos_def,31
tracy_morgan,22,chi_mcbride,19
snoop_dogg,56,steve_mcqueen,73
larry_flash_jenkins,37,fabrice_eboue,929
donald_glover,8,tracy_morgan,22
anthony_anderson,5,randy_jackson,116
fabrice_eboue,922,marlon_wayans,63
andre_gordon,20,steve_mcqueen,97
patrick_j_nicolas,12,xzibit,11
todd_bridges,10,tyler_perry,53
anthony_anderson,55,david_alan_grier,66
andre_braugher,31,kyle_massey,8
corbin_bleu,744,david_gyasi,42
larry_flash_jenkins,42,rico_e_anderson,41
cedric_the_entertainer,5,michael_wayne_thomas,12
cedric_the_entertainer,5,snoop_dogg,83
andre_braugher,85,shemar_moore,26
cedric_the_entertainer,5,andre_braugher,85
michael_ealy,87,marlon_wayans,79
marlon_wayans,79,fabrice_eboue,929
michael_wayne_thomas,23,marlon_wayans,63
snoop_dogg,86,cedric_the_entertainer,5
david_oyelowo,247,50_cent,20
tracy_morgan,22,david_gyasi,45
shemar_moore,20,xzibit,11
david_oyelowo,247,tracy_morgan,11
xzibit,12,todd_bridges,15
tyler_perry,44,chi_mcbride,10
dwayne_boyd,30,rico_e_anderson,41
50_cent,73,andre_braugher,1
andre_gordon,20,steve_mcqueen,14
patrick_j_nicolas,40,xzibit,12
tyler_perry,70,todd_bridges,15
shemar_moore,63,rico_e_anderson,41
corbin_bleu,568,tyler_perry,94
mos_def,41,tracy_morgan,11
larry_flash_jenkins,42,michael_wayne_thomas,29
fabrice_eboue,906,kyle_massey,51
michael_wayne_thomas,25,romany_malco,58
michael_wayne_thomas,25,anthony_anderson,17
snoop_dogg,86,dwayne_boyd,27
tracy_morgan,59,orlando_jones,380
orlando_jones,380,anthony_anderson,5
wyclef_jean,81,shemar_moore,51
randy_jackson,146,rico_e_anderson,41
snoop_dogg,56,50_cent,104
kyle_massey,51,todd_bridges,15
david_gyasi,45,donald_glover,102
marlon_wayans,42,david_alan_grier,20
david_oyelowo,9,donald_glover,106
cedric_the_entertainer,25,marlon_wayans,66
tyler_perry,103,rico_e_anderson,41
tracy_morgan,29,david_alan_grier,65
shemar_moore,15,snoop_dogg,86
anthony_anderson,9,michael_wayne_thomas,29
mos_def,11,fabrice_eboue,906
tyler_perry,94,andre_braugher,1
kyle_massey,12,wyclef_jean,56
david_gyasi,13,corbin_bleu,568
rico_e_anderson,41,david_gyasi,33
david_gyasi,42,david_oyelowo,9
cedric_the_entertainer,25,mos_def,29
marlon_wayans,79,aldis_hodge,28
patrick_j_nicolas,54,dwayne_boyd,25
tracy_morgan,130,fabrice_eboue,930
wyclef_jean,68,shemar_moore,63
aldis_hodge,31,andre_gordon,20
mos_def,35,shemar_moore,51
romany_malco,79,mos_def,29
steve_mcqueen,36,50_cent,25
snoop_dogg,83,xzibit,12
randy_jackson,168,aldis_hodge,26
patrick_j_nicolas,15,donald_glover,114
david_oyelowo,9,tyler_perry,79
romany_malco,46,david_gyasi,33
orlando_jones,380,todd_bridges,43
larry_flash_jenkins,46,mos_def,38
david_oyelowo,9,tyler_perry,103
michael_ealy,86,tracy_morgan,29
larry_flash_jenkins,42,marlon_wayans,79
snoop_dogg,56,shemar_moore,15
randy_jackson,142,chi_mcbride,19
cedric_the_entertainer,25,andre_gordon,20
david_oyelowo,247,xzibit,11
tyler_perry,70,david_oyelowo,186
marlon_wayans,63,aldis_hodge,26
cedric_the_entertainer,25,steve_mcqueen,95
cedric_the_entertainer,25,kyle_massey,24
andre_gordon,20,kyle_massey,8
larry_flash_jenkins,21,aldis_hodge,28
dwayne_boyd,59,michael_ealy,165
anthony_anderson,67,david_alan_grier,38
wyclef_jean,81,larry_flash_jenkins,21
cedric_the_entertainer,5,david_oyelowo,9
anthony_anderson,9,romany_malco,16
xzibit,5,rico_e_anderson,41
50_cent,25,david_gyasi,13
rico_e_anderson,41,david_gyasi,13
dwayne_boyd,55,larry_flash_jenkins,37
anthony_anderson,98,michael_wayne_thomas,12
donald_glover,80,cedric_the_entertainer,25
andre_braugher,13,donald_glover,10
steve_mcqueen,14,tyler_perry,44
corbin_bleu,744,donald_glover,8
larry_flash_jenkins,46,chi_mcbride,19
orlando_jones,380,shemar_moore,15
50_cent,104,chi_mcbride,10
tracy_morgan,53,romany_malco,46
donald_glover,102,michael_wayne_thomas,50
larry_flash_jenkins,37,marlon_wayans,79
corbin_bleu,568,rico_e_anderson,41
michael_wayne_thomas,25,wyclef_jean,68
corbin_bleu,568,tracy_morgan,131
todd_bridges,10,50_cent,67
david_gyasi,13,donald_glover,102
andre_gordon,20,andre_braugher,85
50_cent,55,dwayne_boyd,27
donald_glover,80,fabrice_eboue,904
romany_malco,6,50_cent,55
fabrice_eboue,929,donald_glover,10
kyle_massey,51,david_alan_grier,105
randy_jackson,161,donald_glover,114
david_oyelowo,9,rico_e_anderson,41
david_oyelowo,9,cedric_the_entertainer,5
chi_mcbride,19,steve_mcqueen,73
michael_wayne_thomas,50,david_oyelowo,247
fabrice_eboue,942,david_oyelowo,186
aldis_hodge,16,chi_mcbride,19
todd_bridges,9,xzibit,5
steve_mcqueen,100,tracy_morgan,54
david_alan_grier,38,50_cent,55
chi_mcbride,10,patrick_j_nicolas,54
shemar_moore,20,marlon_wayans,79
todd_bridges,9,kyle_massey,12
david_oyelowo,247,andre_braugher,66
mos_def,35,cedric_the_entertainer,25
fabrice_eboue,930,aldis_hodge,4
rico_e_anderson,41,dwayne_boyd,60
michael_ealy,37,anthony_anderson,67
patrick_j_nicolas,40,aldis_hodge,26
orlando_jones,380,50_cent,73
orlando_jones,380,david_oyelowo,186
wyclef_jean,51,todd_bridges,10
wyclef_jean,58,xzibit,11
todd_bridges,9,wyclef_jean,51
kyle_massey,51,aldis_hodge,31
shemar_moore,26,michael_ealy,37
patrick_j_nicolas,12,xzibit,11
orlando_jones,380,50_cent,67
david_oyelowo,9,todd_bridges,43
todd_bridges,10,larry_flash_jenkins,37
aldis_hodge,32,corbin_bleu,568
david_alan_grier,50,50_cent,20
cedric_the_entertainer,5,david_oyelowo,9
marlon_wayans,79,aldis_hodge,21
romany_malco,16,aldis_hodge,4
rico_e_anderson,41,aldis_hodge,25
andre_braugher,21,shemar_moore,15
anthony_anderson,67,tyler_perry,103
michael_ealy,48,tyler_perry,103
cedric_the_entertainer,5,tracy_morgan,130
shemar_moore,63,michael_ealy,155
todd_bridges,43,steve_mcqueen,16
cedric_the_entertainer,25,david_oyelowo,9
todd_bridges,15,aldis_hodge,25
cedric_the_entertainer,5,larry_flash_jenkins,21
corbin_bleu,744,chi_mcbride,19
snoop_dogg,127,wyclef_jean,68
todd_bridges,9,snoop_dogg,158
patrick_j_nicolas,15,david_alan_grier,66
shemar_moore,15,aldis_hodge,31
andre_braugher,1,david_gyasi,45
steve_mcqueen,73,mos_def,11
tyler_perry,44,tracy_morgan,22
david_gyasi,13,fabrice_eboue,929
randy_jackson,142,kyle_massey,25
xzibit,11,david_oyelowo,186
david_alan_grier,38,orlando_jones,380
andre_gordon,20,randy_jackson,168
michael_ealy,87,tyler_perry,70
xzibit,5,wyclef_jean,68
david_oyelowo,9,dwayne_boyd,54
tyler_perry,53,aldis_hodge,25
aldis_hodge,32,larry_flash_jenkins,46
steve_mcqueen,100,dwayne_boyd,32
romany_malco,79,michael_wayne_thomas,25
michael_ealy,170,david_alan_grier,38
kyle_massey,51,orlando_jones,380
randy_jackson,139,david_alan_grier,66
anthony_anderson,67,snoop_dogg,127
shemar_moore,20,david_oyelowo,186
larry_flash_jenkins,37,patrick_j_nicolas,12
mos_def,35,50_cent,104
david_oyelowo,9,andre_gordon,20
steve_mcqueen,16,dwayne_boyd,32
andre_gordon,20,corbin_bleu,568
cedric_the_entertainer,25,rico_e_anderson,41
marlon_wayans,63,patrick_j_nicolas,40
fabrice_eboue,906,shemar_moore,63
snoop_dogg,83,donald_glover,95
rico_e_anderson,41,tracy_morgan,30
michael_ealy,155,rico_e_anderson,41
mos_def,31,fabrice_eboue,930
david_gyasi,13,cedric_the_entertainer,5
tracy_morgan,30,patrick_j_nicolas,54
marlon_wayans,66,michael_wayne_thomas,29
michael_wayne_thomas,12,david_oyelowo,247
mos_def,46,donald_glover,102
romany_malco,79,larry_flash_jenkins,21
rico_e_anderson,41,anthony_anderson,55
corbin_bleu,744,snoop_dogg,127
donald_glover,114,marlon_wayans,66
donald_glover,118,xzibit,5
marlon_wayans,63,todd_bridges,15
fabrice_eboue,941,wyclef_jean,81
corbin_bleu,568,rico_e_anderson,41
andre_gordon,20,tracy_morgan,190
corbin_bleu,744,marlon_wayans,42
kyle_massey,25,michael_ealy,86
larry_flash_jenkins,42,andre_gordon,20
david_oyelowo,186,marlon_wayans,63
anthony_anderson,67,aldis_hodge,32
cedric_the_entertainer,25,david_alan_grier,65
mos_def,41,larry_flash_jenkins,46
romany_malco,55,david_oyelowo,9
andre_gordon,20,anthony_anderson,67
snoop_dogg,127,50_cent,67
romany_malco,6,corbin_bleu,744
snoop_dogg,127,larry_flash_jenkins,42
chi_mcbride,10,david_gyasi,45
andre_braugher,21,romany_malco,6
steve_mcqueen,36,anthony_anderson,33
cedric_the_entertainer,5,randy_jackson,116
chi_mcbride,19,david_oyelowo,9
david_alan_grier,20,dwayne_boyd,55
andre_braugher,21,50_cent,20
donald_glover,80,tyler_perry,94
snoop_dogg,83,xzibit,12
david_alan_grier,38,corbin_bleu,568
shemar_moore,26,cedric_the_entertainer,25
david_gyasi,13,rico_e_anderson,41
shemar_moore,63,romany_malco,84
todd_bridges,15,xzibit,5
andre_braugher,85,andre_gordon,20
michael_wayne_thomas,25,cedric_the_entertainer,25
david_alan_grier,65,marlon_wayans,42
tyler_perry,79,kyle_massey,12
larry_flash_jenkins,21,steve_mcqueen,73
rico_e_anderson,41,david_oyelowo,247
michael_ealy,155,tracy_morgan,130
tyler_perry,53,steve_mcqueen,97
xzibit,12,david_oyelowo,9
aldis_hodge,26,patrick_j_nicolas,40
tyler_perry,79,fabrice_eboue,957
steve_mcqueen,97,aldis_hodge,25
chi_mcbride,19,andre_braugher,66
fabrice_eboue,904,michael_ealy,155
50_cent,25,michael_ealy,37
larry_flash_jenkins,46,patrick_j_nicolas,11
david_alan_grier,66,randy_jackson,146
romany_malco,6,steve_mcqueen,95
fabrice_eboue,930,randy_jackson,161
shemar_moore,51,aldis_hodge,26
cedric_the_entertainer,5,david_oyelowo,9
cedric_the_entertainer,25,xzibit,5
romany_malco,20,david_oyelowo,186
mos_def,11,michael_wayne_thomas,50
aldis_hodge,25,david_alan_grier,50
michael_wayne_thomas,50,andre_gordon,20
kyle_massey,25,orlando_jones,380
larry_flash_jenkins,37,patrick_j_nicolas,15
larry_flash_jenkins,46,tyler_perry,103
patrick_j_nicolas,40,andre_braugher,85
snoop_dogg,86,rico_e_anderson,41
kyle_massey,24,wyclef_jean,81
randy_jackson,143,david_gyasi,13
david_oyelowo,247,patrick_j_nicolas,54
michael_wayne_thomas,29,snoop_dogg,158
andre_gordon,20,cedric_the_entertainer,25
david_oyelowo,247,tyler_perry,103
donald_glover,114,michael_ealy,155
david_oyelowo,247,fabrice_eboue,942
wyclef_jean,81,marlon_wayans,42
david_gyasi,33,andre_gordon,20
michael_ealy,170,andre_braugher,1
andre_gordon,20,marlon_wayans,66
cedric_the_entertainer,25,david_alan_grier,38
snoop_dogg,127,orlando_jones,380
kyle_massey,8,patrick_j_nicolas,12
tyler_perry,103,romany_malco,46
patrick_j_nicolas,54,david_oyelowo,186
snoop_dogg,86,anthony_anderson,9
steve_mcqueen,4,david_oyelowo,186
andre_gordon,20,xzibit,5
aldis_hodge,21,shemar_moore,20
marlon_wayans,42,snoop_dogg,56
wyclef_jean,68,dwayne_boyd,28
donald_glover,106,romany_malco,84
dwayne_boyd,60,fabrice_eboue,902
michael_wayne_thomas,50,chi_mcbride,10
tyler_perry,79,cedric_the_entertainer,5
larry_flash_jenkins,37,dwayne_boyd,25
xzibit,11,rico_e_anderson,41
cedric_the_entertainer,5,mos_def,35
steve_mcqueen,14,andre_gordon,20
dwayne_boyd,30,cedric_the_entertainer,25
andre_gordon,20,david_oyelowo,9
larry_flash_jenkins,46,snoop_dogg,127
wyclef_jean,68,tracy_morgan,59
larry_flash_jenkins,42,snoop_dogg,127
romany_malco,57,mos_def,31
mos_def,38,patrick_j_nicolas,11
fabrice_eboue,904,marlon_wayans,66
marlon_wayans,66,dwayne_boyd,27
chi_mcbride,10,andre_gordon,20
fabrice_eboue,941,orlando_jones,380
larry_flash_jenkins,37,andre_gordon,20
larry_flash_jenkins,21,dwayne_boyd,30
rico_e_anderson,41,anthony_anderson,67
orlando_jones,380,patrick_j_nicolas,40
aldis_hodge,28,david_gyasi,42
aldis_hodge,40,steve_mcqueen,95
50_cent,67,romany_malco,55
chi_mcbride,10,orlando_jones,380
mos_def,35,xzibit,11
david_oyelowo,186,chi_mcbride,19
larry_flash_jenkins,37,marlon_wayans,79
tracy_morgan,11,larry_flash_jenkins,37
michael_wayne_thomas,29,andre_gordon,20
tyler_perry,70,david_oyelowo,9
andre_braugher,13,david_oyelowo,247
rico_e_anderson,41,xzibit,11
tracy_morgan,22,corbin_bleu,744
donald_glover,122,marlon_wayans,42
mos_def,11,randy_jackson,146
patrick_j_nicolas,54,anthony_anderson,17
orlando_jones,380,shemar_moore,26
steve_mcqueen,73,marlon_wayans,63
larry_flash_jenkins,21,50_cent,55
anthony_anderson,9,rico_e_anderson,41
david_gyasi,45,romany_malco,79
rico_e_anderson,41,patrick_j_nicolas,40
50_cent,73,anthony_anderson,55
tyler_perry,94,wyclef_jean,58
andre_braugher,85,corbin_bleu,744
romany_malco,6,todd_bridges,10
steve_mcqueen,14,wyclef_jean,58
andre_braugher,66,david_alan_grier,105
aldis_hodge,25,andre_gordon,20
tracy_morgan,131,tyler_perry,44
wyclef_jean,58,larry_flash_jenkins,46
andre_braugher,1,larry_flash_jenkins,46
chi_mcbride,19,kyle_massey,8
wyclef_jean,51,david_alan_grier,65
michael_ealy,170,randy_jackson,143
donald_glover,106,wyclef_jean,58
donald_glover,95,xzibit,5
shemar_moore,63,wyclef_jean,58
cedric_the_entertainer,5,randy_jackson,146
shemar_moore,15,xzibit,11
randy_jackson,116,tracy_morgan,131
orlando_jones,380,rico_e_anderson,41
cedric_the_entertainer,25,snoop_dogg,158
mos_def,38,andre_braugher,13
snoop_dogg,127,larry_flash_jenkins,42
snoop_dogg,86,50_cent,73
rico_e_anderson,41,orlando_jones,380
corbin_bleu,568,anthony_anderson,9
patrick_j_nicolas,12,snoop_dogg,83
david_alan_grier,50,marlon_wayans,42
xzibit,11,david_gyasi,45
shemar_moore,63,anthony_anderson,9
cedric_the_entertainer,25,david_gyasi,45
mos_def,38,romany_malco,77
mos_def,38,tyler_perry,94
snoop_dogg,56,dwayne_boyd,55
kyle_massey,24,andre_gordon,20
wyclef_jean,58,andre_gordon,20
romany_malco,20,donald_glover,106
cedric_the_entertainer,25,steve_mcqueen,14
larry_flash_jenkins,21,50_cent,25
tyler_perry,79,michael_wayne_thomas,50
50_cent,67,corbin_bleu,744
fabrice_eboue,903,chi_mcbride,19
larry_flash_jenkins,21,tracy_morgan,88
rico_e_anderson,41,randy_jackson,146
50_cent,25,snoop_dogg,83
dwayne_boyd,55,50_cent,25
randy_jackson,161,snoop_dogg,83
randy_jackson,161,wyclef_jean,58
shemar_moore,20,michael_wayne_thomas,50
mos_def,11,anthony_anderson,98
mos_def,46,50_cent,104
andre_braugher,85,fabrice_eboue,906
tyler_perry,44,fabrice_eboue,913
david_alan_grier,66,mos_def,29
todd_bridges,43,mos_def,29
orlando_jones,380,david_alan_grier,50
snoop_dogg,56,cedric_the_entertainer,5
50_cent,73,larry_flash_jenkins,21
steve_mcqueen,100,patrick_j_nicolas,40
david_alan_grier,66,anthony_anderson,17
dwayne_boyd,27,anthony_anderson,5
david_oyelowo,9,xzibit,11
wyclef_jean,56,aldis_hodge,28
steve_mcqueen,95,romany_malco,46
shemar_moore,51,mos_def,29
xzibit,12,anthony_anderson,9
david_oyelowo,186,snoop_dogg,158
xzibit,11,michael_ealy,37
dwayne_boyd,25,wyclef_jean,56
michael_ealy,87,aldis_hodge,31
rico_e_anderson,41,fabrice_eboue,913
chi_mcbride,10,dwayne_boyd,32
patrick_j_nicolas,40,david_alan_grier,105
patrick_j_nicolas,40,snoop_dogg,56
patrick_j_nicolas,12,andre_gordon,20
rico_e_anderson,41,shemar_moore,63
andre_gordon,20,tracy_morgan,22
shemar_moore,20,patrick_j_nicolas,15
michael_wayne_thomas,50,anthony_anderson,17
david_oyelowo,9,xzibit,12
xzibit,5,david_oyelowo,247
anthony_anderson,5,orlando_jones,380
tracy_morgan,59,todd_bridges,43
michael_ealy,87,cedric_the_entertainer,25
cedric_the_entertainer,25,snoop_dogg,127
snoop_dogg,83,randy_jackson,168
david_oyelowo,247,david_alan_grier,65
chi_mcbride,19,orlando_jones,380
david_alan_grier,66,mos_def,46
marlon_wayans,63,michael_wayne_thomas,25
orlando_jones,380,tracy_morgan,190
snoop_dogg,56,shemar_moore,20
steve_mcqueen,73,patrick_j_nicolas,11
andre_braugher,85,cedric_the_entertainer,25
randy_jackson,161,shemar_moore,63
dwayne_boyd,30,david_gyasi,42
dwayne_boyd,25,romany_malco,16
michael_wayne_thomas,23,cedric_the_entertainer,25
aldis_hodge,28,snoop_dogg,56
orlando_jones,380,kyle_massey,8
wyclef_jean,68,andre_braugher,13
50_cent,20,david_alan_grier,38
fabrice_eboue,903,chi_mcbride,10
50_cent,67,steve_mcqueen,97
steve_mcqueen,97,kyle_massey,12
aldis_hodge,31,dwayne_boyd,30
michael_wayne_thomas,50,marlon_wayans,63
romany_malco,58,rico_e_anderson,41
50_cent,104,tracy_morgan,13
50_cent,67,randy_jackson,143
wyclef_jean,56,michael_wayne_thomas,50
snoop_dogg,127,wyclef_jean,51
orlando_jones,380,marlon_wayans,79
dwayne_boyd,27,larry_flash_jenkins,46
marlon_wayans,66,50_cent,55
steve_mcqueen,16,wyclef_jean,51
randy_jackson,146,xzibit,12
corbin_bleu,568,andre_gordon,20
fabrice_eboue,905,chi_mcbride,10
steve_mcqueen,14,snoop_dogg,86
michael_ealy,37,wyclef_jean,51
orlando_jones,380,andre_gordon,20
cedric_the_entertainer,25,michael_wayne_thomas,12
orlando_jones,380,tracy_morgan,11
aldis_hodge,4,anthony_anderson,5
todd_bridges,15,fabrice_eboue,929
shemar_moore,20,todd_bridges,15
wyclef_jean,56,michael_wayne_thomas,29
kyle_massey,46,andre_braugher,66
michael_ealy,87,chi_mcbride,10
orlando_jones,380,romany_malco,16
kyle_massey,8,david_gyasi,33
50_cent,55,randy_jackson,119
marlon_wayans,66,donald_glover,10
chi_mcbride,10,cedric_the_entertainer,5
randy_jackson,85,mos_def,38
michael_wayne_thomas,50,david_oyelowo,186
anthony_anderson,17,donald_glover,118
andre_braugher,13,kyle_massey,12
todd_bridges,43,snoop_dogg,127
steve_mcqueen,95,andre_braugher,13
orlando_jones,380,anthony_anderson,98
mos_def,41,aldis_hodge,21
tyler_perry,94,fabrice_eboue,957
michael_wayne_thomas,12,dwayne_boyd,60
chi_mcbride,10,xzibit,11
larry_flash_jenkins,37,david_oyelowo,247
todd_bridges,10,50_cent,67
romany_malco,79,larry_flash_jenkins,37
50_cent,20,tyler_perry,70
mos_def,38,cedric_the_entertainer,25
corbin_bleu,568,kyle_massey,8
anthony_anderson,55,tyler_perry,79
andre_gordon,20,patrick_j_nicolas,40
shemar_moore,51,todd_bridges,9
david_alan_grier,38,andre_braugher,1
david_gyasi,42,todd_bridges,43
michael_ealy,155,andre_braugher,66
donald_glover,8,larry_flash_jenkins,37
snoop_dogg,127,50_cent,67
wyclef_jean,51,tyler_perry,94
david_oyelowo,247,michael_ealy,170
donald_glover,106,romany_malco,57
tracy_morgan,29,anthony_anderson,33
michael_wayne_thomas,29,snoop_dogg,86
rico_e_anderson,41,chi_mcbride,19
kyle_massey,24,todd_bridges,10
randy_jackson,142,todd_bridges,15
david_gyasi,33,orlando_jones,380
andre_gordon,20,corbin_bleu,568
chi_mcbride,19,corbin_bleu,744
tyler_perry,53,larry_flash_jenkins,42
anthony_anderson,33,orlando_jones,380
michael_wayne_thomas,29,snoop_dogg,56
rico_e_anderson,41,andre_gordon,20
dwayne_boyd,30,xzibit,5
kyle_massey,25,marlon_wayans,66
andre_gordon,20,donald_glover,106
xzibit,5,steve_mcqueen,16
mos_def,35,randy_jackson,139
larry_flash_jenkins,37,fabrice_eboue,922
mos_def,29,rico_e_anderson,41
orlando_jones,380,todd_bridges,15
anthony_anderson,98,orlando_jones,380
tyler_perry,79,david_alan_grier,38
50_cent,25,dwayne_boyd,32
david_gyasi,13,tracy_morgan,54
corbin_bleu,568,romany_malco,79
romany_malco,55,tracy_morgan,59
snoop_dogg,83,donald_glover,118
aldis_hodge,32,fabrice_eboue,941
michael_ealy,170,tyler_perry,103
donald_glover,122,snoop_dogg,56
dwayne_boyd,28,corbin_bleu,568
michael_ealy,86,cedric_the_entertainer,5
david_alan_grier,105,xzibit,5
shemar_moore,26,donald_glover,95
marlon_wayans,66,chi_mcbride,19
patrick_j_nicolas,15,rico_e_anderson,41
david_oyelowo,247,orlando_jones,380
cedric_the_entertainer,5,marlon_wayans,42
kyle_massey,25,randy_jackson,139
aldis_hodge,40,dwayne_boyd,60
david_gyasi,45,steve_mcqueen,16
orlando_jones,380,mos_def,31
todd_bridges,15,romany_malco,77
chi_mcbride,19,steve_mcqueen,14
cedric_the_entertainer,5,dwayne_boyd,54
andre_gordon,20,snoop_dogg,158
snoop_dogg,127,orlando_jones,380
fabrice_eboue,957,mos_def,35
andre_gordon,20,donald_glover,8
david_oyelowo,247,rico_e_anderson,41
donald_glover,114,michael_wayne_thomas,29
fabrice_eboue,913,shemar_moore,15
shemar_moore,20,dwayne_boyd,25
michael_wayne_thomas,12,romany_malco,16
tyler_perry,103,david_oyelowo,186
david_gyasi,13,xzibit,5
fabrice_eboue,930,shemar_moore,63
andre_gordon,20,xzibit,12
wyclef_jean,81,michael_wayne_thomas,12
cedric_the_entertainer,5,steve_mcqueen,36
kyle_massey,12,andre_braugher,1
andre_gordon,20,chi_mcbride,19
larry_flash_jenkins,46,romany_malco,20
david_gyasi,42,michael_ealy,155
mos_def,31,anthony_anderson,98
50_cent,67,patrick_j_nicolas,54
romany_malco,20,david_gyasi,42
anthony_anderson,67,chi_mcbride,10
xzibit,12,mos_def,35
cedric_the_entertainer,25,andre_braugher,85
snoop_dogg,56,andre_braugher,13
romany_malco,55,50_cent,67
aldis_hodge,31,chi_mcbride,19
patrick_j_nicolas,54,dwayne_boyd,27
romany_malco,55,david_alan_grier,50
anthony_anderson,33,aldis_hodge,28
wyclef_jean,58,michael_wayne_thomas,29
kyle_massey,8,david_gyasi,45
randy_jackson,119,andre_gordon,20
david_gyasi,33,fabrice_eboue,941
michael_ealy,37,marlon_wayans,79
anthony_anderson,67,50_cent,67
david_oyelowo,9,rico_e_anderson,41
larry_flash_jenkins,42,aldis_hodge,4
steve_mcqueen,6,todd_bridges,15
patrick_j_nicolas,12,kyle_massey,51
dwayne_boyd,59,corbin_bleu,568
marlon_wayans,66,tracy_morgan,53
marlon_wayans,63,anthony_anderson,55
david_oyelowo,247,michael_wayne_thomas,23
david_oyelowo,9,50_cent,73
anthony_anderson,98,randy_jackson,119
andre_gordon,20,xzibit,5
corbin_bleu,744,todd_bridges,9
corbin_bleu,744,david_oyelowo,247
steve_mcqueen,73,david_oyelowo,9
orlando_jones,380,andre_gordon,20
david_alan_grier,105,michael_ealy,48
kyle_massey,12,michael_wayne_thomas,12
larry_flash_jenkins,42,david_oyelowo,9
david_oyelowo,186,wyclef_jean,81
shemar_moore,20,david_gyasi,33
xzibit,11,michael_wayne_thomas,12
kyle_massey,51,tyler_perry,79
randy_jackson,139,marlon_wayans,66
david_gyasi,13,randy_jackson,139
kyle_massey,46,aldis_hodge,28
marlon_wayans,66,chi_mcbride,19
larry_flash_jenkins,21,david_alan_grier,66
orlando_jones,380,aldis_hodge,4
michael_ealy,170,xzibit,12
chi_mcbride,10,patrick_j_nicolas,15
corbin_bleu,568,david_alan_grier,65
wyclef_jean,51,david_oyelowo,9
andre_gordon,20,tyler_perry,70
marlon_wayans,63,tyler_perry,94
chi_mcbride,19,anthony_anderson,5
wyclef_jean,51,marlon_wayans,42
dwayne_boyd,54,marlon_wayans,79
xzibit,12,michael_ealy,165
patrick_j_nicolas,12,wyclef_jean,68
michael_wayne_thomas,50,michael_ealy,165
shemar_moore,15,romany_malco,77
david_alan_grier,65,kyle_massey,25
andre_gordon,20,michael_wayne_thomas,25
chi_mcbride,10,david_gyasi,13
50_cent,67,dwayne_boyd,60
fabrice_eboue,905,xzibit,11
david_alan_grier,20,michael_wayne_thomas,25
fabrice_eboue,941,larry_flash_jenkins,21
shemar_moore,20,aldis_hodge,28
patrick_j_nicolas,40,tyler_perry,70
david_alan_grier,65,steve_mcqueen,100
michael_wayne_thomas,23,andre_gordon,20
steve_mcqueen,95,dwayne_boyd,59
anthony_anderson,17,tracy_morgan,22
marlon_wayans,63,anthony_anderson,17
larry_flash_jenkins,46,wyclef_jean,58
david_oyelowo,9,xzibit,12
kyle_massey,12,50_cent,73
randy_jackson,143,larry_flash_jenkins,37
shemar_moore,63,andre_braugher,85
randy_jackson,119,dwayne_boyd,60
tracy_morgan,30,larry_flash_jenkins,21
cedric_the_entertainer,25,marlon_wayans,66
tracy_morgan,30,patrick_j_nicolas,40
dwayne_boyd,59,todd_bridges,9
michael_ealy,165,andre_braugher,31
anthony_anderson,17,mos_def,46
romany_malco,84,patrick_j_nicolas,40
todd_bridges,43,kyle_massey,8
andre_braugher,85,dwayne_boyd,32
aldis_hodge,31,patrick_j_nicolas,12
shemar_moore,15,chi_mcbride,10
michael_wayne_thomas,29,corbin_bleu,744
steve_mcqueen,16,michael_ealy,37
tyler_perry,44,david_oyelowo,247
xzibit,12,tracy_morgan,59
anthony_anderson,55,steve_mcqueen,6
romany_malco,79,orlando_jones,380
donald_glover,114,kyle_massey,12
mos_def,11,anthony_anderson,5
marlon_wayans,79,patrick_j_nicolas,54
snoop_dogg,56,todd_bridges,10
romany_malco,77,orlando_jones,380
anthony_anderson,98,david_gyasi,13
david_oyelowo,247,wyclef_jean,81
xzibit,12,rico_e_anderson,41
marlon_wayans,79,anthony_anderson,5
michael_wayne_thomas,25,chi_mcbride,19
rico_e_anderson,41,dwayne_boyd,30
andre_gordon,20,michael_ealy,170
snoop_dogg,56,fabrice_eboue,940
rico_e_anderson,41,shemar_moore,15
wyclef_jean,68,corbin_bleu,744
marlon_wayans,66,chi_mcbride,19
50_cent,104,andre_gordon,20
andre_braugher,21,todd_bridges,43
andre_braugher,13,david_gyasi,13
andre_gordon,20,steve_mcqueen,4
todd_bridges,10,wyclef_jean,81
snoop_dogg,83,david_oyelowo,247
xzibit,12,patrick_j_nicolas,15
david_gyasi,33,tracy_morgan,131
michael_ealy,170,marlon_wayans,63
rico_e_anderson,41,corbin_bleu,568
snoop_dogg,86,orlando_jones,380
rico_e_anderson,41,xzibit,12
larry_flash_jenkins,21,tyler_perry,44
orlando_jones,380,dwayne_boyd,54
andre_gordon,20,steve_mcqueen,97
corbin_bleu,568,orlando_jones,380
50_cent,67,chi_mcbride,19
kyle_massey,24,aldis_hodge,4
david_oyelowo,186,randy_jackson,85
andre_braugher,1,michael_wayne_thomas,23
chi_mcbride,19,snoop_dogg,127
tracy_morgan,22,randy_jackson,161
50_cent,20,todd_bridges,10
todd_bridges,9,tracy_morgan,59
steve_mcqueen,73,fabrice_eboue,901
snoop_dogg,83,michael_wayne_thomas,29
david_oyelowo,247,aldis_hodge,25
fabrice_eboue,904,xzibit,11
snoop_dogg,127,tracy_morgan,22
david_oyelowo,9,todd_bridges,10
randy_jackson,139,mos_def,11
shemar_moore,63,kyle_massey,8
orlando_jones,380,xzibit,11
michael_ealy,86,tyler_perry,70
snoop_dogg,86,andre_gordon,20
tracy_morgan,22,xzibit,12
andre_braugher,31,fabrice_eboue,901
shemar_moore,26,chi_mcbride,19
andre_braugher,31,donald_glover,10
larry_flash_jenkins,21,marlon_wayans,79
kyle_massey,12,cedric_the_entertainer,5
andre_gordon,20,steve_mcqueen,97
steve_mcqueen,73,shemar_moore,26
50_cent,25,orlando_jones,380
michael_ealy,48,david_oyelowo,247
snoop_dogg,83,michael_ealy,155
kyle_massey,46,david_oyelowo,247
steve_mcqueen,97,anthony_anderson,55
50_cent,73,rico_e_anderson,41
larry_flash_jenkins,42,andre_braugher,31
kyle_massey,8,donald_glover,95
romany_malco,79,todd_bridges,43
michael_wayne_thomas,25,randy_jackson,143
david_alan_grier,20,snoop_dogg,86
corbin_bleu,744,aldis_hodge,4
randy_jackson,161,rico_e_anderson,41
rico_e_anderson,41,david_oyelowo,9
shemar_moore,26,wyclef_jean,58
cedric_the_entertainer,5,david_alan_grier,50
steve_mcqueen,73,donald_glover,122
shemar_moore,51,david_gyasi,33
orlando_jones,380,steve_mcqueen,4
romany_malco,57,donald_glover,106
anthony_anderson,5,rico_e_anderson,41
todd_bridges,9,rico_e_anderson,41
tyler_perry,94,marlon_wayans,66
fabrice_eboue,906,anthony_anderson,33
dwayne_boyd,32,michael_ealy,155
aldis_hodge,31,anthony_anderson,33
david_oyelowo,9,corbin_bleu,744
snoop_dogg,127,cedric_the_entertainer,25
romany_malco,57,anthony_anderson,9
steve_mcqueen,16,patrick_j_nicolas,12
david_gyasi,42,david_alan_grier,65
andre_braugher,1,xzibit,5
chi_mcbride,10,michael_ealy,86
todd_bridges,15,anthony_anderson,5
marlon_wayans,79,larry_flash_jenkins,42
corbin_bleu,744,david_alan_grier,66
corbin_bleu,568,wyclef_jean,51
50_cent,55,aldis_hodge,32
50_cent,104,patrick_j_nicolas,54
andre_braugher,21,corbin_bleu,568
dwayne_boyd,32,fabrice_eboue,901
patrick_j_nicolas,54,andre_braugher,85
corbin_bleu,744,andre_gordon,20
kyle_massey,51,patrick_j_nicolas,54
steve_mcqueen,14,andre_braugher,1
larry_flash_jenkins,21,anthony_anderson,33
snoop_dogg,127,mos_def,11
david_alan_grier,38,anthony_anderson,17
steve_mcqueen,95,todd_bridges,15
david_gyasi,13,xzibit,5
randy_jackson,146,dwayne_boyd,28
andre_gordon,20,tracy_morgan,107
xzibit,12,marlon_wayans,66
anthony_anderson,33,donald_glover,8
david_gyasi,33,50_cent,25
cedric_the_entertainer,25,marlon_wayans,66
snoop_dogg,127,randy_jackson,116
snoop_dogg,86,shemar_moore,51
xzibit,5,chi_mcbride,10
michael_wayne_thomas,12,randy_jackson,142
larry_flash_jenkins,46,xzibit,11
chi_mcbride,19,shemar_moore,26
andre_braugher,13,romany_malco,84
orlando_jones,380,dwayne_boyd,28
kyle_massey,25,aldis_hodge,40
michael_ealy,165,wyclef_jean,58
chi_mcbride,19,donald_glover,10
fabrice_eboue,941,rico_e_anderson,41
marlon_wayans,79,orlando_jones,380
xzibit,12,50_cent,55
xzibit,12,dwayne_boyd,30
mos_def,38,andre_braugher,13
rico_e_anderson,41,michael_ealy,86
tyler_perry,94,xzibit,11
xzibit,12,corbin_bleu,568
50_cent,73,steve_mcqueen,95
rico_e_anderson,41,romany_malco,20
rico_e_anderson,41,snoop_dogg,127
steve_mcqueen,14,david_oyelowo,9
snoop_dogg,56,larry_flash_jenkins,37
tyler_perry,53,patrick_j_nicolas,15
corbin_bleu,744,fabrice_eboue,940
tyler_perry,53,andre_braugher,13
xzibit,5,aldis_hodge,31
wyclef_jean,51,cedric_the_entertainer,25
david_alan_grier,50,michael_wayne_thomas,12
david_alan_grier,105,romany_malco,84
michael_wayne_thomas,29,michael_ealy,87
rico_e_anderson,41,fabrice_eboue,904
michael_wayne_thomas,50,larry_flash_jenkins,21
aldis_hodge,40,fabrice_eboue,922
corbin_bleu,744,steve_mcqueen,97
andre_gordon,20,steve_mcqueen,97
marlon_wayans,79,tyler_perry,103
david_alan_grier,105,andre_gordon,20
cedric_the_entertainer,25,andre_gordon,20
kyle_massey,24,xzibit,5
tracy_morgan,54,donald_glover,8
cedric_the_entertainer,25,todd_bridges,43
randy_jackson,139,kyle_massey,51
michael_wayne_thomas,23,david_gyasi,42
fabrice_eboue,905,kyle_massey,12
marlon_wayans,66,david_alan_grier,65
tyler_perry,53,todd_bridges,43
tracy_morgan,53,marlon_wayans,79
patrick_j_nicolas,12,andre_gordon,20
randy_jackson,116,donald_glover,10
michael_wayne_thomas,29,mos_def,11
kyle_massey,12,romany_malco,79
kyle_massey,51,shemar_moore,63
wyclef_jean,58,xzibit,5
aldis_hodge,31,michael_wayne_thomas,25
larry_flash_jenkins,42,rico_e_anderson,41
tyler_perry,79,andre_gordon,20
donald_glover,95,patrick_j_nicolas,12
andre_gordon,20,david_gyasi,42
snoop_dogg,127,cedric_the_entertainer,25
michael_wayne_thomas,29,snoop_dogg,127
anthony_anderson,9,steve_mcqueen,95
cedric_the_entertainer,25,kyle_massey,46
michael_wayne_thomas,50,orlando_jones,380
anthony_anderson,67,corbin_bleu,744
todd_bridges,10,donald_glover,106
andre_gordon,20,cedric_the_entertainer,25
fabrice_eboue,960,wyclef_jean,81
steve_mcqueen,95,david_alan_grier,105
dwayne_boyd,55,xzibit,11
michael_wayne_thomas,29,wyclef_jean,81
cedric_the_entertainer,5,tyler_perry,53
aldis_hodge,32,andre_braugher,85
corbin_bleu,568,aldis_hodge,16
marlon_wayans,79,donald_glover,114
andre_gordon,20,shemar_moore,26
cedric_the_entertainer,25,orlando_jones,380
patrick_j_nicolas,15,chi_mcbride,10
shemar_moore,15,todd_bridges,9
xzibit,5,50_cent,104
marlon_wayans,79,randy_jackson,119
michael_ealy,86,david_oyelowo,186
michael_wayne_thomas,29,shemar_moore,26
david_alan_grier,66,mos_def,29
andre_braugher,1,randy_jackson,161
corbin_bleu,568,tracy_morgan,131
patrick_j_nicolas,12,anthony_anderson,67
fabrice_eboue,913,marlon_wayans,63
orlando_jones,380,kyle_massey,25
rico_e_anderson,41,todd_bridges,43
todd_bridges,15,fabrice_eboue,905
romany_malco,79,patrick_j_nicolas,40
orlando_jones,380,andre_gordon,20
50_cent,104,mos_def,41
todd_bridges,15,cedric_the_entertainer,5
tyler_perry,103,anthony_anderson,67
donald_glover,8,xzibit,11
cedric_the_entertainer,25,andre_braugher,21
shemar_moore,63,snoop_dogg,127
michael_ealy,86,tyler_perry,103
cedric_the_entertainer,5,tracy_morgan,190
david_oyelowo,9,michael_wayne_thomas,25
romany_malco,79,steve_mcqueen,16
andre_gordon,20,fabrice_eboue,941
dwayne_boyd,54,romany_malco,20
rico_e_anderson,41,orlando_jones,380
wyclef_jean,58,fabrice_eboue,901
tyler_perry,103,cedric_the_entertainer,5
wyclef_jean,81,donald_glover,95
mos_def,46,tracy_morgan,54
michael_ealy,48,snoop_dogg,83
romany_malco,55,cedric_the_entertainer,5
shemar_moore,15,larry_flash_jenkins,46
donald_glover,106,todd_bridges,43
mos_def,29,marlon_wayans,42
orlando_jones,380,anthony_anderson,33
shemar_moore,15,fabrice_eboue,902
shemar_moore,51,dwayne_boyd,28
corbin_bleu,744,andre_gordon,20
romany_malco,6,marlon_wayans,79
xzibit,12,tracy_morgan,190
andre_gordon,20,mos_def,11
fabrice_eboue,913,rico_e_anderson,41
larry_flash_jenkins,42,snoop_dogg,83
tyler_perry,94,david_oyelowo,186
shemar_moore,51,todd_bridges,43
andre_gordon,20,patrick_j_nicolas,15
andre_braugher,1,tyler_perry,53
romany_malco,57,chi_mcbride,19
donald_glover,8,tyler_perry,44
david_alan_grier,38,larry_flash_jenkins,21
fabrice_eboue,942,david_alan_grier,66
dwayne_boyd,32,tyler_perry,79
aldis_hodge,16,david_oyelowo,9
steve_mcqueen,6,michael_wayne_thomas,25
wyclef_jean,51,tyler_perry,103
david_alan_grier,66,anthony_anderson,17
donald_glover,10,rico_e_anderson,41
snoop_dogg,127,cedric_the_entertainer,25
rico_e_anderson,41,patrick_j_nicolas,12
kyle_massey,24,rico_e_anderson,41
orlando_jones,380,wyclef_jean,68
dwayne_boyd,28,50_cent,25
donald_glover,95,kyle_massey,24
david_gyasi,45,todd_bridges,9
rico_e_anderson,41,dwayne_boyd,55
mos_def,29,wyclef_jean,68
mos_def,31,wyclef_jean,68
michael_ealy,155,rico_e_anderson,41
tracy_morgan,88,david_gyasi,33
chi_mcbride,10,50_cent,73
randy_jackson,168,andre_gordon,20
tyler_perry,79,orlando_jones,380
randy_jackson,143,aldis_hodge,32
corbin_bleu,744,50_cent,73
50_cent,20,chi_mcbride,19
wyclef_jean,58,marlon_wayans,79
steve_mcqueen,16,cedric_the_entertainer,25
steve_mcqueen,16,romany_malco,58
michael_wayne_thomas,25,romany_malco,46
kyle_massey,25,mos_def,35
michael_ealy,87,snoop_dogg,83
tyler_perry,53,david_gyasi,45
david_oyelowo,9,xzibit,12
anthony_anderson,5,randy_jackson,119
fabrice_eboue,930,wyclef_jean,56
wyclef_jean,58,larry_flash_jenkins,42
andre_gordon,20,orlando_jones,380
michael_wayne_thomas,25,50_cent,104
50_cent,67,marlon_wayans,63
snoop_dogg,158,aldis_hodge,31
steve_mcqueen,6,david_oyelowo,186
randy_jackson,161,wyclef_jean,56
snoop_dogg,56,romany_malco,84
orlando_jones,380,corbin_bleu,744
mos_def,41,wyclef_jean,56
romany_malco,57,steve_mcqueen,16
todd_bridges,43,randy_jackson,142
xzibit,12,randy_jackson,143
todd_bridges,10,corbin_bleu,568
marlon_wayans,42,romany_malco,58
larry_flash_jenkins,37,orlando_jones,380
tyler_perry,79,marlon_wayans,79
tyler_perry,53,michael_ealy,170
david_oyelowo,9,cedric_the_entertainer,5
xzibit,12,michael_ealy,170
todd_bridges,43,rico_e_anderson,41
cedric_the_entertainer,25,tyler_perry,70
wyclef_jean,56,kyle_massey,51
donald_glover,8,andre_braugher,1
orlando_jones,380,50_cent,55
randy_jackson,161,corbin_bleu,568
romany_malco,79,orlando_jones,380
michael_wayne_thomas,25,andre_braugher,85
anthony_anderson,17,kyle_massey,24
donald_glover,114,michael_wayne_thomas,23
tyler_perry,53,chi_mcbride,10
kyle_massey,8,larry_flash_jenkins,46
patrick_j_nicolas,12,larry_flash_jenkins,42
dwayne_boyd,59,rico_e_anderson,41
aldis_hodge,40,shemar_moore,63
donald_glover,114,corbin_bleu,568
wyclef_jean,68,orlando_jones,380
tyler_perry,79,dwayne_boyd,55
larry_flash_jenkins,46,andre_gordon,20
kyle_massey,51,xzibit,5
steve_mcqueen,95,romany_malco,6
wyclef_jean,58,xzibit,11
50_cent,104,andre_gordon,20
michael_ealy,37,rico_e_anderson,41
david_alan_grier,38,shemar_moore,63
aldis_hodge,4,cedric_the_entertainer,25
kyle_massey,51,donald_glover,80
shemar_moore,20,randy_jackson,161
david_oyelowo,186,randy_jackson,146
larry_flash_jenkins,42,aldis_hodge,25
cedric_the_entertainer,25,randy_jackson,161
corbin_bleu,744,anthony_anderson,33
orlando_jones,380,fabrice_eboue,906
michael_ealy,48,orlando_jones,380
andre_braugher,85,xzibit,12
mos_def,35,50_cent,55
orlando_jones,380,dwayne_boyd,54
dwayne_boyd,54,shemar_moore,63
tyler_perry,79,david_gyasi,33
rico_e_anderson,41,andre_braugher,85
aldis_hodge,16,randy_jackson,139
andre_braugher,66,snoop_dogg,127
todd_bridges,9,donald_glover,80
chi_mcbride,19,orlando_jones,380
todd_bridges,10,aldis_hodge,31
patrick_j_nicolas,40,kyle_massey,46
david_gyasi,42,corbin_bleu,568
mos_def,29,cedric_the_entertainer,25
chi_mcbride,10,tyler_perry,44
steve_mcqueen,4,dwayne_boyd,60
rico_e_anderson,41,fabrice_eboue,954
marlon_wayans,63,xzibit,11
corbin_bleu,744,steve_mcqueen,14
dwayne_boyd,55,shemar_moore,26
snoop_dogg,127,andre_braugher,31
tyler_perry,70,rico_e_anderson,41
todd_bridges,15,larry_flash_jenkins,42
chi_mcbride,19,50_cent,104
todd_bridges,10,tyler_perry,70
50_cent,20,michael_wayne_thomas,23
patrick_j_nicolas,54,xzibit,5
aldis_hodge,26,orlando_jones,380
david_gyasi,42,fabrice_eboue,960
xzibit,11,michael_wayne_thomas,29
david_gyasi,13,andre_braugher,13
michael_wayne_thomas,12,corbin_bleu,744
cedric_the_entertainer,5,rico_e_anderson,41
mos_def,11,larry_flash_jenkins,46
romany_malco,79,50_cent,104
corbin_bleu,568,steve_mcqueen,6
patrick_j_nicolas,40,rico_e_anderson,41
cedric_the_entertainer,25,kyle_massey,8
michael_ealy,155,todd_bridges,9
andre_braugher,21,mos_def,38
mos_def,41,andre_braugher,66
david_alan_grier,20,tyler_perry,79
andre_braugher,21,romany_malco,84
mos_def,31,larry_flash_jenkins,46
randy_jackson,85,xzibit,12
kyle_massey,12,shemar_moore,63
fabrice_eboue,930,shemar_moore,51
david_alan_grier,50,david_oyelowo,186
orlando_jones,380,xzibit,11
andre_braugher,13,kyle_massey,24
anthony_anderson,98,michael_wayne_thomas,23
marlon_wayans,79,michael_ealy,165
larry_flash_jenkins,21,andre_braugher,85
andre_braugher,21,marlon_wayans,63
aldis_hodge,32,michael_ealy,165
wyclef_jean,58,david_oyelowo,9
mos_def,41,50_cent,73
romany_malco,77,corbin_bleu,568
xzibit,5,todd_bridges,9
wyclef_jean,81,50_cent,73
corbin_bleu,744,shemar_moore,63
chi_mcbride,10,kyle_massey,12
michael_wayne_thomas,50,romany_malco,16
donald_glover,106,chi_mcbride,10
chi_mcbride,19,romany_malco,57
marlon_wayans,79,snoop_dogg,83
rico_e_anderson,41,todd_bridges,9
david_gyasi,33,randy_jackson,146
chi_mcbride,19,david_alan_grier,65
xzibit,11,todd_bridges,10
david_oyelowo,186,randy_jackson,142
wyclef_jean,58,michael_ealy,37
andre_gordon,20,xzibit,5
tracy_morgan,130,kyle_massey,12
cedric_the_entertainer,25,patrick_j_nicolas,11
steve_mcqueen,36,andre_braugher,13
romany_malco,55,cedric_the_entertainer,25
todd_bridges,43,cedric_the_entertainer,25
andre_braugher,21,marlon_wayans,42
rico_e_anderson,41,donald_glover,102
michael_wayne_thomas,50,randy_jackson,119
snoop_dogg,86,michael_wayne_thomas,25
cedric_the_entertainer,5,corbin_bleu,744
andre_braugher,66,marlon_wayans,79
steve_mcqueen,4,david_alan_grier,66
dwayne_boyd,30,todd_bridges,43
orlando_jones,380,david_oyelowo,9
tyler_perry,44,snoop_dogg,127
michael_wayne_thomas,25,corbin_bleu,744
marlon_wayans,42,michael_ealy,86
steve_mcqueen,16,corbin_bleu,744
dwayne_boyd,28,michael_wayne_thomas,25
randy_jackson,146,patrick_j_nicolas,11
dwayne_boyd,55,david_gyasi,33
cedric_the_entertainer,25,fabrice_eboue,904
rico_e_anderson,41,randy_jackson,85
randy_jackson,119,michael_ealy,155
david_gyasi,42,tyler_perry,44
rico_e_anderson,41,shemar_moore,63
michael_ealy,37,donald_glover,118
david_oyelowo,9,tyler_perry,53
shemar_moore,20,dwayne_boyd,32
andre_braugher,85,donald_glover,95
wyclef_jean,56,chi_mcbride,10
snoop_dogg,83,tyler_perry,79
larry_flash_jenkins,46,david_gyasi,33
todd_bridges,43,steve_mcqueen,36
steve_mcqueen,100,patrick_j_nicolas,54
corbin_bleu,744,michael_wayne_thomas,50
todd_bridges,15,tracy_morgan,107
david_gyasi,42,michael_wayne_thomas,50
dwayne_boyd,30,anthony_anderson,33
wyclef_jean,68,randy_jackson,119
shemar_moore,63,snoop_dogg,86
50_cent,25,patrick_j_nicolas,40
steve_mcqueen,100,todd_bridges,10
donald_glover,95,andre_braugher,1
shemar_moore,20,corbin_bleu,568
tyler_perry,94,todd_bridges,9
patrick_j_nicolas,15,larry_flash_jenkins,21
fabrice_eboue,913,kyle_massey,12
chi_mcbride,10,orlando_jones,380
chi_mcbride,19,shemar_moore,26
50_cent,25,david_oyelowo,186
david_alan_grier,20,andre_gordon,20
xzibit,5,rico_e_anderson,41
corbin_bleu,744,randy_jackson,139
tyler_perry,70,chi_mcbride,19
larry_flash_jenkins,21,marlon_wayans,66
cedric_the_entertainer,25,aldis_hodge,28
50_cent,67,xzibit,5
larry_flash_jenkins,42,romany_malco,6
michael_wayne_thomas,12,shemar_moore,20
snoop_dogg,83,donald_glover,102
wyclef_jean,56,david_alan_grier,50
chi_mcbride,19,david_gyasi,13
larry_flash_jenkins,21,patrick_j_nicolas,40
david_alan_grier,20,anthony_anderson,55
michael_wayne_thomas,12,andre_braugher,21
tyler_perry,103,wyclef_jean,51
shemar_moore,63,david_alan_grier,66
anthony_anderson,55,andre_braugher,66
tyler_perry,53,randy_jackson,146
shemar_moore,26,snoop_dogg,56
fabrice_eboue,903,snoop_dogg,127
david_oyelowo,186,corbin_bleu,568
todd_bridges,43,kyle_massey,12
andre_gordon,20,tracy_morgan,30
dwayne_boyd,30,aldis_hodge,4
david_gyasi,13,aldis_hodge,26
shemar_moore,51,donald_glover,8
tyler_perry,103,50_cent,25
michael_wayne_thomas,25,wyclef_jean,81
orlando_jones,380,todd_bridges,9
kyle_massey,25,david_oyelowo,9
corbin_bleu,568,patrick_j_nicolas,12
fabrice_eboue,905,donald_glover,118
donald_glover,102,orlando_jones,380
corbin_bleu,568,michael_wayne_thomas,50
michael_wayne_thomas,25,wyclef_jean,58
larry_flash_jenkins,46,cedric_the_entertainer,25
rico_e_anderson,41,michael_ealy,37
andre_gordon,20,tyler_perry,103
michael_ealy,87,steve_mcqueen,95
snoop_dogg,127,larry_flash_jenkins,42
rico_e_anderson,41,aldis_hodge,26
larry_flash_jenkins,42,wyclef_jean,51
50_cent,104,wyclef_jean,68
andre_braugher,85,andre_gordon,20
corbin_bleu,568,todd_bridges,9
anthony_anderson,98,kyle_massey,24
xzibit,11,50_cent,25
fabrice_eboue,904,larry_flash_jenkins,42
snoop_dogg,56,marlon_wayans,42
andre_gordon,20,cedric_the_entertainer,25
aldis_hodge,21,cedric_the_entertainer,5
orlando_jones,380,donald_glover,114
david_oyelowo,186,donald_glover,8
fabrice_eboue,942,anthony_anderson,67
michael_ealy,165,david_alan_grier,65
kyle_massey,25,corbin_bleu,568
michael_wayne_thomas,50,andre_gordon,20
dwayne_boyd,25,chi_mcbride,10
tyler_perry,103,cedric_the_entertainer,25
corbin_bleu,744,michael_wayne_thomas,29
marlon_wayans,66,andre_braugher,1
rico_e_anderson,41,aldis_hodge,4
50_cent,67,patrick_j_nicolas,40
kyle_massey,12,randy_jackson,146
kyle_massey,46,rico_e_anderson,41
cedric_the_entertainer,25,tyler_perry,53
rico_e_anderson,41,donald_glover,10
larry_flash_jenkins,37,aldis_hodge,40
romany_malco,16,tyler_perry,44
shemar_moore,26,snoop_dogg,127
aldis_hodge,25,david_oyelowo,247
david_oyelowo,186,dwayne_boyd,59
todd_bridges,9,michael_wayne_thomas,25
andre_braugher,31,rico_e_anderson,41
wyclef_jean,56,patrick_j_nicolas,12
david_alan_grier,105,wyclef_jean,81
wyclef_jean,56,randy_jackson,146
corbin_bleu,744,orlando_jones,380
shemar_moore,15,larry_flash_jenkins,46
chi_mcbride,10,orlando_jones,380
anthony_anderson,9,marlon_wayans,66
corbin_bleu,744,david_oyelowo,247
xzibit,11,mos_def,31
snoop_dogg,83,todd_bridges,9
fabrice_eboue,903,todd_bridges,43
marlon_wayans,42,cedric_the_entertainer,25
shemar_moore,26,orlando_jones,380
andre_gordon,20,randy_jackson,85
dwayne_boyd,25,marlon_wayans,42
cedric_the_entertainer,25,wyclef_jean,51
tracy_morgan,54,aldis_hodge,16
fabrice_eboue,904,andre_braugher,1
david_alan_grier,38,todd_bridges,10
cedric_the_entertainer,5,tracy_morgan,11
larry_flash_jenkins,46,orlando_jones,380
randy_jackson,142,steve_mcqueen,4
aldis_hodge,16,anthony_anderson,67
orlando_jones,380,michael_wayne_thomas,29
andre_gordon,20,todd_bridges,15
anthony_anderson,33,corbin_bleu,744
fabrice_eboue,906,michael_ealy,121
anthony_anderson,17,corbin_bleu,744
orlando_jones,380,michael_wayne_thomas,29
david_gyasi,33,michael_ealy,86
kyle_massey,51,andre_gordon,20
michael_wayne_thomas,12,david_alan_grier,20
steve_mcqueen,36,xzibit,11
andre_gordon,20,kyle_massey,8
patrick_j_nicolas,12,david_gyasi,42
steve_mcqueen,73,shemar_moore,20
anthony_anderson,17,wyclef_jean,68
marlon_wayans,63,orlando_jones,380
chi_mcbride,19,steve_mcqueen,73
50_cent,20,steve_mcqueen,73
michael_wayne_thomas,12,chi_mcbride,10
tyler_perry,53,chi_mcbride,19
steve_mcqueen,6,larry_flash_jenkins,21
wyclef_jean,68,andre_braugher,66
steve_mcqueen,97,orlando_jones,380
andre_gordon,20,corbin_bleu,568
michael_ealy,155,chi_mcbride,19
michael_wayne_thomas,25,wyclef_jean,68
larry_flash_jenkins,37,michael_ealy,155
tyler_perry,79,larry_flash_jenkins,46
andre_braugher,85,chi_mcbride,19
xzibit,5,rico_e_anderson,41
larry_flash_jenkins,46,anthony_anderson,98
orlando_jones,380,andre_gordon,20
fabrice_eboue,901,tyler_perry,44
corbin_bleu,744,orlando_jones,380
michael_ealy,155,aldis_hodge,40
aldis_hodge,26,orlando_jones,380
randy_jackson,119,tyler_perry,94
anthony_anderson,33,michael_ealy,86
romany_malco,79,shemar_moore,15
shemar_moore,63,fabrice_eboue,906
michael_wayne_thomas,29,anthony_anderson,67
chi_mcbride,19,cedric_the_entertainer,25
andre_braugher,13,romany_malco,77
xzibit,12,aldis_hodge,32
andre_gordon,20,shemar_moore,15
corbin_bleu,568,david_gyasi,45
patrick_j_nicolas,54,david_alan_grier,38
david_oyelowo,9,fabrice_eboue,903
donald_glover,114,patrick_j_nicolas,40
wyclef_jean,58,david_alan_grier,20
fabrice_eboue,954,randy_jackson,116
steve_mcqueen,97,donald_glover,10
marlon_wayans,63,cedric_the_entertainer,25
donald_glover,118,wyclef_jean,56
david_gyasi,42,dwayne_boyd,59
kyle_massey,24,wyclef_jean,56
chi_mcbride,10,mos_def,11
marlon_wayans,42,donald_glover,118
larry_flash_jenkins,42,tyler_perry,44
rico_e_anderson,41,xzibit,5
michael_wayne_thomas,25,david_gyasi,13
patrick_j_nicolas,15,david_alan_grier,38
50_cent,55,rico_e_anderson,41
wyclef_jean,68,kyle_massey,24
donald_glover,95,wyclef_jean,68
randy_jackson,119,tracy_morgan,29
chi_mcbride,10,steve_mcqueen,14
david_gyasi,33,cedric_the_entertainer,25
chi_mcbride,10,anthony_anderson,67
fabrice_eboue,904,andre_gordon,20
tyler_perry,53,patrick_j_nicolas,15
andre_braugher,21,donald_glover,114
michael_ealy,48,michael_wayne_thomas,23
fabrice_eboue,905,david_alan_grier,38
kyle_massey,8,david_oyelowo,247
tyler_perry,94,larry_flash_jenkins,42
tyler_perry,103,andre_gordon,20
fabrice_eboue,922,chi_mcbride,19
50_cent,73,randy_jackson,161
fabrice_eboue,906,tyler_perry,44
kyle_massey,25,corbin_bleu,568
david_alan_grier,105,romany_malco,6
50_cent,67,fabrice_eboue,903
rico_e_anderson,41,chi_mcbride,10
todd_bridges,15,mos_def,41
larry_flash_jenkins,37,50_cent,67
michael_ealy,87,todd_bridges,9
chi_mcbride,10,kyle_massey,25
andre_gordon,20,marlon_wayans,79
david_oyelowo,186,mos_def,31
mos_def,35,aldis_hodge,31
50_cent,25,orlando_jones,380
orlando_jones,380,xzibit,5
marlon_wayans,42,chi_mcbride,10
donald_glover,122,kyle_massey,24
andre_gordon,20,david_alan_grier,65
tyler_perry,70,david_oyelowo,247
wyclef_jean,56,randy_jackson,161
anthony_anderson,33,rico_e_anderson,41
chi_mcbride,10,orlando_jones,380
andre_braugher,1,todd_bridges,43
snoop_dogg,56,wyclef_jean,68
fabrice_eboue,903,kyle_massey,8
anthony_anderson,67,steve_mcqueen,6
chi_mcbride,19,patrick_j_nicolas,12
aldis_hodge,31,larry_flash_jenkins,37
corbin_bleu,744,dwayne_boyd,25
kyle_massey,25,wyclef_jean,81
anthony_anderson,5,tracy_morgan,190
fabrice_eboue,913,wyclef_jean,51
snoop_dogg,158,chi_mcbride,10
andre_gordon,20,50_cent,55
david_alan_grier,65,andre_braugher,13
chi_mcbride,10,shemar_moore,26
todd_bridges,10,mos_def,31
steve_mcqueen,97,michael_ealy,87
david_gyasi,42,rico_e_anderson,41
steve_mcqueen,14,patrick_j_nicolas,54
aldis_hodge,21,patrick_j_nicolas,40
todd_bridges,10,corbin_bleu,568
todd_bridges,9,david_oyelowo,247
randy_jackson,168,tyler_perry,103
aldis_hodge,26,kyle_massey,51
orlando_jones,380,50_cent,73
snoop_dogg,86,marlon_wayans,66
steve_mcqueen,97,orlando_jones,380
todd_bridges,15,marlon_wayans,63
andre_braugher,21,orlando_jones,380
rico_e_anderson,41,cedric_the_entertainer,25
snoop_dogg,86,tyler_perry,44
donald_glover,10,andre_gordon,20
wyclef_jean,81,orlando_jones,380
andre_braugher,1,aldis_hodge,21
marlon_wayans,66,cedric_the_entertainer,5
randy_jackson,146,andre_gordon,20
aldis_hodge,25,anthony_anderson,98
michael_ealy,155,steve_mcqueen,36
marlon_wayans,42,50_cent,20
andre_braugher,1,michael_wayne_thomas,12
michael_wayne_thomas,25,snoop_dogg,86
marlon_wayans,79,tracy_morgan,88
fabrice_eboue,957,michael_wayne_thomas,25
david_oyelowo,186,rico_e_anderson,41
michael_wayne_thomas,25,david_gyasi,45
steve_mcqueen,73,david_alan_grier,65
steve_mcqueen,6,andre_gordon,20
andre_braugher,66,tyler_perry,70
cedric_the_entertainer,5,xzibit,5
chi_mcbride,19,romany_malco,20
rico_e_anderson,41,andre_gordon,20
patrick_j_nicolas,15,aldis_hodge,21
chi_mcbride,10,patrick_j_nicolas,40
anthony_anderson,17,wyclef_jean,51
steve_mcqueen,97,michael_ealy,170
romany_malco,16,dwayne_boyd,25
kyle_massey,51,david_oyelowo,9
corbin_bleu,744,tracy_morgan,59
andre_gordon,20,david_oyelowo,186
romany_malco,58,chi_mcbride,19
michael_wayne_thomas,29,michael_ealy,165
michael_wayne_thomas,50,rico_e_anderson,41
marlon_wayans,42,mos_def,41
kyle_massey,46,donald_glover,10
cedric_the_entertainer,25,larry_flash_jenkins,37
michael_ealy,86,wyclef_jean,81
tracy_morgan,107,orlando_jones,380
michael_ealy,121,mos_def,11
50_cent,67,mos_def,31
marlon_wayans,63,shemar_moore,63
david_gyasi,45,michael_wayne_thomas,50
aldis_hodge,21,tyler_perry,79
shemar_moore,51,tyler_perry,70
tyler_perry,79,fabrice_eboue,902
orlando_jones,380,larry_flash_jenkins,37
randy_jackson,116,corbin_bleu,744
corbin_bleu,568,steve_mcqueen,100
todd_bridges,43,mos_def,35
tracy_morgan,54,steve_mcqueen,95
andre_gordon,20,cedric_the_entertainer,5
rico_e_anderson,41,david_oyelowo,186
david_alan_grier,66,patrick_j_nicolas,54
fabrice_eboue,957,corbin_bleu,744
wyclef_jean,81,50_cent,55
snoop_dogg,86,todd_bridges,9
aldis_hodge,28,rico_e_anderson,41
snoop_dogg,56,wyclef_jean,58
michael_ealy,170,todd_bridges,43
corbin_bleu,568,michael_ealy,155
todd_bridges,9,tracy_morgan,22
rico_e_anderson,41,aldis_hodge,26
rico_e_anderson,41,michael_wayne_thomas,50
michael_wayne_thomas,50,andre_braugher,85
orlando_jones,380,tracy_morgan,22
rico_e_anderson,41,romany_malco,77
marlon_wayans,66,michael_ealy,155
patrick_j_nicolas,40,tyler_perry,103
snoop_dogg,83,fabrice_eboue,940
michael_ealy,37,donald_glover,106
aldis_hodge,21,patrick_j_nicolas,11
todd_bridges,43,david_oyelowo,247
tyler_perry,94,david_alan_grier,105
david_gyasi,45,tyler_perry,94
orlando_jones,380,xzibit,5
michael_ealy,165,david_oyelowo,186
aldis_hodge,28,larry_flash_jenkins,46
aldis_hodge,31,donald_glover,114
mos_def,38,marlon_wayans,63
michael_wayne_thomas,25,dwayne_boyd,25
andre_gordon,20,tyler_perry,44
steve_mcqueen,16,randy_jackson,161
wyclef_jean,81,tracy_morgan,30
david_alan_grier,65,michael_ealy,48
snoop_dogg,158,michael_wayne_thomas,12
corbin_bleu,568,romany_malco,58
patrick_j_nicolas,40,aldis_hodge,40
patrick_j_nicolas,15,donald_glover,8
chi_mcbride,10,romany_malco,57
steve_mcqueen,100,tyler_perry,44
tyler_perry,53,xzibit,5
andre_gordon,20,tyler_perry,44
anthony_anderson,9,dwayne_boyd,32
aldis_hodge,21,david_gyasi,45
mos_def,29,kyle_massey,25
donald_glover,102,michael_ealy,48
50_cent,104,cedric_the_entertainer,25
randy_jackson,116,corbin_bleu,568
mos_def,31,snoop_dogg,56
larry_flash_jenkins,21,anthony_anderson,55
david_gyasi,13,tracy_morgan,30
steve_mcqueen,73,randy_jackson,116
cedric_the_entertainer,5,david_gyasi,33
kyle_massey,24,andre_gordon,20
steve_mcqueen,14,marlon_wayans,63
michael_wayne_thomas,50,dwayne_boyd,30
tyler_perry,103,randy_jackson,142
david_oyelowo,186,xzibit,11
larry_flash_jenkins,46,tyler_perry,53
mos_def,11,orlando_jones,380
50_cent,67,donald_glover,118
david_alan_grier,65,cedric_the_entertainer,5
anthony_anderson,9,shemar_moore,26
andre_braugher,21,patrick_j_nicolas,12
david_oyelowo,186,steve_mcqueen,14
michael_ealy,87,mos_def,41
tracy_morgan,54,david_gyasi,45
wyclef_jean,81,larry_flash_jenkins,42
cedric_the_entertainer,25,david_oyelowo,186
david_oyelowo,186,xzibit,11
marlon_wayans,79,wyclef_jean,81
cedric_the_entertainer,25,andre_gordon,20
todd_bridges,10,romany_malco,84
romany_malco,20,orlando_jones,380
chi_mcbride,19,orlando_jones,380
anthony_anderson,5,xzibit,5
aldis_hodge,4,michael_wayne_thomas,25
anthony_anderson,33,50_cent,20
anthony_anderson,55,david_alan_grier,50
larry_flash_jenkins,21,tracy_morgan,22
steve_mcqueen,97,rico_e_anderson,41
michael_wayne_thomas,23,shemar_moore,26
orlando_jones,380,aldis_hodge,21
rico_e_anderson,41,fabrice_eboue,903
aldis_hodge,26,corbin_bleu,744
rico_e_anderson,41,shemar_moore,20
cedric_the_entertainer,25,kyle_massey,8
andre_braugher,85,anthony_anderson,67
tracy_morgan,107,michael_ealy,87
cedric_the_entertainer,25,todd_bridges,43
aldis_hodge,21,wyclef_jean,51
donald_glover,118,chi_mcbride,10
tracy_morgan,29,fabrice_eboue,960
andre_braugher,1,cedric_the_entertainer,5
michael_wayne_thomas,29,david_oyelowo,9
anthony_anderson,98,david_oyelowo,9
marlon_wayans,42,50_cent,67
anthony_anderson,55,fabrice_eboue,942
patrick_j_nicolas,54,michael_ealy,165
shemar_moore,20,andre_gordon,20
cedric_the_entertainer,5,michael_ealy,155
andre_braugher,31,michael_ealy,48
anthony_anderson,98,aldis_hodge,4
mos_def,11,patrick_j_nicolas,11
orlando_jones,380,larry_flash_jenkins,21
orlando_jones,380,snoop_dogg,83
tyler_perry,94,shemar_moore,20
michael_ealy,170,wyclef_jean,81
steve_mcqueen,4,snoop_dogg,86
marlon_wayans,66,xzibit,11
david_gyasi,45,orlando_jones,380
50_cent,25,michael_ealy,86
mos_def,46,shemar_moore,26
andre_gordon,20,romany_malco,79
snoop_dogg,127,corbin_bleu,744
marlon_wayans,63,chi_mcbride,19
wyclef_jean,51,chi_mcbride,19
chi_mcbride,10,romany_malco,57
aldis_hodge,31,anthony_anderson,67
patrick_j_nicolas,40,randy_jackson,85
david_oyelowo,186,shemar_moore,63
romany_malco,6,orlando_jones,380
michael_ealy,48,michael_wayne_thomas,25
michael_ealy,121,david_alan_grier,38
shemar_moore,15,wyclef_jean,81
andre_gordon,20,randy_jackson,116
patrick_j_nicolas,12,corbin_bleu,744
xzibit,5,snoop_dogg,127
xzibit,12,marlon_wayans,79
andre_braugher,13,michael_wayne_thomas,25
anthony_anderson,67,snoop_dogg,158
xzibit,11,corbin_bleu,568
50_cent,67,todd_bridges,9
todd_bridges,9,50_cent,67
anthony_anderson,9,marlon_wayans,79
rico_e_anderson,41,tyler_perry,103
kyle_massey,25,tracy_morgan,54
chi_mcbride,19,andre_gordon,20
corbin_bleu,568,tracy_morgan,53
andre_braugher,31,aldis_hodge,28
50_cent,104,cedric_the_entertainer,25
randy_jackson,168,corbin_bleu,568
50_cent,67,todd_bridges,15
donald_glover,102,xzibit,11
rico_e_anderson,41,tracy_morgan,13
steve_mcqueen,97,tyler_perry,44
steve_mcqueen,14,wyclef_jean,51
david_oyelowo,247,donald_glover,95
mos_def,31,corbin_bleu,568
50_cent,20,david_gyasi,42
david_oyelowo,9,todd_bridges,15
wyclef_jean,56,kyle_massey,25
tracy_morgan,190,michael_ealy,37
chi_mcbride,10,david_oyelowo,186
michael_ealy,170,michael_wayne_thomas,29
aldis_hodge,40,cedric_the_entertainer,5
patrick_j_nicolas,12,shemar_moore,15
fabrice_eboue,904,snoop_dogg,56
andre_braugher,21,david_gyasi,45
andre_braugher,31,anthony_anderson,98
david_oyelowo,247,andre_gordon,20
larry_flash_jenkins,21,tracy_morgan,29
rico_e_anderson,41,patrick_j_nicolas,54
chi_mcbride,10,orlando_jones,380
todd_bridges,9,romany_malco,58
snoop_dogg,158,david_gyasi,45
randy_jackson,139,shemar_moore,51
andre_gordon,20,david_alan_grier,38
romany_malco,77,xzibit,5
david_gyasi,33,andre_gordon,20
orlando_jones,380,michael_ealy,37
aldis_hodge,25,romany_malco,6
todd_bridges,10,tracy_morgan,130
wyclef_jean,81,chi_mcbride,10
michael_wayne_thomas,12,corbin_bleu,568
50_cent,67,steve_mcqueen,73
michael_wayne_thomas,25,xzibit,5
kyle_massey,8,aldis_hodge,25
steve_mcqueen,16,andre_gordon,20
snoop_dogg,158,50_cent,73
wyclef_jean,68,andre_braugher,21
larry_flash_jenkins,42,tyler_perry,94
50_cent,55,michael_wayne_thomas,29
andre_gordon,20,orlando_jones,380
marlon_wayans,42,tyler_perry,53
wyclef_jean,56,aldis_hodge,31
steve_mcqueen,73,marlon_wayans,42
dwayne_boyd,25,50_cent,55
andre_gordon,20,corbin_bleu,744
patrick_j_nicolas,40,mos_def,29
xzibit,12,50_cent,55
donald_glover,102,wyclef_jean,51
romany_malco,79,david_oyelowo,9
xzibit,5,orlando_jones,380
david_oyelowo,186,randy_jackson,139
donald_glover,106,50_cent,104
david_alan_grier,20,rico_e_anderson,41
rico_e_anderson,41,andre_gordon,20
patrick_j_nicolas,15,david_oyelowo,186
cedric_the_entertainer,25,todd_bridges,15
50_cent,20,rico_e_anderson,41
corbin_bleu,568,michael_ealy,37
randy_jackson,142,cedric_the_entertainer,5
david_alan_grier,105,aldis_hodge,4
wyclef_jean,51,marlon_wayans,66
rico_e_anderson,41,anthony_anderson,33
fabrice_eboue,960,david_gyasi,45
david_gyasi,42,romany_malco,77
kyle_massey,25,xzibit,12
dwayne_boyd,28,andre_braugher,85
rico_e_anderson,41,donald_glover,8
romany_malco,57,andre_gordon,20
dwayne_boyd,25,snoop_dogg,127
cedric_the_entertainer,25,david_gyasi,13
fabrice_eboue,913,tyler_perry,94
mos_def,29,cedric_the_entertainer,25
anthony_anderson,33,kyle_massey,25
michael_wayne_thomas,29,dwayne_boyd,32
fabrice_eboue,941,steve_mcqueen,16
cedric_the_entertainer,25,mos_def,41
michael_ealy,165,rico_e_anderson,41
rico_e_anderson,41,andre_braugher,1
michael_wayne_thomas,23,romany_malco,16
todd_bridges,43,tyler_perry,53
larry_flash_jenkins,37,andre_braugher,13
50_cent,25,michael_ealy,87
larry_flash_jenkins,37,kyle_massey,8
romany_malco,20,50_cent,55
aldis_hodge,31,david_gyasi,13
marlon_wayans,42,50_cent,55
larry_flash_jenkins,46,steve_mcqueen,95
xzibit,11,mos_def,11
wyclef_jean,68,david_gyasi,13
david_oyelowo,186,tracy_morgan,59
xzibit,11,snoop_dogg,83
snoop_dogg,56,xzibit,11
fabrice_eboue,913,wyclef_jean,81
andre_gordon,20,david_gyasi,33
andre_braugher,1,tracy_morgan,13
david_oyelowo,186,michael_wayne_thomas,29
andre_gordon,20,tracy_morgan,13
shemar_moore,15,david_alan_grier,20
xzibit,5,snoop_dogg,127
tracy_morgan,88,donald_glover,10
steve_mcqueen,4,romany_malco,6
romany_malco,79,shemar_moore,63
anthony_anderson,33,david_oyelowo,247
andre_gordon,20,mos_def,31
david_oyelowo,186,michael_ealy,155
xzibit,11,aldis_hodge,32
anthony_anderson,55,todd_bridges,10
david_oyelowo,9,michael_wayne_thomas,50
tracy_morgan,11,todd_bridges,10
corbin_bleu,568,andre_braugher,66
fabrice_eboue,901,marlon_wayans,66
marlon_wayans,42,tracy_morgan,190
michael_ealy,87,larry_flash_jenkins,42
snoop_dogg,158,orlando_jones,380
tracy_morgan,54,david_alan_grier,20
donald_glover,95,chi_mcbride,10
xzibit,11,aldis_hodge,28
snoop_dogg,56,mos_def,31
tyler_perry,53,mos_def,41
aldis_hodge,32,wyclef_jean,51
fabrice_eboue,906,todd_bridges,15
larry_flash_jenkins,21,todd_bridges,10
snoop_dogg,56,wyclef_jean,58
cedric_the_entertainer,25,patrick_j_nicolas,40
chi_mcbride,19,larry_flash_jenkins,37
anthony_anderson,98,michael_wayne_thomas,23
corbin_bleu,744,tyler_perry,79
david_alan_grier,65,michael_ealy,121
marlon_wayans,63,larry_flash_jenkins,21
wyclef_jean,68,david_oyelowo,9
andre_braugher,85,randy_jackson,161
snoop_dogg,83,steve_mcqueen,4
mos_def,35,50_cent,73
michael_ealy,121,shemar_moore,15
corbin_bleu,744,patrick_j_nicolas,40
michael_wayne_thomas,29,snoop_dogg,83
corbin_bleu,744,wyclef_jean,68
patrick_j_nicolas,15,david_alan_grier,50
mos_def,31,david_gyasi,42
steve_mcqueen,97,shemar_moore,20
donald_glover,118,andre_gordon,20
david_alan_grier,65,snoop_dogg,158
michael_ealy,165,andre_braugher,85
aldis_hodge,26,chi_mcbride,19
chi_mcbride,10,kyle_massey,25
kyle_massey,51,snoop_dogg,158
fabrice_eboue,905,larry_flash_jenkins,37
romany_malco,20,david_alan_grier,50
marlon_wayans,79,steve_mcqueen,14
snoop_dogg,56,steve_mcqueen,4
kyle_massey,25,rico_e_anderson,41
wyclef_jean,81,michael_ealy,37
mos_def,35,dwayne_boyd,27
mos_def,35,david_oyelowo,9
tyler_perry,103,kyle_massey,24
50_cent,20,shemar_moore,15
anthony_anderson,98,david_gyasi,45
snoop_dogg,127,michael_wayne_thomas,12
steve_mcqueen,36,anthony_anderson,55
andre_braugher,1,cedric_the_entertainer,5
chi_mcbride,19,steve_mcqueen,73
orlando_jones,380,mos_def,31
larry_flash_jenkins,21,andre_braugher,1
tyler_perry,79,michael_ealy,86
wyclef_jean,56,mos_def,46
50_cent,25,orlando_jones,380
patrick_j_nicolas,40,xzibit,12
dwayne_boyd,59,andre_gordon,20
david_oyelowo,186,chi_mcbride,19
rico_e_anderson,41,shemar_moore,15
todd_bridges,43,andre_gordon,20
corbin_bleu,568,wyclef_jean,56
marlon_wayans,63,50_cent,55
andre_braugher,31,aldis_hodge,25
donald_glover,118,david_gyasi,45
marlon_wayans,66,larry_flash_jenkins,42
snoop_dogg,83,patrick_j_nicolas,40
randy_jackson,143,andre_gordon,20
michael_wayne_thomas,29,wyclef_jean,58
cedric_the_entertainer,5,snoop_dogg,83
xzibit,12,rico_e_anderson,41
dwayne_boyd,54,wyclef_jean,58
wyclef_jean,81,orlando_jones,380
andre_gordon,20,marlon_wayans,66
orlando_jones,380,david_oyelowo,9
andre_gordon,20,chi_mcbride,19
kyle_massey,51,aldis_hodge,21
david_alan_grier,65,wyclef_jean,58
michael_wayne_thomas,23,kyle_massey,51
david_gyasi,42,mos_def,41
tracy_morgan,59,steve_mcqueen,36
andre_gordon,20,michael_wayne_thomas,29
david_alan_grier,105,marlon_wayans,79
michael_ealy,86,tyler_perry,103
xzibit,12,fabrice_eboue,930
chi_mcbride,19,50_cent,67
anthony_anderson,5,aldis_hodge,31
michael_wayne_thomas,50,donald_glover,122
david_oyelowo,9,larry_flash_jenkins,46
marlon_wayans,42,david_alan_grier,38
xzibit,11,david_alan_grier,50
xzibit,12,randy_jackson,161
andre_gordon,20,donald_glover,122
anthony_anderson,17,50_cent,104
rico_e_anderson,41,tyler_perry,70
marlon_wayans,66,kyle_massey,51
randy_jackson,143,romany_malco,16
david_gyasi,42,kyle_massey,12
marlon_wayans,42,michael_ealy,170
aldis_hodge,4,xzibit,11
fabrice_eboue,922,anthony_anderson,55
patrick_j_nicolas,12,michael_wayne_thomas,25
todd_bridges,15,michael_ealy,37
tyler_perry,103,fabrice_eboue,904
david_gyasi,13,david_oyelowo,247
chi_mcbride,10,anthony_anderson,33
mos_def,11,david_gyasi,13
orlando_jones,380,marlon_wayans,79
xzibit,11,fabrice_eboue,957
andre_gordon,20,wyclef_jean,58
aldis_hodge,4,todd_bridges,15
aldis_hodge,40,shemar_moore,51
fabrice_eboue,957,donald_glover,114
donald_glover,95,marlon_wayans,63
steve_mcqueen,97,patrick_j_nicolas,12
50_cent,73,wyclef_jean,81
andre_gordon,20,marlon_wayans,42
tyler_perry,94,xzibit,12
larry_flash_jenkins,46,todd_bridges,43
patrick_j_nicolas,12,david_oyelowo,247
steve_mcqueen,95,dwayne_boyd,27
mos_def,31,rico_e_anderson,41
chi_mcbride,19,kyle_massey,25
david_gyasi,45,david_oyelowo,9
aldis_hodge,28,chi_mcbride,19
chi_mcbride,19,orlando_jones,380
tyler_perry,79,michael_wayne_thomas,50
wyclef_jean,58,chi_mcbride,19
kyle_massey,12,dwayne_boyd,27
todd_bridges,9,kyle_massey,51
fabrice_eboue,960,mos_def,31
romany_malco,84,anthony_anderson,98
steve_mcqueen,97,chi_mcbride,19
rico_e_anderson,41,andre_gordon,20
aldis_hodge,40,andre_braugher,31
steve_mcqueen,73,mos_def,46
tracy_morgan,190,andre_gordon,20
randy_jackson,119,corbin_bleu,744
kyle_massey,51,xzibit,5
snoop_dogg,56,dwayne_boyd,25
patrick_j_nicolas,40,fabrice_eboue,942
fabrice_eboue,957,david_oyelowo,247
david_oyelowo,186,wyclef_jean,68
donald_glover,122,shemar_moore,63
tyler_perry,53,orlando_jones,380
anthony_anderson,9,randy_jackson,142
fabrice_eboue,905,wyclef_jean,51
todd_bridges,43,orlando_jones,380
chi_mcbride,19,mos_def,31
michael_ealy,165,corbin_bleu,744
orlando_jones,380,romany_malco,55
dwayne_boyd,25,michael_ealy,86
wyclef_jean,51,todd_bridges,15
todd_bridges,43,kyle_massey,46
patrick_j_nicolas,40,50_cent,20
orlando_jones,380,corbin_bleu,744
cedric_the_entertainer,5,corbin_bleu,568
cedric_the_entertainer,25,steve_mcqueen,14
aldis_hodge,26,tyler_perry,94
chi_mcbride,19,michael_ealy,155
snoop_dogg,56,steve_mcqueen,95
shemar_moore,51,tracy_morgan,190
50_cent,104,cedric_the_entertainer,25
andre_gordon,20,michael_ealy,121
50_cent,20,cedric_the_entertainer,5
shemar_moore,26,rico_e_anderson,41
romany_malco,77,mos_def,31
snoop_dogg,86,shemar_moore,51
dwayne_boyd,59,david_alan_grier,65
mos_def,46,cedric_the_entertainer,5
patrick_j_nicolas,40,50_cent,73
orlando_jones,380,aldis_hodge,21
larry_flash_jenkins,42,andre_gordon,20
donald_glover,102,corbin_bleu,744
aldis_hodge,16,snoop_dogg,127
patrick_j_nicolas,40,kyle_massey,12
50_cent,25,orlando_jones,380
david_oyelowo,186,50_cent,104
anthony_anderson,9,snoop_dogg,158
dwayne_boyd,55,andre_gordon,20
randy_jackson,161,andre_gordon,20
andre_gordon,20,steve_mcqueen,6
shemar_moore,20,andre_gordon,20
tracy_morgan,53,andre_gordon,20
michael_ealy,48,corbin_bleu,744
tyler_perry,94,todd_bridges,43
dwayne_boyd,32,chi_mcbride,19
todd_bridges,43,andre_braugher,85
andre_gordon,20,tracy_morgan,107
snoop_dogg,83,anthony_anderson,9
xzibit,5,kyle_massey,46
wyclef_jean,68,mos_def,35
xzibit,11,david_gyasi,33
tracy_morgan,107,randy_jackson,146
shemar_moore,20,steve_mcqueen,97
marlon_wayans,63,xzibit,12
kyle_massey,8,50_cent,73
todd_bridges,15,anthony_anderson,17
wyclef_jean,81,patrick_j_nicolas,15
aldis_hodge,21,corbin_bleu,568
romany_malco,20,todd_bridges,9
anthony_anderson,33,orlando_jones,380
anthony_anderson,5,michael_ealy,86
donald_glover,114,michael_wayne_thomas,25
corbin_bleu,744,larry_flash_jenkins,21
snoop_dogg,56,orlando_jones,380
david_oyelowo,247,fabrice_eboue,904
rico_e_anderson,41,snoop_dogg,127
cedric_the_entertainer,5,kyle_massey,51
anthony_anderson,5,rico_e_anderson,41
larry_flash_jenkins,21,romany_malco,6
michael_ealy,37,todd_bridges,15
steve_mcqueen,36,mos_def,38
marlon_wayans,66,andre_gordon,20
patrick_j_nicolas,54,chi_mcbride,10
marlon_wayans,79,david_gyasi,13
anthony_anderson,33,david_oyelowo,247
andre_gordon,20,aldis_hodge,4
steve_mcqueen,36,anthony_anderson,17
cedric_the_entertainer,25,steve_mcqueen,95
chi_mcbride,19,tyler_perry,103
david_gyasi,33,michael_ealy,37
snoop_dogg,56,tyler_perry,94
aldis_hodge,32,patrick_j_nicolas,15
david_gyasi,13,michael_ealy,121
tyler_perry,103,wyclef_jean,81
orlando_jones,380,tyler_perry,70
50_cent,25,andre_braugher,1
dwayne_boyd,54,cedric_the_entertainer,5
snoop_dogg,127,cedric_the_entertainer,25
steve_mcqueen,14,donald_glover,102
mos_def,35,tracy_morgan,30
chi_mcbride,19,michael_ealy,87
donald_glover,10,rico_e_anderson,41
cedric_the_entertainer,5,50_cent,67
kyle_massey,24,fabrice_eboue,905
david_gyasi,45,todd_bridges,43
andre_gordon,20,orlando_jones,380
steve_mcqueen,14,xzibit,5
rico_e_anderson,41,marlon_wayans,66
marlon_wayans,42,donald_glover,95
50_cent,20,corbin_bleu,744
patrick_j_nicolas,40,tyler_perry,94
michael_ealy,155,chi_mcbride,10
fabrice_eboue,941,rico_e_anderson,41
david_oyelowo,186,fabrice_eboue,941
50_cent,25,xzibit,12
wyclef_jean,51,larry_flash_jenkins,46
orlando_jones,380,david_oyelowo,9
kyle_massey,24,david_gyasi,33
marlon_wayans,42,david_gyasi,33
randy_jackson,146,tyler_perry,70
steve_mcqueen,100,david_oyelowo,9
wyclef_jean,56,dwayne_boyd,54
aldis_hodge,28,50_cent,104
marlon_wayans,66,orlando_jones,380
mos_def,38,david_oyelowo,186
andre_braugher,85,tyler_perry,94
david_oyelowo,9,romany_malco,57
randy_jackson,119,todd_bridges,10
todd_bridges,43,aldis_hodge,40
rico_e_anderson,41,xzibit,12
fabrice_eboue,901,romany_malco,79
andre_gordon,20,rico_e_anderson,41
david_alan_grier,38,snoop_dogg,83
cedric_the_entertainer,25,snoop_dogg,86
aldis_hodge,16,anthony_anderson,17
dwayne_boyd,59,david_alan_grier,105
aldis_hodge,25,fabrice_eboue,904
michael_wayne_thomas,29,todd_bridges,15
romany_malco,58,xzibit,5
wyclef_jean,56,cedric_the_entertainer,25
tyler_perry,94,50_cent,20
patrick_j_nicolas,54,larry_flash_jenkins,37
anthony_anderson,67,donald_glover,80
kyle_massey,24,romany_malco,77
rico_e_anderson,41,dwayne_boyd,55
michael_ealy,155,michael_wayne_thomas,12
david_oyelowo,186,orlando_jones,380
david_oyelowo,9,david_gyasi,33
michael_ealy,121,snoop_dogg,86
david_alan_grier,20,romany_malco,46
andre_gordon,20,todd_bridges,43
andre_braugher,66,steve_mcqueen,16
marlon_wayans,42,patrick_j_nicolas,11
romany_malco,79,dwayne_boyd,28
david_gyasi,45,anthony_anderson,9
romany_malco,55,50_cent,104
donald_glover,122,wyclef_jean,58
wyclef_jean,51,chi_mcbride,10
snoop_dogg,56,dwayne_boyd,54
romany_malco,58,patrick_j_nicolas,12
orlando_jones,380,andre_braugher,66
mos_def,29,anthony_anderson,9
orlando_jones,380,david_oyelowo,247
xzibit,5,romany_malco,79
anthony_anderson,5,cedric_the_entertainer,25
chi_mcbride,10,michael_wayne_thomas,23
shemar_moore,20,aldis_hodge,28
xzibit,12,aldis_hodge,26
xzibit,11,michael_wayne_thomas,25
fabrice_eboue,905,wyclef_jean,51
dwayne_boyd,55,donald_glover,118
wyclef_jean,56,snoop_dogg,158
kyle_massey,51,anthony_anderson,55
anthony_anderson,5,xzibit,11
kyle_massey,24,xzibit,12
larry_flash_jenkins,46,andre_braugher,66
wyclef_jean,68,patrick_j_nicolas,54
marlon_wayans,42,donald_glover,122
corbin_bleu,568,andre_braugher,66
tyler_perry,79,michael_ealy,86
cedric_the_entertainer,5,kyle_massey,8
david_oyelowo,186,romany_malco,84
todd_bridges,43,mos_def,11
fabrice_eboue,905,andre_gordon,20
chi_mcbride,10,david_alan_grier,65
corbin_bleu,568,todd_bridges,15
donald_glover,80,larry_flash_jenkins,46
orlando_jones,380,cedric_the_entertainer,25
david_oyelowo,186,aldis_hodge,21
aldis_hodge,16,marlon_wayans,79
randy_jackson,161,david_alan_grier,38
shemar_moore,63,cedric_the_entertainer,5
50_cent,25,randy_jackson,116
andre_braugher,1,aldis_hodge,31
donald_glover,10,orlando_jones,380
shemar_moore,20,david_oyelowo,9
aldis_hodge,21,anthony_anderson,67
todd_bridges,10,andre_braugher,1
cedric_the_entertainer,5,mos_def,11
michael_ealy,165,romany_malco,16
larry_flash_jenkins,21,shemar_moore,51
wyclef_jean,68,david_gyasi,33
andre_braugher,21,michael_wayne_thomas,12
50_cent,104,steve_mcqueen,16
randy_jackson,139,kyle_massey,12
rico_e_anderson,41,aldis_hodge,28
donald_glover,80,snoop_dogg,86
anthony_anderson,17,andre_braugher,66
michael_ealy,48,romany_malco,77
larry_flash_jenkins,42,andre_braugher,85
anthony_anderson,5,patrick_j_nicolas,12
kyle_massey,8,david_alan_grier,66
shemar_moore,20,todd_bridges,9
david_gyasi,13,michael_wayne_thomas,29
mos_def,41,cedric_the_entertainer,5
patrick_j_nicolas,40,snoop_dogg,86
larry_flash_jenkins,37,andre_gordon,20
kyle_massey,25,rico_e_anderson,41
dwayne_boyd,27,kyle_massey,46
orlando_jones,380,xzibit,12
50_cent,73,aldis_hodge,25
chi_mcbride,10,shemar_moore,51
wyclef_jean,51,rico_e_anderson,41
mos_def,38,steve_mcqueen,16
corbin_bleu,744,michael_ealy,155
50_cent,25,aldis_hodge,25
rico_e_anderson,41,xzibit,11
michael_wayne_thomas,12,david_oyelowo,9
xzibit,12,chi_mcbride,10
david_alan_grier,38,fabrice_eboue,901
chi_mcbride,19,romany_malco,16
50_cent,104,shemar_moore,15
corbin_bleu,744,wyclef_jean,51
tracy_morgan,13,patrick_j_nicolas,54
david_oyelowo,186,romany_malco,77
randy_jackson,142,aldis_hodge,28
chi_mcbride,10,shemar_moore,20
xzibit,5,michael_wayne_thomas,50
steve_mcqueen,95,randy_jackson,168
wyclef_jean,51,david_oyelowo,9
50_cent,73,marlon_wayans,79
cedric_the_entertainer,5,aldis_hodge,28
patrick_j_nicolas,15,kyle_massey,25
romany_malco,16,michael_wayne_thomas,25
michael_wayne_thomas,29,david_gyasi,13
todd_bridges,15,michael_wayne_thomas,23
anthony_anderson,17,michael_wayne_thomas,50
rico_e_anderson,41,randy_jackson,168
andre_gordon,20,david_gyasi,45
randy_jackson,161,mos_def,29
orlando_jones,380,steve_mcqueen,14
todd_bridges,15,david_alan_grier,38
snoop_dogg,56,cedric_the_entertainer,5
david_oyelowo,186,marlon_wayans,42
corbin_bleu,744,marlon_wayans,66
todd_bridges,10,andre_braugher,13
snoop_dogg,127,50_cent,55
corbin_bleu,568,wyclef_jean,68
50_cent,25,david_oyelowo,186
david_oyelowo,186,patrick_j_nicolas,12
cedric_the_entertainer,25,dwayne_boyd,27
todd_bridges,10,snoop_dogg,83
aldis_hodge,25,randy_jackson,116
wyclef_jean,58,rico_e_anderson,41
chi_mcbride,10,romany_malco,77
andre_braugher,66,randy_jackson,142
david_oyelowo,186,corbin_bleu,568
fabrice_eboue,904,shemar_moore,15
david_oyelowo,247,steve_mcqueen,73
steve_mcqueen,14,chi_mcbride,10
romany_malco,58,michael_wayne_thomas,25
snoop_dogg,127,tyler_perry,70
tracy_morgan,54,randy_jackson,119
patrick_j_nicolas,54,andre_gordon,20
randy_jackson,116,andre_gordon,20
larry_flash_jenkins,42,david_gyasi,45
50_cent,73,david_oyelowo,186
corbin_bleu,568,50_cent,73
randy_jackson,116,patrick_j_nicolas,15
larry_flash_jenkins,42,david_gyasi,42
david_gyasi,33,50_cent,25
snoop_dogg,158,patrick_j_nicolas,11
corbin_bleu,744,andre_braugher,13
fabrice_eboue,940,andre_braugher,13
50_cent,67,steve_mcqueen,16
50_cent,20,kyle_massey,12
michael_wayne_thomas,12,aldis_hodge,28
tyler_perry,79,tracy_morgan,107
david_gyasi,13,anthony_anderson,67
aldis_hodge,4,patrick_j_nicolas,40
chi_mcbride,10,tracy_morgan,107
randy_jackson,142,wyclef_jean,58
randy_jackson,85,michael_ealy,165
corbin_bleu,568,mos_def,38
tracy_morgan,59,steve_mcqueen,16
mos_def,11,larry_flash_jenkins,42
rico_e_anderson,41,snoop_dogg,127
orlando_jones,380,tracy_morgan,107
romany_malco,58,donald_glover,95
david_oyelowo,9,tyler_perry,53
marlon_wayans,79,kyle_massey,8
dwayne_boyd,25,cedric_the_entertainer,25
snoop_dogg,86,shemar_moore,15
marlon_wayans,63,anthony_anderson,17
dwayne_boyd,59,aldis_hodge,28
kyle_massey,46,david_gyasi,45
romany_malco,58,cedric_the_entertainer,5
randy_jackson,116,cedric_the_entertainer,25
50_cent,104,david_oyelowo,186
donald_glover,114,larry_flash_jenkins,37
todd_bridges,10,marlon_wayans,79
larry_flash_jenkins,21,andre_braugher,13
anthony_anderson,9,marlon_wayans,66
anthony_anderson,17,dwayne_boyd,59
corbin_bleu,568,steve_mcqueen,95
corbin_bleu,568,anthony_anderson,67
michael_wayne_thomas,29,tracy_morgan,22
aldis_hodge,21,todd_bridges,15
tracy_morgan,190,tyler_perry,53
randy_jackson,116,mos_def,31
orlando_jones,380,randy_jackson,142
todd_bridges,9,dwayne_boyd,27
shemar_moore,63,xzibit,11
donald_glover,114,shemar_moore,20
tyler_perry,44,aldis_hodge,32
michael_ealy,87,kyle_massey,8
corbin_bleu,744,mos_def,35
xzibit,11,chi_mcbride,19
steve_mcqueen,100,50_cent,73
andre_gordon,20,marlon_wayans,42
david_alan_grier,50,michael_wayne_thomas,29
donald_glover,114,david_oyelowo,9
tracy_morgan,30,fabrice_eboue,942
andre_braugher,13,tracy_morgan,190
steve_mcqueen,6,dwayne_boyd,32
dwayne_boyd,60,cedric_the_entertainer,5
dwayne_boyd,28,todd_bridges,10
dwayne_boyd,32,50_cent,55
50_cent,20,kyle_massey,51
kyle_massey,46,michael_ealy,48
cedric_the_entertainer,25,shemar_moore,51
snoop_dogg,158,marlon_wayans,63
tyler_perry,94,dwayne_boyd,55
chi_mcbride,10,fabrice_eboue,960
david_alan_grier,105,david_oyelowo,186
chi_mcbride,19,anthony_anderson,17
fabrice_eboue,941,donald_glover,122
larry_flash_jenkins,37,andre_braugher,1
dwayne_boyd,59,shemar_moore,15
snoop_dogg,83,andre_gordon,20
xzibit,5,mos_def,41
tyler_perry,79,tracy_morgan,11
david_gyasi,45,xzibit,11
50_cent,25,tyler_perry,79
marlon_wayans,42,xzibit,5
patrick_j_nicolas,12,aldis_hodge,16
snoop_dogg,158,tyler_perry,44
donald_glover,95,xzibit,11
kyle_massey,51,patrick_j_nicolas,54
kyle_massey,46,andre_gordon,20
donald_glover,122,todd_bridges,9
michael_ealy,155,steve_mcqueen,16
orlando_jones,380,larry_flash_jenkins,37
larry_flash_jenkins,21,donald_glover,118
david_oyelowo,247,mos_def,35
chi_mcbride,19,cedric_the_entertainer,25
david_oyelowo,9,kyle_massey,51
romany_malco,79,wyclef_jean,51
anthony_anderson,33,michael_ealy,170
andre_braugher,21,cedric_the_entertainer,5
david_gyasi,42,50_cent,55
todd_bridges,10,chi_mcbride,10
dwayne_boyd,28,snoop_dogg,86
todd_bridges,15,mos_def,35
donald_glover,118,fabrice_eboue,954
anthony_anderson,9,tyler_perry,53
todd_bridges,43,tracy_morgan,11
snoop_dogg,158,dwayne_boyd,54
anthony_anderson,33,larry_flash_jenkins,21
steve_mcqueen,97,rico_e_anderson,41
anthony_anderson,55,snoop_dogg,158
marlon_wayans,79,kyle_massey,25
larry_flash_jenkins,42,tyler_perry,79
cedric_the_entertainer,25,xzibit,11
kyle_massey,25,patrick_j_nicolas,40
tyler_perry,94,wyclef_jean,58
david_alan_grier,50,michael_ealy,87
snoop_dogg,158,anthony_anderson,67
xzibit,11,dwayne_boyd,32
mos_def,29,david_oyelowo,247
romany_malco,55,andre_braugher,13
michael_ealy,37,orlando_jones,380
randy_jackson,161,romany_malco,6
david_gyasi,45,corbin_bleu,568
patrick_j_nicolas,40,anthony_anderson,98
chi_mcbride,10,50_cent,67
snoop_dogg,83,fabrice_eboue,930
50_cent,73,kyle_massey,51
aldis_hodge,21,mos_def,35
marlon_wayans,63,cedric_the_entertainer,25
50_cent,104,xzibit,11
orlando_jones,380,corbin_bleu,744
chi_mcbride,10,tracy_morgan,59
xzibit,12,fabrice_eboue,913
cedric_the_entertainer,5,larry_flash_jenkins,42
andre_braugher,85,david_oyelowo,186
rico_e_anderson,41,michael_wayne_thomas,25
andre_braugher,31,anthony_anderson,17
todd_bridges,15,rico_e_anderson,41
tyler_perry,94,mos_def,35
fabrice_eboue,903,david_gyasi,13
wyclef_jean,58,50_cent,67
andre_gordon,20,patrick_j_nicolas,40
fabrice_eboue,904,michael_wayne_thomas,12
shemar_moore,15,50_cent,104
steve_mcqueen,6,romany_malco,58
anthony_anderson,9,patrick_j_nicolas,11
todd_bridges,43,romany_malco,6
david_oyelowo,186,michael_wayne_thomas,25
romany_malco,84,tracy_morgan,13
xzibit,11,cedric_the_entertainer,5
kyle_massey,46,romany_malco,77
patrick_j_nicolas,15,tracy_morgan,190
rico_e_anderson,41,marlon_wayans,42
romany_malco,55,dwayne_boyd,28
snoop_dogg,86,aldis_hodge,21
larry_flash_jenkins,42,david_oyelowo,247
steve_mcqueen,95,shemar_moore,15
corbin_bleu,744,xzibit,11
andre_braugher,1,michael_wayne_thomas,25
aldis_hodge,28,dwayne_boyd,30
mos_def,31,todd_bridges,15
chi_mcbride,19,david_alan_grier,20
larry_flash_jenkins,21,todd_bridges,10
david_oyelowo,9,fabrice_eboue,930
michael_wayne_thomas,12,fabrice_eboue,906
cedric_the_entertainer,25,dwayne_boyd,54
patrick_j_nicolas,54,todd_bridges,9
andre_braugher,13,tyler_perry,70
shemar_moore,63,romany_malco,77
david_alan_grier,20,larry_flash_jenkins,46
fabrice_eboue,941,snoop_dogg,127
dwayne_boyd,27,todd_bridges,15
chi_mcbride,19,andre_gordon,20
larry_flash_jenkins,46,shemar_moore,51
tyler_perry,79,romany_malco,84
rico_e_anderson,41,dwayne_boyd,28
michael_ealy,170,romany_malco,46
tracy_morgan,107,cedric_the_entertainer,25
tyler_perry,70,orlando_jones,380
corbin_bleu,568,david_alan_grier,66
mos_def,31,patrick_j_nicolas,11
david_oyelowo,186,michael_ealy,87
david_alan_grier,66,romany_malco,77
shemar_moore,15,michael_ealy,87
romany_malco,55,wyclef_jean,81
steve_mcqueen,95,xzibit,12
50_cent,73,tyler_perry,79
kyle_massey,24,cedric_the_entertainer,5
larry_flash_jenkins,21,orlando_jones,380
andre_gordon,20,michael_wayne_thomas,25
tracy_morgan,22,michael_ealy,170
andre_gordon,20,todd_bridges,15
mos_def,31,michael_ealy,86
tyler_perry,44,snoop_dogg,56
patrick_j_nicolas,40,marlon_wayans,63
tyler_perry,44,michael_ealy,170
orlando_jones,380,cedric_the_entertainer,5
marlon_wayans,42,romany_malco,46
todd_bridges,9,david_oyelowo,9
orlando_jones,380,snoop_dogg,56
rico_e_anderson,41,wyclef_jean,68
50_cent,55,tyler_perry,44
chi_mcbride,10,dwayne_boyd,28
orlando_jones,380,shemar_moore,63
tyler_perry,103,mos_def,46
shemar_moore,15,larry_flash_jenkins,46
tyler_perry,94,anthony_anderson,33
donald_glover,114,snoop_dogg,127
snoop_dogg,127,anthony_anderson,9
kyle_massey,12,shemar_moore,63
corbin_bleu,568,larry_flash_jenkins,37
david_gyasi,33,snoop_dogg,86
snoop_dogg,56,mos_def,38
marlon_wayans,79,shemar_moore,26
michael_ealy,170,wyclef_jean,51
orlando_jones,380,kyle_massey,24
michael_ealy,121,larry_flash_jenkins,42
michael_wayne_thomas,23,chi_mcbride,10
tracy_morgan,22,romany_malco,6
andre_braugher,85,anthony_anderson,9
larry_flash_jenkins,37,marlon_wayans,42
aldis_hodge,4,david_oyelowo,186
larry_flash_jenkins,42,romany_malco,6
michael_wayne_thomas,29,randy_jackson,168
steve_mcqueen,4,snoop_dogg,56
cedric_the_entertainer,5,david_oyelowo,9
cedric_the_entertainer,5,orlando_jones,380
50_cent,20,michael_ealy,155
tracy_morgan,88,orlando_jones,380
david_gyasi,45,tracy_morgan,88
snoop_dogg,83,cedric_the_entertainer,25
todd_bridges,10,dwayne_boyd,30
larry_flash_jenkins,46,patrick_j_nicolas,54
mos_def,11,david_gyasi,13
michael_ealy,155,marlon_wayans,79
shemar_moore,15,romany_malco,58
donald_glover,8,rico_e_anderson,41
michael_wayne_thomas,12,anthony_anderson,9
anthony_anderson,5,mos_def,41
wyclef_jean,56,larry_flash_jenkins,46
rico_e_anderson,41,david_alan_grier,50
steve_mcqueen,73,rico_e_anderson,41
steve_mcqueen,14,anthony_anderson,98
andre_gordon,20,kyle_massey,51
snoop_dogg,83,tracy_morgan,54
marlon_wayans,42,mos_def,11
xzibit,12,donald_glover,122
corbin_bleu,568,mos_def,46
patrick_j_nicolas,15,fabrice_eboue,929
donald_glover,114,patrick_j_nicolas,12
steve_mcqueen,97,50_cent,104
xzibit,5,cedric_the_entertainer,25
tracy_morgan,13,patrick_j_nicolas,12
marlon_wayans,79,andre_braugher,85
michael_ealy,155,cedric_the_entertainer,5
rico_e_anderson,41,david_alan_grier,20
randy_jackson,142,orlando_jones,380
randy_jackson,119,anthony_anderson,5
shemar_moore,51,aldis_hodge,16
chi_mcbride,19,randy_jackson,139
todd_bridges,15,david_gyasi,33
50_cent,20,kyle_massey,24
michael_ealy,121,romany_malco,46
marlon_wayans,63,michael_ealy,37
orlando_jones,380,marlon_wayans,42
david_oyelowo,9,fabrice_eboue,941
andre_gordon,20,tyler_perry,53
50_cent,104,patrick_j_nicolas,12
aldis_hodge,21,andre_braugher,21
fabrice_eboue,906,donald_glover,114
david_gyasi,42,aldis_hodge,26
rico_e_anderson,41,randy_jackson,119
xzibit,12,mos_def,35
rico_e_anderson,41,romany_malco,77
kyle_massey,46,larry_flash_jenkins,42
fabrice_eboue,901,anthony_anderson,55
randy_jackson,168,cedric_the_entertainer,25
todd_bridges,9,donald_glover,106
tyler_perry,103,donald_glover,122
larry_flash_jenkins,37,todd_bridges,9
anthony_anderson,98,steve_mcqueen,73
michael_wayne_thomas,12,shemar_moore,51
michael_wayne_thomas,29,patrick_j_nicolas,12
orlando_jones,380,romany_malco,6
fabrice_eboue,957,david_oyelowo,9
xzibit,11,todd_bridges,43
patrick_j_nicolas,54,andre_gordon,20
david_alan_grier,65,andre_braugher,21
david_alan_grier,50,andre_braugher,31
andre_gordon,20,tracy_morgan,29
aldis_hodge,25,shemar_moore,63
marlon_wayans,79,tyler_perry,53
david_oyelowo,9,andre_braugher,21
marlon_wayans,42,michael_ealy,170
larry_flash_jenkins,46,chi_mcbride,10
50_cent,20,corbin_bleu,568
andre_gordon,20,dwayne_boyd,59
donald_glover,114,anthony_anderson,55
marlon_wayans,79,david_alan_grier,20
shemar_moore,51,snoop_dogg,86
tyler_perry,44,anthony_anderson,33
kyle_massey,12,randy_jackson,161
patrick_j_nicolas,15,snoop_dogg,83
aldis_hodge,16,larry_flash_jenkins,37
50_cent,104,anthony_anderson,33
cedric_the_entertainer,5,kyle_massey,8
patrick_j_nicolas,54,david_oyelowo,9
andre_gordon,20,wyclef_jean,51
romany_malco,46,michael_ealy,37
romany_malco,55,aldis_hodge,40
larry_flash_jenkins,46,chi_mcbride,19
david_alan_grier,38,fabrice_eboue,930
romany_malco,55,marlon_wayans,79
corbin_bleu,744,andre_braugher,1
shemar_moore,51,andre_gordon,20
larry_flash_jenkins,46,wyclef_jean,81
david_oyelowo,186,anthony_anderson,5
corbin_bleu,568,andre_braugher,31
david_oyelowo,247,aldis_hodge,25
tyler_perry,103,andre_braugher,1
chi_mcbride,10,tracy_morgan,131
randy_jackson,142,shemar_moore,51
steve_mcqueen,100,patrick_j_nicolas,15
tracy_morgan,59,rico_e_anderson,41
kyle_massey,51,shemar_moore,51
orlando_jones,380,michael_ealy,48
aldis_hodge,31,fabrice_eboue,930
shemar_moore,20,orlando_jones,380
andre_braugher,21,50_cent,55
fabrice_eboue,929,dwayne_boyd,30
aldis_hodge,32,marlon_wayans,63
aldis_hodge,4,tracy_morgan,11
aldis_hodge,28,david_gyasi,45
randy_jackson,142,patrick_j_nicolas,40
randy_jackson,146,dwayne_boyd,32
cedric_the_entertainer,5,steve_mcqueen,100
david_alan_grier,20,patrick_j_nicolas,11
tyler_perry,103,david_gyasi,33
andre_gordon,20,dwayne_boyd,60
david_oyelowo,186,cedric_the_entertainer,5
romany_malco,46,kyle_massey,8
andre_gordon,20,marlon_wayans,79
cedric_the_entertainer,5,chi_mcbride,19
xzibit,11,aldis_hodge,25
kyle_massey,25,andre_gordon,20
tracy_morgan,22,tyler_perry,44
chi_mcbride,19,david_alan_grier,20
shemar_moore,15,chi_mcbride,10
tracy_morgan,54,snoop_dogg,83
rico_e_anderson,41,david_alan_grier,50
david_gyasi,45,snoop_dogg,83
todd_bridges,9,corbin_bleu,568
todd_bridges,43,50_cent,73
snoop_dogg,86,steve_mcqueen,95
mos_def,31,chi_mcbride,19
larry_flash_jenkins,42,randy_jackson,146
patrick_j_nicolas,40,dwayne_boyd,32
donald_glover,80,patrick_j_nicolas,15
tracy_morgan,54,todd_bridges,43
tyler_perry,103,kyle_massey,46
rico_e_anderson,41,cedric_the_entertainer,25
andre_braugher,85,kyle_massey,12
larry_flash_jenkins,21,tyler_perry,44
marlon_wayans,66,aldis_hodge,4
todd_bridges,15,anthony_anderson,67
chi_mcbride,10,romany_malco,20
kyle_massey,51,andre_gordon,20
wyclef_jean,58,david_gyasi,45
anthony_anderson,17,cedric_the_entertainer,25
kyle_massey,24,xzibit,5
shemar_moore,63,david_alan_grier,105
aldis_hodge,40,steve_mcqueen,100
xzibit,11,cedric_the_entertainer,25
shemar_moore,20,andre_gordon,20
andre_gordon,20,randy_jackson,168
fabrice_eboue,913,marlon_wayans,66
fabrice_eboue,922,snoop_dogg,86
steve_mcqueen,100,andre_gordon,20
todd_bridges,15,larry_flash_jenkins,46
david_gyasi,42,michael_wayne_thomas,12
steve_mcqueen,95,tracy_morgan,22
chi_mcbride,19,wyclef_jean,56
aldis_hodge,25,snoop_dogg,127
mos_def,38,david_alan_grier,105
dwayne_boyd,55,david_alan_grier,66
larry_flash_jenkins,46,mos_def,11
donald_glover,10,patrick_j_nicolas,40
david_oyelowo,247,andre_braugher,21
randy_jackson,168,marlon_wayans,63
romany_malco,77,david_alan_grier,65
fabrice_eboue,904,kyle_massey,12
patrick_j_nicolas,12,chi_mcbride,19
shemar_moore,26,kyle_massey,8
marlon_wayans,79,chi_mcbride,19
marlon_wayans,79,tracy_morgan,53
donald_glover,102,david_alan_grier,65
shemar_moore,15,patrick_j_nicolas,40
donald_glover,118,anthony_anderson,17
anthony_anderson,5,tracy_morgan,29
rico_e_anderson,41,david_gyasi,42
marlon_wayans,42,tracy_morgan,131
orlando_jones,380,50_cent,55
todd_bridges,15,marlon_wayans,42
wyclef_jean,68,snoop_dogg,86
tracy_morgan,13,mos_def,29
larry_flash_jenkins,37,corbin_bleu,744
steve_mcqueen,97,andre_braugher,66
larry_flash_jenkins,42,dwayne_boyd,32
donald_glover,102,david_alan_grier,50
david_alan_grier,66,michael_wayne_thomas,50
corbin_bleu,568,romany_malco,46
rico_e_anderson,41,larry_flash_jenkins,21
wyclef_jean,58,steve_mcqueen,36
snoop_dogg,86,chi_mcbride,10
chi_mcbride,10,andre_braugher,21
tracy_morgan,107,kyle_massey,51
cedric_the_entertainer,5,david_oyelowo,186
marlon_wayans,42,michael_wayne_thomas,12
david_alan_grier,65,tracy_morgan,13
david_alan_grier,65,todd_bridges,9
orlando_jones,380,romany_malco,46
50_cent,104,chi_mcbride,19
michael_wayne_thomas,29,michael_ealy,121
50_cent,20,dwayne_boyd,60
david_oyelowo,186,andre_braugher,21
chi_mcbride,19,romany_malco,79
michael_wayne_thomas,23,andre_braugher,85
larry_flash_jenkins,46,tracy_morgan,30
orlando_jones,380,david_alan_grier,105
orlando_jones,380,todd_bridges,9
david_oyelowo,247,larry_flash_jenkins,46
orlando_jones,380,snoop_dogg,127
andre_braugher,66,50_cent,20
rico_e_anderson,41,aldis_hodge,32
xzibit,5,50_cent,104
larry_flash_jenkins,21,50_cent,55
dwayne_boyd,60,tracy_morgan,22
shemar_moore,20,tyler_perry,103
david_gyasi,33,andre_gordon,20
tracy_morgan,11,anthony_anderson,98
anthony_anderson,55,steve_mcqueen,14
david_oyelowo,247,fabrice_eboue,957
romany_malco,20,shemar_moore,15
rico_e_anderson,41,michael_ealy,155
anthony_anderson,33,andre_gordon,20
david_alan_grier,105,tracy_morgan,22
david_oyelowo,9,mos_def,41
snoop_dogg,86,fabrice_eboue,922
mos_def,41,david_oyelowo,186
dwayne_boyd,32,wyclef_jean,81
orlando_jones,380,randy_jackson,85
david_gyasi,33,kyle_massey,24
rico_e_anderson,41,xzibit,11
david_gyasi,33,xzibit,11
shemar_moore,63,fabrice_eboue,904
steve_mcqueen,4,cedric_the_entertainer,25
orlando_jones,380,wyclef_jean,56
aldis_hodge,28,david_gyasi,13
michael_ealy,121,andre_gordon,20
steve_mcqueen,73,tracy_morgan,130
david_oyelowo,9,andre_braugher,31
xzibit,11,chi_mcbride,19
marlon_wayans,42,cedric_the_entertainer,5
tyler_perry,94,david_oyelowo,186
patrick_j_nicolas,54,mos_def,41
tyler_perry,94,michael_ealy,121
andre_braugher,31,donald_glover,80
shemar_moore,63,randy_jackson,85
wyclef_jean,51,donald_glover,8
aldis_hodge,31,randy_jackson,85
cedric_the_entertainer,25,wyclef_jean,56
orlando_jones,380,todd_bridges,10
david_alan_grier,50,patrick_j_nicolas,15
snoop_dogg,56,xzibit,12
stacy_keibler,206,melinda_clarke,76
odette_annable,53,tricia_helfer,7
brooke_elliott,29,jess_weixler,48
christa_b_allen,19,fairuza_balk,39
helena_christensen,37,tanit_phoenix,30
rhona_mitra,35,sadie_calvano,43
shannon_woodward,1,ariel_winter,26
jessalyn_gilsig,23,bryce_dallas_howard,93
ashley_avis,41,julie_christie,16
jennifer_coolidge,60,stacy_keibler,212
aubrey_plaza,74,rhona_mitra,83
stacy_keibler,138,linda_gray,17
megan_marie_wilson,43,lea_thompson,60
kristinia_debarge,30,judy_davis,2
sherrie_rose,3,megan_marie_wilson,24
kim_delaney,68,christa_b_allen,58
rachel_mcadams,92,annasophia_robb,55
ariel_winter,108,taylor_swift,65
helena_christensen,73,sadie_calvano,41
romola_garai,5,shannon_woodward,36
alison_brie,198,helen_hunt,9
ashley_avis,12,shannon_woodward,10
elena_eustache,33,alison_brie,198
michelle_trachtenberg,232,lea_thompson,60
heather_matarazzo,38,fairuza_balk,71
samantha_harris,31,willa_holland,59
joyce_giraud,4,jessalyn_gilsig,14
tricia_helfer,41,jill_hennessy,25
jenny_wade,43,marcia_gay_harden,224
judy_davis,9,melanie_lynskey,28
terri_ivens,76,katie_cassidy,110
helena_christensen,73,marcia_cross,121
sara_paxton,52,kaitlin_olson,61
bryce_dallas_howard,28,famke_janssen,21
aubrey_plaza,74,deborah_ann_woll,54
helen_hunt,249,kaitlin_olson,53
jess_weixler,48,heather_matarazzo,31
kim_delaney,64,rhona_mitra,35
christa_miller,22,mylene_dinh-robic,940
jenn_gotzon,14,kristinia_debarge,32
carrie_genzel,64,stacy_keibler,206
jordana_spiro,50,ariel_winter,108
fairuza_balk,63,elisa_donovan,83
katie_cassidy,110,rachel_mcadams,92
barbara_hershey,6,maria_menounos,120
julie_christie,9,sadie_calvano,30
megan_marie_wilson,43,sadie_calvano,41
samantha_harris,47,rene_russo,77
michelle_trachtenberg,231,holland_taylor,14
miranda_richardson,11,mary_lynn_rajskub,86
heather_matarazzo,26,sadie_calvano,41
bellamy_young,62,rene_russo,117
krysten_ritter,149,terri_ivens,1
maria_menounos,181,abigail_spencer,41
taylor_swift,271,stacy_keibler,212
susan_downey,43,kristinia_debarge,30
joyce_giraud,4,aubrey_plaza,121
rhona_mitra,148,abigail_spencer,50
rachel_mcadams,293,claire_holt,6
helen_hunt,249,famke_janssen,117
miranda_richardson,45,helena_christensen,38
rachel_mcadams,239,elizabeth_mitchell,62
judy_davis,31,susan_downey,59
mylene_dinh-robic,940,fairuza_balk,63
beth_riesgraf,1,julie_christie,62
kristinia_debarge,32,judy_davis,9
mary_lynn_rajskub,69,shannon_woodward,36
jenna_dewan-tatum,34,elena_eustache,45
rose_byrne,55,jennifer_esposito,4
stacy_keibler,28,kristin_bauer_van_straten,65
annasophia_robb,63,jennifer_grey,107
barbara_hershey,51,christa_miller,10
jordana_spiro,57,jennifer_esposito,91
bailee_madison,61,christa_miller,61
willa_holland,56,jennifer_carpenter,121
jordana_spiro,57,megan_marie_wilson,36
miranda_richardson,21,jennifer_grey,107
britt_robertson,38,rose_byrne,205
maria_menounos,18,bitsie_tulloch,12
madeline_zima,64,maria_menounos,28
elizabeth_mitchell,137,brooke_elliott,17
jessalyn_gilsig,14,mylene_dinh-robic,904
darby_stanchfield,33,valeria_golino,25
jennifer_grey,107,mylene_dinh-robic,911
elisa_donovan,179,deborah_ann_woll,1
vicki_lewis,76,deprise_brescia,20
jennifer_esposito,4,madeline_zima,64
judy_davis,14,deborah_ann_woll,49
elizabeth_mitchell,43,jenny_wade,43
odette_annable,128,christa_b_allen,2
christa_miller,98,madeline_zima,64
claire_holt,6,elizabeth_mitchell,62
heather_mckinley,23,rose_byrne,55
mary_lynn_rajskub,69,vicki_lewis,28
joyce_giraud,4,abigail_spencer,50
gabriela_dias,58,jenna_dewan-tatum,34
elizabeth_mitchell,137,holland_taylor,26
abigail_spencer,50,deprise_brescia,11
heather_matarazzo,31,terri_ivens,28
holland_taylor,30,bellamy_young,23
rose_byrne,212,deborah_ann_woll,1
darby_stanchfield,33,jenny_wade,8
joey_lauren_adams,13,terri_ivens,16
shannon_woodward,50,rose_byrne,78
jessalyn_gilsig,22,britt_robertson,38
samantha_harris,88,elisa_donovan,179
ashley_avis,41,helen_hunt,249
joey_lauren_adams,26,darby_stanchfield,33
rose_byrne,55,willa_holland,40
jenny_wade,43,jenn_gotzon,27
darby_stanchfield,33,heather_mckinley,72
terri_ivens,76,joey_lauren_adams,15
ashley_avis,12,kaitlin_olson,25
famke_janssen,21,rene_russo,52
helena_christensen,37,joey_lauren_adams,26
joey_lauren_adams,15,rose_byrne,78
helena_christensen,73,aubrey_plaza,2
willa_holland,58,jordana_spiro,58
shakira,9,famke_janssen,73
joey_lauren_adams,26,jill_hennessy,54
marcia_gay_harden,63,jordana_spiro,58
claire_holt,48,melora_walters,16
rene_russo,117,michelle_trachtenberg,232
mary_lynn_rajskub,69,judy_davis,2
jessalyn_gilsig,14,taylor_swift,271
taylor_swift,65,elizabeth_mitchell,137
abigail_spencer,41,kristinia_debarge,60
romola_garai,5,judy_davis,31
shannon_woodward,1,jenn_gotzon,29
heather_mckinley,72,kristinia_debarge,4
brooke_elliott,22,kristinia_debarge,4
jenny_wade,43,karolina_kurkova,59
jennifer_grey,107,maria_menounos,181
rene_russo,52,rose_byrne,205
jennifer_grey,92,megan_marie_wilson,51
madeline_zima,92,vicki_lewis,84
christa_miller,19,clare_grant,15
jenna_dewan-tatum,34,deprise_brescia,12
gabrielle_anwar,3,anna_kendrick,154
gabrielle_anwar,23,stacy_keibler,28
ariel_winter,142,katie_cassidy,29
valeria_golino,33,heather_matarazzo,26
jess_weixler,48,neve_campbell,12
jennifer_carpenter,27,taylor_swift,65
claire_holt,61,melinda_clarke,39
christa_miller,19,christine_lakin,8
melinda_clarke,89,karolina_kurkova,9
helena_christensen,37,abigail_spencer,50
jenny_wade,8,jennifer_carpenter,27
helen_hunt,249,valeria_golino,15
darby_stanchfield,33,jenn_gotzon,14
claire_holt,25,gabriela_dias,28
alison_brie,39,annasophia_robb,63
christa_b_allen,58,kristin_bauer_van_straten,65
darby_stanchfield,33,melanie_lynskey,54
sara_paxton,52,gabrielle_anwar,3
sadie_calvano,43,neve_campbell,143
britt_robertson,38,taylor_swift,271
gabriela_dias,58,clare_grant,45
bryce_dallas_howard,42,rose_byrne,205
deprise_brescia,12,neve_campbell,143
holland_taylor,30,karolina_kurkova,83
joyce_giraud,4,jenn_gotzon,59
megan_marie_wilson,51,willa_holland,59
kristinia_debarge,32,mylene_dinh-robic,916
joyce_giraud,4,barbara_hershey,6
melinda_clarke,39,elena_eustache,45
ashley_avis,12,odette_annable,128
heather_matarazzo,38,gabrielle_anwar,3
christa_b_allen,2,linda_gray,6
terri_ivens,28,jenny_wade,43
terri_ivens,28,clare_grant,14
linda_gray,16,vicki_lewis,76
deprise_brescia,7,neve_campbell,114
jennifer_grey,107,odette_annable,128
tanit_phoenix,30,kristin_bauer_van_straten,27
melanie_lynskey,91,terri_ivens,11
stacy_keibler,138,jennifer_carpenter,121
claire_holt,48,barbara_hershey,51
darby_stanchfield,33,odette_annable,60
deprise_brescia,35,clare_grant,24
elisa_donovan,83,maria_menounos,18
marcia_cross,121,jennifer_grey,107
clare_grant,41,fairuza_balk,71
annasophia_robb,63,judy_davis,14
sherrie_rose,63,annasophia_robb,55
terri_ivens,1,sherrie_rose,63
jennifer_carpenter,27,bellamy_young,21
jess_weixler,48,clare_grant,15
heather_mckinley,72,jordana_spiro,57
shannon_woodward,36,annasophia_robb,94
famke_janssen,64,miranda_richardson,63
sadie_calvano,26,jessalyn_gilsig,14
kathleen_robertson,69,clare_grant,24
elisa_donovan,179,sadie_calvano,41
bryce_dallas_howard,28,jill_hennessy,60
melinda_clarke,41,tricia_helfer,19
taylor_swift,271,maria_menounos,120
sadie_calvano,41,mylene_dinh-robic,904
tricia_helfer,7,rene_russo,77
heather_matarazzo,50,ariel_winter,91
jess_weixler,51,melora_walters,48
miranda_richardson,11,jessalyn_gilsig,23
susan_downey,43,deprise_brescia,34
christa_b_allen,2,famke_janssen,64
alison_brie,129,abigail_spencer,41
melora_walters,2,kathleen_robertson,45
kelli_garner,43,rachel_mcadams,239
julie_christie,62,sherrie_rose,63
krysten_ritter,149,terri_ivens,11
vicki_lewis,28,rhona_mitra,35
melinda_clarke,89,heather_matarazzo,31
sadie_calvano,41,joyce_giraud,4
melora_walters,49,rose_byrne,55
shakira,59,christa_miller,98
abigail_spencer,41,vicki_lewis,76
christa_b_allen,58,shannon_woodward,15
rose_byrne,118,shakira,9
bryce_dallas_howard,93,vicki_lewis,28
willa_holland,56,jordana_spiro,57
deborah_ann_woll,49,samantha_harris,16
christine_lakin,8,katie_cassidy,110
kathleen_robertson,45,sadie_calvano,26
sadie_calvano,41,michelle_trachtenberg,31
valeria_golino,33,jennifer_esposito,91
lea_thompson,60,ariel_winter,80
katie_cassidy,29,helena_christensen,38
jennifer_grey,107,elisa_donovan,83
annasophia_robb,76,kelli_garner,43
terri_ivens,11,tricia_helfer,19
karolina_kurkova,9,rose_byrne,118
famke_janssen,21,jennifer_carpenter,159
shakira,59,elizabeth_mitchell,43
jessalyn_gilsig,72,claire_holt,48
elena_eustache,26,carrie_genzel,57
barbara_hershey,94,jenny_wade,43
megan_marie_wilson,52,heather_matarazzo,3
rhona_mitra,35,valeria_golino,21
tricia_helfer,19,bellamy_young,10
joey_lauren_adams,26,clare_grant,37
neve_campbell,114,kim_delaney,39
melinda_clarke,39,krysten_ritter,149
kim_delaney,68,samantha_harris,88
jenna_dewan-tatum,34,jenn_gotzon,49
karolina_kurkova,36,romola_garai,5
krysten_ritter,149,sara_paxton,52
mary_lynn_rajskub,69,beth_riesgraf,1
tricia_helfer,7,ariel_winter,26
jenna_dewan-tatum,34,mary_lynn_rajskub,95
julie_christie,47,rachel_mcadams,204
brooke_elliott,29,bryce_dallas_howard,42
jennifer_coolidge,79,taylor_swift,65
annasophia_robb,76,holland_taylor,27
barbara_hershey,94,aubrey_plaza,2
kim_delaney,68,darby_stanchfield,33
stacy_keibler,206,bellamy_young,57
deborah_ann_woll,49,annasophia_robb,94
odette_annable,53,elizabeth_mitchell,137
kathleen_robertson,4,jenna_dewan-tatum,60
beth_riesgraf,1,christa_b_allen,2
kristinia_debarge,32,ashley_avis,12
bellamy_young,21,annasophia_robb,76
alison_brie,39,fairuza_balk,47
tricia_helfer,50,maria_menounos,28
melinda_clarke,39,jennifer_esposito,91
kathleen_robertson,80,alison_brie,126
kim_delaney,68,jill_hennessy,6
helena_christensen,38,bryce_dallas_howard,93
gabriela_dias,28,jessalyn_gilsig,14
kaitlin_olson,53,anna_kendrick,154
helena_christensen,37,terri_ivens,28
laura_vandervoort,31,aubrey_plaza,6
jess_weixler,77,gabriela_dias,58
bryce_dallas_howard,42,brooke_elliott,5
carrie_genzel,64,beth_riesgraf,53
deborah_ann_woll,73,terri_ivens,76
britt_robertson,38,heather_mckinley,72
rene_russo,77,elena_eustache,26
ariel_winter,17,julie_christie,62
jennifer_grey,107,alison_brie,72
susan_downey,41,madeline_zima,66
jessalyn_gilsig,7,fairuza_balk,73
ariel_winter,80,madeline_zima,66
bellamy_young,10,deprise_brescia,1
kim_delaney,37,christine_lakin,8
melanie_lynskey,54,sadie_calvano,41
terri_ivens,11,vicki_lewis,76
anna_kendrick,154,melinda_clarke,89
ariel_winter,108,valeria_golino,15
jennifer_esposito,4,gabriela_dias,58
ariel_winter,5,britt_robertson,113
valeria_golino,21,samantha_harris,16
neve_campbell,114,britt_robertson,130
bailee_madison,53,annasophia_robb,94
sherrie_rose,3,marcia_cross,121
terri_ivens,28,rhona_mitra,11
neve_campbell,64,christa_miller,61
maria_menounos,181,kristin_bauer_van_straten,36
tricia_helfer,41,bellamy_young,62
neve_campbell,143,heather_mckinley,23
jill_hennessy,54,helen_hunt,212
tanit_phoenix,12,jenny_wade,8
kaitlin_olson,53,katie_cassidy,144
deborah_ann_woll,43,lea_thompson,60
romola_garai,38,odette_annable,128
holland_taylor,8,melinda_clarke,39
ariel_winter,17,jenny_wade,8
michelle_trachtenberg,324,rose_byrne,55
susan_downey,41,krysten_ritter,149
elena_eustache,45,anna_kendrick,154
laura_vandervoort,39,madeline_zima,92
judy_davis,14,kristinia_debarge,4
alison_brie,18,madeline_zima,92
stacy_keibler,206,christa_miller,10
marcia_cross,121,rene_russo,77
beth_riesgraf,16,taylor_swift,65
vicki_lewis,76,britt_robertson,40
miranda_richardson,11,deborah_ann_woll,18
shakira,59,heather_matarazzo,38
beth_riesgraf,53,tanit_phoenix,12
anna_kendrick,154,beth_riesgraf,16
neve_campbell,12,jennifer_grey,107
christa_miller,98,joyce_giraud,4
bailee_madison,53,sherrie_rose,63
neve_campbell,12,katie_cassidy,29
anna_kendrick,154,melinda_clarke,39
shannon_woodward,36,gabrielle_anwar,3
vicki_lewis,28,michelle_trachtenberg,324
samantha_harris,88,shakira,59
lea_thompson,60,fairuza_balk,7
mary_lynn_rajskub,86,kathleen_robertson,80
elizabeth_mitchell,137,fairuza_balk,71
sadie_calvano,26,jessalyn_gilsig,22
julie_christie,62,susan_downey,59
madeline_zima,64,katie_cassidy,144
jess_weixler,48,jill_hennessy,1
samantha_harris,47,ariel_winter,5
shannon_woodward,1,rachel_mcadams,204
ashley_avis,12,kathleen_robertson,42
aubrey_plaza,121,stacy_keibler,28
jessalyn_gilsig,22,jordana_spiro,50
jennifer_coolidge,79,bellamy_young,57
vicki_lewis,28,jenn_gotzon,59
christa_b_allen,2,helen_hunt,212
barbara_hershey,6,julie_christie,47
alison_brie,42,susan_downey,59
rose_byrne,39,willa_holland,59
kaitlin_olson,25,bitsie_tulloch,70
bryce_dallas_howard,42,valeria_golino,51
elizabeth_mitchell,62,karolina_kurkova,91
helen_hunt,9,rene_russo,70
christa_miller,58,bitsie_tulloch,68
holland_taylor,30,michelle_trachtenberg,31
carrie_genzel,49,lea_thompson,60
jenny_wade,8,jordana_spiro,7
holland_taylor,26,elena_eustache,33
sadie_calvano,26,elisa_donovan,179
kristin_bauer_van_straten,65,jill_hennessy,25
deborah_ann_woll,54,rhona_mitra,11
taylor_swift,65,megan_marie_wilson,48
julie_christie,16,ariel_winter,5
fairuza_balk,63,katie_cassidy,110
melora_walters,53,katie_cassidy,110
julie_christie,47,laura_vandervoort,39
jennifer_grey,92,bellamy_young,10
helen_hunt,249,sara_paxton,52
jenn_gotzon,49,elisa_donovan,83
madeline_zima,92,abigail_spencer,41
darby_stanchfield,56,bailee_madison,53
ashley_avis,12,taylor_swift,65
madeline_zima,64,melanie_lynskey,28
bryce_dallas_howard,28,abigail_spencer,41
abigail_spencer,41,marcia_cross,121
heather_mckinley,72,britt_robertson,9
odette_annable,53,sherrie_rose,63
jessalyn_gilsig,32,linda_gray,23
bryce_dallas_howard,42,kaitlin_olson,25
michelle_trachtenberg,258,anna_kendrick,154
helen_hunt,212,jennifer_coolidge,79
aubrey_plaza,25,holland_taylor,27
jenn_gotzon,54,vicki_lewis,84
kaitlin_olson,25,taylor_swift,271
sadie_calvano,30,christine_lakin,8
krysten_ritter,149,stacy_keibler,138
kelli_garner,24,brooke_elliott,22
helena_christensen,18,sadie_calvano,30
terri_ivens,1,joyce_giraud,4
maria_menounos,25,samantha_harris,88
jill_hennessy,60,terri_ivens,31
christine_lakin,8,bitsie_tulloch,68
melanie_lynskey,88,marcia_cross,148
rhona_mitra,33,miranda_richardson,13
shakira,59,mylene_dinh-robic,917
jill_hennessy,6,elena_eustache,26
deborah_ann_woll,49,gabriela_dias,58
karolina_kurkova,39,beth_riesgraf,49
heather_mckinley,23,famke_janssen,123
gabriela_dias,28,joyce_giraud,4
marcia_gay_harden,250,jenny_wade,43
famke_janssen,123,valeria_golino,25
kim_delaney,29,julie_christie,9
mary_lynn_rajskub,86,taylor_swift,271
deprise_brescia,45,tanit_phoenix,12
alison_brie,72,clare_grant,15
sadie_calvano,47,linda_gray,23
clare_grant,37,elisa_donovan,179
terri_ivens,1,sara_paxton,52
barbara_hershey,6,clare_grant,45
linda_gray,3,kaitlin_olson,61
ashley_avis,12,bitsie_tulloch,68
katie_cassidy,144,jennifer_esposito,91
marcia_cross,121,shannon_woodward,50
jennifer_coolidge,79,christa_b_allen,19
kathleen_robertson,45,joey_lauren_adams,15
willa_holland,40,miranda_richardson,53
jenny_wade,8,heather_mckinley,72
terri_ivens,39,jenna_dewan-tatum,60
anna_kendrick,154,stacy_keibler,212
elena_eustache,29,mary_lynn_rajskub,95
joyce_giraud,4,judy_davis,31
carrie_genzel,31,heather_mckinley,72
ashley_avis,41,christa_miller,22
famke_janssen,64,deprise_brescia,5
jessalyn_gilsig,9,sara_paxton,52
lea_thompson,60,anna_kendrick,154
rhona_mitra,35,ashley_avis,41
maria_menounos,6,katie_cassidy,29
jill_hennessy,54,bailee_madison,33
holland_taylor,8,jennifer_esposito,4
rachel_mcadams,204,mary_lynn_rajskub,95
jessalyn_gilsig,72,helena_christensen,18
marcia_gay_harden,69,elizabeth_mitchell,62
melora_walters,2,maria_menounos,25
samantha_harris,47,linda_gray,8
jessalyn_gilsig,22,annasophia_robb,76
famke_janssen,62,mary_lynn_rajskub,69
elisa_donovan,179,odette_annable,53
samantha_harris,16,taylor_swift,271
marcia_gay_harden,250,katie_cassidy,110
jenny_wade,8,abigail_spencer,50
elena_eustache,33,vicki_lewis,76
rose_byrne,205,romola_garai,5
samantha_harris,88,famke_janssen,123
elizabeth_mitchell,62,fairuza_balk,7
helena_christensen,38,deprise_brescia,34
holland_taylor,20,beth_riesgraf,1
kelli_garner,25,valeria_golino,15
rene_russo,117,jennifer_esposito,91
tanit_phoenix,30,barbara_hershey,94
stacy_keibler,206,clare_grant,24
kathleen_robertson,45,jennifer_carpenter,65
bellamy_young,57,kim_delaney,29
susan_downey,59,kristin_bauer_van_straten,36
vicki_lewis,76,madeline_zima,64
bailee_madison,17,judy_davis,9
julie_christie,9,annasophia_robb,79
shakira,9,heather_mckinley,72
jennifer_coolidge,79,annasophia_robb,55
bailee_madison,53,tricia_helfer,19
jennifer_grey,107,karolina_kurkova,91
elisa_donovan,179,shannon_woodward,36
samantha_harris,31,katie_cassidy,110
maria_menounos,124,heather_matarazzo,50
laura_vandervoort,146,lea_thompson,60
jenny_wade,8,helen_hunt,9
famke_janssen,123,jennifer_carpenter,160
carrie_genzel,31,jenn_gotzon,14
elena_eustache,33,kristin_bauer_van_straten,65
abigail_spencer,41,christa_b_allen,19
jill_hennessy,98,sadie_calvano,41
deprise_brescia,11,michelle_trachtenberg,324
joyce_giraud,4,lea_thompson,60
deborah_ann_woll,54,kristinia_debarge,32
jess_weixler,51,shannon_woodward,1
gabriela_dias,28,jennifer_coolidge,79
kristin_bauer_van_straten,65,joey_lauren_adams,25
jenny_wade,43,gabrielle_anwar,175
jennifer_carpenter,27,romola_garai,27
sherrie_rose,63,aubrey_plaza,93
ariel_winter,91,jenny_wade,43
madeline_zima,66,julie_christie,16
rene_russo,52,sara_paxton,52
melora_walters,53,tricia_helfer,49
stacy_keibler,138,rachel_mcadams,293
bailee_madison,33,helena_christensen,38
terri_ivens,76,christine_lakin,8
barbara_hershey,94,jill_hennessy,54
helena_christensen,38,samantha_harris,31
annasophia_robb,94,christa_b_allen,58
stacy_keibler,212,sara_paxton,52
melinda_clarke,75,jennifer_esposito,91
deborah_ann_woll,1,holland_taylor,14
rene_russo,52,helen_hunt,212
susan_downey,59,katie_cassidy,144
judy_davis,31,susan_downey,59
melora_walters,1,rose_byrne,212
kaitlin_olson,53,elisa_donovan,83
linda_gray,17,darby_stanchfield,56
krysten_ritter,149,brooke_elliott,22
kristin_bauer_van_straten,36,melinda_clarke,41
lea_thompson,60,megan_marie_wilson,24
karolina_kurkova,71,carrie_genzel,20
barbara_hershey,51,valeria_golino,21
joyce_giraud,4,laura_vandervoort,39
valeria_golino,49,mary_lynn_rajskub,86
barbara_hershey,6,jenna_dewan-tatum,34
bellamy_young,62,michelle_trachtenberg,339
carrie_genzel,49,julie_christie,62
taylor_swift,271,carrie_genzel,20
jennifer_coolidge,79,vicki_lewis,84
julie_christie,62,rhona_mitra,83
julie_christie,9,deborah_ann_woll,18
deprise_brescia,34,jennifer_coolidge,79
romola_garai,27,deprise_brescia,12
madeline_zima,92,kaitlin_olson,61
kim_delaney,68,ashley_avis,41
brooke_elliott,27,julie_christie,9
rose_byrne,188,helena_christensen,73
rene_russo,77,christine_lakin,8
megan_marie_wilson,55,jordana_spiro,16
elena_eustache,29,jennifer_esposito,4
annasophia_robb,63,rhona_mitra,35
barbara_hershey,51,famke_janssen,64
heather_mckinley,72,jess_weixler,48
jenn_gotzon,59,lea_thompson,60
barbara_hershey,51,jessalyn_gilsig,23
deprise_brescia,35,barbara_hershey,6
michelle_trachtenberg,31,jenny_wade,43
bitsie_tulloch,12,rachel_mcadams,293
annasophia_robb,79,kelli_garner,66
samantha_harris,31,katie_cassidy,29
elizabeth_mitchell,62,britt_robertson,130
jennifer_carpenter,27,jennifer_esposito,4
elena_eustache,33,kaitlin_olson,44
jessalyn_gilsig,7,jennifer_grey,82
joey_lauren_adams,15,heather_matarazzo,26
tricia_helfer,7,bitsie_tulloch,12
clare_grant,37,jess_weixler,77
kaitlin_olson,53,kristin_bauer_van_straten,65
barbara_hershey,94,jenna_dewan-tatum,60
miranda_richardson,45,willa_holland,59
ashley_avis,12,gabriela_dias,58
abigail_spencer,50,joey_lauren_adams,43
sara_paxton,52,terri_ivens,16
melinda_clarke,41,elisa_donovan,83
barbara_hershey,6,helena_christensen,38
jennifer_coolidge,60,jordana_spiro,16
julie_christie,16,laura_vandervoort,119
marcia_cross,121,kelli_garner,66
romola_garai,36,jennifer_carpenter,159
jennifer_coolidge,79,mylene_dinh-robic,904
annasophia_robb,79,sara_paxton,52
willa_holland,58,christa_b_allen,19
elena_eustache,29,michelle_trachtenberg,324
annasophia_robb,55,joyce_giraud,4
christa_miller,22,mylene_dinh-robic,911
rene_russo,52,christa_miller,10
rene_russo,77,deborah_ann_woll,73
helen_hunt,249,fairuza_balk,73
jess_weixler,51,aubrey_plaza,93
melanie_lynskey,28,darby_stanchfield,33
marcia_cross,121,lea_thompson,60
britt_robertson,9,christa_miller,19
marcia_gay_harden,69,claire_holt,6
brooke_elliott,5,jordana_spiro,50
rhona_mitra,35,jessalyn_gilsig,22
katie_cassidy,110,beth_riesgraf,54
willa_holland,58,bailee_madison,53
ariel_winter,5,gabrielle_anwar,73
tricia_helfer,7,annasophia_robb,76
sherrie_rose,63,susan_downey,43
maria_menounos,6,anna_kendrick,154
carrie_genzel,20,holland_taylor,14
kathleen_robertson,42,abigail_spencer,50
helen_hunt,9,elisa_donovan,83
valeria_golino,13,brooke_elliott,22
helena_christensen,38,miranda_richardson,53
romola_garai,71,valeria_golino,15
miranda_richardson,63,beth_riesgraf,53
odette_annable,53,valeria_golino,33
rhona_mitra,11,sara_paxton,52
gabrielle_anwar,73,joyce_giraud,4
linda_gray,32,sadie_calvano,41
susan_downey,41,michelle_trachtenberg,31
jordana_spiro,50,miranda_richardson,53
rose_byrne,205,elizabeth_mitchell,43
michelle_trachtenberg,31,annasophia_robb,79
maria_menounos,6,alison_brie,198
beth_riesgraf,16,jess_weixler,77
kathleen_robertson,45,anna_kendrick,154
jenna_dewan-tatum,60,elizabeth_mitchell,62
romola_garai,36,elisa_donovan,179
elizabeth_mitchell,43,christa_b_allen,2
mylene_dinh-robic,6,karolina_kurkova,9
jordana_spiro,50,elisa_donovan,83
romola_garai,36,annasophia_robb,63
deborah_ann_woll,71,jessalyn_gilsig,32
deborah_ann_woll,1,jennifer_coolidge,60
odette_annable,53,madeline_zima,66
karolina_kurkova,91,holland_taylor,30
jenny_wade,43,jennifer_grey,82
sherrie_rose,3,kaitlin_olson,44
taylor_swift,65,jenn_gotzon,59
jenny_wade,43,rose_byrne,118
britt_robertson,120,beth_riesgraf,54
elizabeth_mitchell,43,jordana_spiro,58
britt_robertson,9,romola_garai,27
marcia_gay_harden,63,sadie_calvano,43
kaitlin_olson,61,madeline_zima,92
annasophia_robb,76,rhona_mitra,33
bellamy_young,21,marcia_cross,187
mary_lynn_rajskub,69,taylor_swift,271
stacy_keibler,206,elena_eustache,29
neve_campbell,12,alison_brie,198
marcia_gay_harden,67,shannon_woodward,15
melanie_lynskey,54,rose_byrne,212
marcia_gay_harden,52,elisa_donovan,83
lea_thompson,60,annasophia_robb,79
laura_vandervoort,29,elizabeth_mitchell,43
aubrey_plaza,121,jordana_spiro,58
karolina_kurkova,39,michelle_trachtenberg,261
jill_hennessy,1,elizabeth_mitchell,62
heather_mckinley,72,maria_menounos,120
bellamy_young,21,elena_eustache,26
terri_ivens,16,neve_campbell,12
holland_taylor,20,alison_brie,18
vicki_lewis,84,bellamy_young,1
heather_matarazzo,38,tanit_phoenix,12
madeline_zima,64,ariel_winter,5
holland_taylor,20,marcia_gay_harden,189
tricia_helfer,7,sara_paxton,52
sherrie_rose,63,elena_eustache,26
alison_brie,136,terri_ivens,16
shannon_woodward,10,jennifer_grey,92
jennifer_grey,107,heather_matarazzo,50
judy_davis,9,christine_lakin,8
kelli_garner,43,beth_riesgraf,49
britt_robertson,120,claire_holt,61
bailee_madison,17,barbara_hershey,94
elena_eustache,29,sara_paxton,52
jenny_wade,43,christine_lakin,8
madeline_zima,64,kelli_garner,24
britt_robertson,113,jennifer_coolidge,24
clare_grant,9,heather_mckinley,72
vicki_lewis,28,jess_weixler,77
karolina_kurkova,26,bellamy_young,1
judy_davis,31,karolina_kurkova,39
maria_menounos,124,bitsie_tulloch,12
abigail_spencer,41,bellamy_young,10
tanit_phoenix,12,elizabeth_mitchell,137
anna_kendrick,154,carrie_genzel,49
mylene_dinh-robic,923,joyce_giraud,4
romola_garai,38,judy_davis,8
deprise_brescia,35,famke_janssen,64
judy_davis,9,marcia_cross,32
jenna_dewan-tatum,60,gabrielle_anwar,73
julie_christie,16,darby_stanchfield,33
vicki_lewis,76,linda_gray,3
jennifer_esposito,4,elisa_donovan,179
tricia_helfer,41,rene_russo,52
rene_russo,77,tricia_helfer,19
mary_lynn_rajskub,69,sadie_calvano,43
melanie_lynskey,88,gabriela_dias,28
jenny_wade,43,kristin_bauer_van_straten,27
beth_riesgraf,54,annasophia_robb,79
deprise_brescia,12,krysten_ritter,149
aubrey_plaza,6,jordana_spiro,50
valeria_golino,51,kristinia_debarge,4
jordana_spiro,50,jess_weixler,48
melinda_clarke,83,jennifer_coolidge,60
taylor_swift,65,jordana_spiro,58
katie_cassidy,29,heather_mckinley,72
christa_miller,58,britt_robertson,38
christa_b_allen,19,melinda_clarke,41
helen_hunt,212,mary_lynn_rajskub,86
michelle_trachtenberg,31,megan_marie_wilson,52
clare_grant,15,anna_kendrick,154
sadie_calvano,30,kristinia_debarge,60
jennifer_esposito,4,brooke_elliott,22
christine_lakin,8,ariel_winter,105
linda_gray,6,maria_menounos,18
brooke_elliott,22,jenna_dewan-tatum,60
christa_miller,22,terri_ivens,11
bailee_madison,17,fairuza_balk,39
holland_taylor,14,barbara_hershey,6
alison_brie,39,bryce_dallas_howard,28
barbara_hershey,51,jenn_gotzon,29
jennifer_coolidge,24,deprise_brescia,12
heather_matarazzo,38,krysten_ritter,149
jordana_spiro,58,jenny_wade,8
valeria_golino,49,christa_miller,58
annasophia_robb,63,sara_paxton,52
aubrey_plaza,31,valeria_golino,49
kaitlin_olson,61,rhona_mitra,148
mylene_dinh-robic,940,valeria_golino,49
susan_downey,43,deprise_brescia,21
shakira,59,neve_campbell,114
bellamy_young,10,barbara_hershey,51
alison_brie,195,kristin_bauer_van_straten,36
jenna_dewan-tatum,60,rhona_mitra,83
darby_stanchfield,56,susan_downey,59
kaitlin_olson,44,elena_eustache,45
marcia_cross,32,annasophia_robb,79
bryce_dallas_howard,93,brooke_elliott,22
madeline_zima,64,jennifer_esposito,91
rose_byrne,55,deprise_brescia,1
britt_robertson,38,barbara_hershey,51
alison_brie,72,tricia_helfer,19
christa_b_allen,19,susan_downey,59
terri_ivens,11,famke_janssen,62
elizabeth_mitchell,43,melinda_clarke,75
gabriela_dias,28,fairuza_balk,63
bellamy_young,23,kelli_garner,97
shakira,59,laura_vandervoort,59
karolina_kurkova,83,mylene_dinh-robic,6
linda_gray,6,bryce_dallas_howard,93
mary_lynn_rajskub,95,taylor_swift,65
bryce_dallas_howard,42,carrie_genzel,49
melanie_lynskey,38,kristinia_debarge,30
mylene_dinh-robic,916,bailee_madison,40
carrie_genzel,64,jennifer_grey,92
maria_menounos,6,kaitlin_olson,44
kaitlin_olson,44,jennifer_carpenter,27
kaitlin_olson,53,deborah_ann_woll,54
marcia_gay_harden,189,megan_marie_wilson,55
joyce_giraud,4,valeria_golino,49
barbara_hershey,51,holland_taylor,30
melinda_clarke,75,madeline_zima,64
maria_menounos,6,shakira,59
sadie_calvano,43,stacy_keibler,28
barbara_hershey,94,madeline_zima,66
romola_garai,36,jennifer_coolidge,24
bailee_madison,61,claire_holt,61
helen_hunt,249,marcia_gay_harden,189
darby_stanchfield,56,holland_taylor,14
kim_delaney,29,rachel_mcadams,293
judy_davis,2,katie_cassidy,110
jennifer_coolidge,60,megan_marie_wilson,55
kristinia_debarge,4,bryce_dallas_howard,93
mary_lynn_rajskub,114,bellamy_young,1
mary_lynn_rajskub,114,darby_stanchfield,56
sadie_calvano,41,famke_janssen,123
krysten_ritter,149,jenn_gotzon,42
maria_menounos,25,valeria_golino,31
susan_downey,43,christa_b_allen,2
stacy_keibler,28,heather_matarazzo,50
maria_menounos,25,brooke_elliott,27
madeline_zima,66,jennifer_grey,82
fairuza_balk,47,jenny_wade,43
jess_weixler,51,sara_paxton,52
rose_byrne,212,annasophia_robb,94
terri_ivens,28,bailee_madison,40
sadie_calvano,41,bailee_madison,61
rose_byrne,188,jordana_spiro,16
annasophia_robb,55,anna_kendrick,154
elisa_donovan,179,brooke_elliott,5
claire_holt,25,laura_vandervoort,72
neve_campbell,12,deborah_ann_woll,18
miranda_richardson,53,romola_garai,36
joyce_giraud,4,kristin_bauer_van_straten,36
aubrey_plaza,74,joey_lauren_adams,25
sadie_calvano,30,romola_garai,36
brooke_elliott,27,madeline_zima,66
rose_byrne,188,megan_marie_wilson,36
jennifer_grey,107,claire_holt,61
jennifer_coolidge,79,claire_holt,48
fairuza_balk,47,kim_delaney,29
marcia_cross,121,vicki_lewis,28
annasophia_robb,63,deprise_brescia,1
holland_taylor,8,bellamy_young,23
jenna_dewan-tatum,60,miranda_richardson,11
kristinia_debarge,60,clare_grant,41
clare_grant,9,taylor_swift,65
terri_ivens,31,holland_taylor,26
kathleen_robertson,45,aubrey_plaza,79
kristin_bauer_van_straten,36,gabriela_dias,28
jordana_spiro,7,ariel_winter,80
clare_grant,41,carrie_genzel,49
terri_ivens,11,rhona_mitra,33
bailee_madison,61,jordana_spiro,7
katie_cassidy,110,tricia_helfer,7
julie_christie,62,michelle_trachtenberg,324
bryce_dallas_howard,93,shannon_woodward,15
melanie_lynskey,54,maria_menounos,25
shakira,9,jessalyn_gilsig,9
julie_christie,47,heather_mckinley,23
brooke_elliott,5,vicki_lewis,28
shannon_woodward,1,darby_stanchfield,56
linda_gray,3,kaitlin_olson,53
bailee_madison,33,karolina_kurkova,36
deprise_brescia,20,britt_robertson,9
susan_downey,43,krysten_ritter,149
rachel_mcadams,293,joyce_giraud,4
miranda_richardson,11,karolina_kurkova,59
maria_menounos,25,kelli_garner,25
beth_riesgraf,16,helena_christensen,38
deborah_ann_woll,73,ariel_winter,5
jenn_gotzon,14,fairuza_balk,73
ashley_avis,41,kristinia_debarge,30
darby_stanchfield,56,christine_lakin,8
rhona_mitra,35,odette_annable,60
tricia_helfer,49,kaitlin_olson,53
darby_stanchfield,56,melanie_lynskey,28
beth_riesgraf,53,linda_gray,53
shakira,59,mary_lynn_rajskub,86
marcia_cross,32,maria_menounos,6
brooke_elliott,17,barbara_hershey,6
samantha_harris,31,jessalyn_gilsig,32
mylene_dinh-robic,916,claire_holt,25
joey_lauren_adams,15,darby_stanchfield,33
krysten_ritter,149,madeline_zima,64
helena_christensen,18,jenn_gotzon,42
samantha_harris,31,gabrielle_anwar,73
holland_taylor,30,melinda_clarke,83
kaitlin_olson,53,melinda_clarke,76
ariel_winter,17,holland_taylor,30
darby_stanchfield,33,kathleen_robertson,43
terri_ivens,16,vicki_lewis,76
romola_garai,27,jennifer_coolidge,60
mylene_dinh-robic,916,heather_matarazzo,50
miranda_richardson,11,laura_vandervoort,31
carrie_genzel,64,jennifer_carpenter,72
bellamy_young,23,valeria_golino,6
jennifer_coolidge,79,laura_vandervoort,119
bellamy_young,10,aubrey_plaza,79
sara_paxton,52,samantha_harris,47
jenna_dewan-tatum,34,beth_riesgraf,49
elisa_donovan,179,linda_gray,3
darby_stanchfield,56,rhona_mitra,83
ariel_winter,5,jenny_wade,8
jennifer_grey,82,karolina_kurkova,36
kristin_bauer_van_straten,36,deprise_brescia,21
shakira,59,helena_christensen,73
alison_brie,130,jenna_dewan-tatum,60
bitsie_tulloch,70,beth_riesgraf,54
ariel_winter,105,kaitlin_olson,61
tricia_helfer,19,gabrielle_anwar,27
shannon_woodward,34,kaitlin_olson,25
bryce_dallas_howard,42,bellamy_young,57
jess_weixler,48,bryce_dallas_howard,42
rachel_mcadams,204,taylor_swift,271
deborah_ann_woll,15,mylene_dinh-robic,931
odette_annable,60,jenna_dewan-tatum,34
christa_b_allen,2,rachel_mcadams,239
heather_matarazzo,31,melanie_lynskey,28
melinda_clarke,75,kim_delaney,39
judy_davis,14,bitsie_tulloch,68
jordana_spiro,57,shannon_woodward,10
clare_grant,37,shakira,59
maria_menounos,28,gabrielle_anwar,86
alison_brie,136,madeline_zima,92
fairuza_balk,73,gabrielle_anwar,73
aubrey_plaza,25,marcia_gay_harden,69
laura_vandervoort,39,marcia_gay_harden,249
rose_byrne,188,bryce_dallas_howard,93
miranda_richardson,45,deprise_brescia,21
maria_menounos,28,kaitlin_olson,25
melanie_lynskey,88,anna_kendrick,154
kathleen_robertson,6,jenny_wade,8
annasophia_robb,63,aubrey_plaza,7
linda_gray,3,joey_lauren_adams,43
elisa_donovan,179,stacy_keibler,28
holland_taylor,8,laura_vandervoort,31
melora_walters,16,ariel_winter,80
kristin_bauer_van_straten,36,bitsie_tulloch,24
sherrie_rose,3,bryce_dallas_howard,42
jenn_gotzon,59,kristin_bauer_van_straten,27
madeline_zima,64,michelle_trachtenberg,261
deborah_ann_woll,18,romola_garai,38
terri_ivens,31,tanit_phoenix,30
miranda_richardson,21,jennifer_grey,82
madeline_zima,92,kathleen_robertson,6
rene_russo,70,heather_matarazzo,38
tricia_helfer,50,miranda_richardson,13
christine_lakin,8,willa_holland,20
shannon_woodward,10,laura_vandervoort,29
rene_russo,52,jessalyn_gilsig,32
shakira,9,kathleen_robertson,69
marcia_cross,32,annasophia_robb,94
megan_marie_wilson,55,melora_walters,1
helen_hunt,249,anna_kendrick,154
gabriela_dias,28,julie_christie,62
christine_lakin,8,helena_christensen,38
christa_b_allen,19,deprise_brescia,20
rachel_mcadams,204,helen_hunt,212
linda_gray,8,gabriela_dias,58
deborah_ann_woll,18,deprise_brescia,5
jennifer_esposito,4,jessalyn_gilsig,9
jennifer_esposito,4,aubrey_plaza,79
rhona_mitra,33,mylene_dinh-robic,911
michelle_trachtenberg,232,kim_delaney,37
britt_robertson,120,beth_riesgraf,53
jess_weixler,48,susan_downey,43
abigail_spencer,50,melanie_lynskey,38
jenna_dewan-tatum,60,neve_campbell,12
famke_janssen,117,elisa_donovan,179
terri_ivens,39,abigail_spencer,50
krysten_ritter,149,jennifer_grey,107
miranda_richardson,45,kaitlin_olson,53
lea_thompson,60,barbara_hershey,94
beth_riesgraf,16,fairuza_balk,73
abigail_spencer,41,kristinia_debarge,30
valeria_golino,13,miranda_richardson,53
tanit_phoenix,30,bitsie_tulloch,68
jenny_wade,8,joey_lauren_adams,26
fairuza_balk,71,kelli_garner,97
jess_weixler,51,barbara_hershey,51
valeria_golino,31,kathleen_robertson,42
rhona_mitra,148,willa_holland,25
odette_annable,128,joyce_giraud,4
kaitlin_olson,44,bailee_madison,33
elisa_donovan,179,joyce_giraud,4
miranda_richardson,53,tanit_phoenix,30
sherrie_rose,63,brooke_elliott,17
kristin_bauer_van_straten,27,shakira,59
elisa_donovan,179,sherrie_rose,3
jenna_dewan-tatum,34,rachel_mcadams,293
claire_holt,25,kelli_garner,24
madeline_zima,66,krysten_ritter,149
tanit_phoenix,12,helena_christensen,37
christine_lakin,8,britt_robertson,120
jennifer_carpenter,159,christa_b_allen,2
taylor_swift,271,neve_campbell,64
marcia_gay_harden,52,bitsie_tulloch,24
heather_mckinley,23,kim_delaney,3
kristinia_debarge,4,jennifer_grey,82
sara_paxton,52,deborah_ann_woll,43
tricia_helfer,41,melora_walters,1
marcia_cross,121,valeria_golino,21
darby_stanchfield,33,laura_vandervoort,3
jennifer_carpenter,27,jennifer_esposito,91
bitsie_tulloch,46,fairuza_balk,73
katie_cassidy,29,tricia_helfer,41
famke_janssen,123,barbara_hershey,6
rachel_mcadams,92,shannon_woodward,34
gabriela_dias,58,elisa_donovan,179
kristin_bauer_van_straten,27,romola_garai,36
helen_hunt,9,fairuza_balk,73
rose_byrne,55,marcia_cross,148
jennifer_carpenter,72,brooke_elliott,27
melanie_lynskey,38,miranda_richardson,63
shannon_woodward,1,christine_lakin,8
melanie_lynskey,90,christa_miller,98
neve_campbell,114,terri_ivens,16
melinda_clarke,39,stacy_keibler,138
marcia_gay_harden,224,jennifer_carpenter,72
carrie_genzel,57,shannon_woodward,34
miranda_richardson,11,sherrie_rose,3
katie_cassidy,29,vicki_lewis,76
jenna_dewan-tatum,34,odette_annable,53
jennifer_carpenter,27,jennifer_grey,107
kathleen_robertson,4,jess_weixler,48
fairuza_balk,63,maria_menounos,6
famke_janssen,123,kathleen_robertson,69
jenna_dewan-tatum,34,judy_davis,14
britt_robertson,130,katie_cassidy,29
jennifer_esposito,4,helena_christensen,37
kristin_bauer_van_straten,27,sherrie_rose,63
willa_holland,40,shakira,59
laura_vandervoort,31,beth_riesgraf,53
susan_downey,43,helen_hunt,9
kathleen_robertson,80,rachel_mcadams,239
gabrielle_anwar,27,bellamy_young,1
kristinia_debarge,32,mary_lynn_rajskub,69
sara_paxton,52,sherrie_rose,63
christa_miller,58,odette_annable,128
christine_lakin,8,aubrey_plaza,6
melinda_clarke,41,kelli_garner,97
elisa_donovan,83,barbara_hershey,94
joyce_giraud,4,kim_delaney,37
vicki_lewis,84,stacy_keibler,212
stacy_keibler,212,helen_hunt,212
alison_brie,136,bryce_dallas_howard,28
rose_byrne,188,joey_lauren_adams,15
carrie_genzel,31,kristin_bauer_van_straten,36
abigail_spencer,50,helen_hunt,9
kelli_garner,43,bryce_dallas_howard,93
gabriela_dias,58,melanie_lynskey,28
gabriela_dias,58,rachel_mcadams,204
joyce_giraud,4,lea_thompson,60
jessalyn_gilsig,22,kim_delaney,64
romola_garai,71,bailee_madison,34
bitsie_tulloch,24,helen_hunt,212
sara_paxton,52,willa_holland,56
julie_christie,62,elisa_donovan,83
fairuza_balk,47,marcia_gay_harden,224
clare_grant,15,marcia_cross,121
bryce_dallas_howard,28,elizabeth_mitchell,137
rhona_mitra,83,katie_cassidy,144
fairuza_balk,39,jennifer_coolidge,60
megan_marie_wilson,52,susan_downey,59
joey_lauren_adams,43,rhona_mitra,11
rachel_mcadams,293,krysten_ritter,149
heather_matarazzo,31,marcia_gay_harden,249
tanit_phoenix,12,sara_paxton,52
jenny_wade,43,taylor_swift,65
linda_gray,32,stacy_keibler,138
kathleen_robertson,6,kaitlin_olson,61
britt_robertson,40,bellamy_young,1
kelli_garner,25,jordana_spiro,50
odette_annable,119,willa_holland,56
elena_eustache,33,rachel_mcadams,239
aubrey_plaza,121,katie_cassidy,144
jess_weixler,77,marcia_cross,121
rachel_mcadams,293,helen_hunt,9
bailee_madison,53,rachel_mcadams,293
tanit_phoenix,30,claire_holt,48
stacy_keibler,206,romola_garai,5
kristin_bauer_van_straten,27,mylene_dinh-robic,917
famke_janssen,69,beth_riesgraf,54
tanit_phoenix,30,carrie_genzel,20
bellamy_young,21,jill_hennessy,59
terri_ivens,31,ariel_winter,108
krysten_ritter,149,judy_davis,9
christine_lakin,8,melinda_clarke,76
helen_hunt,212,ariel_winter,5
jordana_spiro,57,clare_grant,51
anna_kendrick,154,elisa_donovan,179
krysten_ritter,149,kelli_garner,25
aubrey_plaza,93,kristin_bauer_van_straten,65
rachel_mcadams,239,linda_gray,6
shakira,9,sadie_calvano,47
annasophia_robb,76,julie_christie,9
rhona_mitra,11,jenn_gotzon,42
darby_stanchfield,56,gabriela_dias,58
brooke_elliott,5,joey_lauren_adams,25
carrie_genzel,64,taylor_swift,65
madeline_zima,92,aubrey_plaza,7
michelle_trachtenberg,231,claire_holt,6
neve_campbell,114,christine_lakin,8
willa_holland,40,susan_downey,59
annasophia_robb,63,abigail_spencer,50
ashley_avis,12,barbara_hershey,51
kim_delaney,68,heather_mckinley,72
deborah_ann_woll,1,rene_russo,77
jordana_spiro,16,jennifer_grey,82
lea_thompson,60,marcia_cross,32
heather_mckinley,72,rene_russo,77
lea_thompson,60,susan_downey,43
joyce_giraud,4,melanie_lynskey,54
christa_miller,19,joyce_giraud,4
elizabeth_mitchell,137,heather_matarazzo,50
melanie_lynskey,91,jennifer_coolidge,60
jess_weixler,77,barbara_hershey,6
elizabeth_mitchell,62,taylor_swift,65
aubrey_plaza,7,melora_walters,24
bitsie_tulloch,12,elizabeth_mitchell,43
katie_cassidy,110,aubrey_plaza,31
sara_paxton,52,valeria_golino,6
elisa_donovan,83,joey_lauren_adams,25
carrie_genzel,64,linda_gray,53
valeria_golino,21,romola_garai,27
jenn_gotzon,54,taylor_swift,65
willa_holland,20,tanit_phoenix,30
bryce_dallas_howard,93,melinda_clarke,41
britt_robertson,130,romola_garai,71
clare_grant,45,bitsie_tulloch,12
kelli_garner,25,shakira,9
famke_janssen,117,barbara_hershey,51
rose_byrne,51,shakira,9
sara_paxton,52,annasophia_robb,63
gabrielle_anwar,104,melanie_lynskey,38
kaitlin_olson,61,miranda_richardson,11
shannon_woodward,50,christa_miller,22
kristin_bauer_van_straten,36,rachel_mcadams,204
jill_hennessy,59,katie_cassidy,110
sara_paxton,52,barbara_hershey,94
samantha_harris,31,sherrie_rose,63
jenna_dewan-tatum,34,kristin_bauer_van_straten,65
julie_christie,62,heather_matarazzo,26
jennifer_coolidge,79,anna_kendrick,154
gabriela_dias,58,marcia_cross,121
bailee_madison,17,famke_janssen,123
rose_byrne,51,jessalyn_gilsig,14
jennifer_grey,107,alison_brie,18
odette_annable,53,sadie_calvano,30
rhona_mitra,35,shannon_woodward,34
christa_miller,58,maria_menounos,120
gabrielle_anwar,78,rene_russo,70
miranda_richardson,11,rose_byrne,39
judy_davis,14,taylor_swift,65
famke_janssen,62,fairuza_balk,63
judy_davis,8,jennifer_esposito,91
melanie_lynskey,28,shakira,9
stacy_keibler,212,jennifer_carpenter,72
maria_menounos,120,rene_russo,70
gabrielle_anwar,78,melora_walters,54
jessalyn_gilsig,14,terri_ivens,39
deprise_brescia,5,annasophia_robb,55
sherrie_rose,63,bryce_dallas_howard,93
jennifer_coolidge,60,jennifer_carpenter,121
jennifer_coolidge,79,linda_gray,8
abigail_spencer,50,kristin_bauer_van_straten,27
joey_lauren_adams,43,brooke_elliott,27
alison_brie,142,elena_eustache,29
darby_stanchfield,56,brooke_elliott,27
jenny_wade,8,rene_russo,70
jessalyn_gilsig,32,heather_mckinley,23
miranda_richardson,11,bellamy_young,10
deborah_ann_woll,49,abigail_spencer,41
terri_ivens,11,aubrey_plaza,93
christa_b_allen,2,marcia_gay_harden,52
claire_holt,61,willa_holland,37
odette_annable,128,jess_weixler,51
jill_hennessy,25,bryce_dallas_howard,42
fairuza_balk,7,krysten_ritter,149
madeline_zima,66,rachel_mcadams,204
elizabeth_mitchell,43,susan_downey,41
clare_grant,14,jessalyn_gilsig,22
judy_davis,14,katie_cassidy,144
rhona_mitra,33,rene_russo,52
darby_stanchfield,56,linda_gray,32
clare_grant,24,britt_robertson,38
jennifer_carpenter,121,joey_lauren_adams,25
melora_walters,48,deborah_ann_woll,71
jessalyn_gilsig,9,julie_christie,9
mylene_dinh-robic,923,darby_stanchfield,33
mylene_dinh-robic,917,tricia_helfer,41
bellamy_young,21,willa_holland,59
joey_lauren_adams,26,elizabeth_mitchell,62
elisa_donovan,179,willa_holland,37
jessalyn_gilsig,14,kathleen_robertson,80
marcia_gay_harden,249,jill_hennessy,59
madeline_zima,66,kelli_garner,97
jill_hennessy,60,sara_paxton,52
linda_gray,3,terri_ivens,16
carrie_genzel,49,melora_walters,48
aubrey_plaza,93,julie_christie,62
holland_taylor,8,jess_weixler,48
jordana_spiro,7,mylene_dinh-robic,923
rene_russo,77,christa_miller,58
marcia_cross,32,kristinia_debarge,32
darby_stanchfield,56,katie_cassidy,110
rene_russo,77,madeline_zima,64
tricia_helfer,7,melanie_lynskey,54
stacy_keibler,212,julie_christie,9
stacy_keibler,212,romola_garai,27
marcia_cross,121,tanit_phoenix,30
ariel_winter,91,taylor_swift,65
kathleen_robertson,80,christine_lakin,8
jenny_wade,8,abigail_spencer,41
rose_byrne,55,rene_russo,70
jenny_wade,8,deborah_ann_woll,18
famke_janssen,21,melora_walters,4
mylene_dinh-robic,917,shannon_woodward,15
susan_downey,41,joyce_giraud,4
joyce_giraud,4,heather_matarazzo,3
jenna_dewan-tatum,60,marcia_gay_harden,189
neve_campbell,12,laura_vandervoort,72
shakira,9,britt_robertson,120
odette_annable,119,jenny_wade,43
willa_holland,40,melora_walters,54
jennifer_esposito,4,famke_janssen,73
marcia_cross,148,sara_paxton,52
kelli_garner,43,neve_campbell,64
jessalyn_gilsig,32,sadie_calvano,47
taylor_swift,65,jess_weixler,48
melinda_clarke,76,taylor_swift,271
beth_riesgraf,1,christa_b_allen,58
stacy_keibler,28,ashley_avis,12
madeline_zima,66,shakira,59
heather_matarazzo,3,barbara_hershey,6
jenn_gotzon,42,rachel_mcadams,204
elizabeth_mitchell,43,katie_cassidy,144
melanie_lynskey,91,rene_russo,52
aubrey_plaza,2,jennifer_esposito,91
shannon_woodward,15,willa_holland,58
rose_byrne,212,brooke_elliott,22
bailee_madison,61,annasophia_robb,76
rene_russo,77,linda_gray,16
helen_hunt,212,shannon_woodward,15
odette_annable,119,valeria_golino,15
bitsie_tulloch,46,anna_kendrick,154
anna_kendrick,154,shannon_woodward,1
marcia_gay_harden,249,deprise_brescia,20
helena_christensen,18,michelle_trachtenberg,339
krysten_ritter,149,melinda_clarke,41
jennifer_grey,82,jenny_wade,43
jennifer_coolidge,60,carrie_genzel,10
rachel_mcadams,204,aubrey_plaza,93
jordana_spiro,57,kristin_bauer_van_straten,27
kim_delaney,39,mylene_dinh-robic,6
sherrie_rose,3,kaitlin_olson,61
neve_campbell,12,holland_taylor,14
joey_lauren_adams,15,britt_robertson,130
melanie_lynskey,90,helen_hunt,9
joyce_giraud,4,odette_annable,119
neve_campbell,143,joey_lauren_adams,15
linda_gray,3,krysten_ritter,149
mylene_dinh-robic,911,rhona_mitra,33
kathleen_robertson,80,odette_annable,53
jordana_spiro,58,judy_davis,9
odette_annable,128,annasophia_robb,55
mary_lynn_rajskub,86,sadie_calvano,43
katie_cassidy,29,carrie_genzel,10
darby_stanchfield,33,taylor_swift,271
bellamy_young,10,sara_paxton,52
rhona_mitra,35,helen_hunt,249
tanit_phoenix,12,judy_davis,9
laura_vandervoort,59,elizabeth_mitchell,137
helen_hunt,249,elena_eustache,33
rose_byrne,205,sara_paxton,52
elizabeth_mitchell,62,lea_thompson,60
neve_campbell,12,stacy_keibler,138
tricia_helfer,49,melanie_lynskey,91
mary_lynn_rajskub,69,madeline_zima,64
melora_walters,2,maria_menounos,124
sara_paxton,52,stacy_keibler,28
terri_ivens,11,gabriela_dias,58
rene_russo,70,jennifer_grey,82
elisa_donovan,179,britt_robertson,38
darby_stanchfield,33,holland_taylor,30
kim_delaney,68,alison_brie,129
britt_robertson,40,christine_lakin,8
rachel_mcadams,204,kathleen_robertson,6
vicki_lewis,76,marcia_gay_harden,52
marcia_gay_harden,63,terri_ivens,11
shannon_woodward,10,deborah_ann_woll,1
marcia_cross,121,christine_lakin,8
jennifer_coolidge,79,jenn_gotzon,29
sara_paxton,52,taylor_swift,271
bryce_dallas_howard,42,rachel_mcadams,92
kathleen_robertson,45,heather_mckinley,72
laura_vandervoort,3,bryce_dallas_howard,42
christine_lakin,8,shakira,9
alison_brie,198,tanit_phoenix,12
marcia_gay_harden,67,jenna_dewan-tatum,34
holland_taylor,26,britt_robertson,9
tanit_phoenix,12,carrie_genzel,70
romola_garai,27,britt_robertson,40
madeline_zima,66,shannon_woodward,10
heather_mckinley,23,ariel_winter,5
jess_weixler,77,valeria_golino,49
miranda_richardson,21,darby_stanchfield,33
madeline_zima,64,famke_janssen,64
jessalyn_gilsig,7,maria_menounos,18
karolina_kurkova,26,marcia_cross,121
aubrey_plaza,74,beth_riesgraf,16
rene_russo,117,stacy_keibler,212
melinda_clarke,75,jordana_spiro,57
deborah_ann_woll,15,beth_riesgraf,53
kristin_bauer_van_straten,65,alison_brie,18
kathleen_robertson,4,darby_stanchfield,33
brooke_elliott,22,christa_b_allen,2
kristinia_debarge,60,sara_paxton,52
jenn_gotzon,54,terri_ivens,39
jess_weixler,48,shakira,59
claire_holt,25,miranda_richardson,11
willa_holland,40,susan_downey,59
jenny_wade,8,ashley_avis,12
gabrielle_anwar,73,helena_christensen,73
melanie_lynskey,90,stacy_keibler,206
annasophia_robb,63,neve_campbell,143
beth_riesgraf,49,mary_lynn_rajskub,95
jill_hennessy,59,helena_christensen,73
christine_lakin,8,jill_hennessy,116
christine_lakin,8,sara_paxton,52
linda_gray,17,heather_mckinley,23
shannon_woodward,34,brooke_elliott,22
karolina_kurkova,39,gabriela_dias,28
helen_hunt,212,judy_davis,2
jenn_gotzon,29,jennifer_carpenter,65
kathleen_robertson,80,stacy_keibler,206
linda_gray,6,jennifer_coolidge,60
valeria_golino,15,jennifer_esposito,91
christa_miller,61,tanit_phoenix,30
jennifer_carpenter,65,joyce_giraud,4
melora_walters,16,rene_russo,52
heather_mckinley,23,gabrielle_anwar,90
melora_walters,4,jenna_dewan-tatum,34
gabrielle_anwar,23,odette_annable,60
kelli_garner,97,susan_downey,59
madeline_zima,66,jess_weixler,77
famke_janssen,64,rene_russo,117
linda_gray,8,lea_thompson,60
valeria_golino,31,carrie_genzel,31
claire_holt,48,clare_grant,14
darby_stanchfield,33,jennifer_esposito,4
mary_lynn_rajskub,86,shannon_woodward,15
willa_holland,37,britt_robertson,39
laura_vandervoort,31,christa_miller,19
kristinia_debarge,4,christine_lakin,8
jennifer_carpenter,121,barbara_hershey,51
jessalyn_gilsig,72,fairuza_balk,63
aubrey_plaza,2,shannon_woodward,34
gabrielle_anwar,42,clare_grant,51
kristinia_debarge,30,elizabeth_mitchell,62
clare_grant,9,britt_robertson,113
jess_weixler,48,mary_lynn_rajskub,114
joey_lauren_adams,43,jill_hennessy,25
kathleen_robertson,6,famke_janssen,42
mary_lynn_rajskub,95,rachel_mcadams,239
britt_robertson,9,tricia_helfer,50
maria_menounos,181,jessalyn_gilsig,23
michelle_trachtenberg,324,tanit_phoenix,12
mary_lynn_rajskub,69,carrie_genzel,70
rachel_mcadams,239,rhona_mitra,33
melora_walters,53,carrie_genzel,70
tanit_phoenix,12,melora_walters,24
christa_miller,10,sadie_calvano,43
heather_mckinley,23,elena_eustache,33
jess_weixler,51,elena_eustache,29
elena_eustache,45,jenn_gotzon,54
britt_robertson,40,odette_annable,60
romola_garai,36,alison_brie,18
michelle_trachtenberg,231,shannon_woodward,10
jenna_dewan-tatum,60,christine_lakin,8
romola_garai,5,ariel_winter,17
sherrie_rose,63,valeria_golino,21
bryce_dallas_howard,28,joyce_giraud,4
christa_miller,98,jenna_dewan-tatum,34
abigail_spencer,50,sara_paxton,52
jennifer_coolidge,60,heather_mckinley,23
miranda_richardson,11,valeria_golino,49
carrie_genzel,10,christa_miller,19
joey_lauren_adams,43,madeline_zima,92
neve_campbell,143,kelli_garner,24
aubrey_plaza,31,christine_lakin,8
michelle_trachtenberg,339,marcia_cross,121
laura_vandervoort,59,clare_grant,37
samantha_harris,47,rhona_mitra,33
ariel_winter,108,kim_delaney,64
mylene_dinh-robic,904,romola_garai,36
christine_lakin,8,melanie_lynskey,28
bitsie_tulloch,68,michelle_trachtenberg,258
marcia_cross,148,miranda_richardson,11
katie_cassidy,110,kaitlin_olson,25
brooke_elliott,5,megan_marie_wilson,4
jordana_spiro,50,holland_taylor,8
willa_holland,59,christine_lakin,8
judy_davis,2,bailee_madison,61
christa_b_allen,2,famke_janssen,117
christa_miller,58,jess_weixler,51
bitsie_tulloch,12,annasophia_robb,55
fairuza_balk,63,judy_davis,31
jessalyn_gilsig,72,laura_vandervoort,59
gabrielle_anwar,194,mylene_dinh-robic,936
sadie_calvano,47,gabrielle_anwar,73
kristin_bauer_van_straten,27,rose_byrne,118
joey_lauren_adams,13,marcia_cross,187
gabriela_dias,28,aubrey_plaza,6
deborah_ann_woll,15,neve_campbell,143
clare_grant,45,elena_eustache,29
laura_vandervoort,72,christa_miller,10
bitsie_tulloch,70,christa_miller,98
maria_menounos,124,ariel_winter,80
willa_holland,25,terri_ivens,1
claire_holt,25,joyce_giraud,4
kim_delaney,37,annasophia_robb,55
judy_davis,9,kristinia_debarge,30
shannon_woodward,10,jessalyn_gilsig,72
claire_holt,25,miranda_richardson,21
jenn_gotzon,29,julie_christie,47
madeline_zima,64,joyce_giraud,4
kelli_garner,24,rachel_mcadams,239
jordana_spiro,58,jill_hennessy,1
elizabeth_mitchell,62,judy_davis,8
jill_hennessy,59,vicki_lewis,28
elizabeth_mitchell,43,kim_delaney,37
kelli_garner,66,katie_cassidy,110
vicki_lewis,28,christa_b_allen,19
susan_downey,43,lea_thompson,60
madeline_zima,92,jennifer_carpenter,72
neve_campbell,114,alison_brie,198
jill_hennessy,60,willa_holland,37
willa_holland,52,christine_lakin,8
stacy_keibler,206,ashley_avis,41
helen_hunt,212,christine_lakin,8
rachel_mcadams,92,kristin_bauer_van_straten,36
helena_christensen,73,gabriela_dias,28
rhona_mitra,83,samantha_harris,16
stacy_keibler,138,sadie_calvano,41
willa_holland,59,marcia_gay_harden,69
barbara_hershey,51,brooke_elliott,5
carrie_genzel,49,jessalyn_gilsig,72
jess_weixler,77,gabrielle_anwar,173
jordana_spiro,7,deprise_brescia,5
valeria_golino,31,rose_byrne,118
deprise_brescia,1,heather_mckinley,23
jessalyn_gilsig,32,anna_kendrick,154
fairuza_balk,63,rose_byrne,39
tanit_phoenix,30,mary_lynn_rajskub,69
mary_lynn_rajskub,86,marcia_gay_harden,224
mary_lynn_rajskub,95,taylor_swift,271
marcia_cross,121,sadie_calvano,43
helen_hunt,212,jennifer_grey,107
melora_walters,48,kristin_bauer_van_straten,65
kristin_bauer_van_straten,65,miranda_richardson,63
lea_thompson,60,helen_hunt,212
tricia_helfer,19,jenna_dewan-tatum,34
tricia_helfer,19,jennifer_carpenter,72
mary_lynn_rajskub,114,darby_stanchfield,56
kaitlin_olson,53,marcia_gay_harden,250
shannon_woodward,15,mary_lynn_rajskub,69
stacy_keibler,212,kristin_bauer_van_straten,36
deprise_brescia,11,jennifer_esposito,4
marcia_gay_harden,224,brooke_elliott,29
abigail_spencer,50,melanie_lynskey,88
maria_menounos,181,shannon_woodward,36
helen_hunt,9,jordana_spiro,7
rachel_mcadams,204,famke_janssen,69
karolina_kurkova,9,lea_thompson,60
krysten_ritter,149,jess_weixler,48
kim_delaney,3,brooke_elliott,5
terri_ivens,39,christine_lakin,8
rene_russo,117,sadie_calvano,30
jennifer_esposito,91,bellamy_young,21
kristin_bauer_van_straten,36,bailee_madison,33
deprise_brescia,45,ashley_avis,12
joyce_giraud,4,bellamy_young,62
romola_garai,5,anna_kendrick,154
jennifer_coolidge,60,karolina_kurkova,9
rhona_mitra,33,lea_thompson,60
bellamy_young,1,sara_paxton,52
katie_cassidy,110,madeline_zima,92
alison_brie,136,judy_davis,8
claire_holt,48,tanit_phoenix,12
bellamy_young,23,bitsie_tulloch,12
elena_eustache,29,ariel_winter,142
annasophia_robb,79,rhona_mitra,11
mary_lynn_rajskub,114,helen_hunt,212
neve_campbell,143,bailee_madison,40
laura_vandervoort,39,susan_downey,43
fairuza_balk,7,rose_byrne,205
miranda_richardson,45,christine_lakin,8
rene_russo,117,darby_stanchfield,56
karolina_kurkova,9,aubrey_plaza,2
anna_kendrick,154,kaitlin_olson,61
jenna_dewan-tatum,34,aubrey_plaza,93
bailee_madison,53,barbara_hershey,6
christa_b_allen,58,jordana_spiro,57
joyce_giraud,4,vicki_lewis,84
alison_brie,39,joyce_giraud,4
mary_lynn_rajskub,86,jess_weixler,51
ashley_avis,41,abigail_spencer,41
anna_kendrick,154,britt_robertson,38
willa_holland,37,christa_miller,98
bryce_dallas_howard,93,darby_stanchfield,56
melora_walters,1,fairuza_balk,47
britt_robertson,9,vicki_lewis,28
bellamy_young,1,melanie_lynskey,91
joyce_giraud,4,michelle_trachtenberg,339
helena_christensen,18,terri_ivens,1
joyce_giraud,4,krysten_ritter,149
barbara_hershey,6,ashley_avis,41
rene_russo,52,jennifer_coolidge,24
katie_cassidy,29,gabriela_dias,28
vicki_lewis,76,claire_holt,6
michelle_trachtenberg,232,joyce_giraud,4
neve_campbell,143,jenny_wade,43
carrie_genzel,49,kelli_garner,25
brooke_elliott,27,barbara_hershey,6
claire_holt,48,jennifer_grey,92
odette_annable,119,judy_davis,9
ariel_winter,91,clare_grant,15
taylor_swift,65,beth_riesgraf,49
helen_hunt,249,rose_byrne,39
jenny_wade,43,susan_downey,43
rhona_mitra,11,jenny_wade,8
jenna_dewan-tatum,60,christine_lakin,8
kathleen_robertson,6,fairuza_balk,47
deborah_ann_woll,15,gabriela_dias,58
romola_garai,36,jennifer_grey,107
kim_delaney,3,madeline_zima,92
elena_eustache,26,claire_holt,25
anna_kendrick,154,kaitlin_olson,44
rene_russo,70,rose_byrne,39
gabrielle_anwar,194,brooke_elliott,29
kathleen_robertson,43,kristin_bauer_van_straten,65
krysten_ritter,149,holland_taylor,27
darby_stanchfield,56,deborah_ann_woll,1
madeline_zima,92,elena_eustache,26
ashley_avis,41,jennifer_carpenter,27
ariel_winter,108,susan_downey,43
julie_christie,62,kristin_bauer_van_straten,27
michelle_trachtenberg,31,joyce_giraud,4
tanit_phoenix,30,rachel_mcadams,239
rene_russo,52,odette_annable,53
heather_mckinley,72,taylor_swift,65
kathleen_robertson,80,jennifer_carpenter,121
jennifer_grey,92,heather_mckinley,72
tricia_helfer,49,jennifer_carpenter,65
krysten_ritter,149,taylor_swift,65
stacy_keibler,212,rose_byrne,51
jessalyn_gilsig,14,elisa_donovan,83
krysten_ritter,149,marcia_cross,121
maria_menounos,181,krysten_ritter,149
christine_lakin,8,deborah_ann_woll,71
katie_cassidy,110,jennifer_grey,107
megan_marie_wilson,18,romola_garai,27
madeline_zima,92,jennifer_coolidge,60
katie_cassidy,110,stacy_keibler,206
romola_garai,5,holland_taylor,14
tricia_helfer,7,annasophia_robb,63
sadie_calvano,41,britt_robertson,38
judy_davis,9,kathleen_robertson,80
michelle_trachtenberg,232,jenna_dewan-tatum,34
melinda_clarke,41,deborah_ann_woll,18
heather_matarazzo,31,jennifer_coolidge,79
heather_matarazzo,31,fairuza_balk,63
kathleen_robertson,80,marcia_gay_harden,67
christa_b_allen,58,mary_lynn_rajskub,114
joey_lauren_adams,25,lea_thompson,60
rachel_mcadams,204,rose_byrne,39
famke_janssen,21,susan_downey,41
elisa_donovan,179,gabriela_dias,58
bellamy_young,1,rene_russo,77
shannon_woodward,34,kristinia_debarge,4
britt_robertson,9,jennifer_coolidge,24
beth_riesgraf,54,jill_hennessy,6
rose_byrne,55,joyce_giraud,4
barbara_hershey,6,jill_hennessy,59
clare_grant,14,melinda_clarke,39
jill_hennessy,116,melanie_lynskey,91
kaitlin_olson,25,jess_weixler,77
barbara_hershey,6,joyce_giraud,4
rose_byrne,39,joey_lauren_adams,25
kim_delaney,64,vicki_lewis,28
carrie_genzel,10,jordana_spiro,7
samantha_harris,16,rachel_mcadams,92
annasophia_robb,94,sadie_calvano,41
jenna_dewan-tatum,34,famke_janssen,21
christa_miller,58,kristinia_debarge,30
christa_miller,10,willa_holland,58
jenny_wade,43,julie_christie,16
kristin_bauer_van_straten,36,sadie_calvano,30
melinda_clarke,89,alison_brie,130
deborah_ann_woll,43,joyce_giraud,4
julie_christie,62,kim_delaney,68
famke_janssen,42,stacy_keibler,28
jennifer_coolidge,24,heather_matarazzo,3
kristinia_debarge,30,jess_weixler,77
marcia_cross,32,laura_vandervoort,59
brooke_elliott,17,helena_christensen,73
terri_ivens,11,jenna_dewan-tatum,34
annasophia_robb,76,joyce_giraud,4
bryce_dallas_howard,28,jenn_gotzon,49
tricia_helfer,50,elisa_donovan,83
karolina_kurkova,39,madeline_zima,92
terri_ivens,39,christa_miller,61
terri_ivens,76,odette_annable,119
jennifer_coolidge,60,aubrey_plaza,121
jenn_gotzon,42,sara_paxton,52
heather_matarazzo,50,melora_walters,24
linda_gray,8,jess_weixler,77
neve_campbell,64,lea_thompson,60
jenny_wade,43,rachel_mcadams,204
deprise_brescia,20,jenn_gotzon,29
stacy_keibler,28,jenna_dewan-tatum,60
claire_holt,6,carrie_genzel,10
bryce_dallas_howard,93,jennifer_carpenter,121
rene_russo,52,kaitlin_olson,25
laura_vandervoort,72,kristin_bauer_van_straten,36
jordana_spiro,58,elizabeth_mitchell,137
samantha_harris,47,ariel_winter,142
tanit_phoenix,30,rhona_mitra,83
christa_b_allen,19,vicki_lewis,84
deborah_ann_woll,43,fairuza_balk,71
jess_weixler,77,gabrielle_anwar,3
ariel_winter,26,vicki_lewis,84
jessalyn_gilsig,14,valeria_golino,21
odette_annable,60,jenny_wade,43
kaitlin_olson,44,stacy_keibler,212
linda_gray,16,shakira,9
deborah_ann_woll,18,jill_hennessy,59
joey_lauren_adams,26,mary_lynn_rajskub,69
carrie_genzel,10,famke_janssen,42
barbara_hershey,51,kim_delaney,3
linda_gray,16,gabrielle_anwar,78
melora_walters,49,elisa_donovan,83
jenna_dewan-tatum,34,michelle_trachtenberg,31
jess_weixler,51,bitsie_tulloch,68
mylene_dinh-robic,917,jennifer_coolidge,24
melinda_clarke,83,madeline_zima,66
barbara_hershey,6,kristinia_debarge,30
jennifer_grey,107,sherrie_rose,3
jessalyn_gilsig,32,susan_downey,59
sherrie_rose,3,mylene_dinh-robic,6
jessalyn_gilsig,23,holland_taylor,14
jenny_wade,8,kelli_garner,66
fairuza_balk,63,rene_russo,77
elisa_donovan,83,shannon_woodward,1
kelli_garner,25,beth_riesgraf,1
sadie_calvano,47,odette_annable,60
melinda_clarke,89,kathleen_robertson,45
sara_paxton,52,terri_ivens,31
jenna_dewan-tatum,60,claire_holt,61
jenny_wade,43,brooke_elliott,17
julie_christie,62,sara_paxton,52
aubrey_plaza,93,stacy_keibler,206
ariel_winter,108,judy_davis,31
neve_campbell,64,brooke_elliott,29
jennifer_esposito,91,valeria_golino,51
jenny_wade,43,michelle_trachtenberg,232
beth_riesgraf,49,kathleen_robertson,80
miranda_richardson,13,gabrielle_anwar,23
beth_riesgraf,49,bitsie_tulloch,68
willa_holland,56,rose_byrne,118
annasophia_robb,79,darby_stanchfield,33
britt_robertson,9,maria_menounos,28
taylor_swift,65,stacy_keibler,138
willa_holland,40,karolina_kurkova,26
gabriela_dias,58,sherrie_rose,3
melinda_clarke,41,jennifer_grey,82
odette_annable,53,sara_paxton,52
jill_hennessy,6,kaitlin_olson,44
stacy_keibler,212,bailee_madison,61
gabrielle_anwar,104,rhona_mitra,83
beth_riesgraf,49,sadie_calvano,47
jenna_dewan-tatum,60,sherrie_rose,63
jennifer_coolidge,24,elisa_donovan,83
krysten_ritter,149,sadie_calvano,41
shannon_woodward,50,kristin_bauer_van_straten,36
laura_vandervoort,29,jenna_dewan-tatum,60
kathleen_robertson,80,vicki_lewis,76
britt_robertson,38,marcia_cross,32
kaitlin_olson,44,heather_matarazzo,26
joey_lauren_adams,15,famke_janssen,117
elisa_donovan,179,ashley_avis,41
valeria_golino,49,jill_hennessy,98
kaitlin_olson,61,bailee_madison,17
deprise_brescia,1,jess_weixler,51
terri_ivens,28,joyce_giraud,4
ashley_avis,41,judy_davis,2
marcia_gay_harden,67,joey_lauren_adams,26
beth_riesgraf,53,aubrey_plaza,121
rene_russo,77,karolina_kurkova,59
valeria_golino,15,elizabeth_mitchell,62
heather_mckinley,72,madeline_zima,64
samantha_harris,47,tanit_phoenix,12
deprise_brescia,12,shannon_woodward,1
shannon_woodward,15,willa_holland,40
michelle_trachtenberg,261,kelli_garner,43
marcia_gay_harden,224,elizabeth_mitchell,137
judy_davis,2,aubrey_plaza,2
barbara_hershey,94,melinda_clarke,89
claire_holt,61,abigail_spencer,41
judy_davis,8,romola_garai,71
melinda_clarke,83,carrie_genzel,20
tanit_phoenix,12,shannon_woodward,34
beth_riesgraf,1,michelle_trachtenberg,261
neve_campbell,64,miranda_richardson,53
brooke_elliott,29,rene_russo,117
rachel_mcadams,92,christa_b_allen,19
jenny_wade,8,abigail_spencer,41
krysten_ritter,149,valeria_golino,49
kathleen_robertson,4,vicki_lewis,28
marcia_gay_harden,249,ariel_winter,142
sherrie_rose,3,jennifer_esposito,4
karolina_kurkova,39,christa_b_allen,58
bitsie_tulloch,24,jenny_wade,8
darby_stanchfield,33,marcia_gay_harden,249
kelli_garner,24,jess_weixler,51
linda_gray,6,elisa_donovan,83
beth_riesgraf,53,rene_russo,77
michelle_trachtenberg,31,heather_matarazzo,26
jennifer_grey,107,christa_miller,98
linda_gray,32,shannon_woodward,10
jessalyn_gilsig,23,jess_weixler,48
linda_gray,23,katie_cassidy,29
bitsie_tulloch,24,maria_menounos,25
kelli_garner,66,willa_holland,56
bryce_dallas_howard,28,judy_davis,31
bryce_dallas_howard,28,kristinia_debarge,60
britt_robertson,39,jenny_wade,8
karolina_kurkova,91,deborah_ann_woll,15
valeria_golino,25,elena_eustache,26
gabriela_dias,28,jenny_wade,8
elisa_donovan,179,jenn_gotzon,14
taylor_swift,271,laura_vandervoort,119
rose_byrne,212,marcia_cross,148
kristin_bauer_van_straten,65,jennifer_carpenter,159
jenna_dewan-tatum,60,katie_cassidy,110
tanit_phoenix,12,heather_mckinley,23
marcia_gay_harden,69,linda_gray,8
brooke_elliott,22,christa_b_allen,19
marcia_gay_harden,250,melanie_lynskey,88
holland_taylor,20,ashley_avis,12
fairuza_balk,47,barbara_hershey,6
elizabeth_mitchell,137,jennifer_coolidge,60
jordana_spiro,58,aubrey_plaza,79
jennifer_grey,92,stacy_keibler,212
stacy_keibler,138,vicki_lewis,84
linda_gray,17,helena_christensen,73
linda_gray,16,beth_riesgraf,49
bitsie_tulloch,46,darby_stanchfield,33
sadie_calvano,30,maria_menounos,25
bitsie_tulloch,68,annasophia_robb,76
kristinia_debarge,60,christa_miller,58
joyce_giraud,4,joey_lauren_adams,15
taylor_swift,271,ashley_avis,41
romola_garai,27,aubrey_plaza,25
fairuza_balk,63,joyce_giraud,4
kristinia_debarge,32,heather_mckinley,23
ariel_winter,167,valeria_golino,25
elisa_donovan,179,mylene_dinh-robic,904
vicki_lewis,84,bryce_dallas_howard,28
tanit_phoenix,12,bailee_madison,33
shakira,9,holland_taylor,27
valeria_golino,31,heather_matarazzo,50
deprise_brescia,49,lea_thompson,60
linda_gray,8,elisa_donovan,83
fairuza_balk,73,beth_riesgraf,1
kelli_garner,66,julie_christie,47
kelli_garner,43,susan_downey,41
marcia_cross,187,helena_christensen,73
taylor_swift,271,sadie_calvano,47
melinda_clarke,75,marcia_gay_harden,224
marcia_cross,187,romola_garai,71
tricia_helfer,49,jill_hennessy,116
beth_riesgraf,49,britt_robertson,130
odette_annable,128,bitsie_tulloch,70
jenna_dewan-tatum,34,kathleen_robertson,69
rene_russo,117,aubrey_plaza,7
famke_janssen,73,rose_byrne,51
anna_kendrick,154,megan_marie_wilson,14
madeline_zima,92,shakira,59
julie_christie,62,maria_menounos,120
sara_paxton,52,rachel_mcadams,204
anna_kendrick,154,gabriela_dias,58
jenny_wade,8,bailee_madison,17
jennifer_esposito,91,christa_miller,10
britt_robertson,130,helena_christensen,37
ashley_avis,41,tricia_helfer,49
jordana_spiro,16,britt_robertson,38
jess_weixler,77,deborah_ann_woll,49
odette_annable,128,jordana_spiro,57
aubrey_plaza,79,heather_matarazzo,3
annasophia_robb,76,melanie_lynskey,91
sherrie_rose,3,michelle_trachtenberg,339
taylor_swift,271,neve_campbell,12
jennifer_carpenter,27,jennifer_esposito,91
melanie_lynskey,88,kim_delaney,3
christine_lakin,8,stacy_keibler,212
linda_gray,8,joyce_giraud,4
rose_byrne,188,elisa_donovan,179
romola_garai,38,jennifer_grey,82
holland_taylor,14,terri_ivens,76
carrie_genzel,64,jessalyn_gilsig,9
shakira,9,marcia_gay_harden,189
melora_walters,48,sadie_calvano,30
barbara_hershey,6,deborah_ann_woll,1
maria_menounos,120,jenny_wade,8
jennifer_coolidge,24,aubrey_plaza,7
holland_taylor,30,brooke_elliott,27
ariel_winter,108,fairuza_balk,73
heather_mckinley,23,deprise_brescia,34
terri_ivens,11,heather_matarazzo,3
elizabeth_mitchell,137,jennifer_carpenter,27
jennifer_coolidge,60,barbara_hershey,94
kim_delaney,64,carrie_genzel,57
lea_thompson,60,julie_christie,9
lea_thompson,60,laura_vandervoort,31
sadie_calvano,30,rene_russo,52
ariel_winter,142,brooke_elliott,17
madeline_zima,92,helena_christensen,37
beth_riesgraf,49,tanit_phoenix,12
lea_thompson,60,jess_weixler,77
linda_gray,32,sherrie_rose,3
beth_riesgraf,16,famke_janssen,69
sherrie_rose,63,bailee_madison,53
judy_davis,31,beth_riesgraf,53
susan_downey,59,sadie_calvano,41
bitsie_tulloch,68,rene_russo,117
darby_stanchfield,33,lea_thompson,60
jessalyn_gilsig,7,lea_thompson,60
jennifer_esposito,91,stacy_keibler,212
clare_grant,51,fairuza_balk,71
jordana_spiro,57,susan_downey,43
britt_robertson,40,shannon_woodward,1
deborah_ann_woll,43,barbara_hershey,94
samantha_harris,16,rachel_mcadams,293
joyce_giraud,4,terri_ivens,1
shakira,59,willa_holland,20
abigail_spencer,41,christa_b_allen,58
kim_delaney,39,miranda_richardson,13
valeria_golino,25,holland_taylor,20
deprise_brescia,35,kim_delaney,37
elisa_donovan,83,abigail_spencer,41
rachel_mcadams,293,melanie_lynskey,90
rose_byrne,39,willa_holland,58
jenn_gotzon,29,katie_cassidy,144
jennifer_coolidge,79,valeria_golino,13
sara_paxton,52,melanie_lynskey,90
sadie_calvano,41,tricia_helfer,50
samantha_harris,88,marcia_gay_harden,189
rachel_mcadams,204,tanit_phoenix,12
abigail_spencer,41,elizabeth_mitchell,43
joyce_giraud,4,melinda_clarke,83
laura_vandervoort,39,annasophia_robb,79
joey_lauren_adams,26,jordana_spiro,58
jordana_spiro,50,jenn_gotzon,42
tanit_phoenix,30,stacy_keibler,206
fairuza_balk,71,abigail_spencer,41
helen_hunt,212,vicki_lewis,76
elizabeth_mitchell,137,anna_kendrick,154
famke_janssen,62,christa_b_allen,2
jessalyn_gilsig,14,kristinia_debarge,4
helen_hunt,9,bellamy_young,10
kathleen_robertson,42,julie_christie,16
stacy_keibler,28,jordana_spiro,58
holland_taylor,20,jennifer_esposito,91
gabriela_dias,58,britt_robertson,130
michelle_trachtenberg,324,claire_holt,61
katie_cassidy,29,deborah_ann_woll,49
linda_gray,32,kim_delaney,3
elisa_donovan,83,melora_walters,54
bailee_madison,17,lea_thompson,60
aubrey_plaza,31,christine_lakin,8
mary_lynn_rajskub,114,taylor_swift,271
bryce_dallas_howard,42,romola_garai,71
gabrielle_anwar,173,odette_annable,128
rene_russo,70,lea_thompson,60
willa_holland,40,rene_russo,70
marcia_cross,121,elisa_donovan,179
katie_cassidy,144,melinda_clarke,41
melinda_clarke,76,terri_ivens,31
mylene_dinh-robic,911,mary_lynn_rajskub,95
marcia_gay_harden,250,carrie_genzel,20
melora_walters,49,terri_ivens,31
brooke_elliott,22,joyce_giraud,4
vicki_lewis,28,christine_lakin,8
ariel_winter,80,linda_gray,53
melanie_lynskey,38,linda_gray,23
christa_miller,61,bryce_dallas_howard,93
maria_menounos,28,annasophia_robb,94
heather_mckinley,72,odette_annable,53
shakira,9,elisa_donovan,179
deborah_ann_woll,54,odette_annable,53
melanie_lynskey,88,julie_christie,16
terri_ivens,28,claire_holt,61
deprise_brescia,5,megan_marie_wilson,4
kristin_bauer_van_straten,36,kaitlin_olson,61
valeria_golino,51,kim_delaney,39
kim_delaney,68,shakira,9
susan_downey,43,rachel_mcadams,92
megan_marie_wilson,51,barbara_hershey,6
jill_hennessy,116,samantha_harris,47
kelli_garner,97,marcia_cross,121
fairuza_balk,47,ariel_winter,80
stacy_keibler,206,linda_gray,3
shakira,9,katie_cassidy,110
christa_miller,10,judy_davis,2
tanit_phoenix,12,gabrielle_anwar,27
holland_taylor,30,melora_walters,53
madeline_zima,66,elena_eustache,33
brooke_elliott,29,mary_lynn_rajskub,95
rachel_mcadams,293,bryce_dallas_howard,42
beth_riesgraf,16,fairuza_balk,71
jennifer_carpenter,72,anna_kendrick,154
joey_lauren_adams,15,laura_vandervoort,59
krysten_ritter,149,kaitlin_olson,53
laura_vandervoort,119,christine_lakin,8
ariel_winter,142,alison_brie,42
melinda_clarke,89,shannon_woodward,15
gabriela_dias,58,marcia_gay_harden,52
annasophia_robb,94,mylene_dinh-robic,940
katie_cassidy,144,kelli_garner,97
clare_grant,37,susan_downey,59
jennifer_esposito,4,stacy_keibler,206
barbara_hershey,94,helena_christensen,18
jennifer_coolidge,60,marcia_cross,121
jessalyn_gilsig,23,terri_ivens,28
jordana_spiro,16,helena_christensen,38
jennifer_grey,92,gabrielle_anwar,73
rhona_mitra,83,michelle_trachtenberg,31
taylor_swift,271,bailee_madison,40
terri_ivens,31,miranda_richardson,63
kim_delaney,29,kristinia_debarge,30
clare_grant,45,christine_lakin,8
joyce_giraud,4,tricia_helfer,41
gabrielle_anwar,3,ariel_winter,26
madeline_zima,64,alison_brie,129
joey_lauren_adams,13,valeria_golino,49
kathleen_robertson,43,rene_russo,117
stacy_keibler,138,michelle_trachtenberg,339
megan_marie_wilson,4,stacy_keibler,206
brooke_elliott,22,heather_mckinley,23
melinda_clarke,89,joyce_giraud,4
bryce_dallas_howard,93,kelli_garner,24
claire_holt,61,ariel_winter,105
abigail_spencer,41,aubrey_plaza,79
rene_russo,52,rhona_mitra,35
joey_lauren_adams,25,mary_lynn_rajskub,86
mylene_dinh-robic,911,sara_paxton,52
helen_hunt,212,heather_mckinley,72
kelli_garner,25,jess_weixler,48
deprise_brescia,5,christa_b_allen,19
vicki_lewis,84,megan_marie_wilson,18
holland_taylor,14,beth_riesgraf,54
miranda_richardson,63,jordana_spiro,7
kristin_bauer_van_straten,65,kaitlin_olson,44
elizabeth_mitchell,43,aubrey_plaza,121
beth_riesgraf,53,jennifer_esposito,91
neve_campbell,139,ashley_avis,12
jessalyn_gilsig,32,valeria_golino,33
odette_annable,53,jordana_spiro,7
kelli_garner,66,elizabeth_mitchell,43
samantha_harris,31,barbara_hershey,94
linda_gray,3,jenna_dewan-tatum,34
barbara_hershey,6,kristinia_debarge,4
sherrie_rose,3,joyce_giraud,4
barbara_hershey,51,holland_taylor,14
melanie_lynskey,90,kim_delaney,64
rachel_mcadams,293,willa_holland,37
marcia_cross,121,miranda_richardson,11
sadie_calvano,47,deprise_brescia,12
bailee_madison,33,joey_lauren_adams,13
marcia_cross,32,jill_hennessy,60
judy_davis,31,aubrey_plaza,25
vicki_lewis,84,brooke_elliott,5
claire_holt,61,samantha_harris,16
helen_hunt,249,susan_downey,59
jill_hennessy,98,vicki_lewis,76
helen_hunt,249,rene_russo,52
melinda_clarke,75,helena_christensen,18
odette_annable,128,gabrielle_anwar,78
jennifer_coolidge,24,kristinia_debarge,30
madeline_zima,64,sadie_calvano,41
heather_mckinley,72,marcia_gay_harden,189
mary_lynn_rajskub,69,laura_vandervoort,72
kaitlin_olson,44,joyce_giraud,4
annasophia_robb,55,tricia_helfer,41
julie_christie,47,abigail_spencer,50
romola_garai,5,julie_christie,47
alison_brie,42,britt_robertson,130
shannon_woodward,10,terri_ivens,16
aubrey_plaza,79,kathleen_robertson,69
jordana_spiro,57,joyce_giraud,4
joey_lauren_adams,25,annasophia_robb,94
anna_kendrick,154,marcia_gay_harden,224
susan_downey,43,kristinia_debarge,32
linda_gray,16,megan_marie_wilson,43
miranda_richardson,13,susan_downey,59
britt_robertson,39,rachel_mcadams,293
helena_christensen,73,famke_janssen,62
michelle_trachtenberg,31,neve_campbell,64
jennifer_grey,82,claire_holt,61
anna_kendrick,154,neve_campbell,12
christa_miller,58,kristinia_debarge,32
madeline_zima,66,bellamy_young,10
heather_mckinley,23,shannon_woodward,10
beth_riesgraf,1,britt_robertson,130
romola_garai,5,mylene_dinh-robic,911
kelli_garner,66,sadie_calvano,30
gabrielle_anwar,90,linda_gray,16
romola_garai,5,melinda_clarke,41
heather_matarazzo,50,abigail_spencer,41
britt_robertson,39,helen_hunt,9
heather_matarazzo,50,linda_gray,3
elizabeth_mitchell,62,jennifer_coolidge,24
elisa_donovan,83,valeria_golino,51
kim_delaney,68,helen_hunt,9
joey_lauren_adams,25,kathleen_robertson,43
melinda_clarke,76,julie_christie,9
vicki_lewis,76,sara_paxton,52
ariel_winter,105,aubrey_plaza,121
miranda_richardson,21,sara_paxton,52
melanie_lynskey,54,bryce_dallas_howard,42
jordana_spiro,7,aubrey_plaza,74
helena_christensen,38,famke_janssen,123
melanie_lynskey,90,brooke_elliott,5
lea_thompson,60,kristinia_debarge,4
jenn_gotzon,49,mary_lynn_rajskub,69
jessalyn_gilsig,72,shakira,9
jenna_dewan-tatum,60,helena_christensen,73
bitsie_tulloch,70,odette_annable,119
heather_mckinley,72,bryce_dallas_howard,28
ariel_winter,108,abigail_spencer,50
kathleen_robertson,43,christine_lakin,8
katie_cassidy,144,megan_marie_wilson,24
jenna_dewan-tatum,60,jennifer_esposito,4
rose_byrne,205,sherrie_rose,3
madeline_zima,66,katie_cassidy,110
rachel_mcadams,239,rhona_mitra,148
odette_annable,60,ashley_avis,12
holland_taylor,14,jenn_gotzon,27
melora_walters,49,brooke_elliott,17
deprise_brescia,21,joyce_giraud,4
marcia_gay_harden,63,jennifer_coolidge,79
sadie_calvano,26,julie_christie,47
judy_davis,31,clare_grant,24
kaitlin_olson,53,fairuza_balk,71
bailee_madison,34,sara_paxton,52
elisa_donovan,179,bitsie_tulloch,12
romola_garai,5,elisa_donovan,83
jessalyn_gilsig,7,kelli_garner,24
kim_delaney,29,abigail_spencer,50
marcia_cross,187,jenna_dewan-tatum,34
jennifer_carpenter,72,jennifer_coolidge,79
elena_eustache,29,kristin_bauer_van_straten,65
deborah_ann_woll,15,gabriela_dias,58
joyce_giraud,4,bellamy_young,57
clare_grant,41,darby_stanchfield,56
shakira,59,maria_menounos,124
elisa_donovan,83,carrie_genzel,64
tanit_phoenix,30,willa_holland,59
jennifer_carpenter,121,alison_brie,129
jennifer_coolidge,60,kristin_bauer_van_straten,27
kristin_bauer_van_straten,65,elena_eustache,45
claire_holt,61,miranda_richardson,11
vicki_lewis,76,linda_gray,32
jess_weixler,51,kim_delaney,64
miranda_richardson,45,bailee_madison,17
marcia_cross,148,heather_matarazzo,31
claire_holt,6,jenny_wade,8
marcia_cross,148,ariel_winter,91
jenny_wade,8,jennifer_esposito,4
jenna_dewan-tatum,60,brooke_elliott,17
marcia_gay_harden,69,kelli_garner,43
melinda_clarke,39,heather_mckinley,23
katie_cassidy,144,bitsie_tulloch,68
aubrey_plaza,79,samantha_harris,47
rachel_mcadams,239,carrie_genzel,31
jennifer_grey,82,fairuza_balk,63
stacy_keibler,138,jessalyn_gilsig,7
britt_robertson,40,joey_lauren_adams,43
britt_robertson,40,holland_taylor,30
brooke_elliott,22,joyce_giraud,4
jessalyn_gilsig,9,laura_vandervoort,39
laura_vandervoort,59,katie_cassidy,29
terri_ivens,1,rhona_mitra,33
helena_christensen,73,bellamy_young,57
barbara_hershey,94,alison_brie,18
linda_gray,23,bryce_dallas_howard,42
sadie_calvano,41,brooke_elliott,22
brooke_elliott,29,jennifer_coolidge,60
britt_robertson,113,holland_taylor,30
samantha_harris,47,jill_hennessy,54
melanie_lynskey,38,linda_gray,32
melinda_clarke,76,ariel_winter,26
odette_annable,128,julie_christie,9
maria_menounos,120,aubrey_plaza,31
gabrielle_anwar,104,maria_menounos,6
joyce_giraud,4,melanie_lynskey,90
christa_miller,98,krysten_ritter,149
elisa_donovan,83,samantha_harris,16
kristinia_debarge,32,anna_kendrick,154
holland_taylor,20,heather_mckinley,23
gabrielle_anwar,175,anna_kendrick,154
joyce_giraud,4,shakira,59
jill_hennessy,6,taylor_swift,65
marcia_gay_harden,250,beth_riesgraf,16
fairuza_balk,7,aubrey_plaza,7
madeline_zima,66,rose_byrne,78
taylor_swift,271,christa_miller,19
darby_stanchfield,56,elizabeth_mitchell,43
katie_cassidy,110,rene_russo,52
helen_hunt,9,elizabeth_mitchell,137
judy_davis,9,ashley_avis,12
helen_hunt,9,krysten_ritter,149
elizabeth_mitchell,43,jennifer_grey,82
kathleen_robertson,80,willa_holland,56
helen_hunt,9,neve_campbell,12
jessalyn_gilsig,23,elizabeth_mitchell,62
elena_eustache,33,jennifer_coolidge,24
elena_eustache,33,shannon_woodward,36
neve_campbell,114,kelli_garner,25
kathleen_robertson,69,bailee_madison,40
bailee_madison,17,taylor_swift,271
clare_grant,37,krysten_ritter,149
susan_downey,41,jennifer_esposito,91
samantha_harris,31,susan_downey,41
judy_davis,2,jenna_dewan-tatum,34
rachel_mcadams,92,rene_russo,70
kelli_garner,66,joey_lauren_adams,25
taylor_swift,65,aubrey_plaza,74
jenn_gotzon,42,deborah_ann_woll,1
ashley_avis,12,karolina_kurkova,91
willa_holland,37,sadie_calvano,30
elena_eustache,33,maria_menounos,18
joey_lauren_adams,43,krysten_ritter,149
megan_marie_wilson,51,sadie_calvano,41
miranda_richardson,21,jennifer_carpenter,121
michelle_trachtenberg,231,darby_stanchfield,56
barbara_hershey,51,sadie_calvano,41
linda_gray,8,jennifer_grey,107
helena_christensen,73,rhona_mitra,83
jill_hennessy,60,julie_christie,47
brooke_elliott,29,clare_grant,41
kelli_garner,97,elisa_donovan,83
katie_cassidy,110,linda_gray,32
jessalyn_gilsig,7,kristinia_debarge,30
beth_riesgraf,1,valeria_golino,13
darby_stanchfield,33,christa_b_allen,2
famke_janssen,123,sadie_calvano,41
elizabeth_mitchell,137,sadie_calvano,41
deborah_ann_woll,49,bellamy_young,21
valeria_golino,21,marcia_gay_harden,224
jenn_gotzon,59,shannon_woodward,15
willa_holland,52,kristinia_debarge,30
rhona_mitra,148,katie_cassidy,29
melora_walters,4,stacy_keibler,206
claire_holt,48,jordana_spiro,16
ariel_winter,80,rhona_mitra,35
stacy_keibler,206,heather_matarazzo,26
barbara_hershey,6,jill_hennessy,116
elisa_donovan,179,sherrie_rose,63
kathleen_robertson,80,anna_kendrick,154
megan_marie_wilson,51,terri_ivens,39
michelle_trachtenberg,324,taylor_swift,65
vicki_lewis,76,heather_mckinley,23
jill_hennessy,60,laura_vandervoort,119
brooke_elliott,29,anna_kendrick,154
shakira,9,bellamy_young,10
anna_kendrick,154,clare_grant,14
taylor_swift,65,christa_miller,61
jess_weixler,48,joey_lauren_adams,15
britt_robertson,113,kathleen_robertson,45
famke_janssen,64,christa_miller,19
melora_walters,24,jill_hennessy,6
helen_hunt,9,christa_b_allen,19
gabriela_dias,28,romola_garai,38
vicki_lewis,28,christa_b_allen,19
helen_hunt,9,jennifer_esposito,91
brooke_elliott,5,jess_weixler,51
jennifer_grey,107,carrie_genzel,49
linda_gray,53,melanie_lynskey,88
melinda_clarke,39,marcia_cross,32
shannon_woodward,50,carrie_genzel,31
rachel_mcadams,204,britt_robertson,38
katie_cassidy,110,megan_marie_wilson,14
elisa_donovan,179,deborah_ann_woll,43
jess_weixler,51,jill_hennessy,98
rene_russo,52,sherrie_rose,3
elena_eustache,45,taylor_swift,65
bitsie_tulloch,46,ariel_winter,142
beth_riesgraf,53,michelle_trachtenberg,231
deborah_ann_woll,15,elisa_donovan,179
jenna_dewan-tatum,60,jess_weixler,48
kristinia_debarge,60,melora_walters,49
rose_byrne,205,clare_grant,9
deprise_brescia,20,fairuza_balk,63
jenn_gotzon,54,anna_kendrick,154
alison_brie,136,rhona_mitra,148
megan_marie_wilson,48,kelli_garner,97
beth_riesgraf,49,odette_annable,53
lea_thompson,60,susan_downey,43
michelle_trachtenberg,261,julie_christie,16
shakira,9,mary_lynn_rajskub,69
romola_garai,36,michelle_trachtenberg,261
sherrie_rose,63,kristinia_debarge,60
carrie_genzel,20,deborah_ann_woll,15
odette_annable,53,susan_downey,41
christine_lakin,8,jenna_dewan-tatum,60
jess_weixler,51,bryce_dallas_howard,42
maria_menounos,18,julie_christie,62
elizabeth_mitchell,43,jenny_wade,8
darby_stanchfield,33,laura_vandervoort,31
marcia_cross,187,neve_campbell,139
kelli_garner,66,marcia_cross,148
melanie_lynskey,54,vicki_lewis,28
barbara_hershey,51,bitsie_tulloch,24
barbara_hershey,94,bailee_madison,61
stacy_keibler,206,kaitlin_olson,25
jennifer_coolidge,79,susan_downey,43
krysten_ritter,149,elizabeth_mitchell,137
joey_lauren_adams,25,sherrie_rose,3
beth_riesgraf,49,anna_kendrick,154
kim_delaney,3,madeline_zima,92
ashley_avis,12,elizabeth_mitchell,137
christine_lakin,8,krysten_ritter,149
ashley_avis,41,melora_walters,54
judy_davis,14,rene_russo,70
jenny_wade,43,maria_menounos,18
heather_mckinley,23,clare_grant,14
helen_hunt,212,michelle_trachtenberg,339
jenny_wade,8,darby_stanchfield,33
jessalyn_gilsig,72,tanit_phoenix,30
ashley_avis,12,katie_cassidy,144
abigail_spencer,41,willa_holland,20
sherrie_rose,3,helena_christensen,18
jennifer_esposito,91,carrie_genzel,64
brooke_elliott,5,jenna_dewan-tatum,60
bailee_madison,34,melora_walters,1
shakira,9,beth_riesgraf,49
lea_thompson,60,romola_garai,27
odette_annable,128,stacy_keibler,138
kathleen_robertson,4,heather_mckinley,23
darby_stanchfield,56,karolina_kurkova,83
christa_miller,98,jennifer_esposito,91
stacy_keibler,138,famke_janssen,69
jess_weixler,77,fairuza_balk,73
julie_christie,47,alison_brie,42
heather_mckinley,23,annasophia_robb,79
jenn_gotzon,54,tanit_phoenix,30
christa_miller,98,jordana_spiro,16
miranda_richardson,63,susan_downey,59
kaitlin_olson,53,mary_lynn_rajskub,86
kristin_bauer_van_straten,65,kelli_garner,25
anna_kendrick,154,michelle_trachtenberg,261
sadie_calvano,26,melinda_clarke,41
claire_holt,61,jennifer_coolidge,60
carrie_genzel,20,helen_hunt,249
ashley_avis,41,rachel_mcadams,92
clare_grant,51,alison_brie,136
tanit_phoenix,30,alison_brie,142
heather_matarazzo,3,jill_hennessy,60
rhona_mitra,11,bellamy_young,23
jess_weixler,48,samantha_harris,31
carrie_genzel,10,kim_delaney,29
shakira,9,jessalyn_gilsig,9
madeline_zima,66,odette_annable,53
megan_marie_wilson,4,judy_davis,9
sadie_calvano,43,gabrielle_anwar,194
lea_thompson,60,jessalyn_gilsig,9
jordana_spiro,57,elisa_donovan,83
madeline_zima,64,christa_miller,98
bryce_dallas_howard,28,jennifer_grey,82
gabriela_dias,28,annasophia_robb,63
deprise_brescia,21,jess_weixler,77
kathleen_robertson,43,helena_christensen,38
barbara_hershey,6,elena_eustache,26
britt_robertson,9,jill_hennessy,98
marcia_cross,148,gabriela_dias,58
clare_grant,45,christine_lakin,8
elisa_donovan,179,bitsie_tulloch,46
fairuza_balk,71,anna_kendrick,154
elizabeth_mitchell,137,sadie_calvano,41
stacy_keibler,28,michelle_trachtenberg,231
bellamy_young,23,jill_hennessy,60
elisa_donovan,179,tanit_phoenix,30
madeline_zima,64,bitsie_tulloch,68
jennifer_coolidge,79,kathleen_robertson,6
jenny_wade,43,beth_riesgraf,49
darby_stanchfield,33,deprise_brescia,11
christa_miller,98,jennifer_grey,82
jennifer_coolidge,79,marcia_gay_harden,224
terri_ivens,76,deprise_brescia,45
kristin_bauer_van_straten,65,rene_russo,70
taylor_swift,271,heather_mckinley,72
kim_delaney,37,kristinia_debarge,30
sadie_calvano,41,famke_janssen,62
carrie_genzel,57,shakira,59
abigail_spencer,50,sherrie_rose,63
abigail_spencer,50,kelli_garner,24
christine_lakin,8,elisa_donovan,179
holland_taylor,14,ashley_avis,41
helen_hunt,249,kristinia_debarge,30
alison_brie,93,kristin_bauer_van_straten,27
brooke_elliott,17,kaitlin_olson,44
madeline_zima,64,rose_byrne,78
samantha_harris,16,helena_christensen,38
brooke_elliott,22,anna_kendrick,154
joyce_giraud,4,rachel_mcadams,204
karolina_kurkova,26,jennifer_carpenter,72
claire_holt,6,tricia_helfer,19
kaitlin_olson,53,helen_hunt,212
elisa_donovan,179,judy_davis,14
marcia_gay_harden,250,sadie_calvano,47
kelli_garner,43,lea_thompson,60
lea_thompson,60,romola_garai,38
odette_annable,128,marcia_gay_harden,69
abigail_spencer,41,bitsie_tulloch,24
famke_janssen,123,christa_b_allen,58
melora_walters,54,valeria_golino,15
britt_robertson,9,kristin_bauer_van_straten,27
sadie_calvano,43,kathleen_robertson,4
rachel_mcadams,293,michelle_trachtenberg,31
jenna_dewan-tatum,60,rachel_mcadams,92
melanie_lynskey,28,jill_hennessy,59
valeria_golino,31,kristinia_debarge,60
carrie_genzel,64,kathleen_robertson,4
elizabeth_mitchell,62,melanie_lynskey,90
jennifer_grey,82,stacy_keibler,212
annasophia_robb,94,kathleen_robertson,6
clare_grant,51,marcia_cross,148
tanit_phoenix,12,kaitlin_olson,53
beth_riesgraf,1,willa_holland,58
joyce_giraud,4,barbara_hershey,94
darby_stanchfield,33,rhona_mitra,33
tricia_helfer,49,jess_weixler,77
odette_annable,119,ashley_avis,12
katie_cassidy,29,michelle_trachtenberg,231
bailee_madison,33,tanit_phoenix,30
valeria_golino,49,vicki_lewis,84
tricia_helfer,7,valeria_golino,13
deprise_brescia,7,aubrey_plaza,93
fairuza_balk,73,annasophia_robb,63
gabriela_dias,58,mary_lynn_rajskub,95
susan_downey,59,britt_robertson,120
christa_miller,98,neve_campbell,64
ariel_winter,26,krysten_ritter,149
elisa_donovan,83,ashley_avis,12
jordana_spiro,58,valeria_golino,15
famke_janssen,73,miranda_richardson,11
brooke_elliott,5,susan_downey,41
romola_garai,71,rhona_mitra,83
valeria_golino,21,laura_vandervoort,146
rachel_mcadams,293,clare_grant,51
judy_davis,31,kim_delaney,29
heather_matarazzo,3,julie_christie,47
deprise_brescia,45,christa_b_allen,19
karolina_kurkova,9,jenny_wade,43
heather_mckinley,72,sherrie_rose,63
jess_weixler,51,kristinia_debarge,30
annasophia_robb,63,kaitlin_olson,25
joyce_giraud,4,mary_lynn_rajskub,95
shannon_woodward,50,melora_walters,24
michelle_trachtenberg,324,rene_russo,52
neve_campbell,139,marcia_cross,121
aubrey_plaza,121,deborah_ann_woll,15
barbara_hershey,6,elizabeth_mitchell,43
maria_menounos,18,helena_christensen,37
mylene_dinh-robic,917,carrie_genzel,10
mylene_dinh-robic,940,tanit_phoenix,12
willa_holland,59,bellamy_young,57
karolina_kurkova,36,heather_matarazzo,3
romola_garai,5,jess_weixler,51
willa_holland,56,holland_taylor,8
jenn_gotzon,59,gabrielle_anwar,27
kim_delaney,64,britt_robertson,38
miranda_richardson,63,melora_walters,1
christine_lakin,8,tanit_phoenix,30
bryce_dallas_howard,28,karolina_kurkova,71
neve_campbell,139,fairuza_balk,39
helena_christensen,38,bailee_madison,17
samantha_harris,31,katie_cassidy,29
gabrielle_anwar,23,marcia_cross,121
linda_gray,23,alison_brie,129
taylor_swift,271,shakira,9
ariel_winter,142,heather_matarazzo,38
clare_grant,45,deborah_ann_woll,54
odette_annable,53,helena_christensen,38
christa_b_allen,58,joey_lauren_adams,15
mary_lynn_rajskub,69,jessalyn_gilsig,72
kelli_garner,43,gabriela_dias,58
maria_menounos,181,bellamy_young,1
karolina_kurkova,39,jenn_gotzon,54
kelli_garner,97,karolina_kurkova,39
lea_thompson,60,brooke_elliott,17
sherrie_rose,3,rhona_mitra,11
bailee_madison,53,deborah_ann_woll,15
jess_weixler,77,maria_menounos,181
jess_weixler,48,sherrie_rose,3
melinda_clarke,83,jordana_spiro,7
carrie_genzel,10,aubrey_plaza,31
judy_davis,8,ashley_avis,12
vicki_lewis,28,jordana_spiro,50
rose_byrne,205,neve_campbell,143
clare_grant,9,marcia_gay_harden,63
helena_christensen,18,aubrey_plaza,7
stacy_keibler,206,heather_matarazzo,38
gabriela_dias,58,beth_riesgraf,53
joyce_giraud,4,julie_christie,16
kristin_bauer_van_straten,36,britt_robertson,113
mylene_dinh-robic,936,deprise_brescia,35
rose_byrne,118,melora_walters,53
marcia_gay_harden,250,sherrie_rose,3
melanie_lynskey,90,bellamy_young,10
megan_marie_wilson,18,gabriela_dias,58
shakira,9,kim_delaney,37
bitsie_tulloch,46,alison_brie,129
gabriela_dias,28,abigail_spencer,41
maria_menounos,6,darby_stanchfield,33
bryce_dallas_howard,28,tanit_phoenix,30
marcia_gay_harden,189,deborah_ann_woll,15
valeria_golino,21,jennifer_carpenter,3
holland_taylor,20,jenna_dewan-tatum,60
michelle_trachtenberg,261,krysten_ritter,149
christine_lakin,8,jennifer_grey,82
jennifer_carpenter,160,mylene_dinh-robic,6
anna_kendrick,154,bitsie_tulloch,68
mary_lynn_rajskub,86,terri_ivens,11
holland_taylor,8,joey_lauren_adams,13
helen_hunt,249,brooke_elliott,22
bitsie_tulloch,12,shakira,9
romola_garai,27,ashley_avis,12
kim_delaney,39,judy_davis,2
lea_thompson,60,abigail_spencer,41
judy_davis,14,sherrie_rose,63
karolina_kurkova,91,jennifer_coolidge,79
christa_miller,10,sadie_calvano,47
maria_menounos,18,linda_gray,17
maria_menounos,120,bellamy_young,1
megan_marie_wilson,51,judy_davis,14
rachel_mcadams,204,christa_miller,22
heather_mckinley,72,bailee_madison,34
kim_delaney,37,christine_lakin,8
willa_holland,37,krysten_ritter,149
famke_janssen,117,miranda_richardson,13
samantha_harris,31,kaitlin_olson,25
tanit_phoenix,12,mylene_dinh-robic,931
abigail_spencer,50,sara_paxton,52
bryce_dallas_howard,93,lea_thompson,60
elena_eustache,26,barbara_hershey,6
kim_delaney,68,bailee_madison,40
katie_cassidy,110,mary_lynn_rajskub,86
kim_delaney,3,christa_miller,98
melanie_lynskey,90,joey_lauren_adams,43
fairuza_balk,71,jessalyn_gilsig,14
tricia_helfer,7,terri_ivens,76
jennifer_coolidge,24,lea_thompson,60
stacy_keibler,28,kristinia_debarge,30
kathleen_robertson,43,jennifer_esposito,91
judy_davis,9,stacy_keibler,28
sherrie_rose,63,katie_cassidy,110
judy_davis,14,kathleen_robertson,4
jenny_wade,8,kristinia_debarge,4
carrie_genzel,10,christa_miller,58
anna_kendrick,154,brooke_elliott,22
romola_garai,71,mary_lynn_rajskub,86
jordana_spiro,57,michelle_trachtenberg,258
romola_garai,27,neve_campbell,139
deprise_brescia,20,joey_lauren_adams,15
jessalyn_gilsig,22,kristinia_debarge,4
jessalyn_gilsig,32,annasophia_robb,63
elena_eustache,33,jessalyn_gilsig,23
aubrey_plaza,79,maria_menounos,6
marcia_cross,121,kelli_garner,24
heather_mckinley,72,elizabeth_mitchell,43
clare_grant,51,neve_campbell,143
jordana_spiro,16,fairuza_balk,7
stacy_keibler,28,abigail_spencer,41
famke_janssen,64,mylene_dinh-robic,6
michelle_trachtenberg,232,alison_brie,18
aubrey_plaza,93,heather_matarazzo,38
jessalyn_gilsig,14,melinda_clarke,89
sara_paxton,52,michelle_trachtenberg,31
jennifer_carpenter,65,ashley_avis,41
jenny_wade,8,valeria_golino,15
jill_hennessy,116,kristin_bauer_van_straten,27
shannon_woodward,36,valeria_golino,6
rene_russo,52,jennifer_grey,82
sherrie_rose,3,krysten_ritter,149
julie_christie,62,elena_eustache,26
odette_annable,53,miranda_richardson,53
elena_eustache,45,maria_menounos,25
mary_lynn_rajskub,86,willa_holland,58
christa_miller,61,karolina_kurkova,71
beth_riesgraf,16,karolina_kurkova,71
kim_delaney,39,shakira,9
kristinia_debarge,60,tanit_phoenix,30
deprise_brescia,21,odette_annable,119
shannon_woodward,50,deprise_brescia,21
rhona_mitra,35,britt_robertson,130
helena_christensen,73,tanit_phoenix,12
shakira,59,rose_byrne,51
stacy_keibler,206,christa_miller,22
clare_grant,51,kim_delaney,3
joey_lauren_adams,43,ariel_winter,142
jess_weixler,51,ashley_avis,41
clare_grant,37,helen_hunt,249
beth_riesgraf,54,melanie_lynskey,90
sara_paxton,52,judy_davis,31
neve_campbell,114,taylor_swift,65
britt_robertson,113,famke_janssen,42
miranda_richardson,53,elisa_donovan,179
bailee_madison,34,kim_delaney,68
beth_riesgraf,16,jennifer_carpenter,3
britt_robertson,39,gabrielle_anwar,173
sara_paxton,52,megan_marie_wilson,16
melinda_clarke,41,vicki_lewis,84
sara_paxton,52,bellamy_young,1
jenna_dewan-tatum,34,judy_davis,9
laura_vandervoort,119,megan_marie_wilson,52
tricia_helfer,41,elisa_donovan,179
willa_holland,40,deprise_brescia,21
sara_paxton,52,clare_grant,24
gabriela_dias,28,aubrey_plaza,25
jennifer_coolidge,60,jennifer_esposito,91
julie_christie,47,samantha_harris,31
deborah_ann_woll,1,barbara_hershey,94
jennifer_grey,107,jenna_dewan-tatum,60
melora_walters,2,kathleen_robertson,43
kristinia_debarge,30,taylor_swift,65
laura_vandervoort,3,michelle_trachtenberg,261
rhona_mitra,148,bellamy_young,57
sadie_calvano,47,rose_byrne,118
julie_christie,62,kristin_bauer_van_straten,27
krysten_ritter,149,anna_kendrick,154
bitsie_tulloch,12,willa_holland,40
taylor_swift,271,jessalyn_gilsig,32
clare_grant,51,jennifer_esposito,91
christa_miller,10,barbara_hershey,94
romola_garai,5,odette_annable,60
mary_lynn_rajskub,95,annasophia_robb,79
neve_campbell,114,susan_downey,43
anna_kendrick,154,annasophia_robb,76
jennifer_carpenter,3,holland_taylor,20
katie_cassidy,144,joyce_giraud,4
ashley_avis,41,jordana_spiro,16
madeline_zima,66,jordana_spiro,16
deprise_brescia,7,anna_kendrick,154
kristin_bauer_van_straten,65,jennifer_esposito,4
melora_walters,1,fairuza_balk,47
elena_eustache,26,kristinia_debarge,4
vicki_lewis,84,gabriela_dias,58
tanit_phoenix,12,julie_christie,62
deprise_brescia,49,abigail_spencer,41
claire_holt,48,tricia_helfer,50
rachel_mcadams,204,elena_eustache,29
sadie_calvano,43,krysten_ritter,149
kathleen_robertson,43,linda_gray,17
joyce_giraud,4,judy_davis,8
deprise_brescia,5,holland_taylor,20
marcia_cross,121,jenn_gotzon,42
samantha_harris,16,melora_walters,53
kim_delaney,39,jill_hennessy,59
kelli_garner,97,jessalyn_gilsig,14
shannon_woodward,34,vicki_lewis,84
jordana_spiro,50,julie_christie,47
bitsie_tulloch,70,susan_downey,41
holland_taylor,26,christa_miller,61
gabrielle_anwar,86,helen_hunt,249
sherrie_rose,63,christa_b_allen,2
kaitlin_olson,44,jessalyn_gilsig,9
shakira,59,maria_menounos,18
jennifer_grey,82,brooke_elliott,29
krysten_ritter,149,lea_thompson,60
helen_hunt,9,romola_garai,36
jenn_gotzon,42,melora_walters,53
kim_delaney,39,jennifer_carpenter,72
elisa_donovan,179,mylene_dinh-robic,904
anna_kendrick,154,elena_eustache,45
deborah_ann_woll,73,madeline_zima,92
kathleen_robertson,80,bailee_madison,40
shakira,59,melanie_lynskey,88
shakira,59,taylor_swift,65
alison_brie,142,jenny_wade,8
shakira,59,jennifer_grey,107
jenna_dewan-tatum,34,kaitlin_olson,44
barbara_hershey,6,kaitlin_olson,53
karolina_kurkova,9,jenny_wade,43
jennifer_esposito,91,bryce_dallas_howard,28
beth_riesgraf,1,christa_b_allen,19
bellamy_young,10,shannon_woodward,50
maria_menounos,124,christa_b_allen,58
marcia_cross,187,sadie_calvano,47
aubrey_plaza,79,megan_marie_wilson,52
marcia_gay_harden,224,katie_cassidy,29
rose_byrne,205,heather_mckinley,72
aubrey_plaza,93,brooke_elliott,5
valeria_golino,21,jessalyn_gilsig,23
kathleen_robertson,4,krysten_ritter,149
stacy_keibler,206,jenny_wade,8
deprise_brescia,12,judy_davis,2
valeria_golino,25,christa_miller,58
jordana_spiro,16,jenny_wade,43
taylor_swift,271,linda_gray,16
jennifer_esposito,91,bryce_dallas_howard,93
gabrielle_anwar,3,christa_miller,19
clare_grant,14,krysten_ritter,149
fairuza_balk,7,samantha_harris,16
bailee_madison,17,christine_lakin,8
odette_annable,53,maria_menounos,6
terri_ivens,16,megan_marie_wilson,43
sherrie_rose,63,jennifer_esposito,91
kristin_bauer_van_straten,36,sherrie_rose,3
jenna_dewan-tatum,34,sherrie_rose,3
melora_walters,16,deprise_brescia,45
barbara_hershey,6,elena_eustache,26
melinda_clarke,41,rose_byrne,205
judy_davis,9,mylene_dinh-robic,940
heather_matarazzo,50,jill_hennessy,1
mary_lynn_rajskub,114,helena_christensen,73
elizabeth_mitchell,137,christa_miller,58
jennifer_esposito,91,marcia_gay_harden,224
katie_cassidy,110,christine_lakin,8
sadie_calvano,43,elena_eustache,26
romola_garai,36,christine_lakin,8
julie_christie,47,rene_russo,77
michelle_trachtenberg,261,melanie_lynskey,91
annasophia_robb,55,rachel_mcadams,293
kaitlin_olson,53,annasophia_robb,79
mary_lynn_rajskub,69,elisa_donovan,179
christine_lakin,8,katie_cassidy,110
terri_ivens,31,jenny_wade,43
deborah_ann_woll,49,helena_christensen,38
judy_davis,2,heather_matarazzo,26
tricia_helfer,41,mary_lynn_rajskub,86
sherrie_rose,3,ashley_avis,41
jennifer_coolidge,24,mylene_dinh-robic,6
neve_campbell,12,maria_menounos,124
beth_riesgraf,16,christine_lakin,8
deprise_brescia,5,willa_holland,56
samantha_harris,31,britt_robertson,120
sherrie_rose,63,marcia_cross,32
elizabeth_mitchell,137,judy_davis,9
ariel_winter,91,jennifer_grey,82
taylor_swift,271,judy_davis,8
gabriela_dias,28,linda_gray,3
megan_marie_wilson,43,kristin_bauer_van_straten,36
jordana_spiro,58,bellamy_young,1
willa_holland,40,ashley_avis,12
clare_grant,45,terri_ivens,1
laura_vandervoort,59,gabrielle_anwar,194
krysten_ritter,149,marcia_gay_harden,69
clare_grant,51,katie_cassidy,110
megan_marie_wilson,36,jennifer_coolidge,60
rose_byrne,51,famke_janssen,21
elizabeth_mitchell,43,christa_miller,19
melanie_lynskey,54,sara_paxton,52
heather_matarazzo,38,kristin_bauer_van_straten,36
gabrielle_anwar,177,bailee_madison,34
melinda_clarke,83,jess_weixler,48
bellamy_young,23,rhona_mitra,35
jess_weixler,77,rachel_mcadams,293
melanie_lynskey,38,claire_holt,48
elizabeth_mitchell,43,bitsie_tulloch,12
claire_holt,48,jill_hennessy,54
valeria_golino,15,rene_russo,70
anna_kendrick,154,lea_thompson,60
bryce_dallas_howard,42,christa_b_allen,19
anna_kendrick,154,sara_paxton,52
bailee_madison,40,kristinia_debarge,30
jennifer_carpenter,159,heather_mckinley,72
jennifer_carpenter,160,valeria_golino,49
jennifer_grey,107,samantha_harris,88
barbara_hershey,6,brooke_elliott,5
jordana_spiro,57,willa_holland,59
elizabeth_mitchell,137,bryce_dallas_howard,28
christa_b_allen,2,jennifer_carpenter,72
jenna_dewan-tatum,60,jennifer_esposito,4
miranda_richardson,45,holland_taylor,27
jenn_gotzon,49,jordana_spiro,16
tanit_phoenix,12,britt_robertson,130
miranda_richardson,13,alison_brie,93
melora_walters,48,shannon_woodward,36
taylor_swift,65,laura_vandervoort,119
elena_eustache,29,sherrie_rose,63
jessalyn_gilsig,72,ariel_winter,26
linda_gray,6,rose_byrne,55
judy_davis,8,jennifer_coolidge,24
vicki_lewis,28,abigail_spencer,41
melinda_clarke,41,kim_delaney,64
melinda_clarke,76,annasophia_robb,63
kelli_garner,43,kathleen_robertson,45
madeline_zima,66,ashley_avis,41
mylene_dinh-robic,6,tanit_phoenix,12
michelle_trachtenberg,324,kaitlin_olson,53
famke_janssen,64,vicki_lewis,76
karolina_kurkova,36,christine_lakin,8
annasophia_robb,55,deborah_ann_woll,15
carrie_genzel,49,marcia_gay_harden,52
sherrie_rose,3,ashley_avis,12
megan_marie_wilson,14,christa_miller,19
bailee_madison,33,jill_hennessy,25
vicki_lewis,28,darby_stanchfield,33
miranda_richardson,21,taylor_swift,271
aubrey_plaza,121,mary_lynn_rajskub,69
jenna_dewan-tatum,60,katie_cassidy,29
kristin_bauer_van_straten,27,bryce_dallas_howard,28
jenn_gotzon,59,laura_vandervoort,31
helen_hunt,212,krysten_ritter,149
carrie_genzel,20,linda_gray,3
julie_christie,47,kathleen_robertson,4
valeria_golino,51,kaitlin_olson,53
krysten_ritter,149,taylor_swift,65
deprise_brescia,11,krysten_ritter,149
katie_cassidy,29,anna_kendrick,154
aubrey_plaza,31,claire_holt,48
alison_brie,71,julie_christie,16
valeria_golino,6,krysten_ritter,149
claire_holt,6,holland_taylor,30
katie_cassidy,110,rachel_mcadams,239
kelli_garner,66,jennifer_carpenter,121
kathleen_robertson,43,joyce_giraud,4
rose_byrne,118,sara_paxton,52
rene_russo,77,carrie_genzel,20
taylor_swift,271,marcia_cross,32
anna_kendrick,154,abigail_spencer,41
fairuza_balk,47,kim_delaney,29
kristin_bauer_van_straten,36,marcia_gay_harden,250
tricia_helfer,7,britt_robertson,130
laura_vandervoort,31,gabrielle_anwar,42
deprise_brescia,20,christine_lakin,8
famke_janssen,117,lea_thompson,60
sadie_calvano,30,tricia_helfer,19
terri_ivens,16,gabrielle_anwar,78
ashley_avis,41,bryce_dallas_howard,42
carrie_genzel,49,laura_vandervoort,119
jordana_spiro,58,krysten_ritter,149
kelli_garner,24,beth_riesgraf,1
ariel_winter,105,anna_kendrick,154
carrie_genzel,49,mary_lynn_rajskub,86
sadie_calvano,41,tricia_helfer,49
rachel_mcadams,204,willa_holland,40
romola_garai,36,elizabeth_mitchell,137
shakira,9,miranda_richardson,21
bailee_madison,40,christa_b_allen,58
sadie_calvano,43,shannon_woodward,10
bitsie_tulloch,46,jennifer_esposito,91
shannon_woodward,1,mary_lynn_rajskub,69
marcia_cross,148,lea_thompson,60
jess_weixler,51,kristinia_debarge,4
stacy_keibler,28,fairuza_balk,71
famke_janssen,62,valeria_golino,21
linda_gray,17,aubrey_plaza,31
heather_mckinley,72,judy_davis,2
brooke_elliott,17,shakira,9
heather_matarazzo,31,marcia_cross,148
brooke_elliott,22,melinda_clarke,41
rene_russo,70,famke_janssen,117
valeria_golino,31,holland_taylor,26
ashley_avis,41,barbara_hershey,51
heather_matarazzo,38,gabriela_dias,28
barbara_hershey,51,aubrey_plaza,74
elena_eustache,26,kaitlin_olson,53
jenna_dewan-tatum,60,terri_ivens,1
deprise_brescia,45,laura_vandervoort,39
beth_riesgraf,1,romola_garai,71
claire_holt,25,judy_davis,14
krysten_ritter,149,jennifer_esposito,4
kelli_garner,24,stacy_keibler,206
bryce_dallas_howard,42,marcia_cross,187
alison_brie,93,rene_russo,117
kaitlin_olson,25,britt_robertson,130
valeria_golino,15,melora_walters,54
miranda_richardson,11,christa_b_allen,58
anna_kendrick,154,lea_thompson,60
jennifer_carpenter,65,famke_janssen,64
anna_kendrick,154,mylene_dinh-robic,923
famke_janssen,117,elisa_donovan,83
bryce_dallas_howard,93,helen_hunt,9
marcia_cross,187,romola_garai,71
britt_robertson,120,maria_menounos,28
carrie_genzel,49,sara_paxton,52
sadie_calvano,47,julie_christie,62
fairuza_balk,47,heather_mckinley,72
neve_campbell,114,joyce_giraud,4
deborah_ann_woll,71,annasophia_robb,94
miranda_richardson,13,shakira,59
jess_weixler,48,mary_lynn_rajskub,69
alison_brie,198,elisa_donovan,179
megan_marie_wilson,52,bailee_madison,61
tanit_phoenix,30,melinda_clarke,75
kaitlin_olson,44,romola_garai,36
vicki_lewis,84,jenna_dewan-tatum,34
terri_ivens,31,ashley_avis,41
gabriela_dias,28,jenna_dewan-tatum,34
rachel_mcadams,204,willa_holland,59
terri_ivens,28,clare_grant,51
marcia_cross,148,elizabeth_mitchell,43
madeline_zima,92,mylene_dinh-robic,916
christa_miller,10,marcia_cross,32
judy_davis,14,sara_paxton,52
linda_gray,6,kristin_bauer_van_straten,27
abigail_spencer,50,famke_janssen,21
deborah_ann_woll,73,aubrey_plaza,25
kelli_garner,66,barbara_hershey,51
jennifer_esposito,91,kristinia_debarge,4
laura_vandervoort,29,romola_garai,71
helena_christensen,18,rose_byrne,39
bailee_madison,17,annasophia_robb,55
gabriela_dias,28,gabrielle_anwar,175
rose_byrne,51,darby_stanchfield,56
melinda_clarke,39,neve_campbell,114
alison_brie,39,beth_riesgraf,16
sadie_calvano,30,miranda_richardson,11
jill_hennessy,6,sara_paxton,52
krysten_ritter,149,linda_gray,17
jenn_gotzon,54,heather_matarazzo,38
tanit_phoenix,30,kathleen_robertson,42
joyce_giraud,4,bellamy_young,23
melora_walters,2,miranda_richardson,21
stacy_keibler,138,rose_byrne,78
julie_christie,62,jenny_wade,43
linda_gray,6,ashley_avis,41
marcia_gay_harden,63,krysten_ritter,149
susan_downey,59,shannon_woodward,1
marcia_gay_harden,69,famke_janssen,62
vicki_lewis,76,joyce_giraud,4
carrie_genzel,49,michelle_trachtenberg,261
rose_byrne,205,mylene_dinh-robic,940
bellamy_young,23,christa_miller,58
karolina_kurkova,9,sherrie_rose,63
tricia_helfer,50,miranda_richardson,13
tricia_helfer,49,taylor_swift,271
shannon_woodward,50,annasophia_robb,94
rose_byrne,205,katie_cassidy,110
kristinia_debarge,60,jenna_dewan-tatum,60
odette_annable,128,kristin_bauer_van_straten,65
jennifer_esposito,91,odette_annable,128
kelli_garner,25,lea_thompson,60
ashley_avis,41,krysten_ritter,149
tricia_helfer,50,karolina_kurkova,26
elena_eustache,29,samantha_harris,88
gabrielle_anwar,173,famke_janssen,64
holland_taylor,20,krysten_ritter,149
shakira,9,terri_ivens,28
madeline_zima,92,melora_walters,49
jess_weixler,48,kristin_bauer_van_straten,36
heather_matarazzo,50,sadie_calvano,41
helen_hunt,9,kaitlin_olson,53
claire_holt,61,beth_riesgraf,16
christa_miller,19,barbara_hershey,6
abigail_spencer,50,rose_byrne,212
sherrie_rose,3,melora_walters,54
mary_lynn_rajskub,86,alison_brie,195
shannon_woodward,36,clare_grant,41
jenny_wade,43,willa_holland,58
rhona_mitra,33,willa_holland,20
marcia_gay_harden,69,maria_menounos,28
sherrie_rose,63,ariel_winter,17
stacy_keibler,28,shannon_woodward,34
christa_b_allen,58,elena_eustache,26
jessalyn_gilsig,14,valeria_golino,21
jennifer_coolidge,79,jenna_dewan-tatum,34
michelle_trachtenberg,232,linda_gray,53
abigail_spencer,50,rose_byrne,205
linda_gray,6,carrie_genzel,64
kim_delaney,29,willa_holland,52
rene_russo,77,mary_lynn_rajskub,114
gabrielle_anwar,42,heather_mckinley,72
jordana_spiro,7,terri_ivens,31
heather_mckinley,72,brooke_elliott,17
romola_garai,38,susan_downey,43
deborah_ann_woll,1,helena_christensen,73
clare_grant,51,melora_walters,1
beth_riesgraf,16,taylor_swift,65
britt_robertson,130,jordana_spiro,57
katie_cassidy,29,kristin_bauer_van_straten,27
shannon_woodward,1,rhona_mitra,148
krysten_ritter,149,carrie_genzel,10
abigail_spencer,50,helena_christensen,37
taylor_swift,271,ashley_avis,12
maria_menounos,120,rachel_mcadams,92
claire_holt,6,deborah_ann_woll,43
brooke_elliott,29,melora_walters,49
ariel_winter,5,jennifer_esposito,4
jennifer_coolidge,24,judy_davis,2
laura_vandervoort,59,gabrielle_anwar,23
lea_thompson,60,tanit_phoenix,12
holland_taylor,20,karolina_kurkova,59
jennifer_carpenter,3,jennifer_grey,82
heather_matarazzo,31,elizabeth_mitchell,62
neve_campbell,139,bellamy_young,21
vicki_lewis,28,rhona_mitra,35
samantha_harris,88,karolina_kurkova,36
annasophia_robb,63,stacy_keibler,212
elisa_donovan,179,gabriela_dias,58
marcia_gay_harden,224,kaitlin_olson,25
aubrey_plaza,31,kristin_bauer_van_straten,36
elizabeth_mitchell,43,jennifer_grey,92
samantha_harris,16,abigail_spencer,41
karolina_kurkova,36,joey_lauren_adams,26
helen_hunt,9,krysten_ritter,149
samantha_harris,88,kelli_garner,66
linda_gray,6,marcia_cross,121
helen_hunt,212,barbara_hershey,51
claire_holt,48,holland_taylor,27
kelli_garner,97,holland_taylor,8
sherrie_rose,3,jennifer_esposito,91
annasophia_robb,55,miranda_richardson,63
helen_hunt,212,elisa_donovan,83
maria_menounos,6,holland_taylor,26
elizabeth_mitchell,43,odette_annable,119
rose_byrne,205,tricia_helfer,41
britt_robertson,38,elizabeth_mitchell,62
beth_riesgraf,1,aubrey_plaza,31
rhona_mitra,148,samantha_harris,16
deborah_ann_woll,49,katie_cassidy,29
maria_menounos,181,helen_hunt,212
taylor_swift,65,annasophia_robb,94
clare_grant,9,sadie_calvano,41
aubrey_plaza,6,rachel_mcadams,293
fairuza_balk,71,gabrielle_anwar,175
valeria_golino,21,claire_holt,61
christa_b_allen,58,jennifer_esposito,4
christa_miller,58,melinda_clarke,75
linda_gray,6,vicki_lewis,28
stacy_keibler,138,rachel_mcadams,239
miranda_richardson,11,vicki_lewis,28
marcia_gay_harden,69,vicki_lewis,28
annasophia_robb,63,katie_cassidy,29
megan_marie_wilson,48,bryce_dallas_howard,28
samantha_harris,31,rhona_mitra,35
joey_lauren_adams,26,bryce_dallas_howard,42
miranda_richardson,45,bitsie_tulloch,68
kaitlin_olson,61,carrie_genzel,10
linda_gray,6,rhona_mitra,11
laura_vandervoort,31,christine_lakin,8
gabriela_dias,58,tanit_phoenix,12
heather_matarazzo,26,tricia_helfer,41
elizabeth_mitchell,62,beth_riesgraf,16
jill_hennessy,25,kelli_garner,97
kristinia_debarge,30,terri_ivens,39
jennifer_coolidge,79,jill_hennessy,1
helena_christensen,18,taylor_swift,271
brooke_elliott,27,helena_christensen,73
bitsie_tulloch,68,willa_holland,37
megan_marie_wilson,51,shakira,9
bellamy_young,62,megan_marie_wilson,14
jenna_dewan-tatum,60,jenn_gotzon,49
clare_grant,45,britt_robertson,38
joyce_giraud,4,christa_b_allen,2
fairuza_balk,63,maria_menounos,181
sadie_calvano,43,jenn_gotzon,27
christine_lakin,8,taylor_swift,65
christa_miller,19,heather_mckinley,72
elisa_donovan,83,kristin_bauer_van_straten,36
marcia_gay_harden,63,vicki_lewis,28
jess_weixler,48,heather_mckinley,72
jess_weixler,77,christa_miller,58
melanie_lynskey,88,holland_taylor,20
rene_russo,77,abigail_spencer,50
krysten_ritter,149,jenn_gotzon,42
katie_cassidy,29,jennifer_coolidge,60
helena_christensen,18,bellamy_young,21
kristinia_debarge,32,neve_campbell,12
judy_davis,9,stacy_keibler,138
willa_holland,40,jessalyn_gilsig,9
mylene_dinh-robic,911,heather_matarazzo,31
jennifer_carpenter,159,helena_christensen,37
holland_taylor,20,tricia_helfer,7
miranda_richardson,21,neve_campbell,114
abigail_spencer,50,willa_holland,59
jennifer_esposito,91,helen_hunt,9
taylor_swift,65,melanie_lynskey,91
jennifer_grey,92,shakira,9
katie_cassidy,110,deborah_ann_woll,1
brooke_elliott,27,tanit_phoenix,12
deprise_brescia,12,annasophia_robb,63
sara_paxton,52,kristin_bauer_van_straten,27
helen_hunt,212,rene_russo,117
darby_stanchfield,56,jenn_gotzon,49
christa_b_allen,2,katie_cassidy,110
deborah_ann_woll,43,maria_menounos,6
jennifer_grey,92,willa_holland,37
tricia_helfer,50,aubrey_plaza,2
marcia_gay_harden,52,deborah_ann_woll,73
sadie_calvano,26,marcia_cross,121
darby_stanchfield,33,ariel_winter,105
deborah_ann_woll,15,romola_garai,5
sadie_calvano,47,tanit_phoenix,30
christine_lakin,8,elisa_donovan,179
linda_gray,6,michelle_trachtenberg,231
aubrey_plaza,7,tricia_helfer,49
mylene_dinh-robic,6,christa_b_allen,2
jennifer_esposito,4,bitsie_tulloch,12
shannon_woodward,10,darby_stanchfield,56
odette_annable,60,melora_walters,48
krysten_ritter,149,miranda_richardson,21
rene_russo,77,stacy_keibler,138
darby_stanchfield,33,kelli_garner,25
deborah_ann_woll,49,darby_stanchfield,33
melinda_clarke,89,abigail_spencer,50
laura_vandervoort,3,sadie_calvano,26
gabriela_dias,28,lea_thompson,60
brooke_elliott,5,jessalyn_gilsig,22
melanie_lynskey,38,jennifer_grey,92
joyce_giraud,4,alison_brie,136
clare_grant,9,shannon_woodward,36
jennifer_grey,92,bryce_dallas_howard,28
deprise_brescia,49,christa_miller,61
kathleen_robertson,4,judy_davis,2
miranda_richardson,53,mylene_dinh-robic,936
stacy_keibler,206,jenna_dewan-tatum,34
brooke_elliott,5,kim_delaney,37
mylene_dinh-robic,916,bailee_madison,40
jenna_dewan-tatum,60,marcia_cross,121
laura_vandervoort,72,christa_b_allen,58
shannon_woodward,1,sara_paxton,52
christine_lakin,8,jennifer_esposito,91
maria_menounos,18,stacy_keibler,206
gabriela_dias,28,susan_downey,59
sherrie_rose,63,stacy_keibler,212
romola_garai,5,linda_gray,23
jennifer_coolidge,24,sara_paxton,52
shannon_woodward,36,rhona_mitra,35
linda_gray,17,beth_riesgraf,53
shakira,59,samantha_harris,16
ashley_avis,12,krysten_ritter,149
valeria_golino,6,sadie_calvano,30
joey_lauren_adams,15,elena_eustache,45
famke_janssen,62,jessalyn_gilsig,7
romola_garai,27,laura_vandervoort,39
helena_christensen,38,alison_brie,198
romola_garai,36,bitsie_tulloch,46
megan_marie_wilson,48,terri_ivens,39
kelli_garner,25,kathleen_robertson,80
bryce_dallas_howard,93,sara_paxton,52
shakira,59,famke_janssen,21
joyce_giraud,4,bryce_dallas_howard,42
jennifer_carpenter,160,christine_lakin,8
bryce_dallas_howard,93,susan_downey,59
rhona_mitra,148,jess_weixler,51
odette_annable,53,tanit_phoenix,12
terri_ivens,28,tanit_phoenix,30
shakira,59,mylene_dinh-robic,904
laura_vandervoort,39,elizabeth_mitchell,62
samantha_harris,88,judy_davis,9
melinda_clarke,75,carrie_genzel,20
bitsie_tulloch,68,fairuza_balk,47
anna_kendrick,154,vicki_lewis,84
bitsie_tulloch,70,michelle_trachtenberg,31
bryce_dallas_howard,28,brooke_elliott,27
heather_matarazzo,26,melora_walters,4
holland_taylor,14,helena_christensen,37
judy_davis,9,jessalyn_gilsig,23
tricia_helfer,7,jennifer_esposito,4
sadie_calvano,43,mylene_dinh-robic,940
samantha_harris,47,sara_paxton,52
barbara_hershey,94,kristin_bauer_van_straten,27
jessalyn_gilsig,72,jenn_gotzon,27
kaitlin_olson,25,mylene_dinh-robic,916
helena_christensen,38,joey_lauren_adams,43
odette_annable,53,elizabeth_mitchell,62
rene_russo,52,helena_christensen,18
ryan_o'neal,1,chris_harrison,1
mads_mikkelsen,12,ronald_e_giles,31
sam_neill,6,robert_englund,26
rob_corddry,82,tom_bergeron,55
donal_logue,62,clifton_collins_jr,116
ronald_e_giles,19,zachary_quinto,177
judge_reinhold,12,james_mcavoy,128
federico_dordei,13,tom_wilkinson,78
joseph_lawrence,35,amir_arison,2
sendhil_ramamurthy,43,mark_salling,5
rick_gonzalez,12,danny_huston,39
mark_taormino,4,danny_huston,72
danny_devito,245,mark_strong,55
josh_hartnett,7,damian_lewis,84
ryan_o'neal,69,david_tennant,6
robert_englund,19,josh_holloway,56
trevor_donovan,71,paul_haggis,96
hugo_becker,17,joseph_steven,5
russ_cootey,10,donal_logue,28
victor_webster,47,mark_salling,80
howie_mandel,61,roberto_sanz_sanchez,63
maximilian_law,18,phil_keoghan,12
luke_wilson,107,rick_gonzalez,66
victor_webster,24,darian_weiss,13
scott_bakula,91,wilson_cleveland,32
tom_wilkinson,35,scott_bakula,23
chris_colfer,203,clifton_collins_jr,116
cameron_crowe,22,scott_bakula,4
patrick_dempsey,305,scott_bakula,91
darian_weiss,33,maximilian_law,55
david_cronenberg,21,gulshan_grover,31
john_francis_daley,63,ricky_gervais,32
clifton_collins_jr,188,seann_william_scott,23
dean_cain,83,wilson_cleveland,41
mads_mikkelsen,12,damian_lewis,60
robert_englund,19,bernie_matthew,55
hugo_becker,10,jason_patric,29
judge_reinhold,58,maximilian_law,1
chris_colfer,42,howie_mandel,72
ryan_o'neal,26,mark_strong,36
paul_haggis,64,colin_ferguson,20
howie_mandel,72,jason_behr,50
jason_behr,32,mark_strong,5
russ_cootey,10,larry_laverty,67
robin_thicke,8,sam_neill,6
shane_west,86,tom_wilkinson,12
timothy_spall,6,ronald_e_giles,31
jason_behr,31,seann_william_scott,101
robin_thicke,17,manu_bennett,68
wyatt_smith,2,josh_hartnett,19
mads_mikkelsen,7,joseph_lawrence,66
wilson_cleveland,59,eddie_cibrian,1
max_greenfield,196,louis_ck,47
patrick_dempsey,292,joseph_steven,5
howie_mandel,62,seann_william_scott,47
anthony_hornus,3,federico_dordei,82
john_carroll_lynch,37,michael_sheen,7
louis_ck,1,joseph_lawrence,10
david_cronenberg,26,iain_glen,18
michael_cera,123,mark_strong,29
mark_salling,80,edoardo_purgatori,7
sting,134,scott_a_martin,6
danny_devito,147,roberto_sanz_sanchez,52
max_greenfield,196,darian_weiss,13
dean_cain,43,dylan_minnette,193
dominic_cooper,1,mads_mikkelsen,4
maximilian_law,63,scott_bakula,23
mads_mikkelsen,12,jon_cryer,63
chris_harrison,6,dylan_minnette,193
damian_lewis,84,donal_logue,28
david_henrie,3,mark_taormino,7
stephen_lang,54,robert_zemeckis,2
dylan_mcdermott,169,seann_william_scott,47
seann_william_scott,8,scott_bakula,4
dean_cain,43,john_carroll_lynch,5
iain_glen,53,trevor_donovan,104
victor_webster,24,jason_patric,40
damian_lewis,84,robert_englund,18
eric_stonestreet,25,danny_huston,26
louis_ck,6,james_van_der_beek,27
mads_mikkelsen,130,dolph_lundgren,74
max_greenfield,87,jon_cryer,196
danny_devito,162,phil_keoghan,52
federico_dordei,36,josh_holloway,36
danny_huston,25,joseph_lawrence,51
howie_mandel,79,josh_cooke,13
josh_holloway,56,judge_reinhold,62
dylan_minnette,80,tony_oller,23
david_cronenberg,20,david_tennant,48
zachary_quinto,217,robert_zemeckis,1
maximilian_law,18,amir_arison,36
david_strathairn,102,clifton_collins_jr,188
john_francis_daley,61,jon_cryer,16
sting,111,colin_ferguson,94
zachary_knighton,1,josh_hartnett,36
danny_devito,245,robert_englund,18
timothy_spall,11,donal_logue,1
sendhil_ramamurthy,72,christopher_stadulis,44
tony_oller,101,christopher_stadulis,29
hugo_becker,17,tom_bergeron,67
michael_cera,99,mark_salling,101
zachary_knighton,36,tony_oller,23
joseph_lawrence,51,dylan_mcdermott,111
danny_devito,22,patrick_dempsey,292
david_henrie,14,cameron_crowe,47
josh_cooke,64,timothy_spall,47
hugo_becker,52,darian_weiss,13
josh_holloway,36,joseph_lawrence,17
amir_arison,12,chad_rook,19
james_van_der_beek,17,dolph_lundgren,33
mark_taormino,24,colin_ferguson,28
jason_patric,19,eric_stonestreet,128
wilson_cleveland,18,timothy_spall,6
russ_cootey,48,scott_a_martin,19
chris_harrison,6,jeremy_renner,320
david_tennant,6,mark_strong,29
trevor_donovan,99,chris_colfer,190
manu_bennett,65,scott_bakula,23
chad_rook,62,scott_caan,216
danny_huston,88,victor_webster,29
paul_haggis,96,zachary_quinto,106
christopher_stadulis,14,cameron_crowe,22
sam_neill,6,danny_huston,76
hubertus_geller,1,larry_laverty,4
john_francis_daley,11,dominic_cooper,48
rocky_verma,71,jon_cryer,24
mads_mikkelsen,34,rob_corddry,87
joseph_lawrence,5,colin_ferguson,17
robert_zemeckis,3,russ_cootey,10
michael_cera,59,thomas_jane,32
max_greenfield,203,tom_wilkinson,35
robin_thicke,49,dominic_cooper,120
anthony_hornus,83,dean_cain,43
dominic_cooper,48,jason_patric,70
robert_englund,19,antonio_sabato_jr,56
luke_wilson,171,russ_cootey,48
joseph_steven,5,maximilian_law,55
jeremy_renner,101,jason_patric,70
joseph_steven,5,russ_cootey,10
howie_mandel,61,manu_bennett,61
dean_cain,46,sendhil_ramamurthy,58
thomas_jane,91,federico_dordei,63
hubertus_geller,1,rocky_verma,10
louis_ck,38,billy_crudup,132
maximilian_law,18,robert_englund,26
david_tennant,28,david_pryor,10
seann_william_scott,101,tony_oller,41
scott_caan,221,robin_thicke,24
iain_glen,35,max_greenfield,203
jason_behr,32,ricky_gervais,99
scott_a_martin,21,wilson_cleveland,17
john_francis_daley,30,clifton_collins_jr,55
darian_weiss,13,scott_bakula,72
david_henrie,78,scott_a_martin,6
howie_mandel,74,david_cronenberg,20
michael_sheen,44,chris_harrison,8
rocky_verma,17,clifton_collins_jr,55
rob_corddry,84,david_cronenberg,47
james_mcavoy,78,shane_west,8
david_cronenberg,26,eddie_cibrian,28
hubertus_geller,1,josh_cooke,38
trevor_donovan,23,robin_thicke,54
dylan_minnette,80,mark_strong,1
luke_wilson,99,maximilian_law,36
chris_colfer,190,scott_a_martin,6
federico_dordei,76,sam_neill,38
howie_mandel,74,louis_ck,6
chad_rook,40,tony_oller,41
eddie_cibrian,5,roberto_sanz_sanchez,68
colin_ferguson,77,zachary_quinto,106
robert_zemeckis,27,david_tennant,83
roberto_sanz_sanchez,68,clifton_collins_jr,188
dylan_minnette,193,trevor_donovan,7
mark_strong,83,federico_dordei,36
rob_corddry,84,scott_caan,142
anthony_hornus,3,josh_cooke,44
phil_keoghan,27,darian_weiss,12
thomas_jane,91,colin_ferguson,28
david_henrie,51,max_greenfield,157
larry_laverty,67,scott_caan,96
christopher_stadulis,55,michael_cera,99
david_tennant,65,sting,111
jason_patric,70,eric_stonestreet,25
jason_patric,29,hugo_becker,52
joseph_lawrence,21,clifton_collins_jr,182
ryan_o'neal,25,mark_taormino,15
sendhil_ramamurthy,21,billy_crudup,115
hubertus_geller,1,judge_reinhold,22
robert_englund,19,hubertus_geller,1
james_mcavoy,12,john_francis_daley,13
david_cronenberg,21,sendhil_ramamurthy,26
christopher_stadulis,55,sam_neill,121
seann_william_scott,101,peter_facinelli,96
damian_lewis,60,dylan_minnette,80
chad_rook,51,joseph_steven,5
chris_colfer,203,robert_zemeckis,27
scott_a_martin,19,tony_oller,7
roberto_sanz_sanchez,52,tom_bergeron,37
david_strathairn,62,tony_oller,23
tony_oller,7,jason_patric,40
manu_bennett,68,luke_wilson,99
cameron_crowe,47,thomas_jane,32
tom_bergeron,37,robert_zemeckis,27
dean_cain,76,josh_holloway,99
james_van_der_beek,117,chris_colfer,38
stephen_lang,76,amir_arison,20
patrick_dempsey,133,edoardo_purgatori,37
rocky_verma,25,shane_west,31
josh_cooke,38,stephen_lang,76
antonio_sabato_jr,8,victor_webster,32
colin_ferguson,20,eddie_cibrian,28
donal_logue,1,chad_rook,19
jon_cryer,16,edoardo_purgatori,13
mark_salling,68,victor_webster,47
manu_bennett,61,rocky_verma,28
chris_colfer,190,manu_bennett,68
john_francis_daley,30,mark_salling,68
antonio_sabato_jr,38,dylan_minnette,80
hugo_becker,10,phil_keoghan,12
darian_weiss,33,christopher_stadulis,55
hubertus_geller,1,john_francis_daley,16
antonio_sabato_jr,17,joseph_lawrence,35
eric_stonestreet,25,david_tennant,48
wilson_cleveland,54,sendhil_ramamurthy,58
joseph_steven,5,jeremy_renner,55
judge_reinhold,53,russ_cootey,48
anthony_hornus,94,joseph_steven,5
victor_webster,24,larry_laverty,67
david_tennant,71,david_strathairn,75
james_mcavoy,99,rocky_verma,16
rocky_verma,60,david_strathairn,83
rob_corddry,87,scott_caan,216
tony_oller,72,luke_wilson,107
rocky_verma,1,ricky_gervais,32
bernie_matthew,32,louis_ck,6
ricky_gervais,69,joseph_lawrence,21
victor_webster,24,dylan_mcdermott,83
dolph_lundgren,33,shane_west,180
manu_bennett,65,danny_devito,22
mark_salling,110,eric_stonestreet,223
antonio_sabato_jr,38,max_greenfield,87
paul_haggis,96,hubertus_geller,1
bernie_matthew,32,cameron_crowe,22
dominic_cooper,120,sendhil_ramamurthy,43
amir_arison,14,mark_strong,82
michael_cera,123,victor_webster,52
clifton_collins_jr,93,chad_rook,51
josh_hartnett,19,rocky_verma,22
russ_cootey,48,bernie_matthew,32
dean_cain,83,james_van_der_beek,114
james_mcavoy,12,scott_caan,142
danny_devito,164,jason_patric,9
hubertus_geller,1,amir_arison,20
robin_thicke,24,zachary_quinto,73
john_carroll_lynch,37,tom_bergeron,37
david_henrie,10,ronald_e_giles,60
dylan_mcdermott,155,max_greenfield,203
billy_crudup,37,scott_bakula,42
robert_zemeckis,3,ricky_gervais,16
jason_patric,40,tom_bergeron,71
timothy_spall,9,federico_dordei,13
scott_a_martin,21,timothy_spall,13
seann_william_scott,23,russ_cootey,48
danny_devito,245,jeremy_renner,55
peter_facinelli,27,jason_behr,49
josh_holloway,99,patrick_dempsey,128
danny_devito,162,mark_salling,40
mark_strong,55,iain_glen,53
zachary_quinto,217,mark_strong,36
mads_mikkelsen,130,dylan_minnette,193
damian_lewis,84,josh_holloway,56
larry_laverty,4,chris_harrison,4
louis_ck,38,rick_gonzalez,69
josh_hartnett,63,david_henrie,10
paul_haggis,73,darian_weiss,33
paul_haggis,73,jason_behr,50
david_tennant,48,jeremy_renner,332
gulshan_grover,55,hugo_becker,10
dolph_lundgren,15,john_carroll_lynch,5
darian_weiss,12,clifton_collins_jr,55
shane_west,160,roberto_lombardi,28
timothy_spall,58,darian_weiss,13
robin_thicke,54,stephen_lang,54
hugo_becker,5,christopher_stadulis,14
colin_ferguson,17,wilson_cleveland,5
clifton_collins_jr,116,seann_william_scott,101
maximilian_law,18,hubertus_geller,1
thomas_jane,111,michael_cera,28
ronald_e_giles,19,iain_glen,29
peter_facinelli,27,chris_colfer,39
dolph_lundgren,62,howie_mandel,57
hubertus_geller,1,michael_sheen,164
bernie_matthew,47,wyatt_smith,2
rocky_verma,28,dominic_cooper,91
seann_william_scott,172,josh_cooke,20
victor_webster,47,donal_logue,28
david_tennant,36,john_francis_daley,16
sting,134,jason_patric,9
dolph_lundgren,74,judge_reinhold,12
scott_bakula,38,jeremy_renner,166
louis_ck,6,mark_salling,5
michael_sheen,44,tom_bergeron,80
david_strathairn,102,david_cronenberg,21
tom_bergeron,80,danny_huston,4
phil_keoghan,21,luke_wilson,46
jason_behr,31,zachary_knighton,30
eric_stonestreet,223,rocky_verma,22
cameron_crowe,22,robert_zemeckis,27
sendhil_ramamurthy,31,antonio_sabato_jr,31
trevor_donovan,99,john_carroll_lynch,5
david_henrie,18,roberto_lombardi,34
amir_arison,20,david_strathairn,75
dylan_mcdermott,155,mads_mikkelsen,7
shane_west,160,josh_holloway,72
scott_a_martin,6,james_van_der_beek,117
sting,134,james_van_der_beek,114
chris_colfer,125,hubertus_geller,1
john_carroll_lynch,25,clifton_collins_jr,55
patrick_dempsey,253,scott_caan,96
louis_ck,1,scott_caan,221
zachary_quinto,4,mark_salling,99
david_cronenberg,21,gulshan_grover,3
thomas_jane,27,antonio_sabato_jr,38
scott_caan,212,dolph_lundgren,64
rob_corddry,84,anthony_hornus,105
michael_sheen,164,victor_webster,32
scott_bakula,42,hugo_becker,17
scott_bakula,37,jeremy_renner,24
sam_neill,38,david_pryor,8
dean_cain,32,darian_weiss,33
robert_zemeckis,21,danny_devito,245
antonio_sabato_jr,56,dylan_minnette,193
rob_corddry,82,eddie_cibrian,7
eric_stonestreet,223,dean_cain,32
edoardo_purgatori,37,jason_patric,19
hugo_becker,52,christopher_stadulis,63
chris_colfer,114,rick_gonzalez,66
ricky_gervais,32,seann_william_scott,101
zachary_knighton,95,robert_englund,26
russ_cootey,10,hugo_becker,10
eddie_cibrian,14,thomas_jane,32
dolph_lundgren,62,peter_facinelli,91
zachary_knighton,1,larry_laverty,67
clifton_collins_jr,182,cameron_crowe,22
phil_keoghan,21,louis_ck,6
danny_huston,76,federico_dordei,32
mark_taormino,45,zachary_knighton,30
tony_oller,23,thomas_jane,27
hubertus_geller,1,joseph_lawrence,21
howie_mandel,57,mark_taormino,13
michael_sheen,7,bernie_matthew,32
rick_gonzalez,71,sam_neill,121
paul_haggis,73,hubertus_geller,1
dolph_lundgren,62,shane_west,160
thomas_jane,32,mark_taormino,4
eddie_cibrian,19,patrick_dempsey,245
josh_cooke,7,seann_william_scott,190
eddie_cibrian,19,mark_strong,29
david_pryor,3,victor_webster,24
louis_ck,1,shane_west,180
robert_zemeckis,1,gulshan_grover,54
max_greenfield,87,patrick_dempsey,150
wyatt_smith,2,stephen_lang,56
zachary_quinto,217,josh_cooke,38
rocky_verma,28,rick_gonzalez,65
colin_ferguson,77,victor_webster,40
maximilian_law,36,eric_stonestreet,128
john_francis_daley,63,edoardo_purgatori,13
paul_haggis,64,ronald_e_giles,19
gulshan_grover,55,rob_corddry,87
ronald_e_giles,60,james_van_der_beek,2
john_carroll_lynch,25,mark_salling,110
max_greenfield,17,josh_holloway,36
maximilian_law,18,wilson_cleveland,11
wyatt_smith,2,sting,134
ryan_o'neal,26,scott_bakula,23
iain_glen,18,robert_englund,26
sam_neill,38,joseph_steven,5
hubertus_geller,1,shane_west,141
john_carroll_lynch,5,manu_bennett,65
tony_oller,72,gulshan_grover,10
chad_rook,40,clifton_collins_jr,188
timothy_spall,6,antonio_sabato_jr,8
mark_taormino,43,john_carroll_lynch,25
john_francis_daley,59,timothy_spall,13
max_greenfield,196,james_van_der_beek,17
josh_hartnett,7,danny_huston,39
max_greenfield,157,tony_oller,41
hubertus_geller,1,timothy_spall,58
tom_wilkinson,12,patrick_dempsey,292
louis_ck,47,patrick_dempsey,245
wilson_cleveland,54,tony_oller,7
federico_dordei,82,antonio_sabato_jr,14
james_mcavoy,99,zachary_knighton,22
edoardo_purgatori,7,sting,81
roberto_lombardi,28,eddie_cibrian,19
darian_weiss,13,rob_corddry,82
jeremy_renner,118,tom_wilkinson,12
dylan_mcdermott,155,sam_neill,38
chris_colfer,201,eric_stonestreet,25
donal_logue,28,zachary_knighton,30
dylan_minnette,80,danny_devito,164
wilson_cleveland,9,edoardo_purgatori,13
tony_oller,41,robin_thicke,54
timothy_spall,58,bernie_matthew,32
robert_zemeckis,58,phil_keoghan,52
danny_devito,245,sam_neill,92
tom_bergeron,80,josh_cooke,19
david_henrie,11,timothy_spall,47
rocky_verma,71,david_henrie,34
ricky_gervais,154,billy_crudup,128
david_pryor,10,rick_gonzalez,72
shane_west,160,robin_thicke,28
dylan_minnette,80,robin_thicke,49
billy_crudup,100,mads_mikkelsen,4
iain_glen,53,manu_bennett,68
mads_mikkelsen,4,dylan_mcdermott,169
edoardo_purgatori,7,robert_englund,19
rocky_verma,74,chris_harrison,21
zachary_knighton,95,howie_mandel,74
michael_sheen,156,cameron_crowe,47
tom_bergeron,71,sam_neill,43
hugo_becker,5,iain_glen,18
robert_englund,18,joseph_lawrence,5
danny_devito,162,jon_cryer,196
dean_cain,32,mark_strong,36
john_francis_daley,23,max_greenfield,17
wilson_cleveland,54,danny_devito,22
ricky_gervais,46,paul_haggis,73
peter_facinelli,27,jason_behr,23
antonio_sabato_jr,14,david_cronenberg,47
dominic_cooper,55,patrick_dempsey,48
danny_huston,26,thomas_jane,32
patrick_dempsey,287,victor_webster,32
federico_dordei,20,chris_harrison,10
edoardo_purgatori,7,james_mcavoy,128
judge_reinhold,62,eric_stonestreet,128
mads_mikkelsen,34,maximilian_law,50
rocky_verma,12,mark_strong,82
mark_strong,5,maximilian_law,44
luke_wilson,56,bernie_matthew,26
tom_bergeron,71,jason_behr,32
scott_caan,142,mark_strong,1
sam_neill,121,josh_holloway,56
hubertus_geller,1,timothy_spall,58
scott_bakula,91,russ_cootey,48
damian_lewis,84,manu_bennett,65
david_tennant,28,sam_neill,121
colin_ferguson,28,zachary_quinto,214
zachary_knighton,36,donal_logue,1
john_carroll_lynch,5,federico_dordei,70
chris_harrison,1,clifton_collins_jr,10
billy_crudup,142,michael_sheen,156
robert_englund,18,federico_dordei,70
david_tennant,48,victor_webster,38
michael_sheen,92,scott_caan,3
ronald_e_giles,31,robert_englund,26
wyatt_smith,2,chad_rook,19
dominic_cooper,1,jeremy_renner,341
phil_keoghan,53,colin_ferguson,17
eric_stonestreet,128,scott_a_martin,19
michael_cera,83,hubertus_geller,1
hubertus_geller,1,shane_west,180
james_mcavoy,22,michael_sheen,156
rick_gonzalez,72,paul_haggis,96
dolph_lundgren,62,james_van_der_beek,121
mark_strong,82,sting,81
max_greenfield,17,jason_patric,40
larry_laverty,67,roberto_lombardi,47
roberto_sanz_sanchez,63,robin_thicke,17
amir_arison,19,thomas_jane,27
eddie_cibrian,51,michael_cera,123
rob_corddry,82,dean_cain,83
josh_holloway,36,clifton_collins_jr,93
trevor_donovan,64,ryan_o'neal,1
robert_englund,26,paul_haggis,73
roberto_sanz_sanchez,68,bernie_matthew,17
dolph_lundgren,15,peter_facinelli,27
clifton_collins_jr,116,david_tennant,33
jeremy_renner,319,tony_oller,7
josh_cooke,64,mark_salling,10
billy_crudup,120,dolph_lundgren,33
dean_cain,48,tom_wilkinson,12
ryan_o'neal,3,dylan_mcdermott,83
mads_mikkelsen,42,david_cronenberg,26
james_van_der_beek,96,eric_stonestreet,128
robert_englund,26,dominic_cooper,48
bernie_matthew,17,trevor_donovan,57
joseph_steven,5,tom_bergeron,21
cameron_crowe,22,hubertus_geller,1
cameron_crowe,22,roberto_sanz_sanchez,68
david_tennant,83,peter_facinelli,11
david_strathairn,70,james_van_der_beek,114
larry_laverty,67,shane_west,141
shane_west,160,maximilian_law,36
bernie_matthew,17,donal_logue,62
dean_cain,46,russ_cootey,10
sam_neill,92,eddie_cibrian,28
clifton_collins_jr,116,eddie_cibrian,51
thomas_jane,91,rob_corddry,87
danny_huston,76,jason_behr,11
tony_oller,72,russ_cootey,48
roberto_sanz_sanchez,35,sam_neill,121
james_van_der_beek,2,john_carroll_lynch,23
amir_arison,17,phil_keoghan,53
wyatt_smith,2,manu_bennett,61
phil_keoghan,11,jon_cryer,180
hubertus_geller,1,cameron_crowe,47
robert_englund,26,james_van_der_beek,27
scott_caan,221,rocky_verma,16
timothy_spall,6,howie_mandel,33
chad_rook,29,maximilian_law,22
robert_zemeckis,58,mark_taormino,41
scott_a_martin,19,michael_cera,59
jon_cryer,196,michael_cera,83
chad_rook,19,david_cronenberg,26
sam_neill,6,gulshan_grover,54
david_tennant,28,zachary_quinto,214
dean_cain,46,josh_hartnett,63
sting,126,roberto_sanz_sanchez,63
scott_bakula,37,anthony_hornus,105
anthony_hornus,94,mark_taormino,20
robert_englund,19,david_cronenberg,26
manu_bennett,65,michael_cera,59
federico_dordei,58,scott_a_martin,37
stephen_lang,76,patrick_dempsey,72
roberto_sanz_sanchez,65,anthony_hornus,83
clifton_collins_jr,55,luke_wilson,107
amir_arison,19,louis_ck,6
louis_ck,47,zachary_knighton,95
jason_behr,9,anthony_hornus,92
dylan_minnette,80,maximilian_law,22
scott_a_martin,6,trevor_donovan,104
judge_reinhold,62,iain_glen,18
eddie_cibrian,5,louis_ck,38
scott_caan,221,stephen_lang,56
jason_behr,9,howie_mandel,57
russ_cootey,48,clifton_collins_jr,116
john_francis_daley,41,antonio_sabato_jr,44
rick_gonzalez,66,iain_glen,35
christopher_stadulis,29,scott_caan,212
dolph_lundgren,74,david_cronenberg,21
john_carroll_lynch,37,tony_oller,7
tom_wilkinson,35,david_henrie,55
eric_stonestreet,25,joseph_steven,5
shane_west,86,patrick_dempsey,245
scott_caan,96,louis_ck,47
scott_a_martin,6,gulshan_grover,31
rob_corddry,84,howie_mandel,18
michael_cera,83,amir_arison,14
jon_cryer,6,stephen_lang,56
josh_hartnett,56,ryan_o'neal,1
mark_strong,55,david_tennant,20
billy_crudup,132,robert_englund,19
john_carroll_lynch,23,larry_laverty,4
zachary_knighton,36,howie_mandel,74
danny_devito,164,dolph_lundgren,62
chad_rook,51,ricky_gervais,154
ryan_o'neal,25,patrick_dempsey,133
peter_facinelli,27,jeremy_renner,201
ronald_e_giles,60,russ_cootey,48
rob_corddry,82,phil_keoghan,30
tony_oller,101,mads_mikkelsen,130
cameron_crowe,47,scott_a_martin,21
christopher_stadulis,44,danny_devito,245
zachary_knighton,95,peter_facinelli,91
james_mcavoy,54,seann_william_scott,172
donal_logue,1,dominic_cooper,88
scott_caan,212,mark_taormino,46
john_carroll_lynch,25,james_van_der_beek,96
james_mcavoy,128,michael_sheen,156
antonio_sabato_jr,2,larry_laverty,67
wilson_cleveland,54,jon_cryer,63
stephen_lang,56,donal_logue,28
mads_mikkelsen,130,james_mcavoy,22
dean_cain,48,maximilian_law,44
clifton_collins_jr,188,christopher_stadulis,63
john_carroll_lynch,25,manu_bennett,61
michael_cera,28,max_greenfield,17
seann_william_scott,132,joseph_lawrence,16
judge_reinhold,62,louis_ck,1
robert_englund,19,chris_colfer,42
mark_taormino,13,ronald_e_giles,19
cameron_crowe,47,roberto_lombardi,34
larry_laverty,4,federico_dordei,58
trevor_donovan,71,zachary_quinto,177
cameron_crowe,47,louis_ck,38
roberto_sanz_sanchez,52,dylan_mcdermott,55
patrick_dempsey,133,john_francis_daley,63
dylan_minnette,80,phil_keoghan,21
eric_stonestreet,25,sendhil_ramamurthy,43
rocky_verma,40,gulshan_grover,10
joseph_steven,5,james_mcavoy,99
thomas_jane,32,dean_cain,7
larry_laverty,67,manu_bennett,65
dylan_minnette,193,hubertus_geller,1
tom_bergeron,21,colin_ferguson,50
antonio_sabato_jr,66,david_strathairn,75
clifton_collins_jr,10,amir_arison,2
dylan_minnette,193,dean_cain,76
luke_wilson,99,colin_ferguson,50
anthony_hornus,105,phil_keoghan,52
louis_ck,38,howie_mandel,33
larry_laverty,67,david_pryor,79
luke_wilson,5,joseph_lawrence,16
victor_webster,39,ryan_o'neal,69
david_tennant,6,joseph_steven,5
david_strathairn,102,david_henrie,55
danny_huston,25,josh_cooke,38
dylan_mcdermott,83,max_greenfield,203
david_tennant,20,michael_sheen,164
maximilian_law,55,larry_laverty,4
josh_holloway,72,dean_cain,32
ryan_o'neal,69,zachary_knighton,22
eddie_cibrian,1,ricky_gervais,32
stephen_lang,56,chad_rook,62
cameron_crowe,47,danny_huston,39
zachary_knighton,30,james_van_der_beek,96
antonio_sabato_jr,15,robert_englund,19
roberto_lombardi,34,josh_holloway,11
patrick_dempsey,133,wyatt_smith,2
max_greenfield,87,robert_zemeckis,1
david_cronenberg,21,dylan_minnette,80
jeremy_renner,101,thomas_jane,91
russ_cootey,48,paul_haggis,64
danny_devito,162,patrick_dempsey,8
scott_caan,221,bernie_matthew,26
mark_taormino,7,joseph_lawrence,21
danny_devito,162,josh_holloway,81
timothy_spall,32,judge_reinhold,62
roberto_lombardi,28,dominic_cooper,120
tony_oller,23,max_greenfield,87
mark_strong,55,ricky_gervais,16
david_tennant,36,ricky_gervais,154
luke_wilson,56,eddie_cibrian,28
joseph_steven,5,sendhil_ramamurthy,21
david_pryor,6,chris_harrison,10
sting,153,ronald_e_giles,31
david_cronenberg,21,john_carroll_lynch,25
robin_thicke,17,josh_cooke,7
clifton_collins_jr,116,robin_thicke,24
hugo_becker,52,roberto_sanz_sanchez,35
jon_cryer,16,scott_a_martin,21
josh_cooke,13,sting,126
jeremy_renner,47,david_pryor,3
david_henrie,74,billy_crudup,142
dylan_minnette,193,peter_facinelli,11
scott_bakula,9,mark_taormino,15
wyatt_smith,2,scott_caan,3
james_mcavoy,12,david_cronenberg,21
damian_lewis,60,amir_arison,17
luke_wilson,99,robert_englund,26
michael_cera,59,joseph_steven,5
cameron_crowe,47,chris_colfer,201
mark_salling,68,jeremy_renner,55
joseph_lawrence,35,sting,134
tom_wilkinson,78,rick_gonzalez,26
dominic_cooper,120,dean_cain,7
wyatt_smith,2,seann_william_scott,101
james_mcavoy,78,damian_lewis,60
antonio_sabato_jr,66,joseph_lawrence,51
paul_haggis,96,eddie_cibrian,7
scott_a_martin,37,eddie_cibrian,1
maximilian_law,55,anthony_hornus,83
sting,134,rick_gonzalez,26
tony_oller,41,federico_dordei,82
ricky_gervais,67,zachary_quinto,217
scott_bakula,39,robin_thicke,8
maximilian_law,22,josh_cooke,7
jason_behr,49,maximilian_law,1
cameron_crowe,22,jason_patric,9
thomas_jane,111,mark_taormino,13
maximilian_law,22,gulshan_grover,31
jon_cryer,63,eddie_cibrian,7
max_greenfield,157,victor_webster,38
roberto_lombardi,28,eric_stonestreet,223
zachary_quinto,105,david_tennant,39
chris_colfer,114,manu_bennett,65
ricky_gervais,121,dylan_minnette,80
wyatt_smith,2,thomas_jane,32
amir_arison,17,christopher_stadulis,30
howie_mandel,79,manu_bennett,65
bernie_matthew,55,gulshan_grover,3
ryan_o'neal,63,john_carroll_lynch,25
clifton_collins_jr,93,robert_englund,26
dean_cain,43,chris_colfer,203
paul_haggis,64,danny_devito,22
timothy_spall,11,antonio_sabato_jr,56
hugo_becker,10,eddie_cibrian,1
josh_cooke,7,zachary_quinto,217
chad_rook,51,rocky_verma,74
federico_dordei,13,howie_mandel,74
tom_bergeron,21,antonio_sabato_jr,44
ricky_gervais,99,michael_sheen,164
james_van_der_beek,114,stephen_lang,56
josh_hartnett,63,john_carroll_lynch,23
david_tennant,28,joseph_lawrence,66
mark_strong,83,judge_reinhold,53
maximilian_law,50,john_francis_daley,59
james_van_der_beek,17,jason_patric,70
dolph_lundgren,64,paul_haggis,73
antonio_sabato_jr,34,colin_ferguson,17
david_pryor,8,josh_cooke,44
mark_strong,35,jason_patric,19
dominic_cooper,28,zachary_quinto,73
manu_bennett,61,judge_reinhold,62
joseph_steven,5,dolph_lundgren,74
danny_devito,245,iain_glen,62
mark_taormino,45,christopher_stadulis,29
dominic_cooper,1,wyatt_smith,2
stephen_lang,56,jeremy_renner,201
mark_taormino,15,scott_a_martin,6
dolph_lundgren,15,howie_mandel,62
ronald_e_giles,60,gulshan_grover,35
tony_oller,72,eddie_cibrian,7
zachary_knighton,1,eric_stonestreet,223
jon_cryer,21,scott_caan,96
eddie_cibrian,53,victor_webster,38
scott_bakula,72,jason_behr,49
sendhil_ramamurthy,31,mark_salling,5
tony_oller,41,mark_salling,99
joseph_steven,5,phil_keoghan,51
mark_salling,68,joseph_steven,5
scott_a_martin,6,ronald_e_giles,31
sting,153,scott_caan,212
patrick_dempsey,287,edoardo_purgatori,7
scott_caan,216,gulshan_grover,44
zachary_knighton,30,phil_keoghan,52
danny_devito,162,hugo_becker,10
roberto_sanz_sanchez,52,ricky_gervais,99
rob_corddry,84,maximilian_law,18
scott_a_martin,37,antonio_sabato_jr,17
bernie_matthew,47,jeremy_renner,47
damian_lewis,84,tony_oller,41
josh_cooke,7,damian_lewis,117
jason_behr,50,russ_cootey,10
roberto_lombardi,47,rick_gonzalez,69
josh_holloway,11,danny_devito,162
roberto_lombardi,61,ricky_gervais,16
chris_harrison,4,patrick_dempsey,292
peter_facinelli,27,mark_strong,82
anthony_hornus,105,clifton_collins_jr,55
mads_mikkelsen,7,peter_facinelli,11
joseph_steven,5,zachary_quinto,105
seann_william_scott,47,hubertus_geller,1
judge_reinhold,53,chad_rook,62
chris_harrison,16,damian_lewis,155
michael_sheen,164,mads_mikkelsen,4
jon_cryer,9,hugo_becker,17
zachary_quinto,177,david_strathairn,75
david_cronenberg,20,wilson_cleveland,59
jason_behr,49,tom_wilkinson,12
rocky_verma,1,victor_webster,32
stephen_lang,54,gulshan_grover,44
tom_wilkinson,12,danny_devito,164
gulshan_grover,31,david_cronenberg,47
josh_cooke,16,scott_a_martin,6
dominic_cooper,1,federico_dordei,82
dylan_mcdermott,137,jason_behr,9
john_carroll_lynch,25,luke_wilson,171
dylan_minnette,193,clifton_collins_jr,55
clifton_collins_jr,10,wilson_cleveland,17
larry_laverty,4,dylan_minnette,80
ricky_gervais,99,timothy_spall,58
victor_webster,24,max_greenfield,17
roberto_sanz_sanchez,65,rob_corddry,87
dylan_minnette,80,joseph_lawrence,35
jason_behr,32,james_van_der_beek,114
donal_logue,1,danny_devito,147
damian_lewis,84,david_strathairn,69
mark_strong,82,amir_arison,14
howie_mandel,61,danny_devito,162
sendhil_ramamurthy,58,antonio_sabato_jr,16
timothy_spall,13,amir_arison,19
howie_mandel,79,zachary_knighton,1
sendhil_ramamurthy,66,roberto_lombardi,69
david_cronenberg,26,scott_bakula,37
luke_wilson,150,robert_zemeckis,1
donal_logue,28,colin_ferguson,20
eric_stonestreet,183,zachary_knighton,95
sendhil_ramamurthy,72,anthony_hornus,79
antonio_sabato_jr,56,mark_strong,83
howie_mandel,72,victor_webster,52
iain_glen,62,john_francis_daley,30
chad_rook,19,dolph_lundgren,33
mark_strong,82,trevor_donovan,99
thomas_jane,32,amir_arison,11
robert_zemeckis,21,chad_rook,40
patrick_dempsey,133,david_cronenberg,21
mark_taormino,15,ronald_e_giles,60
victor_webster,39,james_mcavoy,54
joseph_lawrence,5,darian_weiss,13
mark_strong,35,patrick_dempsey,287
david_pryor,3,chris_harrison,20
donal_logue,62,anthony_hornus,79
trevor_donovan,71,iain_glen,29
trevor_donovan,23,patrick_dempsey,1
thomas_jane,91,stephen_lang,54
john_francis_daley,41,mark_strong,35
dominic_cooper,88,eric_stonestreet,128
jon_cryer,16,dylan_minnette,193
david_cronenberg,47,jason_patric,70
scott_a_martin,19,phil_keoghan,12
david_tennant,33,john_francis_daley,41
bernie_matthew,26,dominic_cooper,88
mark_taormino,43,hubertus_geller,1
scott_caan,3,rocky_verma,16
eric_stonestreet,183,rick_gonzalez,65
danny_huston,39,edoardo_purgatori,7
jon_cryer,27,ricky_gervais,121
victor_webster,32,john_francis_daley,16
dominic_cooper,130,clifton_collins_jr,188
stephen_lang,76,david_tennant,6
billy_crudup,115,victor_webster,24
scott_caan,96,david_strathairn,83
iain_glen,18,david_henrie,14
edoardo_purgatori,55,sting,134
scott_caan,212,dylan_minnette,193
josh_hartnett,84,dylan_minnette,80
chad_rook,2,david_cronenberg,26
shane_west,141,victor_webster,38
robert_englund,19,dylan_mcdermott,111
mads_mikkelsen,12,roberto_sanz_sanchez,52
luke_wilson,107,jon_cryer,24
victor_webster,39,scott_a_martin,6
ryan_o'neal,26,robin_thicke,37
timothy_spall,58,john_carroll_lynch,5
edoardo_purgatori,37,tom_wilkinson,65
jeremy_renner,118,trevor_donovan,64
tom_bergeron,71,david_tennant,65
paul_haggis,73,donal_logue,28
rocky_verma,71,jason_patric,19
robert_englund,18,dylan_minnette,193
danny_devito,164,larry_laverty,67
eric_stonestreet,183,gulshan_grover,10
phil_keoghan,53,billy_crudup,37
damian_lewis,84,jon_cryer,6
josh_holloway,36,phil_keoghan,23
ryan_o'neal,26,maximilian_law,1
zachary_knighton,30,joseph_steven,5
christopher_stadulis,55,sting,126
billy_crudup,115,manu_bennett,68
hugo_becker,52,paul_haggis,73
damian_lewis,117,dominic_cooper,88
thomas_jane,91,scott_caan,212
antonio_sabato_jr,17,max_greenfield,87
joseph_lawrence,17,damian_lewis,155
gulshan_grover,31,hubertus_geller,1
dean_cain,43,roberto_sanz_sanchez,52
jason_behr,32,stephen_lang,56
john_francis_daley,41,danny_devito,245
david_strathairn,65,tom_wilkinson,12
russ_cootey,48,jason_behr,38
billy_crudup,128,jon_cryer,24
mark_taormino,45,luke_wilson,171
josh_cooke,44,stephen_lang,54
dean_cain,43,hugo_becker,10
jason_behr,11,hubertus_geller,1
josh_holloway,81,patrick_dempsey,253
victor_webster,38,wilson_cleveland,54
ronald_e_giles,31,david_strathairn,83
dean_cain,25,sam_neill,43
seann_william_scott,95,russ_cootey,48
eddie_cibrian,28,zachary_knighton,22
sam_neill,121,chad_rook,19
clifton_collins_jr,188,zachary_quinto,73
tom_bergeron,71,larry_laverty,67
timothy_spall,58,hubertus_geller,1
mark_taormino,24,ricky_gervais,143
mark_taormino,13,dylan_mcdermott,35
max_greenfield,203,chris_harrison,4
damian_lewis,155,louis_ck,38
howie_mandel,57,danny_huston,39
zachary_knighton,36,ryan_o'neal,63
clifton_collins_jr,188,peter_facinelli,91
thomas_jane,27,chris_colfer,130
eric_stonestreet,223,trevor_donovan,71
antonio_sabato_jr,56,joseph_lawrence,21
christopher_stadulis,14,robin_thicke,37
zachary_quinto,137,rocky_verma,46
tom_bergeron,67,ryan_o'neal,63
darian_weiss,13,michael_sheen,44
judge_reinhold,53,clifton_collins_jr,55
david_pryor,25,mark_strong,1
james_van_der_beek,2,joseph_steven,5
dean_cain,48,ricky_gervais,143
roberto_sanz_sanchez,52,seann_william_scott,172
bernie_matthew,17,roberto_lombardi,10
wyatt_smith,2,federico_dordei,63
thomas_jane,32,iain_glen,18
roberto_lombardi,10,roberto_sanz_sanchez,35
bernie_matthew,55,jason_patric,19
howie_mandel,18,louis_ck,1
david_strathairn,83,robert_englund,19
hubertus_geller,1,stephen_lang,54
louis_ck,1,eric_stonestreet,183
chad_rook,2,phil_keoghan,7
robert_zemeckis,21,mark_salling,82
chad_rook,62,hugo_becker,10
wilson_cleveland,18,rocky_verma,71
thomas_jane,27,mark_taormino,15
john_carroll_lynch,5,iain_glen,53
hugo_becker,10,david_strathairn,65
josh_cooke,20,roberto_sanz_sanchez,68
peter_facinelli,91,patrick_dempsey,253
shane_west,160,clifton_collins_jr,188
mads_mikkelsen,42,james_mcavoy,128
james_mcavoy,22,christopher_stadulis,14
david_strathairn,69,federico_dordei,76
josh_holloway,79,billy_crudup,128
seann_william_scott,172,dylan_minnette,80
tom_wilkinson,35,larry_laverty,67
david_pryor,42,edoardo_purgatori,13
larry_laverty,4,hugo_becker,52
colin_ferguson,17,danny_huston,88
rick_gonzalez,65,rob_corddry,82
tom_wilkinson,78,john_carroll_lynch,5
mark_salling,101,david_tennant,71
iain_glen,35,paul_haggis,73
peter_facinelli,11,paul_haggis,96
chad_rook,40,roberto_sanz_sanchez,63
luke_wilson,56,darian_weiss,13
robin_thicke,24,sam_neill,121
gulshan_grover,54,phil_keoghan,27
louis_ck,1,trevor_donovan,23
mark_salling,99,manu_bennett,65
robert_zemeckis,21,zachary_quinto,214
mark_strong,36,ricky_gervais,67
victor_webster,39,david_henrie,55
mark_taormino,46,jon_cryer,9
sam_neill,6,dylan_minnette,80
seann_william_scott,23,larry_laverty,4
david_cronenberg,20,josh_holloway,56
robert_englund,26,timothy_spall,13
danny_huston,26,scott_bakula,72
seann_william_scott,47,james_mcavoy,128
donal_logue,23,larry_laverty,67
wilson_cleveland,5,ricky_gervais,67
mark_taormino,31,clifton_collins_jr,10
robert_zemeckis,3,mark_salling,99
robert_englund,19,antonio_sabato_jr,16
louis_ck,6,danny_huston,4
howie_mandel,72,luke_wilson,56
john_carroll_lynch,25,josh_holloway,81
judge_reinhold,58,edoardo_purgatori,13
larry_laverty,4,donal_logue,23
scott_a_martin,19,david_pryor,8
dylan_minnette,193,chris_colfer,42
damian_lewis,67,chris_colfer,190
russ_cootey,10,wyatt_smith,2
jason_behr,50,seann_william_scott,172
roberto_sanz_sanchez,52,tony_oller,72
trevor_donovan,23,cameron_crowe,22
eric_stonestreet,183,dylan_mcdermott,169
mark_taormino,41,tom_bergeron,55
wilson_cleveland,41,paul_haggis,96
wilson_cleveland,59,joseph_lawrence,5
clifton_collins_jr,182,dolph_lundgren,33
ronald_e_giles,60,thomas_jane,32
scott_a_martin,6,david_strathairn,62
eric_stonestreet,223,dylan_minnette,80
wyatt_smith,2,james_mcavoy,78
hugo_becker,5,tony_oller,101
john_carroll_lynch,37,chad_rook,62
james_van_der_beek,117,ryan_o'neal,1
clifton_collins_jr,182,edoardo_purgatori,13
rob_corddry,82,david_henrie,31
rocky_verma,46,manu_bennett,65
scott_a_martin,19,federico_dordei,82
mark_salling,40,roberto_lombardi,10
federico_dordei,13,robert_zemeckis,58
antonio_sabato_jr,38,tony_oller,23
gulshan_grover,11,roberto_lombardi,28
mark_salling,82,wyatt_smith,2
tom_bergeron,27,louis_ck,38
trevor_donovan,71,chris_colfer,190
sting,81,luke_wilson,107
james_mcavoy,78,josh_cooke,13
stephen_lang,56,trevor_donovan,23
peter_facinelli,11,danny_huston,4
larry_laverty,67,tom_bergeron,37
rocky_verma,12,dominic_cooper,43
chris_harrison,21,wyatt_smith,2
wyatt_smith,2,peter_facinelli,96
rocky_verma,40,dylan_minnette,80
cameron_crowe,22,chris_harrison,20
russ_cootey,10,rick_gonzalez,12
michael_sheen,44,david_tennant,28
victor_webster,50,david_pryor,25
wilson_cleveland,54,mark_strong,29
billy_crudup,128,colin_ferguson,94
jason_patric,9,hugo_becker,5
phil_keoghan,21,rob_corddry,84
zachary_quinto,137,hugo_becker,10
jon_cryer,27,gulshan_grover,16
david_henrie,55,hugo_becker,17
colin_ferguson,50,paul_haggis,73
robert_zemeckis,21,hubertus_geller,1
cameron_crowe,22,david_strathairn,75
david_cronenberg,21,peter_facinelli,11
chris_colfer,39,ryan_o'neal,25
mark_strong,5,chris_harrison,1
james_van_der_beek,17,seann_william_scott,172
robin_thicke,54,tom_wilkinson,35
federico_dordei,20,jason_patric,9
stephen_lang,54,wyatt_smith,2
david_pryor,3,joseph_lawrence,35
ryan_o'neal,26,thomas_jane,32
danny_devito,164,chris_colfer,42
manu_bennett,65,roberto_lombardi,34
chris_harrison,19,robert_zemeckis,21
mark_salling,99,sting,153
mads_mikkelsen,130,colin_ferguson,28
manu_bennett,68,scott_caan,210
tom_bergeron,71,dominic_cooper,28
trevor_donovan,71,antonio_sabato_jr,14
ronald_e_giles,31,paul_haggis,96
robert_englund,18,scott_bakula,4
colin_ferguson,20,timothy_spall,6
chad_rook,2,trevor_donovan,57
joseph_lawrence,16,ronald_e_giles,19
chad_rook,29,judge_reinhold,12
danny_huston,39,michael_sheen,164
david_tennant,20,john_carroll_lynch,25
david_strathairn,75,peter_facinelli,11
cameron_crowe,47,jason_patric,9
josh_cooke,44,iain_glen,62
bernie_matthew,17,josh_hartnett,63
seann_william_scott,109,ronald_e_giles,60
colin_ferguson,77,michael_cera,28
hubertus_geller,1,david_cronenberg,26
michael_sheen,7,dylan_minnette,193
roberto_lombardi,47,robert_englund,19
david_cronenberg,21,judge_reinhold,22
dean_cain,46,wyatt_smith,2
danny_huston,25,eric_stonestreet,128
john_carroll_lynch,5,robert_zemeckis,2
thomas_jane,27,christopher_stadulis,22
michael_sheen,156,wyatt_smith,2
bernie_matthew,26,david_pryor,10
jeremy_renner,55,robert_englund,18
john_francis_daley,59,bernie_matthew,26
maximilian_law,18,jason_patric,29
michael_cera,123,chad_rook,51
dylan_mcdermott,137,dean_cain,76
billy_crudup,37,hubertus_geller,1
damian_lewis,67,jason_patric,29
iain_glen,35,edoardo_purgatori,55
danny_huston,88,tony_oller,101
robin_thicke,54,david_strathairn,69
joseph_lawrence,35,stephen_lang,56
victor_webster,47,james_mcavoy,128
james_van_der_beek,17,trevor_donovan,64
eric_stonestreet,183,chris_colfer,38
eddie_cibrian,28,cameron_crowe,22
peter_facinelli,61,darian_weiss,33
phil_keoghan,21,joseph_lawrence,35
amir_arison,12,mark_salling,101
david_strathairn,102,josh_cooke,7
victor_webster,39,wyatt_smith,2
roberto_sanz_sanchez,63,sendhil_ramamurthy,31
mark_strong,29,dylan_mcdermott,55
chris_harrison,21,dolph_lundgren,33
tom_bergeron,71,ricky_gervais,92
jon_cryer,63,louis_ck,38
shane_west,31,chris_colfer,42
anthony_hornus,94,scott_caan,3
josh_hartnett,63,donal_logue,62
sting,111,robin_thicke,28
russ_cootey,10,josh_hartnett,56
dominic_cooper,48,wyatt_smith,2
john_carroll_lynch,23,christopher_stadulis,55
josh_hartnett,19,russ_cootey,48
mark_salling,110,danny_huston,25
cameron_crowe,47,danny_huston,4
victor_webster,52,max_greenfield,87
iain_glen,18,antonio_sabato_jr,29
mark_strong,55,christopher_stadulis,55
chris_colfer,38,damian_lewis,155
trevor_donovan,64,victor_webster,29
mark_strong,35,federico_dordei,76
trevor_donovan,99,roberto_sanz_sanchez,52
dolph_lundgren,62,damian_lewis,84
edoardo_purgatori,13,sendhil_ramamurthy,72
john_carroll_lynch,5,dylan_mcdermott,111
john_carroll_lynch,37,david_cronenberg,20
dominic_cooper,28,shane_west,86
antonio_sabato_jr,38,seann_william_scott,8
billy_crudup,115,david_henrie,55
dylan_mcdermott,169,paul_haggis,96
john_francis_daley,13,robert_englund,26
eric_stonestreet,25,jon_cryer,196
cameron_crowe,22,dominic_cooper,91
michael_cera,83,wyatt_smith,2
stephen_lang,76,ricky_gervais,121
josh_hartnett,144,seann_william_scott,190
trevor_donovan,57,hubertus_geller,1
joseph_lawrence,5,clifton_collins_jr,188
david_tennant,36,mark_salling,25
danny_huston,26,scott_caan,212
david_henrie,78,rob_corddry,87
jason_behr,38,christopher_stadulis,55
eric_stonestreet,183,tom_wilkinson,65
patrick_dempsey,287,maximilian_law,22
patrick_dempsey,253,seann_william_scott,132
sam_neill,38,wyatt_smith,2
amir_arison,18,joseph_lawrence,10
josh_cooke,64,wilson_cleveland,5
howie_mandel,61,joseph_steven,5
anthony_hornus,79,james_van_der_beek,27
scott_a_martin,6,hugo_becker,17
roberto_sanz_sanchez,68,roberto_lombardi,28
timothy_spall,32,judge_reinhold,58
james_van_der_beek,17,edoardo_purgatori,52
dylan_minnette,193,danny_huston,76
anthony_hornus,94,david_pryor,3
eric_stonestreet,25,antonio_sabato_jr,31
danny_devito,22,thomas_jane,32
ryan_o'neal,1,colin_ferguson,1
seann_william_scott,8,jason_behr,49
joseph_lawrence,66,josh_hartnett,102
dean_cain,76,christopher_stadulis,22
howie_mandel,62,peter_facinelli,61
eric_stonestreet,183,chris_colfer,114
jason_behr,49,hubertus_geller,1
joseph_steven,5,antonio_sabato_jr,15
robert_zemeckis,27,david_pryor,6
larry_laverty,4,clifton_collins_jr,116
sendhil_ramamurthy,58,clifton_collins_jr,188
phil_keoghan,7,rob_corddry,84
edoardo_purgatori,52,david_pryor,6
jason_patric,19,josh_holloway,79
jon_cryer,7,james_van_der_beek,114
jason_patric,70,mark_salling,81
eddie_cibrian,53,zachary_quinto,105
chad_rook,19,dylan_minnette,80
ricky_gervais,46,edoardo_purgatori,13
michael_sheen,92,chris_colfer,203
hubertus_geller,1,federico_dordei,63
timothy_spall,6,james_van_der_beek,17
josh_holloway,79,joseph_steven,5
sam_neill,43,dominic_cooper,55
roberto_lombardi,28,chad_rook,19
trevor_donovan,64,victor_webster,29
bernie_matthew,17,peter_facinelli,96
joseph_steven,5,seann_william_scott,190
victor_webster,40,bernie_matthew,17
howie_mandel,57,federico_dordei,63
edoardo_purgatori,37,patrick_dempsey,253
cameron_crowe,47,ronald_e_giles,60
iain_glen,18,paul_haggis,96
seann_william_scott,95,chris_harrison,6
james_van_der_beek,2,zachary_quinto,177
david_strathairn,83,christopher_stadulis,29
luke_wilson,46,damian_lewis,67
joseph_lawrence,66,hubertus_geller,1
trevor_donovan,104,gulshan_grover,3
dean_cain,48,john_carroll_lynch,25
zachary_knighton,36,timothy_spall,9
james_van_der_beek,114,scott_bakula,9
hubertus_geller,1,danny_huston,39
max_greenfield,17,stephen_lang,76
chris_colfer,190,wyatt_smith,2
roberto_sanz_sanchez,52,david_henrie,74
seann_william_scott,132,donal_logue,62
josh_cooke,38,david_henrie,78
danny_devito,162,scott_caan,3
ronald_e_giles,60,amir_arison,12
mark_taormino,20,iain_glen,53
iain_glen,53,josh_hartnett,84
rocky_verma,60,sendhil_ramamurthy,26
josh_hartnett,144,antonio_sabato_jr,22
donal_logue,62,eric_stonestreet,128
mads_mikkelsen,7,james_mcavoy,54
zachary_knighton,36,eric_stonestreet,25
dominic_cooper,48,damian_lewis,117
gulshan_grover,44,chad_rook,2
sendhil_ramamurthy,58,chris_colfer,201
dylan_minnette,193,antonio_sabato_jr,14
zachary_knighton,36,robert_englund,18
david_strathairn,62,federico_dordei,13
dolph_lundgren,62,louis_ck,38
paul_haggis,73,james_mcavoy,54
thomas_jane,32,james_van_der_beek,96
larry_laverty,4,patrick_dempsey,133
david_pryor,60,damian_lewis,60
rick_gonzalez,50,gulshan_grover,3
dean_cain,83,peter_facinelli,61
amir_arison,14,scott_a_martin,19
hugo_becker,52,sam_neill,43
michael_cera,59,russ_cootey,48
edoardo_purgatori,37,scott_a_martin,37
david_tennant,39,danny_devito,162
david_strathairn,102,tom_wilkinson,78
david_henrie,34,luke_wilson,171
clifton_collins_jr,182,ricky_gervais,154
seann_william_scott,132,david_tennant,65
chris_colfer,114,colin_ferguson,28
chris_harrison,4,rocky_verma,25
judge_reinhold,22,mark_strong,15
david_pryor,79,darian_weiss,33
mark_taormino,41,joseph_lawrence,21
chris_harrison,10,jason_behr,49
michael_sheen,44,wilson_cleveland,5
iain_glen,29,jon_cryer,9
mark_strong,55,victor_webster,50
russ_cootey,48,damian_lewis,67
max_greenfield,87,louis_ck,38
gulshan_grover,35,robin_thicke,49
chad_rook,40,zachary_knighton,22
billy_crudup,128,maximilian_law,22
dylan_minnette,80,tom_wilkinson,12
michael_cera,99,peter_facinelli,27
stephen_lang,56,scott_bakula,42
edoardo_purgatori,13,scott_a_martin,6
danny_devito,164,peter_facinelli,96
zachary_knighton,36,danny_devito,147
judge_reinhold,62,seann_william_scott,190
michael_sheen,44,mark_strong,36
wilson_cleveland,9,sting,81
joseph_steven,5,thomas_jane,32
jason_behr,50,luke_wilson,56
amir_arison,17,billy_crudup,120
sam_neill,43,sting,134
zachary_knighton,95,stephen_lang,54
rocky_verma,71,eric_stonestreet,223
sendhil_ramamurthy,66,damian_lewis,117
david_strathairn,83,victor_webster,24
robert_englund,26,mark_strong,15
roberto_sanz_sanchez,68,larry_laverty,67
eric_stonestreet,223,seann_william_scott,172
mark_taormino,15,manu_bennett,68
josh_holloway,56,judge_reinhold,53
david_cronenberg,21,michael_cera,99
anthony_hornus,92,antonio_sabato_jr,17
josh_hartnett,63,anthony_hornus,3
sendhil_ramamurthy,43,roberto_lombardi,10
tom_wilkinson,35,dylan_mcdermott,169
peter_facinelli,11,robin_thicke,8
chris_harrison,11,max_greenfield,87
robert_englund,18,seann_william_scott,8
seann_william_scott,8,michael_cera,99
michael_sheen,164,seann_william_scott,190
trevor_donovan,99,rob_corddry,82
rick_gonzalez,57,dolph_lundgren,64
tom_wilkinson,78,chris_harrison,16
hubertus_geller,1,cameron_crowe,22
david_cronenberg,20,roberto_lombardi,28
dean_cain,46,dolph_lundgren,62
judge_reinhold,12,mark_salling,81
john_carroll_lynch,37,colin_ferguson,77
josh_cooke,44,roberto_lombardi,47
luke_wilson,171,dominic_cooper,62
joseph_steven,5,paul_haggis,73
eddie_cibrian,14,robert_englund,18
zachary_knighton,22,robin_thicke,17
sting,153,victor_webster,39
bernie_matthew,55,scott_a_martin,6
dominic_cooper,120,larry_laverty,4
max_greenfield,157,louis_ck,38
mark_taormino,18,mark_strong,15
mark_strong,36,dylan_minnette,193
chris_colfer,190,sting,81
trevor_donovan,71,john_carroll_lynch,37
david_strathairn,102,chad_rook,51
david_henrie,18,mark_salling,81
timothy_spall,58,john_carroll_lynch,23
ronald_e_giles,31,luke_wilson,150
russ_cootey,48,howie_mandel,33
peter_facinelli,11,ryan_o'neal,63
manu_bennett,68,luke_wilson,5
patrick_dempsey,292,eric_stonestreet,25
trevor_donovan,7,cameron_crowe,22
mark_taormino,31,roberto_sanz_sanchez,65
louis_ck,1,judge_reinhold,12
dolph_lundgren,15,david_tennant,6
seann_william_scott,132,gulshan_grover,16
david_cronenberg,21,eddie_cibrian,7
gulshan_grover,31,jon_cryer,7
david_pryor,25,bernie_matthew,17
dean_cain,48,hubertus_geller,1
dominic_cooper,130,scott_caan,3
david_pryor,3,wilson_cleveland,11
josh_cooke,7,hubertus_geller,1
danny_devito,147,clifton_collins_jr,182
louis_ck,38,john_francis_daley,41
david_tennant,39,john_francis_daley,13
mark_strong,36,judge_reinhold,58
tony_oller,101,sam_neill,38
mads_mikkelsen,42,jason_behr,32
bernie_matthew,26,russ_cootey,48
david_pryor,79,phil_keoghan,27
sting,111,patrick_dempsey,1
victor_webster,38,shane_west,180
damian_lewis,67,james_mcavoy,12
louis_ck,38,damian_lewis,67
dolph_lundgren,74,phil_keoghan,27
ricky_gervais,154,robin_thicke,24
mark_taormino,41,cameron_crowe,22
mads_mikkelsen,42,russ_cootey,10
robert_zemeckis,2,roberto_sanz_sanchez,52
michael_cera,28,christopher_stadulis,29
jason_behr,9,rocky_verma,28
damian_lewis,60,shane_west,31
shane_west,86,manu_bennett,65
robert_englund,18,sam_neill,92
tom_wilkinson,78,rob_corddry,87
jeremy_renner,24,rob_corddry,82
russ_cootey,10,damian_lewis,117
michael_sheen,7,scott_a_martin,21
donal_logue,62,stephen_lang,56
christopher_stadulis,55,trevor_donovan,81
eddie_cibrian,19,victor_webster,32
robin_thicke,49,mark_taormino,4
eric_stonestreet,223,roberto_sanz_sanchez,65
dylan_mcdermott,137,eric_stonestreet,25
bernie_matthew,17,howie_mandel,62
stephen_lang,54,donal_logue,62
victor_webster,39,thomas_jane,91
darian_weiss,13,anthony_hornus,79
dylan_minnette,80,david_pryor,3
tom_bergeron,71,thomas_jane,91
robert_englund,18,josh_holloway,56
edoardo_purgatori,55,hubertus_geller,1
ricky_gervais,154,chris_harrison,8
jason_behr,11,dean_cain,25
james_mcavoy,128,mark_strong,35
larry_laverty,67,maximilian_law,63
edoardo_purgatori,37,dean_cain,25
tom_wilkinson,65,scott_bakula,9
john_francis_daley,13,mads_mikkelsen,34
donal_logue,23,colin_ferguson,20
edoardo_purgatori,7,david_strathairn,83
rocky_verma,30,max_greenfield,87
howie_mandel,74,michael_cera,28
maximilian_law,1,iain_glen,29
john_carroll_lynch,23,scott_caan,216
billy_crudup,142,cameron_crowe,47
judge_reinhold,53,rick_gonzalez,20
mark_taormino,31,david_strathairn,65
hugo_becker,52,chris_colfer,203
patrick_dempsey,128,john_francis_daley,13
eric_stonestreet,223,dominic_cooper,43
tony_oller,7,tom_wilkinson,12
jeremy_renner,319,chris_colfer,203
david_cronenberg,21,sam_neill,6
ronald_e_giles,19,david_strathairn,62
zachary_quinto,106,edoardo_purgatori,52
bernie_matthew,32,howie_mandel,18
eddie_cibrian,51,seann_william_scott,8
paul_haggis,96,dean_cain,46
donal_logue,62,billy_crudup,100
peter_facinelli,27,max_greenfield,157
john_francis_daley,16,darian_weiss,33
josh_hartnett,144,danny_huston,76
thomas_jane,91,david_pryor,42
robert_englund,19,judge_reinhold,62
trevor_donovan,23,federico_dordei,58
cameron_crowe,22,seann_william_scott,172
phil_keoghan,21,manu_bennett,68
tony_oller,101,james_van_der_beek,96
mads_mikkelsen,130,josh_cooke,44
wyatt_smith,2,damian_lewis,155
chris_colfer,203,luke_wilson,171
joseph_lawrence,16,jeremy_renner,47
danny_devito,245,billy_crudup,142
john_francis_daley,13,eddie_cibrian,51
danny_huston,39,john_francis_daley,59
michael_cera,123,tony_oller,41
sam_neill,6,mark_strong,29
hugo_becker,5,christopher_stadulis,63
david_cronenberg,21,ryan_o'neal,63
rob_corddry,87,thomas_jane,27
anthony_hornus,79,hugo_becker,10
robert_zemeckis,58,scott_bakula,39
scott_bakula,38,dominic_cooper,88
scott_a_martin,21,louis_ck,38
james_van_der_beek,2,joseph_steven,5
john_carroll_lynch,25,hubertus_geller,1
judge_reinhold,12,robin_thicke,24
federico_dordei,82,rocky_verma,29
michael_cera,123,phil_keoghan,52
ryan_o'neal,59,rocky_verma,17
scott_a_martin,21,scott_caan,221
iain_glen,53,amir_arison,2
david_pryor,3,judge_reinhold,62
scott_caan,212,josh_cooke,20
chad_rook,62,joseph_lawrence,16
danny_devito,245,roberto_sanz_sanchez,68
scott_a_martin,19,antonio_sabato_jr,2
paul_haggis,73,maximilian_law,36
chad_rook,51,rob_corddry,82
john_francis_daley,11,eric_stonestreet,128
rocky_verma,16,edoardo_purgatori,13
judge_reinhold,58,maximilian_law,1
joseph_lawrence,66,david_pryor,8
joseph_steven,5,eric_stonestreet,25
tom_wilkinson,78,david_pryor,6
edoardo_purgatori,37,david_pryor,10
gulshan_grover,55,david_henrie,22
rick_gonzalez,66,zachary_knighton,95
hubertus_geller,1,seann_william_scott,101
zachary_quinto,177,clifton_collins_jr,55
patrick_dempsey,48,iain_glen,29
damian_lewis,60,david_cronenberg,20
wyatt_smith,2,zachary_quinto,137
sendhil_ramamurthy,43,hugo_becker,17
anthony_hornus,105,david_pryor,25
zachary_knighton,1,luke_wilson,5
sting,81,timothy_spall,13
rob_corddry,82,colin_ferguson,28
danny_devito,164,gulshan_grover,44
sting,134,rocky_verma,16
anthony_hornus,105,scott_a_martin,21
damian_lewis,84,tom_wilkinson,78
anthony_hornus,79,mark_taormino,31
dolph_lundgren,62,chris_colfer,38
gulshan_grover,10,scott_caan,216
jason_behr,31,anthony_hornus,83
antonio_sabato_jr,14,danny_devito,22
mark_strong,36,roberto_lombardi,47
tom_wilkinson,35,scott_caan,216
zachary_knighton,22,jason_patric,40
chris_harrison,11,iain_glen,35
billy_crudup,100,clifton_collins_jr,182
antonio_sabato_jr,15,howie_mandel,33
david_tennant,48,ricky_gervais,143
manu_bennett,65,max_greenfield,157
judge_reinhold,58,james_van_der_beek,114
peter_facinelli,27,stephen_lang,56
federico_dordei,82,dylan_minnette,80
billy_crudup,115,roberto_sanz_sanchez,68
wyatt_smith,2,damian_lewis,155
joseph_steven,5,donal_logue,1
timothy_spall,13,ricky_gervais,16
chris_harrison,10,zachary_knighton,36
danny_huston,39,phil_keoghan,7
scott_bakula,23,tom_wilkinson,78
tom_bergeron,37,eric_stonestreet,183
judge_reinhold,62,maximilian_law,36
colin_ferguson,77,jason_patric,40
iain_glen,35,david_tennant,6
phil_keoghan,12,rick_gonzalez,30
david_pryor,10,hubertus_geller,1
robin_thicke,54,mark_salling,110
trevor_donovan,104,jason_patric,40
eddie_cibrian,14,david_strathairn,70
david_tennant,76,howie_mandel,57
ryan_o'neal,63,dean_cain,25
gulshan_grover,10,eric_stonestreet,183
amir_arison,11,larry_laverty,67
thomas_jane,91,sam_neill,92
antonio_sabato_jr,22,joseph_steven,5
mark_taormino,20,howie_mandel,18
josh_cooke,44,trevor_donovan,81
stephen_lang,54,ricky_gervais,99
clifton_collins_jr,188,manu_bennett,68
damian_lewis,84,dylan_mcdermott,55
scott_bakula,91,zachary_quinto,73
david_strathairn,69,zachary_quinto,217
chad_rook,29,dominic_cooper,62
dean_cain,83,clifton_collins_jr,93
michael_cera,28,mark_salling,68
victor_webster,24,jason_behr,31
david_pryor,6,hugo_becker,17
david_pryor,60,timothy_spall,11
josh_holloway,81,david_strathairn,62
larry_laverty,67,chris_colfer,150
jason_behr,9,gulshan_grover,55
bernie_matthew,26,mark_strong,35
maximilian_law,55,larry_laverty,4
joseph_steven,5,tony_oller,7
eddie_cibrian,53,sam_neill,121
dylan_minnette,193,maximilian_law,63
josh_holloway,56,trevor_donovan,104
michael_cera,99,victor_webster,32
jason_patric,19,wyatt_smith,2
dean_cain,46,michael_sheen,7
dolph_lundgren,64,rob_corddry,87
luke_wilson,46,danny_devito,245
david_pryor,6,manu_bennett,61
iain_glen,62,tony_oller,101
robert_zemeckis,21,maximilian_law,44
shane_west,8,peter_facinelli,96
jason_patric,9,timothy_spall,13
tom_wilkinson,12,robert_zemeckis,2
max_greenfield,196,joseph_lawrence,10
trevor_donovan,71,anthony_hornus,3
roberto_lombardi,47,manu_bennett,61
david_pryor,60,john_carroll_lynch,25
rick_gonzalez,12,christopher_stadulis,30
david_tennant,65,iain_glen,18
judge_reinhold,58,joseph_lawrence,17
scott_bakula,91,zachary_knighton,36
jeremy_renner,55,chris_harrison,1
jon_cryer,6,hubertus_geller,1
david_cronenberg,20,peter_facinelli,91
peter_facinelli,61,mads_mikkelsen,34
michael_sheen,7,amir_arison,19
rocky_verma,12,josh_holloway,7
wyatt_smith,2,david_strathairn,65
josh_holloway,99,david_cronenberg,20
louis_ck,6,josh_hartnett,19
dylan_minnette,193,michael_cera,99
timothy_spall,9,david_henrie,22
james_van_der_beek,27,edoardo_purgatori,7
david_tennant,6,ronald_e_giles,31
josh_cooke,44,robert_englund,18
tom_wilkinson,65,robert_zemeckis,27
josh_cooke,20,david_henrie,3
jon_cryer,2,cameron_crowe,47
jeremy_renner,341,colin_ferguson,94
antonio_sabato_jr,22,victor_webster,47
zachary_quinto,4,luke_wilson,56
roberto_lombardi,10,phil_keoghan,53
jeremy_renner,55,roberto_sanz_sanchez,63
eddie_cibrian,5,rocky_verma,22
ricky_gervais,143,scott_bakula,37
david_tennant,39,david_strathairn,102
patrick_dempsey,48,chris_colfer,39
danny_devito,245,luke_wilson,150
judge_reinhold,12,louis_ck,6
rob_corddry,87,ryan_o'neal,63
dominic_cooper,24,ricky_gervais,69
sam_neill,121,peter_facinelli,91
joseph_lawrence,10,mark_salling,82
robert_zemeckis,3,danny_huston,26
sting,153,zachary_knighton,22
judge_reinhold,12,colin_ferguson,20
federico_dordei,32,roberto_lombardi,28
josh_holloway,72,judge_reinhold,53
ronald_e_giles,31,dylan_mcdermott,111
tom_bergeron,55,james_mcavoy,12
eric_stonestreet,128,james_van_der_beek,96
maximilian_law,44,robert_zemeckis,3
larry_laverty,4,mark_salling,10
john_francis_daley,59,joseph_lawrence,10
luke_wilson,107,amir_arison,19
jason_patric,9,stephen_lang,56
mark_strong,82,phil_keoghan,30
mads_mikkelsen,130,bernie_matthew,17
michael_cera,59,robert_englund,26
scott_a_martin,6,josh_holloway,72
wyatt_smith,2,scott_bakula,37
antonio_sabato_jr,16,mark_taormino,40
trevor_donovan,57,bernie_matthew,47
russ_cootey,10,paul_haggis,73
dylan_mcdermott,35,anthony_hornus,94
sam_neill,121,manu_bennett,68
jason_patric,29,larry_laverty,4
danny_devito,162,michael_cera,83
sendhil_ramamurthy,58,larry_laverty,67
dylan_mcdermott,111,robert_zemeckis,27
james_van_der_beek,121,jason_behr,23
timothy_spall,6,roberto_lombardi,69
larry_laverty,67,rick_gonzalez,20
jason_behr,49,josh_hartnett,84
joseph_lawrence,66,wilson_cleveland,15
robert_zemeckis,3,chris_harrison,16
tony_oller,101,mark_taormino,41
michael_cera,59,seann_william_scott,190
clifton_collins_jr,116,joseph_lawrence,10
donal_logue,1,sendhil_ramamurthy,26
scott_bakula,23,eric_stonestreet,223
louis_ck,1,eddie_cibrian,51
tony_oller,101,scott_bakula,38
ryan_o'neal,3,paul_haggis,96
mark_taormino,40,larry_laverty,67
thomas_jane,111,timothy_spall,11
rocky_verma,17,luke_wilson,171
paul_haggis,96,danny_devito,22
sting,126,michael_sheen,44
hugo_becker,52,billy_crudup,37
scott_caan,216,robin_thicke,37
mark_strong,36,scott_bakula,9
colin_ferguson,20,patrick_dempsey,150
eddie_cibrian,19,james_mcavoy,12
luke_wilson,46,chad_rook,2
billy_crudup,37,ronald_e_giles,31
dominic_cooper,120,mark_salling,81
scott_a_martin,37,mads_mikkelsen,7
max_greenfield,87,peter_facinelli,27
dolph_lundgren,33,josh_holloway,99
dylan_mcdermott,137,chris_harrison,16
rick_gonzalez,50,dolph_lundgren,33
mads_mikkelsen,42,rocky_verma,10
zachary_knighton,1,david_cronenberg,20
mark_salling,99,michael_cera,123
mark_taormino,24,david_tennant,65
darian_weiss,13,josh_hartnett,19
scott_caan,216,jason_behr,49
anthony_hornus,79,christopher_stadulis,44
robert_englund,26,eddie_cibrian,19
thomas_jane,91,joseph_steven,5
josh_holloway,81,iain_glen,18
patrick_dempsey,8,thomas_jane,91
cameron_crowe,47,amir_arison,19
joseph_lawrence,35,dean_cain,43
chad_rook,29,billy_crudup,115
josh_hartnett,102,michael_cera,123
john_francis_daley,16,scott_a_martin,19
david_strathairn,102,david_cronenberg,20
antonio_sabato_jr,56,judge_reinhold,53
trevor_donovan,104,sting,134
jason_patric,9,seann_william_scott,101
hugo_becker,5,david_henrie,10
peter_facinelli,11,shane_west,31
james_mcavoy,12,david_pryor,60
victor_webster,50,robert_zemeckis,2
chris_harrison,1,paul_haggis,73
trevor_donovan,99,manu_bennett,68
michael_cera,28,seann_william_scott,190
darian_weiss,33,patrick_dempsey,150
david_pryor,6,darian_weiss,13
michael_sheen,44,danny_devito,147
cameron_crowe,47,hubertus_geller,1
peter_facinelli,91,edoardo_purgatori,37
ryan_o'neal,1,robert_englund,26
wyatt_smith,2,sting,134
stephen_lang,56,mads_mikkelsen,42
thomas_jane,32,danny_devito,164
luke_wilson,46,tom_bergeron,37
zachary_quinto,4,david_strathairn,75
josh_holloway,7,chris_harrison,6
damian_lewis,60,federico_dordei,81
tom_bergeron,21,josh_cooke,44
federico_dordei,76,ryan_o'neal,25
patrick_dempsey,72,robert_zemeckis,3
ricky_gervais,32,robert_zemeckis,58
hugo_becker,5,larry_laverty,4
hubertus_geller,1,tom_bergeron,66
anthony_hornus,92,wilson_cleveland,59
timothy_spall,9,jason_behr,31
jason_patric,9,james_mcavoy,128
maximilian_law,55,josh_hartnett,102
judge_reinhold,62,colin_ferguson,28
dominic_cooper,43,colin_ferguson,17
federico_dordei,30,rocky_verma,30
josh_hartnett,19,anthony_hornus,105
ronald_e_giles,31,michael_sheen,7
cameron_crowe,22,zachary_quinto,105
danny_devito,162,larry_laverty,4
roberto_lombardi,28,max_greenfield,196
stephen_lang,76,michael_cera,28
timothy_spall,47,john_francis_daley,13
victor_webster,38,danny_huston,88
ricky_gervais,67,rob_corddry,87
chris_colfer,38,ryan_o'neal,25
jon_cryer,63,scott_bakula,9
larry_laverty,67,stephen_lang,54
russ_cootey,10,clifton_collins_jr,10
hugo_becker,5,david_cronenberg,20
roberto_lombardi,61,josh_cooke,7
joseph_lawrence,66,david_tennant,33
danny_huston,88,clifton_collins_jr,182
mark_strong,36,larry_laverty,67
patrick_dempsey,48,dominic_cooper,48
danny_devito,245,david_tennant,48
john_francis_daley,11,victor_webster,38
rick_gonzalez,20,jason_patric,9
damian_lewis,155,sting,126
rocky_verma,40,ryan_o'neal,63
dominic_cooper,28,david_tennant,36
rocky_verma,46,dolph_lundgren,62
howie_mandel,18,hubertus_geller,1
mark_salling,80,clifton_collins_jr,182
scott_bakula,23,dolph_lundgren,33
chad_rook,40,ronald_e_giles,31
tom_bergeron,66,sting,153
judge_reinhold,62,chris_harrison,8
wyatt_smith,2,roberto_lombardi,34
jon_cryer,180,timothy_spall,6
james_van_der_beek,17,edoardo_purgatori,7
danny_huston,39,tom_wilkinson,35
iain_glen,53,joseph_lawrence,5
joseph_lawrence,16,christopher_stadulis,14
ricky_gervais,16,scott_caan,212
luke_wilson,171,danny_huston,39
phil_keoghan,52,amir_arison,20
danny_huston,26,dylan_mcdermott,55
rick_gonzalez,50,tony_oller,72
dylan_mcdermott,83,david_strathairn,65
chris_colfer,130,timothy_spall,13
chris_colfer,114,wyatt_smith,2
josh_cooke,38,roberto_sanz_sanchez,68
dominic_cooper,88,jeremy_renner,24
paul_haggis,64,victor_webster,50
sendhil_ramamurthy,26,wyatt_smith,2
tom_bergeron,71,hubertus_geller,1
chris_harrison,19,victor_webster,32
clifton_collins_jr,55,sendhil_ramamurthy,72
chad_rook,62,dominic_cooper,62
trevor_donovan,99,christopher_stadulis,30
colin_ferguson,77,judge_reinhold,58
dominic_cooper,1,paul_haggis,64
david_pryor,25,victor_webster,29
billy_crudup,120,dean_cain,32
damian_lewis,155,antonio_sabato_jr,15
anthony_hornus,79,robert_zemeckis,2
antonio_sabato_jr,56,zachary_quinto,73
jason_behr,23,tom_wilkinson,12
robin_thicke,37,federico_dordei,82
howie_mandel,72,chris_harrison,8
colin_ferguson,1,sting,153
russ_cootey,10,dean_cain,7
michael_sheen,7,eric_stonestreet,128
ronald_e_giles,19,maximilian_law,63
dolph_lundgren,64,ricky_gervais,121
christopher_stadulis,55,dylan_minnette,80
jason_behr,23,david_pryor,79
stephen_lang,76,louis_ck,1
wilson_cleveland,5,ronald_e_giles,19
wilson_cleveland,41,michael_sheen,164
manu_bennett,61,james_mcavoy,128
max_greenfield,17,wilson_cleveland,59
maximilian_law,50,ricky_gervais,46
josh_hartnett,19,gulshan_grover,11
ricky_gervais,69,john_carroll_lynch,5
edoardo_purgatori,52,darian_weiss,33
sendhil_ramamurthy,43,hubertus_geller,1
tom_bergeron,67,darian_weiss,13
iain_glen,29,dean_cain,43
hubertus_geller,1,howie_mandel,57
josh_hartnett,84,tony_oller,41
chris_harrison,20,anthony_hornus,94
ryan_o'neal,63,david_strathairn,102
danny_devito,22,mark_strong,1
rick_gonzalez,65,stephen_lang,56
rob_corddry,82,john_carroll_lynch,5
jon_cryer,196,ryan_o'neal,69
wyatt_smith,2,russ_cootey,48
sting,81,larry_laverty,67
thomas_jane,91,david_henrie,18
paul_haggis,64,john_francis_daley,63
zachary_quinto,73,robert_zemeckis,58
mark_taormino,40,mark_salling,40
josh_hartnett,36,donal_logue,28
michael_cera,28,ricky_gervais,32
anthony_hornus,3,shane_west,141
david_strathairn,75,danny_huston,72
roberto_sanz_sanchez,63,michael_sheen,92
mads_mikkelsen,7,rocky_verma,10
mads_mikkelsen,130,roberto_lombardi,10
tom_bergeron,27,joseph_lawrence,51
james_mcavoy,12,sam_neill,121
antonio_sabato_jr,2,paul_haggis,96
hugo_becker,17,iain_glen,18
russ_cootey,48,timothy_spall,11
robin_thicke,17,dominic_cooper,1
josh_holloway,81,timothy_spall,6
sam_neill,6,anthony_hornus,92
sendhil_ramamurthy,73,hugo_becker,17
david_tennant,28,jeremy_renner,111
luke_wilson,5,maximilian_law,36
chris_colfer,125,josh_holloway,99
dylan_mcdermott,137,timothy_spall,6
ricky_gervais,92,michael_sheen,44
jon_cryer,196,rob_corddry,87
roberto_lombardi,28,dylan_minnette,193
dylan_minnette,193,john_francis_daley,13
federico_dordei,32,donal_logue,1
tony_oller,101,luke_wilson,56
hugo_becker,10,dylan_mcdermott,55
dominic_cooper,62,iain_glen,62
edoardo_purgatori,37,joseph_lawrence,10
mads_mikkelsen,34,sam_neill,121
rick_gonzalez,71,donal_logue,62
michael_cera,59,michael_sheen,7
jason_patric,70,eric_stonestreet,223
darian_weiss,33,peter_facinelli,96
sting,111,hugo_becker,52
danny_huston,39,wilson_cleveland,59
manu_bennett,65,jeremy_renner,111
joseph_steven,5,josh_cooke,16
rick_gonzalez,12,hubertus_geller,1
hugo_becker,52,patrick_dempsey,253
louis_ck,38,jason_behr,31
jason_patric,40,amir_arison,19
rick_gonzalez,69,russ_cootey,48
david_strathairn,65,jon_cryer,7
phil_keoghan,30,donal_logue,23
amir_arison,36,scott_bakula,4
christopher_stadulis,55,damian_lewis,155
patrick_dempsey,8,dolph_lundgren,33
roberto_sanz_sanchez,52,robert_englund,26
antonio_sabato_jr,2,dean_cain,7
joseph_steven,5,manu_bennett,65
dean_cain,43,stephen_lang,76
manu_bennett,61,stephen_lang,56
victor_webster,29,chad_rook,51
manu_bennett,68,chris_harrison,4
gulshan_grover,35,victor_webster,39
chris_colfer,150,timothy_spall,32
john_francis_daley,11,robert_englund,19
wyatt_smith,2,christopher_stadulis,14
james_van_der_beek,96,seann_william_scott,172
federico_dordei,13,joseph_steven,5
darian_weiss,33,phil_keoghan,23
ronald_e_giles,31,max_greenfield,17
judge_reinhold,22,edoardo_purgatori,13
ricky_gervais,92,jeremy_renner,166
edoardo_purgatori,52,eric_stonestreet,223
shane_west,31,amir_arison,14
john_francis_daley,13,david_pryor,79
scott_bakula,23,robin_thicke,8
darian_weiss,12,roberto_lombardi,61
robin_thicke,17,chris_harrison,1
tom_bergeron,27,john_carroll_lynch,5
david_strathairn,62,max_greenfield,203
antonio_sabato_jr,38,joseph_steven,5
hubertus_geller,1,max_greenfield,17
tom_wilkinson,78,john_francis_daley,16
gulshan_grover,3,eddie_cibrian,19
max_greenfield,196,robin_thicke,28
phil_keoghan,27,ricky_gervais,69
dylan_mcdermott,169,hubertus_geller,1
iain_glen,62,john_carroll_lynch,23
sam_neill,43,john_carroll_lynch,37
dylan_minnette,80,michael_sheen,44
edoardo_purgatori,7,anthony_hornus,79
victor_webster,39,amir_arison,20
damian_lewis,117,josh_holloway,36
federico_dordei,79,james_mcavoy,22
josh_cooke,7,gulshan_grover,7
david_cronenberg,20,scott_caan,212
james_mcavoy,12,anthony_hornus,3
colin_ferguson,50,david_henrie,22
david_henrie,34,chad_rook,62
trevor_donovan,23,peter_facinelli,96
paul_haggis,96,victor_webster,39
damian_lewis,117,jason_behr,32
mads_mikkelsen,7,sendhil_ramamurthy,72
cameron_crowe,22,paul_haggis,96
hubertus_geller,1,timothy_spall,47
shane_west,31,michael_cera,99
tom_wilkinson,12,josh_hartnett,63
federico_dordei,32,josh_hartnett,84
joseph_lawrence,21,wilson_cleveland,32
wilson_cleveland,11,dean_cain,32
thomas_jane,91,rob_corddry,84
zachary_quinto,177,louis_ck,1
chris_colfer,190,sam_neill,43
robin_thicke,37,amir_arison,11
seann_william_scott,132,david_strathairn,62
ryan_o'neal,25,edoardo_purgatori,55
damian_lewis,60,josh_hartnett,63
damian_lewis,84,robert_englund,26
jason_behr,9,chris_colfer,125
phil_keoghan,30,ryan_o'neal,25
mark_salling,99,amir_arison,17
judge_reinhold,53,roberto_sanz_sanchez,63
stephen_lang,76,hugo_becker,17
josh_holloway,99,wyatt_smith,2
josh_cooke,44,josh_hartnett,19
david_tennant,36,gulshan_grover,3
cameron_crowe,47,clifton_collins_jr,55
dolph_lundgren,15,sam_neill,43
bernie_matthew,17,scott_bakula,39
bernie_matthew,47,michael_sheen,44
ronald_e_giles,31,tony_oller,23
antonio_sabato_jr,14,damian_lewis,60
max_greenfield,87,david_henrie,3
ronald_e_giles,19,jason_behr,31
dolph_lundgren,15,dominic_cooper,91
david_henrie,10,jason_behr,50
sendhil_ramamurthy,72,josh_cooke,64
victor_webster,50,phil_keoghan,21
james_mcavoy,128,danny_huston,76
federico_dordei,30,mark_taormino,15
cameron_crowe,47,tony_oller,23
jeremy_renner,47,paul_haggis,96
eddie_cibrian,5,judge_reinhold,62
mark_strong,35,maximilian_law,63
phil_keoghan,27,ronald_e_giles,19
wyatt_smith,2,thomas_jane,32
john_carroll_lynch,25,rob_corddry,82
jeremy_renner,332,john_carroll_lynch,25
darian_weiss,13,jeremy_renner,47
james_van_der_beek,96,gulshan_grover,3
james_mcavoy,99,federico_dordei,63
david_cronenberg,21,james_mcavoy,12
robert_englund,19,phil_keoghan,52
zachary_knighton,1,louis_ck,47
hubertus_geller,1,sendhil_ramamurthy,43
jason_behr,15,wilson_cleveland,18
wyatt_smith,2,timothy_spall,32
sting,153,josh_holloway,56
gulshan_grover,31,paul_haggis,96
patrick_dempsey,287,robin_thicke,8
damian_lewis,84,john_carroll_lynch,5
ricky_gervais,16,robert_englund,19
dylan_mcdermott,83,robin_thicke,37
james_mcavoy,54,john_francis_daley,41
amir_arison,18,scott_bakula,23
ryan_o'neal,25,judge_reinhold,22
michael_sheen,92,cameron_crowe,47
luke_wilson,107,trevor_donovan,7
ryan_o'neal,25,robert_zemeckis,21
robert_zemeckis,3,federico_dordei,13
joseph_steven,5,damian_lewis,84
jason_patric,19,bernie_matthew,47
josh_cooke,64,hubertus_geller,1
darian_weiss,12,iain_glen,62
jon_cryer,9,antonio_sabato_jr,38
dylan_mcdermott,137,manu_bennett,61
josh_holloway,56,robert_englund,19
billy_crudup,37,david_strathairn,62
bernie_matthew,32,hugo_becker,17
zachary_knighton,95,robin_thicke,8
scott_bakula,42,james_mcavoy,12
larry_laverty,4,josh_cooke,20
scott_caan,96,rocky_verma,1
scott_a_martin,37,manu_bennett,65
dylan_mcdermott,137,jason_patric,9
mads_mikkelsen,4,josh_holloway,79
wyatt_smith,2,john_carroll_lynch,37
donal_logue,1,trevor_donovan,71
joseph_steven,5,jon_cryer,9
mads_mikkelsen,7,dominic_cooper,43
clifton_collins_jr,188,russ_cootey,10
christopher_stadulis,22,tom_bergeron,27
tony_oller,101,cameron_crowe,22
darian_weiss,12,thomas_jane,32
robert_englund,19,patrick_dempsey,72
victor_webster,24,robert_zemeckis,1
mark_taormino,31,wilson_cleveland,54
russ_cootey,10,rick_gonzalez,69
timothy_spall,32,louis_ck,47
anthony_hornus,92,timothy_spall,58
judge_reinhold,62,mark_salling,110
peter_facinelli,27,jason_behr,23
colin_ferguson,20,mark_salling,5
russ_cootey,10,robert_englund,18
rob_corddry,87,chris_harrison,6
patrick_dempsey,305,david_henrie,18
ryan_o'neal,1,wyatt_smith,2
hugo_becker,17,chad_rook,29
dylan_mcdermott,55,russ_cootey,48
josh_holloway,72,scott_a_martin,37
shane_west,160,gulshan_grover,16
gulshan_grover,31,ronald_e_giles,19
patrick_dempsey,133,dolph_lundgren,74
anthony_hornus,83,colin_ferguson,94
eric_stonestreet,183,stephen_lang,76
james_mcavoy,78,robin_thicke,17
antonio_sabato_jr,15,billy_crudup,100
edoardo_purgatori,13,billy_crudup,37
danny_huston,72,trevor_donovan,57
josh_holloway,81,shane_west,8
danny_huston,25,patrick_dempsey,245
joseph_steven,5,john_carroll_lynch,25
joseph_steven,5,chad_rook,2
scott_bakula,9,robert_englund,26
maximilian_law,55,sting,81
jason_behr,38,david_tennant,48
david_henrie,18,james_van_der_beek,17
luke_wilson,99,paul_haggis,96
amir_arison,11,howie_mandel,33
antonio_sabato_jr,2,peter_facinelli,11
scott_bakula,42,dolph_lundgren,62
scott_a_martin,19,danny_devito,162
shane_west,141,ronald_e_giles,31
ricky_gervais,92,ronald_e_giles,31
hugo_becker,17,david_henrie,11
patrick_dempsey,292,jon_cryer,9
colin_ferguson,28,mark_strong,5
amir_arison,14,josh_cooke,64
dolph_lundgren,64,joseph_steven,5
judge_reinhold,22,edoardo_purgatori,52
dylan_mcdermott,55,howie_mandel,62
robert_englund,26,robert_zemeckis,1
scott_a_martin,6,chris_colfer,38
bernie_matthew,32,dean_cain,32
antonio_sabato_jr,56,christopher_stadulis,22
mark_taormino,24,maximilian_law,1
judge_reinhold,22,larry_laverty,67
stephen_lang,56,rocky_verma,60
michael_cera,99,robert_englund,19
jason_behr,11,danny_huston,25
victor_webster,39,peter_facinelli,96
james_mcavoy,12,dolph_lundgren,64
wilson_cleveland,41,dolph_lundgren,62
scott_bakula,9,david_strathairn,83
scott_a_martin,6,howie_mandel,62
michael_cera,123,roberto_lombardi,69
colin_ferguson,28,dylan_mcdermott,111
danny_huston,4,mark_salling,110
mads_mikkelsen,12,ricky_gervais,154
stephen_lang,76,peter_facinelli,96
russ_cootey,10,seann_william_scott,47
judge_reinhold,62,federico_dordei,81
david_cronenberg,26,mark_taormino,7
jason_patric,29,joseph_lawrence,5
ronald_e_giles,19,maximilian_law,36
dylan_mcdermott,137,cameron_crowe,47
cameron_crowe,22,edoardo_purgatori,37
dean_cain,48,ronald_e_giles,60
david_strathairn,62,paul_haggis,73
sam_neill,38,mark_taormino,18
jason_patric,19,judge_reinhold,53
judge_reinhold,58,hubertus_geller,1
roberto_sanz_sanchez,63,mark_salling,101
darian_weiss,12,gulshan_grover,7
anthony_hornus,83,christopher_stadulis,22
dean_cain,25,trevor_donovan,23
joseph_lawrence,35,zachary_knighton,95
rob_corddry,82,christopher_stadulis,22
manu_bennett,68,victor_webster,52
luke_wilson,5,judge_reinhold,62
shane_west,31,robert_zemeckis,2
david_pryor,42,federico_dordei,20
christopher_stadulis,55,gulshan_grover,53
john_francis_daley,16,tom_wilkinson,35
john_carroll_lynch,25,trevor_donovan,71
josh_cooke,7,mark_taormino,15
clifton_collins_jr,116,michael_cera,123
shane_west,8,danny_devito,22
zachary_knighton,22,sendhil_ramamurthy,26
iain_glen,18,michael_cera,99
donal_logue,1,chris_colfer,125
clifton_collins_jr,55,iain_glen,29
mark_strong,82,joseph_steven,5
tom_wilkinson,65,jon_cryer,21
sendhil_ramamurthy,72,darian_weiss,12
zachary_knighton,22,seann_william_scott,8
chris_harrison,11,luke_wilson,150
hubertus_geller,1,peter_facinelli,91
josh_hartnett,19,mark_taormino,20
wilson_cleveland,9,roberto_sanz_sanchez,65
larry_laverty,67,joseph_steven,5
mark_strong,83,david_pryor,60
howie_mandel,33,david_strathairn,102
eddie_cibrian,1,mark_salling,10
michael_sheen,92,colin_ferguson,28
david_tennant,83,dolph_lundgren,33
ryan_o'neal,69,timothy_spall,11
john_francis_daley,13,dylan_mcdermott,137
louis_ck,38,tom_wilkinson,12
judge_reinhold,53,james_mcavoy,12
robert_zemeckis,1,shane_west,86
hugo_becker,5,anthony_hornus,94
john_carroll_lynch,23,trevor_donovan,7
stephen_lang,76,shane_west,86
david_tennant,65,antonio_sabato_jr,56
sam_neill,6,larry_laverty,4
scott_bakula,72,sam_neill,121
robert_englund,19,ronald_e_giles,31
wilson_cleveland,9,robin_thicke,17
damian_lewis,155,danny_devito,164
antonio_sabato_jr,31,shane_west,141
rick_gonzalez,20,wilson_cleveland,18
mark_taormino,45,hubertus_geller,1
manu_bennett,61,patrick_dempsey,150
john_carroll_lynch,37,mark_salling,5
sting,153,robin_thicke,28
mark_salling,99,paul_haggis,96
john_francis_daley,59,darian_weiss,33
dolph_lundgren,33,antonio_sabato_jr,31
josh_hartnett,84,david_pryor,79
sam_neill,6,jason_behr,11
jon_cryer,6,james_mcavoy,128
josh_hartnett,102,antonio_sabato_jr,31
rocky_verma,22,roberto_lombardi,10
danny_devito,245,robert_englund,26
colin_ferguson,28,clifton_collins_jr,188
patrick_dempsey,204,rob_corddry,82
hugo_becker,5,phil_keoghan,52
john_carroll_lynch,25,danny_huston,72
louis_ck,47,luke_wilson,56
max_greenfield,17,shane_west,180
josh_holloway,79,robin_thicke,24
bernie_matthew,26,david_henrie,10
dylan_mcdermott,155,zachary_quinto,137
dominic_cooper,62,thomas_jane,32
sam_neill,92,sendhil_ramamurthy,58
maximilian_law,36,damian_lewis,155
joseph_steven,5,maximilian_law,1
danny_devito,245,manu_bennett,65
joseph_lawrence,16,chris_harrison,6
victor_webster,24,hugo_becker,10
edoardo_purgatori,52,rick_gonzalez,66
sam_neill,38,sting,81
dylan_mcdermott,35,rob_corddry,84
victor_webster,47,maximilian_law,1
iain_glen,62,amir_arison,19
tom_bergeron,71,dominic_cooper,28
roberto_sanz_sanchez,52,david_tennant,39
roberto_sanz_sanchez,63,tony_oller,23
mark_strong,15,manu_bennett,61
amir_arison,36,trevor_donovan,81
dylan_mcdermott,155,dominic_cooper,88
david_cronenberg,21,mark_strong,1
mark_salling,82,larry_laverty,67
iain_glen,18,rocky_verma,22
robin_thicke,17,paul_haggis,64
federico_dordei,43,max_greenfield,87
michael_cera,83,howie_mandel,18
peter_facinelli,96,tom_wilkinson,35
amir_arison,19,tony_oller,101
david_henrie,18,roberto_sanz_sanchez,68
darian_weiss,12,mark_strong,35
rocky_verma,25,timothy_spall,13
david_strathairn,69,rocky_verma,12
mark_taormino,41,trevor_donovan,23
rocky_verma,25,chris_harrison,8
mark_taormino,41,timothy_spall,32
bernie_matthew,32,billy_crudup,142
mark_taormino,4,david_pryor,8
timothy_spall,32,victor_webster,52
roberto_lombardi,28,tom_wilkinson,35
rocky_verma,30,mark_strong,82
amir_arison,20,roberto_lombardi,47
billy_crudup,115,chris_harrison,6
wyatt_smith,2,jason_behr,31
james_mcavoy,12,gulshan_grover,3
david_cronenberg,21,scott_a_martin,19
damian_lewis,67,antonio_sabato_jr,22
michael_cera,83,sendhil_ramamurthy,8
billy_crudup,100,ronald_e_giles,60
jon_cryer,16,stephen_lang,54
paul_haggis,96,bernie_matthew,55
eddie_cibrian,5,danny_devito,245
chris_colfer,125,federico_dordei,32
bernie_matthew,17,max_greenfield,157
robert_englund,26,robert_zemeckis,2
cameron_crowe,47,john_francis_daley,41
bernie_matthew,26,robert_zemeckis,21
scott_caan,216,joseph_steven,5
rick_gonzalez,66,josh_hartnett,19
russ_cootey,48,paul_haggis,96
robert_zemeckis,58,thomas_jane,91
mads_mikkelsen,34,sendhil_ramamurthy,43
robert_englund,18,david_strathairn,65
dean_cain,76,rob_corddry,84
dean_cain,7,john_francis_daley,30
luke_wilson,99,iain_glen,18
tom_bergeron,80,wilson_cleveland,17
david_henrie,22,judge_reinhold,62
robert_englund,18,jason_behr,38
mark_salling,25,clifton_collins_jr,93
joseph_lawrence,10,bernie_matthew,17
mark_salling,5,stephen_lang,54
david_tennant,36,scott_caan,216
danny_huston,4,robert_zemeckis,1
timothy_spall,6,luke_wilson,99
larry_laverty,4,dolph_lundgren,15
rocky_verma,30,louis_ck,6
luke_wilson,46,victor_webster,29
josh_holloway,72,roberto_lombardi,47
dominic_cooper,1,victor_webster,32
chad_rook,19,josh_holloway,11
jason_patric,9,chris_harrison,21
david_cronenberg,26,iain_glen,29
dominic_cooper,55,rocky_verma,46
jason_behr,32,amir_arison,19
ricky_gervais,99,tom_bergeron,66
david_pryor,60,robin_thicke,49
darian_weiss,13,tom_wilkinson,35
iain_glen,53,zachary_quinto,105
patrick_dempsey,72,sting,81
ricky_gervais,154,roberto_lombardi,47
billy_crudup,37,mark_salling,68
hugo_becker,10,judge_reinhold,12
dylan_minnette,193,mark_strong,35
victor_webster,50,joseph_steven,5
robin_thicke,8,scott_a_martin,37
thomas_jane,32,michael_sheen,92
tom_bergeron,27,david_pryor,25
david_pryor,6,colin_ferguson,20
bernie_matthew,55,maximilian_law,18
eric_stonestreet,223,mark_salling,68
russ_cootey,10,david_cronenberg,47
chris_colfer,201,donal_logue,23
roberto_sanz_sanchez,52,james_van_der_beek,96
danny_huston,25,wyatt_smith,2
david_pryor,79,jason_behr,9
mads_mikkelsen,12,stephen_lang,76
stephen_lang,54,roberto_sanz_sanchez,52
david_cronenberg,47,jeremy_renner,47
mads_mikkelsen,12,trevor_donovan,7
bernie_matthew,55,iain_glen,62
josh_cooke,20,david_tennant,20
hugo_becker,17,edoardo_purgatori,37
manu_bennett,65,jason_patric,40
eddie_cibrian,53,ryan_o'neal,1
peter_facinelli,11,cameron_crowe,22
victor_webster,47,cameron_crowe,22
federico_dordei,63,joseph_steven,5
scott_caan,212,rocky_verma,46
michael_sheen,92,scott_a_martin,37
jeremy_renner,201,louis_ck,38
mads_mikkelsen,34,iain_glen,53
paul_haggis,73,josh_holloway,99
howie_mandel,33,robin_thicke,17
jason_behr,50,tom_bergeron,27
larry_laverty,67,rocky_verma,74
anthony_hornus,79,eddie_cibrian,19
david_pryor,6,david_tennant,48
tom_bergeron,67,howie_mandel,61
tom_bergeron,66,david_henrie,78
james_mcavoy,128,timothy_spall,9
darian_weiss,13,jason_patric,9
anthony_hornus,83,antonio_sabato_jr,34
phil_keoghan,27,donal_logue,1
chad_rook,51,john_francis_daley,13
zachary_quinto,217,scott_a_martin,19
manu_bennett,61,josh_cooke,20
louis_ck,1,rocky_verma,22
russ_cootey,10,stephen_lang,76
eric_stonestreet,223,michael_sheen,92
dylan_minnette,193,scott_a_martin,6
billy_crudup,120,john_carroll_lynch,23
zachary_quinto,73,howie_mandel,18
robert_englund,19,chad_rook,29
billy_crudup,115,ronald_e_giles,19
shane_west,86,eddie_cibrian,19
josh_hartnett,56,danny_huston,39
iain_glen,29,billy_crudup,132
tom_bergeron,66,ryan_o'neal,3
victor_webster,24,david_strathairn,83
sting,126,roberto_lombardi,61
john_carroll_lynch,23,amir_arison,11
david_pryor,6,zachary_knighton,30
jon_cryer,21,robin_thicke,37
sam_neill,43,wilson_cleveland,59
dolph_lundgren,15,hugo_becker,52
danny_huston,39,mark_salling,80
john_carroll_lynch,37,eddie_cibrian,1
darian_weiss,12,robert_englund,18
seann_william_scott,8,michael_cera,59
david_cronenberg,20,robert_zemeckis,58
gulshan_grover,55,david_strathairn,69
dylan_mcdermott,55,rob_corddry,84
christopher_stadulis,29,james_mcavoy,128
tom_wilkinson,12,scott_a_martin,37
rocky_verma,71,david_strathairn,62
sendhil_ramamurthy,58,mads_mikkelsen,4
jason_patric,9,robert_englund,18
damian_lewis,117,james_van_der_beek,114
paul_haggis,73,dolph_lundgren,15
darian_weiss,12,paul_haggis,73
anthony_hornus,3,dolph_lundgren,62
dylan_minnette,193,robert_englund,19
cameron_crowe,47,dylan_minnette,193
scott_bakula,42,rocky_verma,74
maximilian_law,18,edoardo_purgatori,13
stephen_lang,54,danny_devito,22
dylan_mcdermott,155,christopher_stadulis,63
dominic_cooper,43,jason_patric,29
tom_wilkinson,78,stephen_lang,56
tom_bergeron,37,judge_reinhold,62
danny_huston,76,dylan_mcdermott,169
josh_holloway,11,dolph_lundgren,62
eric_stonestreet,183,ronald_e_giles,31
anthony_hornus,92,zachary_quinto,4
christopher_stadulis,30,james_van_der_beek,117
danny_huston,25,tom_bergeron,21
jon_cryer,63,tony_oller,41
russ_cootey,48,roberto_lombardi,34
mark_taormino,15,josh_hartnett,56
manu_bennett,61,chris_colfer,190
james_van_der_beek,2,rick_gonzalez,30
thomas_jane,91,donal_logue,23
eddie_cibrian,14,timothy_spall,13
scott_a_martin,6,iain_glen,53
joseph_lawrence,5,danny_huston,76
amir_arison,18,mark_taormino,24
josh_hartnett,36,rob_corddry,84
john_carroll_lynch,23,hubertus_geller,1
roberto_lombardi,47,wyatt_smith,2
david_pryor,42,dylan_mcdermott,169
rick_gonzalez,69,patrick_dempsey,1
jon_cryer,27,amir_arison,14
cameron_crowe,22,tom_bergeron,80
david_cronenberg,26,roberto_sanz_sanchez,68
jeremy_renner,101,judge_reinhold,58
manu_bennett,65,louis_ck,6
damian_lewis,155,eddie_cibrian,51
wyatt_smith,2,dolph_lundgren,33
dylan_minnette,193,robert_englund,19
jason_patric,9,patrick_dempsey,8
stephen_lang,54,clifton_collins_jr,10
james_mcavoy,128,dylan_mcdermott,83
ryan_o'neal,3,wyatt_smith,2
roberto_sanz_sanchez,52,hubertus_geller,1
dean_cain,32,phil_keoghan,52
phil_keoghan,27,darian_weiss,13
josh_hartnett,102,wyatt_smith,2
james_van_der_beek,17,chad_rook,51
shane_west,86,maximilian_law,44
max_greenfield,17,maximilian_law,55
iain_glen,18,robert_englund,18
federico_dordei,63,jon_cryer,63
david_tennant,76,scott_a_martin,19
hugo_becker,17,wyatt_smith,2
eric_stonestreet,25,john_carroll_lynch,37
robert_englund,19,rick_gonzalez,30
zachary_knighton,22,ronald_e_giles,60
edoardo_purgatori,55,stephen_lang,56
bernie_matthew,26,larry_laverty,67
dylan_mcdermott,155,robert_englund,18
eric_stonestreet,25,scott_a_martin,19
rocky_verma,28,james_van_der_beek,117
wyatt_smith,2,peter_facinelli,61
joseph_steven,5,howie_mandel,74
tony_oller,7,thomas_jane,32
shane_west,180,darian_weiss,33
robert_englund,26,luke_wilson,171
judge_reinhold,62,josh_cooke,16
michael_cera,123,russ_cootey,48
rick_gonzalez,71,danny_huston,25
ryan_o'neal,26,seann_william_scott,101
john_carroll_lynch,23,james_mcavoy,78
paul_haggis,96,darian_weiss,33
victor_webster,29,joseph_lawrence,10
scott_a_martin,21,wyatt_smith,2
trevor_donovan,99,eric_stonestreet,183
jason_patric,40,sting,134
david_tennant,20,rocky_verma,10
robert_englund,19,peter_facinelli,61
cameron_crowe,22,victor_webster,39
mark_taormino,4,tom_bergeron,37
dylan_mcdermott,155,colin_ferguson,50
josh_holloway,99,danny_huston,76
david_pryor,8,joseph_steven,5
timothy_spall,47,hubertus_geller,1
mark_strong,83,darian_weiss,12
hubertus_geller,1,josh_cooke,13
dolph_lundgren,74,robert_englund,26
josh_hartnett,36,danny_huston,4
scott_caan,210,sting,126
zachary_knighton,30,scott_caan,221
mark_strong,55,josh_hartnett,56
larry_laverty,4,jon_cryer,63
eddie_cibrian,1,michael_cera,83
max_greenfield,87,cameron_crowe,22
max_greenfield,17,zachary_quinto,105
josh_cooke,44,antonio_sabato_jr,56
phil_keoghan,11,dominic_cooper,28
amir_arison,18,edoardo_purgatori,55
darian_weiss,33,federico_dordei,79
shane_west,160,mark_strong,36
clifton_collins_jr,188,scott_a_martin,37
scott_caan,216,dominic_cooper,48
josh_hartnett,63,david_strathairn,62
josh_cooke,64,peter_facinelli,27
eric_stonestreet,183,zachary_quinto,73
roberto_sanz_sanchez,68,stephen_lang,76
rick_gonzalez,57,jeremy_renner,55
dean_cain,32,russ_cootey,48
michael_sheen,44,billy_crudup,115
scott_bakula,91,rocky_verma,17
joseph_steven,5,roberto_lombardi,34
james_mcavoy,22,david_henrie,3
john_carroll_lynch,37,james_van_der_beek,17
robin_thicke,17,danny_huston,72
peter_facinelli,96,shane_west,141
mark_taormino,15,federico_dordei,79
josh_cooke,19,sting,134
bernie_matthew,47,scott_bakula,37
david_pryor,3,dylan_minnette,80
scott_bakula,72,christopher_stadulis,14
ryan_o'neal,25,wilson_cleveland,18
michael_sheen,44,mark_salling,25
russ_cootey,10,josh_hartnett,102
luke_wilson,5,david_cronenberg,26
timothy_spall,47,manu_bennett,65
hugo_becker,52,roberto_lombardi,28
paul_haggis,73,james_mcavoy,12
federico_dordei,13,seann_william_scott,95
luke_wilson,46,larry_laverty,67
stephen_lang,54,tom_wilkinson,35
judge_reinhold,62,scott_bakula,72
danny_huston,39,thomas_jane,91
peter_facinelli,11,hubertus_geller,1
edoardo_purgatori,7,zachary_quinto,217
scott_bakula,42,robert_zemeckis,3
robert_englund,18,john_carroll_lynch,23
peter_facinelli,91,phil_keoghan,30
victor_webster,50,darian_weiss,12
maximilian_law,55,hugo_becker,5
anthony_hornus,83,gulshan_grover,7
amir_arison,18,zachary_quinto,217
roberto_lombardi,61,dolph_lundgren,64
bernie_matthew,32,federico_dordei,20
michael_sheen,164,colin_ferguson,50
hugo_becker,52,stephen_lang,56
jon_cryer,2,anthony_hornus,94
michael_sheen,156,chad_rook,29
shane_west,8,hubertus_geller,1
shane_west,180,christopher_stadulis,22
thomas_jane,32,john_carroll_lynch,25
mads_mikkelsen,4,danny_devito,162
john_francis_daley,41,scott_bakula,23
hubertus_geller,1,scott_bakula,23
mark_strong,15,roberto_lombardi,10
danny_huston,72,josh_cooke,13
danny_huston,4,eric_stonestreet,128
russ_cootey,10,joseph_lawrence,10
christopher_stadulis,55,mark_salling,101
john_carroll_lynch,5,scott_caan,142
david_cronenberg,21,david_pryor,25
john_carroll_lynch,37,chris_colfer,38
thomas_jane,27,michael_sheen,44
patrick_dempsey,150,judge_reinhold,58
anthony_hornus,94,shane_west,8
judge_reinhold,12,zachary_quinto,177
chad_rook,62,jon_cryer,2
tony_oller,41,mads_mikkelsen,4
joseph_steven,5,damian_lewis,155
eric_stonestreet,183,dolph_lundgren,15
tom_bergeron,27,wyatt_smith,2
trevor_donovan,7,iain_glen,53
scott_a_martin,21,antonio_sabato_jr,15
rick_gonzalez,30,roberto_sanz_sanchez,63
edoardo_purgatori,52,damian_lewis,67
wilson_cleveland,17,david_pryor,60
danny_devito,162,joseph_lawrence,16
david_strathairn,83,james_van_der_beek,117
clifton_collins_jr,55,chris_harrison,10
clifton_collins_jr,182,james_van_der_beek,121
danny_devito,164,david_henrie,78
robert_zemeckis,2,roberto_sanz_sanchez,65
josh_hartnett,56,robert_englund,19
scott_caan,210,dolph_lundgren,33
rob_corddry,87,dylan_minnette,193
peter_facinelli,61,robert_englund,19
bernie_matthew,47,tony_oller,101
hugo_becker,52,john_carroll_lynch,25
mark_strong,29,chad_rook,2
scott_a_martin,37,josh_hartnett,102
john_francis_daley,13,roberto_sanz_sanchez,52
scott_bakula,38,gulshan_grover,16
seann_william_scott,101,ryan_o'neal,59
eddie_cibrian,53,amir_arison,36
jason_patric,40,john_francis_daley,63
hubertus_geller,1,howie_mandel,57
zachary_knighton,1,eric_stonestreet,223
michael_cera,83,danny_huston,76
judge_reinhold,12,john_francis_daley,16
roberto_lombardi,10,manu_bennett,61
christopher_stadulis,22,peter_facinelli,91
luke_wilson,5,sam_neill,6
phil_keoghan,52,christopher_stadulis,55
russ_cootey,10,robert_englund,26
seann_william_scott,95,zachary_knighton,36
ricky_gervais,32,chris_colfer,39
cameron_crowe,47,james_mcavoy,12
phil_keoghan,57,sendhil_ramamurthy,43
iain_glen,35,tom_bergeron,66
jeremy_renner,332,eric_stonestreet,128
joseph_lawrence,66,louis_ck,6
colin_ferguson,1,timothy_spall,32
thomas_jane,27,john_francis_daley,13
amir_arison,17,roberto_sanz_sanchez,63
trevor_donovan,57,thomas_jane,111
joseph_steven,5,zachary_knighton,1
luke_wilson,56,jon_cryer,6
jason_behr,15,mark_salling,110
anthony_hornus,3,amir_arison,36
phil_keoghan,52,robert_englund,26
michael_cera,99,seann_william_scott,101
wyatt_smith,2,danny_devito,147
max_greenfield,87,mark_strong,15
dolph_lundgren,62,peter_facinelli,61
manu_bennett,68,rocky_verma,40
donal_logue,28,clifton_collins_jr,182
eric_stonestreet,183,joseph_steven,5
trevor_donovan,104,cameron_crowe,22
david_pryor,60,maximilian_law,18
ronald_e_giles,60,sting,81
federico_dordei,63,mark_taormino,31
gulshan_grover,7,colin_ferguson,1
dean_cain,43,jeremy_renner,201
shane_west,160,jeremy_renner,101
dylan_minnette,193,john_francis_daley,13
timothy_spall,47,joseph_lawrence,10
scott_bakula,38,james_van_der_beek,2
stephen_lang,56,antonio_sabato_jr,16
mark_salling,25,michael_cera,59
ronald_e_giles,60,max_greenfield,203
rob_corddry,82,clifton_collins_jr,182
peter_facinelli,11,david_pryor,3
mark_strong,1,josh_holloway,79
stephen_lang,56,robin_thicke,24
rob_corddry,87,shane_west,180
thomas_jane,27,maximilian_law,44
david_pryor,10,josh_hartnett,144
maximilian_law,55,luke_wilson,99
tony_oller,23,gulshan_grover,31
hugo_becker,52,ronald_e_giles,31
bernie_matthew,17,patrick_dempsey,48
robert_zemeckis,21,scott_caan,96
zachary_knighton,22,paul_haggis,64
robert_zemeckis,3,bernie_matthew,47
danny_huston,4,david_strathairn,70
wilson_cleveland,11,mark_salling,101
judge_reinhold,58,sting,153
scott_bakula,23,timothy_spall,13
eric_stonestreet,128,hubertus_geller,1
sendhil_ramamurthy,26,hubertus_geller,1
robert_englund,26,john_carroll_lynch,25
james_van_der_beek,121,larry_laverty,4
scott_bakula,42,sendhil_ramamurthy,73
ricky_gervais,92,robin_thicke,37
ryan_o'neal,3,federico_dordei,20
scott_a_martin,19,christopher_stadulis,22
victor_webster,39,billy_crudup,115
david_cronenberg,47,damian_lewis,155
john_carroll_lynch,25,dylan_minnette,193
mads_mikkelsen,12,howie_mandel,18
james_mcavoy,78,jason_patric,19
hubertus_geller,1,bernie_matthew,32
damian_lewis,67,louis_ck,1
manu_bennett,68,trevor_donovan,99
zachary_knighton,1,james_mcavoy,78
chris_colfer,38,chad_rook,19
edoardo_purgatori,55,mark_strong,1
howie_mandel,62,mark_strong,15
danny_huston,76,david_cronenberg,20
manu_bennett,65,sting,81
josh_hartnett,7,sting,153
john_carroll_lynch,5,mads_mikkelsen,7
trevor_donovan,23,roberto_lombardi,69
paul_haggis,96,chad_rook,51
peter_facinelli,91,anthony_hornus,79
iain_glen,18,david_strathairn,70
john_francis_daley,11,federico_dordei,82
roberto_lombardi,47,timothy_spall,58
maximilian_law,22,david_pryor,60
russ_cootey,48,manu_bennett,65
edoardo_purgatori,55,iain_glen,35
rick_gonzalez,59,tom_bergeron,21
colin_ferguson,20,wilson_cleveland,5
cameron_crowe,47,ricky_gervais,143
john_carroll_lynch,25,zachary_quinto,73
tony_oller,72,james_van_der_beek,27
chris_harrison,19,mark_salling,101
dean_cain,32,danny_huston,39
chris_harrison,21,trevor_donovan,81
david_pryor,6,louis_ck,47
darian_weiss,13,phil_keoghan,51
chris_colfer,203,stephen_lang,56
peter_facinelli,91,federico_dordei,30
bernie_matthew,47,chris_harrison,10
robert_englund,19,sendhil_ramamurthy,43
maximilian_law,36,clifton_collins_jr,55
david_henrie,22,stephen_lang,76
colin_ferguson,50,tom_bergeron,71
dylan_minnette,80,howie_mandel,61
antonio_sabato_jr,16,billy_crudup,132
federico_dordei,30,judge_reinhold,53
seann_william_scott,23,larry_laverty,67
gulshan_grover,54,wyatt_smith,2
amir_arison,36,jon_cryer,6
rob_corddry,87,paul_haggis,73
dean_cain,7,james_mcavoy,54
manu_bennett,61,josh_holloway,7
chris_harrison,16,billy_crudup,132
tom_bergeron,67,chris_harrison,20
chris_harrison,4,josh_holloway,56
tony_oller,101,david_strathairn,83
robert_englund,19,mark_salling,40
manu_bennett,61,judge_reinhold,53
joseph_steven,5,antonio_sabato_jr,31
christopher_stadulis,30,roberto_lombardi,61
josh_cooke,19,chris_colfer,190
jason_behr,23,zachary_knighton,36
seann_william_scott,47,christopher_stadulis,29
chris_harrison,6,james_mcavoy,128
shane_west,141,tony_oller,7
ricky_gervais,32,ryan_o'neal,3
jason_patric,29,chris_harrison,6
chris_harrison,4,david_strathairn,102
sendhil_ramamurthy,31,scott_bakula,37
robert_englund,18,max_greenfield,17
cameron_crowe,47,thomas_jane,27
federico_dordei,30,sendhil_ramamurthy,73
ronald_e_giles,60,mark_strong,36
maximilian_law,63,eric_stonestreet,223
josh_hartnett,63,mark_salling,110
danny_devito,245,antonio_sabato_jr,34
jason_patric,19,josh_hartnett,7
michael_sheen,92,david_cronenberg,26
wyatt_smith,2,amir_arison,20
judge_reinhold,62,hubertus_geller,1
timothy_spall,9,clifton_collins_jr,55
antonio_sabato_jr,31,ronald_e_giles,31
victor_webster,40,jeremy_renner,55
tony_oller,41,david_henrie,22
james_van_der_beek,117,scott_a_martin,21
david_cronenberg,26,dean_cain,25
hubertus_geller,1,colin_ferguson,94
larry_laverty,4,wilson_cleveland,11
joseph_lawrence,51,jeremy_renner,47
federico_dordei,81,eddie_cibrian,14
sendhil_ramamurthy,8,eddie_cibrian,28
manu_bennett,68,damian_lewis,67
danny_devito,22,christopher_stadulis,55
sendhil_ramamurthy,31,tom_bergeron,80
david_henrie,78,dylan_minnette,193
michael_cera,123,tony_oller,7
phil_keoghan,11,dominic_cooper,43
wilson_cleveland,11,josh_hartnett,36
christopher_stadulis,14,darian_weiss,12
rick_gonzalez,12,rocky_verma,30
robert_zemeckis,58,eddie_cibrian,1
peter_facinelli,96,michael_sheen,164
eddie_cibrian,14,edoardo_purgatori,7
russ_cootey,10,sendhil_ramamurthy,31
rick_gonzalez,69,sendhil_ramamurthy,21
scott_bakula,91,seann_william_scott,132
antonio_sabato_jr,2,david_tennant,71
david_strathairn,75,roberto_lombardi,47
shane_west,160,victor_webster,29
robert_englund,19,darian_weiss,12
dylan_minnette,193,zachary_quinto,217
mads_mikkelsen,42,dolph_lundgren,33
josh_hartnett,7,peter_facinelli,61
robert_englund,19,ricky_gervais,121
shane_west,141,ronald_e_giles,60
billy_crudup,120,max_greenfield,203
paul_haggis,64,roberto_sanz_sanchez,52
iain_glen,53,james_mcavoy,54
hugo_becker,10,david_tennant,83
joseph_lawrence,51,robin_thicke,24
phil_keoghan,7,hugo_becker,10
thomas_jane,27,michael_cera,59
robin_thicke,54,cameron_crowe,47
josh_hartnett,36,howie_mandel,57
scott_caan,212,hubertus_geller,1
colin_ferguson,28,jason_behr,38
robert_englund,26,robin_thicke,54
dylan_minnette,80,louis_ck,1
john_francis_daley,59,scott_a_martin,21
zachary_quinto,177,phil_keoghan,30
sting,81,ricky_gervais,69
chad_rook,29,gulshan_grover,48
howie_mandel,62,jon_cryer,21
federico_dordei,63,mads_mikkelsen,42
donal_logue,23,sendhil_ramamurthy,66
donal_logue,28,eddie_cibrian,28
thomas_jane,27,mark_strong,83
stephen_lang,54,christopher_stadulis,30
joseph_steven,5,ronald_e_giles,31
colin_ferguson,20,tom_wilkinson,65
shane_west,141,manu_bennett,65
rick_gonzalez,50,stephen_lang,76
chris_colfer,203,ricky_gervais,92
michael_cera,28,darian_weiss,13
cameron_crowe,22,judge_reinhold,12
howie_mandel,57,anthony_hornus,79
shane_west,180,eddie_cibrian,28
ronald_e_giles,19,mads_mikkelsen,34
joseph_lawrence,35,rick_gonzalez,57
dolph_lundgren,74,zachary_quinto,153
antonio_sabato_jr,38,russ_cootey,48
james_mcavoy,78,eddie_cibrian,1
wilson_cleveland,54,hugo_becker,17
rob_corddry,87,shane_west,180
sting,81,larry_laverty,4
paul_haggis,73,james_mcavoy,78
wyatt_smith,2,jeremy_renner,166
rick_gonzalez,59,david_cronenberg,21
mark_salling,110,russ_cootey,10
scott_caan,212,billy_crudup,128
shane_west,31,michael_cera,28
edoardo_purgatori,37,manu_bennett,68
tom_bergeron,21,zachary_quinto,214
maximilian_law,55,iain_glen,53
howie_mandel,61,eddie_cibrian,19
amir_arison,20,roberto_sanz_sanchez,35
john_carroll_lynch,25,jon_cryer,2
danny_huston,76,timothy_spall,58
dylan_mcdermott,55,dylan_minnette,193
eric_stonestreet,25,wyatt_smith,2
trevor_donovan,104,david_henrie,78
james_mcavoy,78,scott_a_martin,19
damian_lewis,155,peter_facinelli,61
federico_dordei,36,wyatt_smith,2
zachary_quinto,177,david_pryor,6
sting,81,chad_rook,29
wyatt_smith,2,rick_gonzalez,26
josh_holloway,36,dylan_minnette,80
clifton_collins_jr,116,cameron_crowe,47
michael_cera,123,phil_keoghan,23
mads_mikkelsen,4,david_pryor,42
james_van_der_beek,2,david_henrie,78
tom_bergeron,27,colin_ferguson,50
mads_mikkelsen,42,larry_laverty,4
michael_cera,99,dean_cain,43
wyatt_smith,2,jason_behr,11
phil_keoghan,11,robert_englund,19
roberto_sanz_sanchez,65,mark_strong,35
danny_devito,22,robert_zemeckis,27
timothy_spall,13,david_cronenberg,20
seann_william_scott,23,joseph_steven,5
zachary_knighton,95,danny_huston,26
ricky_gervais,143,dean_cain,32
maximilian_law,36,mads_mikkelsen,12
dylan_minnette,193,russ_cootey,48
eric_stonestreet,223,josh_hartnett,19
rob_corddry,87,timothy_spall,13
scott_caan,221,rob_corddry,82
jeremy_renner,201,iain_glen,29
maximilian_law,50,james_mcavoy,78
danny_huston,88,jason_patric,40
dominic_cooper,48,mark_taormino,43
wyatt_smith,2,max_greenfield,17
timothy_spall,58,sendhil_ramamurthy,73
bernie_matthew,17,mark_strong,15
gulshan_grover,35,donal_logue,62
phil_keoghan,57,danny_devito,147
trevor_donovan,81,danny_devito,162
hugo_becker,10,zachary_quinto,106
mark_strong,82,gulshan_grover,44
shane_west,8,tom_bergeron,66
sting,126,danny_devito,162
robert_englund,19,rob_corddry,82
eddie_cibrian,19,larry_laverty,4
david_strathairn,69,gulshan_grover,53
zachary_knighton,36,billy_crudup,100
david_cronenberg,47,peter_facinelli,91
john_carroll_lynch,25,zachary_knighton,30
trevor_donovan,71,peter_facinelli,11
anthony_hornus,79,james_mcavoy,12
amir_arison,20,thomas_jane,91
max_greenfield,17,luke_wilson,5
sting,134,robin_thicke,49
mads_mikkelsen,34,shane_west,180
mark_strong,29,robin_thicke,54
rocky_verma,46,roberto_sanz_sanchez,52
paul_haggis,96,rob_corddry,82
judge_reinhold,12,scott_caan,221
tom_wilkinson,12,paul_haggis,96
roberto_sanz_sanchez,68,patrick_dempsey,253
scott_bakula,4,dominic_cooper,88
shane_west,160,victor_webster,52
federico_dordei,32,tom_bergeron,27
anthony_hornus,79,danny_devito,164
david_cronenberg,20,iain_glen,62
wyatt_smith,2,donal_logue,28
thomas_jane,111,david_strathairn,69
larry_laverty,67,michael_sheen,92
john_carroll_lynch,23,luke_wilson,150
trevor_donovan,57,dolph_lundgren,62
antonio_sabato_jr,16,josh_cooke,44
maximilian_law,44,wilson_cleveland,54
roberto_lombardi,34,anthony_hornus,94
john_francis_daley,61,hubertus_geller,1
dominic_cooper,1,amir_arison,12
rob_corddry,87,roberto_sanz_sanchez,52
edoardo_purgatori,13,jason_behr,49
damian_lewis,67,james_van_der_beek,121
tom_wilkinson,35,james_mcavoy,128
peter_facinelli,96,shane_west,8
darian_weiss,33,gulshan_grover,44
dolph_lundgren,62,shane_west,160
david_tennant,71,rob_corddry,84
billy_crudup,142,wilson_cleveland,59
louis_ck,47,ryan_o'neal,25
patrick_dempsey,245,edoardo_purgatori,37
eric_stonestreet,223,scott_bakula,39
danny_devito,147,dolph_lundgren,15
patrick_dempsey,8,david_henrie,22
robin_thicke,37,sting,81
john_francis_daley,11,judge_reinhold,22
dominic_cooper,48,david_strathairn,70
sendhil_ramamurthy,31,billy_crudup,100
seann_william_scott,23,timothy_spall,9
victor_webster,50,donal_logue,1
chris_colfer,201,judge_reinhold,53
anthony_hornus,105,sam_neill,92
iain_glen,62,david_pryor,10
roberto_lombardi,34,josh_cooke,38
cameron_crowe,22,mark_strong,15
zachary_quinto,4,amir_arison,36
david_henrie,11,shane_west,86
hugo_becker,5,thomas_jane,32
cameron_crowe,47,scott_bakula,9
amir_arison,18,phil_keoghan,27
shane_west,8,patrick_dempsey,128
darian_weiss,12,rocky_verma,25
howie_mandel,74,amir_arison,17
damian_lewis,60,josh_hartnett,19
phil_keoghan,12,david_henrie,11
james_mcavoy,22,danny_huston,76
tony_oller,101,dean_cain,48
chris_colfer,38,christopher_stadulis,22
gulshan_grover,11,dolph_lundgren,33
trevor_donovan,23,zachary_knighton,22
roberto_sanz_sanchez,52,robin_thicke,49
robert_englund,26,jeremy_renner,47
james_mcavoy,78,dominic_cooper,43
jeremy_renner,55,billy_crudup,100
damian_lewis,84,tony_oller,101
clifton_collins_jr,10,larry_laverty,4
timothy_spall,6,zachary_quinto,153
edoardo_purgatori,13,thomas_jane,27
amir_arison,20,john_francis_daley,63
seann_william_scott,47,jason_behr,50
colin_ferguson,77,james_van_der_beek,121
gulshan_grover,31,scott_caan,221
darian_weiss,33,tony_oller,101
seann_william_scott,23,jason_behr,49
ryan_o'neal,69,rob_corddry,82
patrick_dempsey,72,luke_wilson,5
stephen_lang,76,danny_devito,22
danny_devito,162,joseph_lawrence,17
victor_webster,47,danny_huston,76
mark_taormino,7,chad_rook,62
james_van_der_beek,2,danny_huston,26
sting,153,roberto_lombardi,28
bernie_matthew,32,luke_wilson,150
joseph_lawrence,16,josh_holloway,7
scott_bakula,91,bernie_matthew,26
scott_bakula,72,dolph_lundgren,33
mark_salling,25,josh_hartnett,56
sam_neill,38,max_greenfield,157
scott_caan,216,victor_webster,32
chad_rook,62,wyatt_smith,2
josh_holloway,81,joseph_lawrence,66
scott_a_martin,6,tony_oller,72
mark_strong,15,christopher_stadulis,30
sam_neill,43,jason_patric,9
damian_lewis,60,eric_stonestreet,183
robin_thicke,17,mark_taormino,20
dylan_mcdermott,155,gulshan_grover,55
dean_cain,83,jason_patric,9
max_greenfield,87,stephen_lang,54
larry_laverty,67,roberto_lombardi,61
phil_keoghan,52,michael_cera,99
danny_huston,25,robin_thicke,54
chris_colfer,42,tony_oller,23
robert_englund,19,tom_bergeron,66
cameron_crowe,22,hugo_becker,10
louis_ck,1,zachary_knighton,36
judge_reinhold,53,rick_gonzalez,57
thomas_jane,27,chris_colfer,130
mark_salling,110,wyatt_smith,2
dean_cain,46,jon_cryer,63
danny_huston,88,scott_a_martin,6
luke_wilson,56,anthony_hornus,83
seann_william_scott,190,wyatt_smith,2
tom_wilkinson,12,mark_strong,35
michael_cera,83,billy_crudup,132
wyatt_smith,2,mark_salling,101
maximilian_law,18,sting,134
david_pryor,6,rocky_verma,12
louis_ck,1,roberto_sanz_sanchez,63
gulshan_grover,16,edoardo_purgatori,37
edoardo_purgatori,55,donal_logue,28
dylan_minnette,80,antonio_sabato_jr,22
russ_cootey,10,max_greenfield,87
darian_weiss,33,chad_rook,19
chad_rook,29,peter_facinelli,27
cameron_crowe,47,seann_william_scott,132
hubertus_geller,1,jon_cryer,9
hubertus_geller,1,howie_mandel,72
rob_corddry,84,joseph_steven,5
victor_webster,40,sam_neill,6
rocky_verma,46,michael_cera,83
tom_bergeron,67,gulshan_grover,3
howie_mandel,62,james_van_der_beek,121
tom_wilkinson,35,tom_bergeron,21
ronald_e_giles,31,josh_hartnett,84
josh_cooke,13,hugo_becker,10
zachary_knighton,22,ricky_gervais,32
damian_lewis,155,mark_taormino,18
rocky_verma,74,james_van_der_beek,27
david_cronenberg,21,dominic_cooper,28
scott_a_martin,21,scott_caan,216
peter_facinelli,61,max_greenfield,87
mark_strong,55,russ_cootey,10
amir_arison,18,iain_glen,35
antonio_sabato_jr,56,roberto_sanz_sanchez,63
mark_strong,55,rob_corddry,87
james_mcavoy,78,chris_harrison,8
robert_englund,18,robert_zemeckis,27
stephen_lang,54,chris_harrison,11
trevor_donovan,57,roberto_sanz_sanchez,63
danny_devito,22,dean_cain,25
peter_facinelli,61,ronald_e_giles,31
david_tennant,20,gulshan_grover,7
mark_salling,80,josh_holloway,79
judge_reinhold,58,edoardo_purgatori,13
amir_arison,17,chad_rook,62
donal_logue,28,dylan_mcdermott,137
cameron_crowe,47,clifton_collins_jr,116
james_van_der_beek,96,anthony_hornus,105
scott_bakula,39,josh_cooke,44
roberto_sanz_sanchez,35,james_mcavoy,54
judge_reinhold,58,victor_webster,38
jon_cryer,7,scott_a_martin,19
trevor_donovan,99,sting,111
josh_hartnett,144,zachary_knighton,36
hubertus_geller,1,tom_bergeron,71
darian_weiss,13,manu_bennett,65
thomas_jane,91,larry_laverty,67
louis_ck,1,jason_patric,40
eddie_cibrian,51,gulshan_grover,31
jon_cryer,24,phil_keoghan,11
mark_taormino,7,danny_huston,4
manu_bennett,65,robin_thicke,28
robin_thicke,37,judge_reinhold,22
sam_neill,43,dominic_cooper,120
seann_william_scott,47,luke_wilson,46
jason_patric,19,james_mcavoy,78
russ_cootey,48,dolph_lundgren,15
joseph_lawrence,16,mads_mikkelsen,130
ricky_gervais,121,dylan_minnette,193
mark_strong,35,mark_taormino,7
paul_haggis,64,wilson_cleveland,15
tom_bergeron,71,gulshan_grover,55
chris_colfer,38,danny_huston,39
rob_corddry,84,manu_bennett,65
thomas_jane,91,cameron_crowe,22
james_mcavoy,54,wyatt_smith,2
dylan_minnette,80,john_francis_daley,59
sting,126,wilson_cleveland,17
sam_neill,121,trevor_donovan,7
scott_bakula,42,sting,81
phil_keoghan,30,jason_patric,29
robert_zemeckis,21,paul_haggis,64
rick_gonzalez,57,stephen_lang,56
larry_laverty,67,jason_patric,9
dylan_minnette,80,josh_holloway,36
james_mcavoy,99,david_cronenberg,47
louis_ck,6,dolph_lundgren,64
damian_lewis,67,scott_a_martin,6
max_greenfield,196,edoardo_purgatori,52
wyatt_smith,2,jon_cryer,24
max_greenfield,203,eric_stonestreet,25
josh_holloway,7,thomas_jane,111
david_tennant,83,paul_haggis,73
zachary_knighton,22,david_tennant,48
josh_hartnett,144,tony_oller,72
christopher_stadulis,30,hubertus_geller,1
luke_wilson,150,joseph_steven,5
scott_bakula,42,darian_weiss,13
bernie_matthew,26,david_tennant,48
danny_huston,76,tony_oller,23
dylan_mcdermott,169,howie_mandel,62
jon_cryer,27,victor_webster,32
hugo_becker,17,timothy_spall,32
colin_ferguson,28,max_greenfield,157
rob_corddry,82,tony_oller,72
damian_lewis,155,jason_behr,11
bernie_matthew,55,rocky_verma,74
jon_cryer,27,seann_william_scott,190
christopher_stadulis,22,roberto_lombardi,28
rick_gonzalez,12,scott_caan,210
anthony_hornus,105,edoardo_purgatori,13
wyatt_smith,2,danny_huston,39
zachary_quinto,214,mads_mikkelsen,4
jon_cryer,9,donal_logue,1
rob_corddry,82,john_francis_daley,65
rob_corddry,87,dylan_mcdermott,155
judge_reinhold,58,chris_colfer,203
louis_ck,6,timothy_spall,11
scott_a_martin,21,robert_zemeckis,21
wilson_cleveland,9,robin_thicke,8
cameron_crowe,22,donal_logue,62
joseph_steven,5,ricky_gervais,67
roberto_lombardi,69,timothy_spall,58
bernie_matthew,17,hubertus_geller,1
hugo_becker,52,damian_lewis,60
larry_laverty,4,louis_ck,6
amir_arison,14,larry_laverty,67
james_mcavoy,54,ricky_gervais,67
robin_thicke,8,mads_mikkelsen,130
zachary_knighton,30,anthony_hornus,94
antonio_sabato_jr,31,phil_keoghan,7
jeremy_renner,201,sendhil_ramamurthy,43
thomas_jane,111,rocky_verma,22
ricky_gervais,69,tom_wilkinson,12
dean_cain,43,jason_behr,50
max_greenfield,87,chris_harrison,20
russ_cootey,10,zachary_quinto,214
roberto_sanz_sanchez,52,timothy_spall,11
stephen_lang,56,james_mcavoy,128
hugo_becker,5,jon_cryer,21
wilson_cleveland,15,mark_strong,1
darian_weiss,33,ronald_e_giles,60
john_carroll_lynch,37,david_cronenberg,20
iain_glen,35,tom_bergeron,80
scott_caan,96,rick_gonzalez,50
josh_hartnett,102,victor_webster,47
eric_stonestreet,128,mark_salling,5
joseph_steven,5,danny_huston,72
clifton_collins_jr,55,luke_wilson,171
mark_strong,55,scott_a_martin,19
colin_ferguson,17,max_greenfield,87
zachary_knighton,95,dylan_mcdermott,169
joseph_steven,5,larry_laverty,67
robin_thicke,49,zachary_quinto,153
mark_taormino,45,cameron_crowe,22
danny_huston,76,john_francis_daley,11
tom_wilkinson,65,gulshan_grover,11
darian_weiss,12,manu_bennett,68
