verify_identity,verify_cache_filename,enroll_identity,enroll_cache_filenames,k_actual
able_wanamakok,able_wanamakok_0007.npy,beth_riesgraf,beth_riesgraf_0049.npy;beth_riesgraf_0054.npy;beth_riesgraf_0001.npy,3
able_wanamakok,able_wanamakok_0012.npy,shannon_woodward,shannon_woodward_0015.npy;shannon_woodward_0001.npy;shannon_woodward_0050.npy,3
able_wanamakok,able_wanamakok_0015.npy,famke_janssen,famke_janssen_0021.npy;famke_janssen_0069.npy;famke_janssen_0062.npy,3
able_wanamakok,able_wanamakok_0024.npy,pamella_d'pella,pamella_d'pella_0052.npy;pamella_d'pella_0076.npy;pamella_d'pella_0099.npy,3
able_wanamakok,able_wanamakok_0025.npy,robert_englund,robert_englund_0018.npy;robert_englund_0019.npy;robert_englund_0026.npy,3
able_wanamakok,able_wanamakok_0027.npy,teppei_koike,teppei_koike_0007.npy;teppei_koike_0049.npy;teppei_koike_0032.npy,3
able_wanamakok,able_wanamakok_0029.npy,willa_holland,willa_holland_0040.npy;willa_holland_0059.npy;willa_holland_0025.npy,3
able_wanamakok,able_wanamakok_0041.npy,dylan_minnette,dylan_minnette_0080.npy;dylan_minnette_0193.npy,2
able_wanamakok,able_wanamakok_0042.npy,yoo_ah_in,yoo_ah_in_0022.npy;yoo_ah_in_0018.npy;yoo_ah_in_0031.npy,3
able_wanamakok,able_wanamakok_0056.npy,wyclef_jean,wyclef_jean_0068.npy;wyclef_jean_0056.npy;wyclef_jean_0051.npy,3
anna_tsuchiya,anna_tsuchiya_0001.npy,ricky_gervais,ricky_gervais_0046.npy;ricky_gervais_0143.npy;ricky_gervais_0067.npy,3
anna_tsuchiya,anna_tsuchiya_0003.npy,teppei_koike,teppei_koike_0028.npy;teppei_koike_0049.npy;teppei_koike_0053.npy,3
anna_tsuchiya,anna_tsuchiya_0005.npy,anthony_hornus,anthony_hornus_0079.npy;anthony_hornus_0092.npy;anthony_hornus_0105.npy,3
anna_tsuchiya,anna_tsuchiya_0015.npy,rob_corddry,rob_corddry_0082.npy;rob_corddry_0084.npy;rob_corddry_0087.npy,3
anna_tsuchiya,anna_tsuchiya_0018.npy,dolph_lundgren,dolph_lundgren_0033.npy;dolph_lundgren_0062.npy;dolph_lundgren_0015.npy,3
anna_tsuchiya,anna_tsuchiya_0019.npy,david_pryor,david_pryor_0006.npy;david_pryor_0079.npy;david_pryor_0008.npy,3
anna_tsuchiya,anna_tsuchiya_0031.npy,will_yun_lee,will_yun_lee_0920.npy;will_yun_lee_0079.npy;will_yun_lee_0510.npy,3
anna_tsuchiya,anna_tsuchiya_0042.npy,jennifer_grey,jennifer_grey_0082.npy;jennifer_grey_0092.npy;jennifer_grey_0107.npy,3
anna_tsuchiya,anna_tsuchiya_0043.npy,jennifer_esposito,jennifer_esposito_0004.npy;jennifer_esposito_0091.npy,2
anna_tsuchiya,anna_tsuchiya_0044.npy,michael_wayne_thomas,michael_wayne_thomas_0029.npy;michael_wayne_thomas_0025.npy;michael_wayne_thomas_0012.npy,3
anna_tsuchiya,anna_tsuchiya_0050.npy,jaida-iman_benjamin,jaida-iman_benjamin_0018.npy;jaida-iman_benjamin_0077.npy,2
aubrey_anderson-emmons,aubrey_anderson-emmons_0001.npy,kanata_hongo,kanata_hongo_0018.npy;kanata_hongo_0053.npy;kanata_hongo_0008.npy,3
aubrey_anderson-emmons,aubrey_anderson-emmons_0002.npy,josh_cooke,josh_cooke_0020.npy;josh_cooke_0064.npy;josh_cooke_0044.npy,3
aubrey_anderson-emmons,aubrey_anderson-emmons_0014.npy,josh_cooke,josh_cooke_0019.npy;josh_cooke_0020.npy;josh_cooke_0013.npy,3
aubrey_anderson-emmons,aubrey_anderson-emmons_0015.npy,rihanna,rihanna_0109.npy;rihanna_0170.npy;rihanna_0330.npy,3
aubrey_anderson-emmons,aubrey_anderson-emmons_0029.npy,stephen_lang,stephen_lang_0054.npy;stephen_lang_0056.npy;stephen_lang_0076.npy,3
aubrey_anderson-emmons,aubrey_anderson-emmons_0033.npy,mylene_dinh-robic,mylene_dinh-robic_0911.npy;mylene_dinh-robic_0936.npy;mylene_dinh-robic_0923.npy,3
fala_chen,fala_chen_0062.npy,phil_keoghan,phil_keoghan_0027.npy;phil_keoghan_0012.npy;phil_keoghan_0030.npy,3
fala_chen,fala_chen_0063.npy,rose_byrne,rose_byrne_0212.npy;rose_byrne_0051.npy;rose_byrne_0205.npy,3
fala_chen,fala_chen_0069.npy,judith_shekoni,judith_shekoni_0001.npy;judith_shekoni_0020.npy;judith_shekoni_0060.npy,3
fala_chen,fala_chen_0073.npy,pamella_d'pella,pamella_d'pella_0015.npy;pamella_d'pella_0096.npy;pamella_d'pella_0099.npy,3
fumino_kimura,fumino_kimura_0007.npy,aldis_hodge,aldis_hodge_0028.npy;aldis_hodge_0021.npy;aldis_hodge_0026.npy,3
fumino_kimura,fumino_kimura_0016.npy,russ_cootey,russ_cootey_0010.npy;russ_cootey_0048.npy,2
fumino_kimura,fumino_kimura_0021.npy,lakisha_jones,lakisha_jones_0026.npy,1
fumino_kimura,fumino_kimura_0022.npy,levona_lewis,levona_lewis_0060.npy;levona_lewis_0064.npy,2
fumino_kimura,fumino_kimura_0028.npy,big_bang_g-dragon,big_bang_g-dragon_0007.npy;big_bang_g-dragon_0035.npy;big_bang_g-dragon_0046.npy,3
fumino_kimura,fumino_kimura_0047.npy,romola_garai,romola_garai_0036.npy;romola_garai_0038.npy;romola_garai_0005.npy,3
fumino_kimura,fumino_kimura_0049.npy,joyce_giraud,joyce_giraud_0004.npy,1
fumino_kimura,fumino_kimura_0054.npy,jenna_dewan-tatum,jenna_dewan-tatum_0034.npy;jenna_dewan-tatum_0060.npy,2
fumino_kimura,fumino_kimura_0055.npy,moametal,moametal_0056.npy;moametal_0045.npy;moametal_0043.npy,3
fumino_kimura,fumino_kimura_0056.npy,heather_matarazzo,heather_matarazzo_0050.npy;heather_matarazzo_0003.npy;heather_matarazzo_0031.npy,3
fumino_kimura,fumino_kimura_0061.npy,kazuya_kamenashi,kazuya_kamenashi_0042.npy;kazuya_kamenashi_0061.npy;kazuya_kamenashi_0005.npy,3
fumino_kimura,fumino_kimura_0062.npy,tamala_jones,tamala_jones_0060.npy;tamala_jones_0059.npy;tamala_jones_0014.npy,3
gong_hyo_jin,gong_hyo_jin_0000.npy,david_pryor,david_pryor_0060.npy;david_pryor_0025.npy;david_pryor_0042.npy,3
gong_hyo_jin,gong_hyo_jin_0003.npy,sumetal,sumetal_0013.npy;sumetal_0016.npy;sumetal_0040.npy,3
gong_hyo_jin,gong_hyo_jin_0008.npy,helen_hunt,helen_hunt_0009.npy;helen_hunt_0212.npy;helen_hunt_0249.npy,3
gong_hyo_jin,gong_hyo_jin_0010.npy,michael_wayne_thomas,michael_wayne_thomas_0025.npy;michael_wayne_thomas_0029.npy;michael_wayne_thomas_0012.npy,3
gong_hyo_jin,gong_hyo_jin_0017.npy,joey_lauren_adams,joey_lauren_adams_0025.npy;joey_lauren_adams_0013.npy;joey_lauren_adams_0043.npy,3
gong_hyo_jin,gong_hyo_jin_0020.npy,valeria_golino,valeria_golino_0015.npy;valeria_golino_0049.npy;valeria_golino_0033.npy,3
gong_hyo_jin,gong_hyo_jin_0021.npy,paul_haggis,paul_haggis_0064.npy;paul_haggis_0073.npy;paul_haggis_0096.npy,3
gong_hyo_jin,gong_hyo_jin_0023.npy,lea_thompson,lea_thompson_0060.npy,1
gong_hyo_jin,gong_hyo_jin_0025.npy,jang_keun_suk,jang_keun_suk_0052.npy;jang_keun_suk_0046.npy;jang_keun_suk_0007.npy,3
gong_hyo_jin,gong_hyo_jin_0026.npy,fumi_desalu-vold,fumi_desalu-vold_0001.npy;fumi_desalu-vold_0004.npy;fumi_desalu-vold_0010.npy,3
gong_hyo_jin,gong_hyo_jin_0029.npy,howie_mandel,howie_mandel_0057.npy;howie_mandel_0061.npy;howie_mandel_0074.npy,3
gong_hyo_jin,gong_hyo_jin_0030.npy,todd_bridges,todd_bridges_0043.npy;todd_bridges_0009.npy;todd_bridges_0015.npy,3
gong_hyo_jin,gong_hyo_jin_0037.npy,linda_gray,linda_gray_0016.npy;linda_gray_0053.npy;linda_gray_0003.npy,3
gong_hyo_jin,gong_hyo_jin_0053.npy,thandie_newton,thandie_newton_0051.npy;thandie_newton_0146.npy;thandie_newton_0031.npy,3
gong_hyo_jin,gong_hyo_jin_0056.npy,ron_yuan,ron_yuan_0031.npy;ron_yuan_0062.npy;ron_yuan_0056.npy,3
gong_hyo_jin,gong_hyo_jin_0057.npy,laura_vandervoort,laura_vandervoort_0072.npy;laura_vandervoort_0003.npy;laura_vandervoort_0059.npy,3
gong_hyo_jin,gong_hyo_jin_0059.npy,wyatt_smith,wyatt_smith_0002.npy,1
gong_seung_yeon,gong_seung_yeon_0000.npy,elizabeth_mitchell,elizabeth_mitchell_0043.npy;elizabeth_mitchell_0062.npy;elizabeth_mitchell_0137.npy,3
gong_seung_yeon,gong_seung_yeon_0012.npy,taylor_swift,taylor_swift_0065.npy;taylor_swift_0271.npy,2
gong_seung_yeon,gong_seung_yeon_0019.npy,josh_cooke,josh_cooke_0016.npy;josh_cooke_0019.npy;josh_cooke_0020.npy,3
gong_seung_yeon,gong_seung_yeon_0020.npy,elena_eustache,elena_eustache_0026.npy;elena_eustache_0045.npy;elena_eustache_0029.npy,3
gong_seung_yeon,gong_seung_yeon_0022.npy,dolph_lundgren,dolph_lundgren_0033.npy;dolph_lundgren_0074.npy;dolph_lundgren_0015.npy,3
gong_seung_yeon,gong_seung_yeon_0024.npy,eva_marcille,eva_marcille_0011.npy;eva_marcille_0029.npy;eva_marcille_0014.npy,3
gong_seung_yeon,gong_seung_yeon_0025.npy,patrick_j_nicolas,patrick_j_nicolas_0040.npy;patrick_j_nicolas_0015.npy;patrick_j_nicolas_0054.npy,3
gong_seung_yeon,gong_seung_yeon_0027.npy,fumi_desalu-vold,fumi_desalu-vold_0001.npy;fumi_desalu-vold_0004.npy;fumi_desalu-vold_0010.npy,3
gong_seung_yeon,gong_seung_yeon_0032.npy,park_ji_sung,park_ji_sung_0009.npy;park_ji_sung_0011.npy;park_ji_sung_0005.npy,3
gong_seung_yeon,gong_seung_yeon_0036.npy,louis_ck,louis_ck_0038.npy;louis_ck_0001.npy;louis_ck_0006.npy,3
gong_seung_yeon,gong_seung_yeon_0039.npy,sara_paxton,sara_paxton_0052.npy,1
gong_seung_yeon,gong_seung_yeon_0049.npy,shakira,shakira_0009.npy;shakira_0059.npy,2
gong_seung_yeon,gong_seung_yeon_0052.npy,colin_ferguson,colin_ferguson_0094.npy;colin_ferguson_0001.npy;colin_ferguson_0050.npy,3
gong_seung_yeon,gong_seung_yeon_0054.npy,sadie_calvano,sadie_calvano_0030.npy;sadie_calvano_0047.npy;sadie_calvano_0041.npy,3
gong_seung_yeon,gong_seung_yeon_0057.npy,robert_zemeckis,robert_zemeckis_0021.npy;robert_zemeckis_0058.npy;robert_zemeckis_0027.npy,3
gong_seung_yeon,gong_seung_yeon_0063.npy,kim_delaney,kim_delaney_0003.npy;kim_delaney_0064.npy;kim_delaney_0068.npy,3
jinny_ng,jinny_ng_0020.npy,tamala_jones,tamala_jones_0050.npy;tamala_jones_0067.npy;tamala_jones_0059.npy,3
jinny_ng,jinny_ng_0024.npy,david_pryor,david_pryor_0010.npy;david_pryor_0003.npy;david_pryor_0006.npy,3
jinny_ng,jinny_ng_0027.npy,yannus_sufandi,yannus_sufandi_0007.npy;yannus_sufandi_0016.npy;yannus_sufandi_0055.npy,3
jinny_ng,jinny_ng_0030.npy,vivian_wu,vivian_wu_0011.npy;vivian_wu_0012.npy;vivian_wu_0013.npy,3
jinny_ng,jinny_ng_0048.npy,ricky_gervais,ricky_gervais_0092.npy;ricky_gervais_0016.npy;ricky_gervais_0046.npy,3
jinny_ng,jinny_ng_0049.npy,marmee_cosico,marmee_cosico_0079.npy;marmee_cosico_0062.npy;marmee_cosico_0041.npy,3
jinny_ng,jinny_ng_0055.npy,jack_ma,jack_ma_0207.npy;jack_ma_0422.npy;jack_ma_0223.npy,3
jun_hasegawa,jun_hasegawa_0008.npy,eva_marcille,eva_marcille_0014.npy;eva_marcille_0025.npy;eva_marcille_0029.npy,3
jun_hasegawa,jun_hasegawa_0018.npy,roberto_lombardi,roberto_lombardi_0069.npy;roberto_lombardi_0061.npy;roberto_lombardi_0028.npy,3
jun_hasegawa,jun_hasegawa_0031.npy,madeline_zima,madeline_zima_0064.npy;madeline_zima_0066.npy;madeline_zima_0092.npy,3
jun_hasegawa,jun_hasegawa_0034.npy,eric_stonestreet,eric_stonestreet_0183.npy;eric_stonestreet_0025.npy;eric_stonestreet_0223.npy,3
jun_hasegawa,jun_hasegawa_0039.npy,marlon_wayans,marlon_wayans_0066.npy;marlon_wayans_0063.npy;marlon_wayans_0079.npy,3
jun_hasegawa,jun_hasegawa_0049.npy,brandon_soo_hoo,brandon_soo_hoo_0023.npy;brandon_soo_hoo_0022.npy;brandon_soo_hoo_0016.npy,3
jun_hasegawa,jun_hasegawa_0050.npy,dwayne_boyd,dwayne_boyd_0059.npy;dwayne_boyd_0028.npy;dwayne_boyd_0025.npy,3
jun_hasegawa,jun_hasegawa_0052.npy,timothy_spall,timothy_spall_0058.npy;timothy_spall_0011.npy;timothy_spall_0047.npy,3
jun_hasegawa,jun_hasegawa_0056.npy,antonio_sabato_jr,antonio_sabato_jr_0022.npy;antonio_sabato_jr_0031.npy;antonio_sabato_jr_0015.npy,3
jun_hasegawa,jun_hasegawa_0068.npy,tom_bergeron,tom_bergeron_0055.npy;tom_bergeron_0066.npy;tom_bergeron_0021.npy,3
lee_jung_hyun,lee_jung_hyun_0002.npy,kazuya_kamenashi,kazuya_kamenashi_0050.npy;kazuya_kamenashi_0054.npy;kazuya_kamenashi_0052.npy,3
lee_jung_hyun,lee_jung_hyun_0010.npy,bernie_matthew,bernie_matthew_0017.npy;bernie_matthew_0047.npy;bernie_matthew_0032.npy,3
lee_jung_hyun,lee_jung_hyun_0013.npy,stephen_lang,stephen_lang_0054.npy;stephen_lang_0056.npy;stephen_lang_0076.npy,3
lee_jung_hyun,lee_jung_hyun_0018.npy,john_francis_daley,john_francis_daley_0030.npy;john_francis_daley_0059.npy;john_francis_daley_0041.npy,3
lee_jung_hyun,lee_jung_hyun_0024.npy,veronica_webb,veronica_webb_0043.npy;veronica_webb_0022.npy;veronica_webb_0001.npy,3
lee_jung_hyun,lee_jung_hyun_0031.npy,josh_hartnett,josh_hartnett_0144.npy;josh_hartnett_0063.npy;josh_hartnett_0084.npy,3
lee_jung_hyun,lee_jung_hyun_0033.npy,mark_strong,mark_strong_0082.npy;mark_strong_0083.npy;mark_strong_0055.npy,3
lee_jung_hyun,lee_jung_hyun_0037.npy,fumi_desalu-vold,fumi_desalu-vold_0001.npy;fumi_desalu-vold_0004.npy;fumi_desalu-vold_0010.npy,3
lee_jung_hyun,lee_jung_hyun_0051.npy,joseph_steven,joseph_steven_0005.npy,1
lee_jung_hyun,lee_jung_hyun_0052.npy,rutina_wesley,rutina_wesley_0039.npy;rutina_wesley_0060.npy,2
lee_jung_hyun,lee_jung_hyun_0058.npy,wyatt_smith,wyatt_smith_0002.npy,1
lee_young_ae,lee_young_ae_0002.npy,donald_glover,donald_glover_0095.npy;donald_glover_0008.npy;donald_glover_0118.npy,3
lee_young_ae,lee_young_ae_0005.npy,li_na_tennis,li_na_tennis_0053.npy;li_na_tennis_0035.npy;li_na_tennis_0041.npy,3
lee_young_ae,lee_young_ae_0009.npy,park_ji_sung,park_ji_sung_0048.npy;park_ji_sung_0011.npy;park_ji_sung_0032.npy,3
lee_young_ae,lee_young_ae_0013.npy,jenny_wade,jenny_wade_0008.npy;jenny_wade_0043.npy,2
lee_young_ae,lee_young_ae_0014.npy,jennifer_grey,jennifer_grey_0082.npy;jennifer_grey_0092.npy;jennifer_grey_0107.npy,3
lee_young_ae,lee_young_ae_0015.npy,puff_guo,puff_guo_0013.npy;puff_guo_0052.npy;puff_guo_0036.npy,3
lee_young_ae,lee_young_ae_0020.npy,maximilian_law,maximilian_law_0036.npy;maximilian_law_0001.npy;maximilian_law_0050.npy,3
lee_young_ae,lee_young_ae_0022.npy,lakisha_jones,lakisha_jones_0026.npy,1
lee_young_ae,lee_young_ae_0025.npy,sting,sting_0126.npy;sting_0153.npy;sting_0081.npy,3
lee_young_ae,lee_young_ae_0027.npy,orlando_jones,orlando_jones_0380.npy,1
lee_young_ae,lee_young_ae_0045.npy,marlon_wayans,marlon_wayans_0066.npy;marlon_wayans_0042.npy;marlon_wayans_0079.npy,3
lee_young_ae,lee_young_ae_0051.npy,shane_west,shane_west_0086.npy;shane_west_0180.npy;shane_west_0141.npy,3
lee_young_ae,lee_young_ae_0056.npy,donal_logue,donal_logue_0001.npy;donal_logue_0062.npy;donal_logue_0028.npy,3
lee_young_ae,lee_young_ae_0059.npy,xzibit,xzibit_0005.npy;xzibit_0011.npy;xzibit_0012.npy,3
lee_young_ae,lee_young_ae_0060.npy,annasophia_robb,annasophia_robb_0079.npy;annasophia_robb_0094.npy;annasophia_robb_0055.npy,3
lee_young_ae,lee_young_ae_0062.npy,paul_haggis,paul_haggis_0064.npy;paul_haggis_0073.npy;paul_haggis_0096.npy,3
li_na_tennis,li_na_tennis_0003.npy,sung_kang,sung_kang_0052.npy,1
li_na_tennis,li_na_tennis_0007.npy,odette_annable,odette_annable_0060.npy;odette_annable_0119.npy;odette_annable_0128.npy,3
li_na_tennis,li_na_tennis_0008.npy,chris_colfer,chris_colfer_0130.npy;chris_colfer_0190.npy;chris_colfer_0150.npy,3
li_na_tennis,li_na_tennis_0009.npy,vivian_wu,vivian_wu_0011.npy;vivian_wu_0012.npy;vivian_wu_0013.npy,3
li_na_tennis,li_na_tennis_0010.npy,willa_holland,willa_holland_0052.npy;willa_holland_0059.npy;willa_holland_0056.npy,3
li_na_tennis,li_na_tennis_0012.npy,scott_bakula,scott_bakula_0039.npy;scott_bakula_0004.npy;scott_bakula_0009.npy,3
li_na_tennis,li_na_tennis_0022.npy,edoardo_purgatori,edoardo_purgatori_0037.npy;edoardo_purgatori_0055.npy;edoardo_purgatori_0007.npy,3
li_na_tennis,li_na_tennis_0025.npy,yao_ming,yao_ming_0007.npy;yao_ming_0036.npy;yao_ming_0001.npy,3
li_na_tennis,li_na_tennis_0026.npy,annasophia_robb,annasophia_robb_0079.npy;annasophia_robb_0063.npy;annasophia_robb_0076.npy,3
li_na_tennis,li_na_tennis_0028.npy,jon_cryer,jon_cryer_0024.npy;jon_cryer_0007.npy;jon_cryer_0006.npy,3
li_na_tennis,li_na_tennis_0035.npy,orlando_jones,orlando_jones_0380.npy,1
li_na_tennis,li_na_tennis_0036.npy,wilson_cleveland,wilson_cleveland_0018.npy;wilson_cleveland_0005.npy;wilson_cleveland_0017.npy,3
li_na_tennis,li_na_tennis_0041.npy,jennifer_grey,jennifer_grey_0082.npy;jennifer_grey_0092.npy;jennifer_grey_0107.npy,3
li_na_tennis,li_na_tennis_0043.npy,jack_ma,jack_ma_0328.npy;jack_ma_0223.npy;jack_ma_0422.npy,3
li_na_tennis,li_na_tennis_0053.npy,lea_thompson,lea_thompson_0060.npy,1
li_na_tennis,li_na_tennis_0056.npy,michael_ealy,michael_ealy_0087.npy;michael_ealy_0121.npy;michael_ealy_0086.npy,3
li_yuchun,li_yuchun_0003.npy,denyce_lawton,denyce_lawton_0002.npy;denyce_lawton_0034.npy;denyce_lawton_0095.npy,3
li_yuchun,li_yuchun_0006.npy,lakisha_jones,lakisha_jones_0026.npy,1
li_yuchun,li_yuchun_0011.npy,jet_li,jet_li_0127.npy;jet_li_0125.npy;jet_li_0004.npy,3
li_yuchun,li_yuchun_0014.npy,rachel_mcadams,rachel_mcadams_0204.npy;rachel_mcadams_0092.npy;rachel_mcadams_0293.npy,3
li_yuchun,li_yuchun_0018.npy,rachel_mcadams,rachel_mcadams_0239.npy;rachel_mcadams_0204.npy;rachel_mcadams_0092.npy,3
li_yuchun,li_yuchun_0032.npy,john_woo,john_woo_0019.npy;john_woo_0009.npy;john_woo_0001.npy,3
li_yuchun,li_yuchun_0034.npy,mika_nakashima,mika_nakashima_0037.npy;mika_nakashima_0033.npy;mika_nakashima_0045.npy,3
li_yuchun,li_yuchun_0047.npy,mark_dacascos,mark_dacascos_0022.npy;mark_dacascos_0920.npy;mark_dacascos_0961.npy,3
li_yuchun,li_yuchun_0048.npy,shane_west,shane_west_0160.npy;shane_west_0008.npy;shane_west_0086.npy,3
li_yuchun,li_yuchun_0052.npy,melanie_lynskey,melanie_lynskey_0028.npy;melanie_lynskey_0091.npy;melanie_lynskey_0054.npy,3
li_yuchun,li_yuchun_0055.npy,lee_young_ae,lee_young_ae_0027.npy;lee_young_ae_0045.npy;lee_young_ae_0013.npy,3
li_yuchun,li_yuchun_0057.npy,steve_mcqueen,steve_mcqueen_0016.npy;steve_mcqueen_0100.npy;steve_mcqueen_0014.npy,3
li_yuchun,li_yuchun_0063.npy,anthony_anderson,anthony_anderson_0055.npy;anthony_anderson_0017.npy;anthony_anderson_0033.npy,3
li_yuchun,li_yuchun_0064.npy,russ_cootey,russ_cootey_0010.npy;russ_cootey_0048.npy,2
li_yuchun,li_yuchun_0069.npy,park_ji_sung,park_ji_sung_0014.npy;park_ji_sung_0009.npy;park_ji_sung_0050.npy,3
lucy_liu,lucy_liu_0001.npy,andre_gordon,andre_gordon_0020.npy,1
lucy_liu,lucy_liu_0004.npy,lee_joon-gi,lee_joon-gi_0024.npy;lee_joon-gi_0026.npy,2
lucy_liu,lucy_liu_0008.npy,gong_seung_yeon,gong_seung_yeon_0020.npy;gong_seung_yeon_0063.npy;gong_seung_yeon_0032.npy,3
lucy_liu,lucy_liu_0013.npy,bellamy_young,bellamy_young_0057.npy;bellamy_young_0021.npy;bellamy_young_0062.npy,3
lucy_liu,lucy_liu_0038.npy,tony_chiu_wai_leung,tony_chiu_wai_leung_0017.npy;tony_chiu_wai_leung_0012.npy;tony_chiu_wai_leung_0007.npy,3
lucy_liu,lucy_liu_0039.npy,chanyeol,chanyeol_0029.npy;chanyeol_0049.npy;chanyeol_0030.npy,3
lucy_liu,lucy_liu_0044.npy,christopher_stadulis,christopher_stadulis_0030.npy;christopher_stadulis_0014.npy;christopher_stadulis_0022.npy,3
lucy_liu,lucy_liu_0048.npy,melora_walters,melora_walters_0001.npy;melora_walters_0002.npy;melora_walters_0016.npy,3
lucy_liu,lucy_liu_0054.npy,tina_q_nguyen,tina_q_nguyen_0056.npy,1
lucy_liu,lucy_liu_0056.npy,jack_ma,jack_ma_0328.npy;jack_ma_0422.npy;jack_ma_0207.npy,3
lucy_liu,lucy_liu_0057.npy,victor_webster,victor_webster_0050.npy;victor_webster_0040.npy;victor_webster_0032.npy,3
lucy_liu,lucy_liu_0064.npy,abigail_spencer,abigail_spencer_0041.npy;abigail_spencer_0050.npy,2
lucy_liu,lucy_liu_0070.npy,kim_fields,kim_fields_0007.npy;kim_fields_0019.npy;kim_fields_0051.npy,3
lucy_liu,lucy_liu_0071.npy,jet_li,jet_li_0127.npy;jet_li_0004.npy;jet_li_0056.npy,3
maggie_q,maggie_q_0018.npy,patrick_j_nicolas,patrick_j_nicolas_0040.npy;patrick_j_nicolas_0054.npy;patrick_j_nicolas_0011.npy,3
maggie_q,maggie_q_0193.npy,pam_grier,pam_grier_0062.npy;pam_grier_0065.npy;pam_grier_0078.npy,3
maggie_q,maggie_q_0210.npy,christa_b_allen,christa_b_allen_0002.npy;christa_b_allen_0019.npy;christa_b_allen_0058.npy,3
maggie_q,maggie_q_0240.npy,gabrielle_anwar,gabrielle_anwar_0027.npy;gabrielle_anwar_0177.npy;gabrielle_anwar_0175.npy,3
maggie_q,maggie_q_0281.npy,xzibit,xzibit_0005.npy;xzibit_0011.npy;xzibit_0012.npy,3
maggie_q,maggie_q_0289.npy,tracy_morgan,tracy_morgan_0059.npy;tracy_morgan_0190.npy;tracy_morgan_0011.npy,3
marmee_cosico,marmee_cosico_0028.npy,big_bang_g-dragon,big_bang_g-dragon_0035.npy;big_bang_g-dragon_0006.npy;big_bang_g-dragon_0017.npy,3
marmee_cosico,marmee_cosico_0041.npy,neve_campbell,neve_campbell_0139.npy;neve_campbell_0064.npy;neve_campbell_0143.npy,3
marmee_cosico,marmee_cosico_0062.npy,barbara_hershey,barbara_hershey_0006.npy;barbara_hershey_0051.npy;barbara_hershey_0094.npy,3
marmee_cosico,marmee_cosico_0063.npy,john_francis_daley,john_francis_daley_0065.npy;john_francis_daley_0016.npy;john_francis_daley_0013.npy,3
marmee_cosico,marmee_cosico_0079.npy,jenna_dewan-tatum,jenna_dewan-tatum_0034.npy;jenna_dewan-tatum_0060.npy,2
mika_nakashima,mika_nakashima_0003.npy,kanata_hongo,kanata_hongo_0032.npy;kanata_hongo_0045.npy;kanata_hongo_0010.npy,3
mika_nakashima,mika_nakashima_0006.npy,michael_ealy,michael_ealy_0170.npy;michael_ealy_0087.npy;michael_ealy_0121.npy,3
mika_nakashima,mika_nakashima_0012.npy,jennifer_grey,jennifer_grey_0082.npy;jennifer_grey_0092.npy;jennifer_grey_0107.npy,3
mika_nakashima,mika_nakashima_0016.npy,selita_ebanks,selita_ebanks_0029.npy;selita_ebanks_0051.npy;selita_ebanks_0014.npy,3
mika_nakashima,mika_nakashima_0021.npy,odette_annable,odette_annable_0128.npy;odette_annable_0053.npy;odette_annable_0060.npy,3
mika_nakashima,mika_nakashima_0032.npy,meagan_good,meagan_good_0027.npy;meagan_good_0065.npy;meagan_good_0108.npy,3
mika_nakashima,mika_nakashima_0033.npy,timothy_spall,timothy_spall_0032.npy;timothy_spall_0013.npy;timothy_spall_0047.npy,3
mika_nakashima,mika_nakashima_0037.npy,dominic_cooper,dominic_cooper_0055.npy;dominic_cooper_0091.npy;dominic_cooper_0043.npy,3
mika_nakashima,mika_nakashima_0045.npy,claudia_jordan,claudia_jordan_0039.npy;claudia_jordan_0047.npy;claudia_jordan_0001.npy,3
mika_nakashima,mika_nakashima_0053.npy,zachary_quinto,zachary_quinto_0214.npy;zachary_quinto_0073.npy;zachary_quinto_0137.npy,3
mika_nakashima,mika_nakashima_0064.npy,jason_behr,jason_behr_0049.npy;jason_behr_0032.npy;jason_behr_0031.npy,3
mika_nakashima,mika_nakashima_0066.npy,jian,jian_0037.npy;jian_0011.npy;jian_0025.npy,3
mika_nakashima,mika_nakashima_0067.npy,jenna_dewan-tatum,jenna_dewan-tatum_0034.npy;jenna_dewan-tatum_0060.npy,2
ming_xi,ming_xi_0009.npy,cha_seung_won,cha_seung_won_0040.npy;cha_seung_won_0008.npy;cha_seung_won_0044.npy,3
ming_xi,ming_xi_0017.npy,jason_behr,jason_behr_0038.npy;jason_behr_0032.npy;jason_behr_0023.npy,3
ming_xi,ming_xi_0019.npy,paul_haggis,paul_haggis_0064.npy;paul_haggis_0073.npy;paul_haggis_0096.npy,3
ming_xi,ming_xi_0024.npy,roberto_lombardi,roberto_lombardi_0010.npy;roberto_lombardi_0069.npy;roberto_lombardi_0028.npy,3
ming_xi,ming_xi_0026.npy,toma_ikuta,toma_ikuta_0007.npy;toma_ikuta_0022.npy;toma_ikuta_0064.npy,3
ming_xi,ming_xi_0031.npy,yao_ming,yao_ming_0012.npy;yao_ming_0017.npy;yao_ming_0007.npy,3
ming_xi,ming_xi_0037.npy,gabriela_dias,gabriela_dias_0028.npy;gabriela_dias_0058.npy,2
ming_xi,ming_xi_0040.npy,josh_holloway,josh_holloway_0099.npy;josh_holloway_0011.npy;josh_holloway_0081.npy,3
ming_xi,ming_xi_0048.npy,scott_caan,scott_caan_0142.npy;scott_caan_0221.npy;scott_caan_0212.npy,3
ming_xi,ming_xi_0050.npy,scott_bakula,scott_bakula_0038.npy;scott_bakula_0042.npy;scott_bakula_0039.npy,3
ming_xi,ming_xi_0052.npy,aubrey_plaza,aubrey_plaza_0006.npy;aubrey_plaza_0002.npy;aubrey_plaza_0031.npy,3
ming_xi,ming_xi_0055.npy,taylor_swift,taylor_swift_0065.npy;taylor_swift_0271.npy,2
ming_xi,ming_xi_0062.npy,jenn_gotzon,jenn_gotzon_0059.npy;jenn_gotzon_0027.npy;jenn_gotzon_0029.npy,3
ming_xi,ming_xi_0067.npy,aaron_yoo,aaron_yoo_0106.npy;aaron_yoo_0371.npy;aaron_yoo_0017.npy,3
minori_chihara,minori_chihara_0019.npy,able_wanamakok,able_wanamakok_0042.npy;able_wanamakok_0027.npy;able_wanamakok_0012.npy,3
minori_chihara,minori_chihara_0031.npy,corbin_bleu,corbin_bleu_0568.npy;corbin_bleu_0744.npy,2
minori_chihara,minori_chihara_0036.npy,maggie_q,maggie_q_0193.npy;maggie_q_0240.npy;maggie_q_0281.npy,3
minori_chihara,minori_chihara_0039.npy,mads_mikkelsen,mads_mikkelsen_0012.npy;mads_mikkelsen_0034.npy;mads_mikkelsen_0042.npy,3
minori_chihara,minori_chihara_0043.npy,elisa_donovan,elisa_donovan_0083.npy;elisa_donovan_0179.npy,2
minori_chihara,minori_chihara_0044.npy,karolina_kurkova,karolina_kurkova_0091.npy;karolina_kurkova_0036.npy;karolina_kurkova_0059.npy,3
minori_chihara,minori_chihara_0046.npy,claudia_jordan,claudia_jordan_0029.npy;claudia_jordan_0005.npy;claudia_jordan_0039.npy,3
minori_chihara,minori_chihara_0049.npy,david_henrie,david_henrie_0031.npy;david_henrie_0022.npy;david_henrie_0078.npy,3
minori_chihara,minori_chihara_0052.npy,yoo_ah_in,yoo_ah_in_0018.npy;yoo_ah_in_0038.npy;yoo_ah_in_0008.npy,3
moametal,moametal_0002.npy,steven_yeun,steven_yeun_0261.npy;steven_yeun_0269.npy;steven_yeun_0297.npy,3
moametal,moametal_0011.npy,fumino_kimura,fumino_kimura_0016.npy;fumino_kimura_0061.npy;fumino_kimura_0007.npy,3
moametal,moametal_0031.npy,tony_jaa,tony_jaa_0043.npy;tony_jaa_0023.npy;tony_jaa_0033.npy,3
moametal,moametal_0034.npy,kathleen_robertson,kathleen_robertson_0006.npy;kathleen_robertson_0004.npy;kathleen_robertson_0080.npy,3
moametal,moametal_0042.npy,michael_sheen,michael_sheen_0156.npy;michael_sheen_0164.npy;michael_sheen_0092.npy,3
moametal,moametal_0043.npy,john_francis_daley,john_francis_daley_0059.npy;john_francis_daley_0016.npy;john_francis_daley_0061.npy,3
moametal,moametal_0045.npy,tanit_phoenix,tanit_phoenix_0012.npy;tanit_phoenix_0030.npy,2
moametal,moametal_0049.npy,jordana_spiro,jordana_spiro_0058.npy;jordana_spiro_0057.npy;jordana_spiro_0016.npy,3
moametal,moametal_0055.npy,bitsie_tulloch,bitsie_tulloch_0024.npy;bitsie_tulloch_0070.npy;bitsie_tulloch_0068.npy,3
moametal,moametal_0056.npy,john_francis_daley,john_francis_daley_0011.npy;john_francis_daley_0061.npy;john_francis_daley_0023.npy,3
puff_guo,puff_guo_0005.npy,zachary_quinto,zachary_quinto_0217.npy;zachary_quinto_0137.npy;zachary_quinto_0106.npy,3
puff_guo,puff_guo_0007.npy,damian_lewis,damian_lewis_0155.npy;damian_lewis_0084.npy;damian_lewis_0060.npy,3
puff_guo,puff_guo_0008.npy,ming_xi,ming_xi_0050.npy;ming_xi_0040.npy;ming_xi_0055.npy,3
puff_guo,puff_guo_0009.npy,christine_lakin,christine_lakin_0008.npy,1
puff_guo,puff_guo_0010.npy,lee_dong_hae,lee_dong_hae_0053.npy;lee_dong_hae_0033.npy;lee_dong_hae_0059.npy,3
puff_guo,puff_guo_0013.npy,godfrey_gao,godfrey_gao_0007.npy;godfrey_gao_0039.npy;godfrey_gao_0041.npy,3
puff_guo,puff_guo_0025.npy,antonio_sabato_jr,antonio_sabato_jr_0066.npy;antonio_sabato_jr_0056.npy;antonio_sabato_jr_0016.npy,3
puff_guo,puff_guo_0033.npy,megan_marie_wilson,megan_marie_wilson_0048.npy;megan_marie_wilson_0008.npy;megan_marie_wilson_0055.npy,3
puff_guo,puff_guo_0036.npy,joseph_steven,joseph_steven_0005.npy,1
puff_guo,puff_guo_0041.npy,jaejoong,jaejoong_0043.npy;jaejoong_0063.npy;jaejoong_0051.npy,3
puff_guo,puff_guo_0043.npy,roberto_sanz_sanchez,roberto_sanz_sanchez_0035.npy;roberto_sanz_sanchez_0063.npy;roberto_sanz_sanchez_0065.npy,3
puff_guo,puff_guo_0050.npy,tina_q_nguyen,tina_q_nguyen_0056.npy,1
puff_guo,puff_guo_0052.npy,ashley_avis,ashley_avis_0012.npy;ashley_avis_0041.npy,2
shin_min_a,shin_min_a_0007.npy,chad_rook,chad_rook_0002.npy;chad_rook_0040.npy;chad_rook_0051.npy,3
shin_min_a,shin_min_a_0008.npy,terri_ivens,terri_ivens_0028.npy;terri_ivens_0031.npy;terri_ivens_0016.npy,3
shin_min_a,shin_min_a_0017.npy,jill_hennessy,jill_hennessy_0060.npy;jill_hennessy_0098.npy;jill_hennessy_0025.npy,3
shin_min_a,shin_min_a_0022.npy,donald_glover,donald_glover_0080.npy;donald_glover_0008.npy;donald_glover_0106.npy,3
shin_min_a,shin_min_a_0025.npy,jason_behr,jason_behr_0031.npy;jason_behr_0050.npy;jason_behr_0009.npy,3
shin_min_a,shin_min_a_0032.npy,mark_salling,mark_salling_0082.npy;mark_salling_0101.npy;mark_salling_0025.npy,3
shin_min_a,shin_min_a_0033.npy,dylan_minnette,dylan_minnette_0080.npy;dylan_minnette_0193.npy,2
shin_min_a,shin_min_a_0034.npy,tila_tequila,tila_tequila_0946.npy;tila_tequila_0955.npy;tila_tequila_0951.npy,3
shin_min_a,shin_min_a_0041.npy,luke_wilson,luke_wilson_0005.npy;luke_wilson_0056.npy;luke_wilson_0099.npy,3
shin_min_a,shin_min_a_0044.npy,hua_chenyu,hua_chenyu_0018.npy;hua_chenyu_0036.npy;hua_chenyu_0010.npy,3
shin_min_a,shin_min_a_0052.npy,cedric_the_entertainer,cedric_the_entertainer_0005.npy;cedric_the_entertainer_0025.npy,2
shin_min_a,shin_min_a_0056.npy,theresa_randle,theresa_randle_0765.npy,1
shin_min_a,shin_min_a_0060.npy,song_joong_ki,song_joong_ki_0029.npy;song_joong_ki_0018.npy;song_joong_ki_0042.npy,3
shin_min_a,shin_min_a_0061.npy,trina_mcgee,trina_mcgee_0020.npy,1
shin_min_a,shin_min_a_0062.npy,gong_seung_yeon,gong_seung_yeon_0020.npy;gong_seung_yeon_0036.npy;gong_seung_yeon_0019.npy,3
sumetal,sumetal_0001.npy,iain_glen,iain_glen_0029.npy;iain_glen_0053.npy;iain_glen_0062.npy,3
sumetal,sumetal_0010.npy,denyce_lawton,denyce_lawton_0034.npy;denyce_lawton_0013.npy;denyce_lawton_0058.npy,3
sumetal,sumetal_0012.npy,fumi_desalu-vold,fumi_desalu-vold_0001.npy;fumi_desalu-vold_0004.npy;fumi_desalu-vold_0010.npy,3
sumetal,sumetal_0013.npy,bernie_matthew,bernie_matthew_0017.npy;bernie_matthew_0032.npy;bernie_matthew_0055.npy,3
sumetal,sumetal_0016.npy,will_yun_lee,will_yun_lee_0669.npy;will_yun_lee_0490.npy;will_yun_lee_0570.npy,3
sumetal,sumetal_0028.npy,jennifer_grey,jennifer_grey_0082.npy;jennifer_grey_0092.npy;jennifer_grey_0107.npy,3
sumetal,sumetal_0033.npy,elizabeth_mitchell,elizabeth_mitchell_0043.npy;elizabeth_mitchell_0062.npy;elizabeth_mitchell_0137.npy,3
sumetal,sumetal_0040.npy,sanaa_lathan,sanaa_lathan_0118.npy;sanaa_lathan_0109.npy;sanaa_lathan_0116.npy,3
sumetal,sumetal_0047.npy,audra_mcdonald,audra_mcdonald_0027.npy;audra_mcdonald_0055.npy;audra_mcdonald_0038.npy,3
sumetal,sumetal_0051.npy,tina_q_nguyen,tina_q_nguyen_0056.npy,1
sumetal,sumetal_0054.npy,michael_sheen,michael_sheen_0092.npy;michael_sheen_0007.npy;michael_sheen_0156.npy,3
sumetal,sumetal_0055.npy,audra_mcdonald,audra_mcdonald_0044.npy;audra_mcdonald_0060.npy;audra_mcdonald_0055.npy,3
sumetal,sumetal_0056.npy,michael_ealy,michael_ealy_0170.npy;michael_ealy_0155.npy;michael_ealy_0121.npy,3
tila_tequila,tila_tequila_0909.npy,rutina_wesley,rutina_wesley_0039.npy;rutina_wesley_0060.npy,2
tila_tequila,tila_tequila_0911.npy,elena_eustache,elena_eustache_0045.npy;elena_eustache_0029.npy;elena_eustache_0033.npy,3
tila_tequila,tila_tequila_0915.npy,will_yun_lee,will_yun_lee_0669.npy;will_yun_lee_0570.npy;will_yun_lee_0079.npy,3
tila_tequila,tila_tequila_0918.npy,david_oyelowo,david_oyelowo_0009.npy;david_oyelowo_0186.npy;david_oyelowo_0247.npy,3
tila_tequila,tila_tequila_0924.npy,krysten_ritter,krysten_ritter_0149.npy,1
tila_tequila,tila_tequila_0926.npy,elisa_donovan,elisa_donovan_0083.npy;elisa_donovan_0179.npy,2
tila_tequila,tila_tequila_0932.npy,scott_bakula,scott_bakula_0039.npy;scott_bakula_0004.npy;scott_bakula_0072.npy,3
tila_tequila,tila_tequila_0935.npy,cameron_crowe,cameron_crowe_0022.npy;cameron_crowe_0047.npy,2
tila_tequila,tila_tequila_0939.npy,maximilian_law,maximilian_law_0050.npy;maximilian_law_0055.npy;maximilian_law_0036.npy,3
tila_tequila,tila_tequila_0946.npy,joseph_steven,joseph_steven_0005.npy,1
tila_tequila,tila_tequila_0950.npy,rick_gonzalez,rick_gonzalez_0050.npy;rick_gonzalez_0057.npy;rick_gonzalez_0072.npy,3
tila_tequila,tila_tequila_0951.npy,zoe_kravitz,zoe_kravitz_0050.npy;zoe_kravitz_0064.npy;zoe_kravitz_0077.npy,3
tila_tequila,tila_tequila_0955.npy,maria_menounos,maria_menounos_0181.npy;maria_menounos_0124.npy;maria_menounos_0018.npy,3
tila_tequila,tila_tequila_0958.npy,ryan_o'neal,ryan_o'neal_0059.npy;ryan_o'neal_0003.npy;ryan_o'neal_0069.npy,3
tila_tequila,tila_tequila_0959.npy,anna_kendrick,anna_kendrick_0154.npy,1
tila_tequila,tila_tequila_0964.npy,scott_a_martin,scott_a_martin_0019.npy;scott_a_martin_0037.npy;scott_a_martin_0006.npy,3
xu_jinglei,xu_jinglei_0001.npy,ryan_o'neal,ryan_o'neal_0001.npy;ryan_o'neal_0069.npy;ryan_o'neal_0063.npy,3
xu_jinglei,xu_jinglei_0011.npy,jennifer_esposito,jennifer_esposito_0004.npy;jennifer_esposito_0091.npy,2
xu_jinglei,xu_jinglei_0012.npy,john_woo,john_woo_0019.npy;john_woo_0001.npy;john_woo_0016.npy,3
xu_jinglei,xu_jinglei_0015.npy,kristinia_debarge,kristinia_debarge_0032.npy;kristinia_debarge_0004.npy;kristinia_debarge_0030.npy,3
xu_jinglei,xu_jinglei_0016.npy,thandie_newton,thandie_newton_0031.npy;thandie_newton_0026.npy;thandie_newton_0146.npy,3
xu_jinglei,xu_jinglei_0030.npy,larry_laverty,larry_laverty_0004.npy;larry_laverty_0067.npy,2
xu_jinglei,xu_jinglei_0034.npy,jet_li,jet_li_0004.npy;jet_li_0125.npy;jet_li_0127.npy,3
xu_jinglei,xu_jinglei_0036.npy,jason_patric,jason_patric_0009.npy;jason_patric_0070.npy;jason_patric_0040.npy,3
xu_jinglei,xu_jinglei_0037.npy,john_francis_daley,john_francis_daley_0016.npy;john_francis_daley_0059.npy;john_francis_daley_0065.npy,3
xu_jinglei,xu_jinglei_0041.npy,kris_wu,kris_wu_0055.npy;kris_wu_0022.npy;kris_wu_0028.npy,3
xu_jinglei,xu_jinglei_0058.npy,fabrice_eboue,fabrice_eboue_0957.npy;fabrice_eboue_0940.npy;fabrice_eboue_0902.npy,3
xu_jinglei,xu_jinglei_0061.npy,michael_cera,michael_cera_0099.npy;michael_cera_0083.npy;michael_cera_0059.npy,3
zhou_xun,zhou_xun_0000.npy,thomas_jane,thomas_jane_0091.npy;thomas_jane_0032.npy;thomas_jane_0027.npy,3
zhou_xun,zhou_xun_0001.npy,chin_han,chin_han_0003.npy;chin_han_0006.npy;chin_han_0044.npy,3
zhou_xun,zhou_xun_0003.npy,famke_janssen,famke_janssen_0073.npy;famke_janssen_0021.npy;famke_janssen_0062.npy,3
zhou_xun,zhou_xun_0010.npy,yvette_nicole_brown,yvette_nicole_brown_0041.npy;yvette_nicole_brown_0082.npy;yvette_nicole_brown_0020.npy,3
zhou_xun,zhou_xun_0011.npy,rose_byrne,rose_byrne_0078.npy;rose_byrne_0118.npy;rose_byrne_0212.npy,3
zhou_xun,zhou_xun_0013.npy,eva_marcille,eva_marcille_0029.npy;eva_marcille_0011.npy;eva_marcille_0045.npy,3
zhou_xun,zhou_xun_0021.npy,christopher_stadulis,christopher_stadulis_0063.npy;christopher_stadulis_0030.npy;christopher_stadulis_0022.npy,3
zhou_xun,zhou_xun_0022.npy,josh_hartnett,josh_hartnett_0019.npy;josh_hartnett_0056.npy;josh_hartnett_0084.npy,3
zhou_xun,zhou_xun_0029.npy,veronica_webb,veronica_webb_0001.npy;veronica_webb_0043.npy;veronica_webb_0036.npy,3
zhou_xun,zhou_xun_0031.npy,chanyeol,chanyeol_0049.npy;chanyeol_0059.npy;chanyeol_0029.npy,3
zhou_xun,zhou_xun_0036.npy,kristinia_debarge,kristinia_debarge_0004.npy;kristinia_debarge_0030.npy;kristinia_debarge_0060.npy,3
zhou_xun,zhou_xun_0038.npy,ricky_gervais,ricky_gervais_0016.npy;ricky_gervais_0154.npy;ricky_gervais_0099.npy,3
zhou_xun,zhou_xun_0044.npy,zoe_kravitz,zoe_kravitz_0061.npy;zoe_kravitz_0064.npy;zoe_kravitz_0077.npy,3
zhou_xun,zhou_xun_0053.npy,eddie_cibrian,eddie_cibrian_0001.npy;eddie_cibrian_0019.npy;eddie_cibrian_0028.npy,3
zhou_xun,zhou_xun_0057.npy,rose_byrne,rose_byrne_0212.npy;rose_byrne_0078.npy;rose_byrne_0205.npy,3
aaron_yoo,aaron_yoo_0017.npy,cha_seung_won,cha_seung_won_0033.npy;cha_seung_won_0019.npy;cha_seung_won_0006.npy,3
aaron_yoo,aaron_yoo_0045.npy,elizabeth_mitchell,elizabeth_mitchell_0043.npy;elizabeth_mitchell_0062.npy;elizabeth_mitchell_0137.npy,3
aaron_yoo,aaron_yoo_0106.npy,stephen_lang,stephen_lang_0054.npy;stephen_lang_0056.npy;stephen_lang_0076.npy,3
aaron_yoo,aaron_yoo_0371.npy,odette_annable,odette_annable_0053.npy;odette_annable_0119.npy;odette_annable_0060.npy,3
bang_yong_guk,bang_yong_guk_0001.npy,abigail_spencer,abigail_spencer_0041.npy;abigail_spencer_0050.npy,2
bang_yong_guk,bang_yong_guk_0004.npy,seann_william_scott,seann_william_scott_0101.npy;seann_william_scott_0132.npy;seann_william_scott_0008.npy,3
bang_yong_guk,bang_yong_guk_0010.npy,mark_strong,mark_strong_0005.npy;mark_strong_0036.npy;mark_strong_0035.npy,3
bang_yong_guk,bang_yong_guk_0020.npy,ariel_winter,ariel_winter_0017.npy;ariel_winter_0142.npy;ariel_winter_0108.npy,3
bang_yong_guk,bang_yong_guk_0037.npy,donald_glover,donald_glover_0095.npy;donald_glover_0080.npy;donald_glover_0102.npy,3
bang_yong_guk,bang_yong_guk_0042.npy,minori_chihara,minori_chihara_0046.npy;minori_chihara_0039.npy;minori_chihara_0036.npy,3
bang_yong_guk,bang_yong_guk_0043.npy,tom_bergeron,tom_bergeron_0071.npy;tom_bergeron_0021.npy;tom_bergeron_0067.npy,3
bang_yong_guk,bang_yong_guk_0044.npy,stephen_lang,stephen_lang_0054.npy;stephen_lang_0056.npy;stephen_lang_0076.npy,3
bang_yong_guk,bang_yong_guk_0046.npy,brooke_elliott,brooke_elliott_0027.npy;brooke_elliott_0005.npy;brooke_elliott_0022.npy,3
big_bang_g-dragon,big_bang_g-dragon_0001.npy,katie_cassidy,katie_cassidy_0029.npy;katie_cassidy_0110.npy;katie_cassidy_0144.npy,3
big_bang_g-dragon,big_bang_g-dragon_0006.npy,jordin_sparks,jordin_sparks_0038.npy;jordin_sparks_0008.npy;jordin_sparks_0027.npy,3
big_bang_g-dragon,big_bang_g-dragon_0007.npy,li_na_tennis,li_na_tennis_0025.npy;li_na_tennis_0056.npy;li_na_tennis_0022.npy,3
big_bang_g-dragon,big_bang_g-dragon_0012.npy,bang_yong_guk,bang_yong_guk_0046.npy;bang_yong_guk_0037.npy;bang_yong_guk_0020.npy,3
big_bang_g-dragon,big_bang_g-dragon_0013.npy,chad_rook,chad_rook_0040.npy;chad_rook_0002.npy;chad_rook_0051.npy,3
big_bang_g-dragon,big_bang_g-dragon_0017.npy,annasophia_robb,annasophia_robb_0055.npy;annasophia_robb_0076.npy;annasophia_robb_0079.npy,3
big_bang_g-dragon,big_bang_g-dragon_0028.npy,moametal,moametal_0045.npy;moametal_0011.npy;moametal_0034.npy,3
big_bang_g-dragon,big_bang_g-dragon_0035.npy,ricky_gervais,ricky_gervais_0143.npy;ricky_gervais_0121.npy;ricky_gervais_0046.npy,3
big_bang_g-dragon,big_bang_g-dragon_0037.npy,eric_stonestreet,eric_stonestreet_0128.npy;eric_stonestreet_0025.npy;eric_stonestreet_0183.npy,3
big_bang_g-dragon,big_bang_g-dragon_0046.npy,tony_chiu_wai_leung,tony_chiu_wai_leung_0023.npy;tony_chiu_wai_leung_0004.npy;tony_chiu_wai_leung_0028.npy,3
big_bang_g-dragon,big_bang_g-dragon_0048.npy,judge_reinhold,judge_reinhold_0012.npy;judge_reinhold_0022.npy;judge_reinhold_0053.npy,3
big_bang_g-dragon,big_bang_g-dragon_0049.npy,phil_keoghan,phil_keoghan_0012.npy;phil_keoghan_0007.npy;phil_keoghan_0057.npy,3
big_bang_g-dragon,big_bang_g-dragon_0050.npy,mark_strong,mark_strong_0001.npy;mark_strong_0035.npy;mark_strong_0055.npy,3
big_bang_g-dragon,big_bang_g-dragon_0051.npy,jian,jian_0037.npy;jian_0011.npy;jian_0010.npy,3
brandon_soo_hoo,brandon_soo_hoo_0016.npy,kanata_hongo,kanata_hongo_0010.npy;kanata_hongo_0043.npy;kanata_hongo_0022.npy,3
brandon_soo_hoo,brandon_soo_hoo_0017.npy,bang_yong_guk,bang_yong_guk_0020.npy;bang_yong_guk_0043.npy;bang_yong_guk_0010.npy,3
brandon_soo_hoo,brandon_soo_hoo_0022.npy,scott_bakula,scott_bakula_0042.npy;scott_bakula_0039.npy;scott_bakula_0004.npy,3
brandon_soo_hoo,brandon_soo_hoo_0023.npy,sendhil_ramamurthy,sendhil_ramamurthy_0073.npy;sendhil_ramamurthy_0026.npy;sendhil_ramamurthy_0072.npy,3
cha_seung_won,cha_seung_won_0006.npy,monique_coleman,monique_coleman_0015.npy;monique_coleman_0023.npy;monique_coleman_0045.npy,3
cha_seung_won,cha_seung_won_0008.npy,bang_yong_guk,bang_yong_guk_0004.npy;bang_yong_guk_0037.npy;bang_yong_guk_0046.npy,3
cha_seung_won,cha_seung_won_0013.npy,jenny_wade,jenny_wade_0008.npy;jenny_wade_0043.npy,2
cha_seung_won,cha_seung_won_0019.npy,chandra_wilson,chandra_wilson_0130.npy;chandra_wilson_0070.npy;chandra_wilson_0018.npy,3
cha_seung_won,cha_seung_won_0021.npy,katie_cassidy,katie_cassidy_0029.npy;katie_cassidy_0110.npy;katie_cassidy_0144.npy,3
cha_seung_won,cha_seung_won_0023.npy,shauna_chin,shauna_chin_0030.npy;shauna_chin_0004.npy;shauna_chin_0007.npy,3
cha_seung_won,cha_seung_won_0028.npy,joo_jin_mo,joo_jin_mo_0044.npy;joo_jin_mo_0058.npy;joo_jin_mo_0016.npy,3
cha_seung_won,cha_seung_won_0029.npy,jinny_ng,jinny_ng_0030.npy;jinny_ng_0020.npy;jinny_ng_0049.npy,3
cha_seung_won,cha_seung_won_0033.npy,aubrey_anderson-emmons,aubrey_anderson-emmons_0002.npy;aubrey_anderson-emmons_0001.npy;aubrey_anderson-emmons_0014.npy,3
cha_seung_won,cha_seung_won_0040.npy,jess_weixler,jess_weixler_0048.npy;jess_weixler_0051.npy;jess_weixler_0077.npy,3
cha_seung_won,cha_seung_won_0044.npy,timothy_spall,timothy_spall_0058.npy;timothy_spall_0013.npy;timothy_spall_0009.npy,3
cha_seung_won,cha_seung_won_0052.npy,lupita_nyong'o,lupita_nyong'o_0035.npy;lupita_nyong'o_0042.npy;lupita_nyong'o_0061.npy,3
cha_seung_won,cha_seung_won_0053.npy,jennifer_esposito,jennifer_esposito_0004.npy;jennifer_esposito_0091.npy,2
chanyeol,chanyeol_0003.npy,selita_ebanks,selita_ebanks_0026.npy;selita_ebanks_0051.npy;selita_ebanks_0052.npy,3
chanyeol,chanyeol_0004.npy,ming_xi,ming_xi_0050.npy;ming_xi_0019.npy;ming_xi_0055.npy,3
chanyeol,chanyeol_0015.npy,shakira,shakira_0009.npy;shakira_0059.npy,2
chanyeol,chanyeol_0028.npy,josh_cooke,josh_cooke_0013.npy;josh_cooke_0038.npy;josh_cooke_0016.npy,3
chanyeol,chanyeol_0029.npy,barbara_hershey,barbara_hershey_0006.npy;barbara_hershey_0051.npy;barbara_hershey_0094.npy,3
chanyeol,chanyeol_0030.npy,jessalyn_gilsig,jessalyn_gilsig_0007.npy;jessalyn_gilsig_0023.npy;jessalyn_gilsig_0009.npy,3
chanyeol,chanyeol_0036.npy,judith_shekoni,judith_shekoni_0001.npy;judith_shekoni_0020.npy;judith_shekoni_0060.npy,3
chanyeol,chanyeol_0037.npy,park_ji_sung,park_ji_sung_0026.npy;park_ji_sung_0008.npy;park_ji_sung_0032.npy,3
chanyeol,chanyeol_0038.npy,carrie_genzel,carrie_genzel_0070.npy;carrie_genzel_0057.npy;carrie_genzel_0064.npy,3
chanyeol,chanyeol_0049.npy,nikki_storm,nikki_storm_0015.npy;nikki_storm_0031.npy;nikki_storm_0057.npy,3
chanyeol,chanyeol_0058.npy,mary_lynn_rajskub,mary_lynn_rajskub_0086.npy;mary_lynn_rajskub_0114.npy;mary_lynn_rajskub_0069.npy,3
chanyeol,chanyeol_0059.npy,jurnee_smollett-bell,jurnee_smollett-bell_0003.npy;jurnee_smollett-bell_0041.npy;jurnee_smollett-bell_0046.npy,3
chanyeol,chanyeol_0060.npy,michelle_trachtenberg,michelle_trachtenberg_0258.npy;michelle_trachtenberg_0231.npy;michelle_trachtenberg_0324.npy,3
chanyeol,chanyeol_0070.npy,russ_cootey,russ_cootey_0010.npy;russ_cootey_0048.npy,2
chin_han,chin_han_0006.npy,momoe_yamaguchi,momoe_yamaguchi_0032.npy;momoe_yamaguchi_0038.npy;momoe_yamaguchi_0042.npy,3
chin_han,chin_han_0025.npy,tina_q_nguyen,tina_q_nguyen_0056.npy,1
chin_han,chin_han_0003.npy,paul_haggis,paul_haggis_0064.npy;paul_haggis_0073.npy;paul_haggis_0096.npy,3
chin_han,chin_han_0044.npy,christa_b_allen,christa_b_allen_0002.npy;christa_b_allen_0019.npy;christa_b_allen_0058.npy,3
chin_han,chin_han_0058.npy,david_alan_grier,david_alan_grier_0038.npy;david_alan_grier_0065.npy;david_alan_grier_0050.npy,3
chin_han,chin_han_0069.npy,alison_brie,alison_brie_0136.npy;alison_brie_0129.npy;alison_brie_0018.npy,3
chin_han,chin_han_0298.npy,jung_yong_hwa,jung_yong_hwa_0045.npy;jung_yong_hwa_0001.npy;jung_yong_hwa_0037.npy,3
craig_fong,craig_fong_0007.npy,elise_neal,elise_neal_0080.npy,1
craig_fong,craig_fong_0019.npy,yun-fat_chow,yun-fat_chow_0008.npy;yun-fat_chow_0200.npy;yun-fat_chow_0050.npy,3
craig_fong,craig_fong_0024.npy,mark_dacascos,mark_dacascos_0902.npy;mark_dacascos_0915.npy;mark_dacascos_0954.npy,3
craig_fong,craig_fong_0031.npy,james_mcavoy,james_mcavoy_0099.npy;james_mcavoy_0054.npy;james_mcavoy_0078.npy,3
craig_fong,craig_fong_0042.npy,kim_fields,kim_fields_0037.npy;kim_fields_0007.npy;kim_fields_0051.npy,3
craig_fong,craig_fong_0058.npy,tracy_morgan,tracy_morgan_0029.npy;tracy_morgan_0013.npy;tracy_morgan_0190.npy,3
craig_fong,craig_fong_0060.npy,jennifer_grey,jennifer_grey_0082.npy;jennifer_grey_0092.npy;jennifer_grey_0107.npy,3
craig_fong,craig_fong_0075.npy,la_la_anthony,la_la_anthony_0033.npy;la_la_anthony_0019.npy;la_la_anthony_0017.npy,3
craig_fong,craig_fong_0078.npy,melora_walters,melora_walters_0053.npy;melora_walters_0001.npy;melora_walters_0016.npy,3
daniel_henney,daniel_henney_0000.npy,will_yun_lee,will_yun_lee_0490.npy;will_yun_lee_0669.npy;will_yun_lee_0570.npy,3
daniel_henney,daniel_henney_0006.npy,eva_marcille,eva_marcille_0029.npy;eva_marcille_0025.npy;eva_marcille_0011.npy,3
daniel_henney,daniel_henney_0007.npy,marcia_cross,marcia_cross_0121.npy;marcia_cross_0148.npy;marcia_cross_0187.npy,3
daniel_henney,daniel_henney_0008.npy,aldis_hodge,aldis_hodge_0021.npy;aldis_hodge_0026.npy;aldis_hodge_0016.npy,3
daniel_henney,daniel_henney_0009.npy,marmee_cosico,marmee_cosico_0079.npy;marmee_cosico_0028.npy;marmee_cosico_0041.npy,3
daniel_henney,daniel_henney_0011.npy,sung_kang,sung_kang_0052.npy,1
daniel_henney,daniel_henney_0013.npy,kris_wu,kris_wu_0047.npy;kris_wu_0056.npy;kris_wu_0038.npy,3
daniel_henney,daniel_henney_0015.npy,christina_milian,christina_milian_0007.npy;christina_milian_0081.npy,2
daniel_henney,daniel_henney_0029.npy,ashley_avis,ashley_avis_0012.npy;ashley_avis_0041.npy,2
daniel_henney,daniel_henney_0036.npy,nikki_storm,nikki_storm_0015.npy;nikki_storm_0031.npy;nikki_storm_0057.npy,3
daniel_henney,daniel_henney_0037.npy,kyle_massey,kyle_massey_0046.npy;kyle_massey_0012.npy;kyle_massey_0051.npy,3
daniel_henney,daniel_henney_0042.npy,edoardo_purgatori,edoardo_purgatori_0055.npy;edoardo_purgatori_0013.npy;edoardo_purgatori_0007.npy,3
daniel_henney,daniel_henney_0048.npy,jennifer_esposito,jennifer_esposito_0004.npy;jennifer_esposito_0091.npy,2
daniel_henney,daniel_henney_0053.npy,amir_arison,amir_arison_0020.npy;amir_arison_0014.npy;amir_arison_0017.npy,3
daniel_henney,daniel_henney_0054.npy,michelle_trachtenberg,michelle_trachtenberg_0339.npy;michelle_trachtenberg_0258.npy;michelle_trachtenberg_0232.npy,3
daniel_henney,daniel_henney_0055.npy,gong_seung_yeon,gong_seung_yeon_0054.npy;gong_seung_yeon_0049.npy;gong_seung_yeon_0063.npy,3
daniel_henney,daniel_henney_0056.npy,tasha_smith,tasha_smith_0014.npy;tasha_smith_0020.npy;tasha_smith_0024.npy,3
godfrey_gao,godfrey_gao_0002.npy,tasha_smith,tasha_smith_0014.npy;tasha_smith_0020.npy;tasha_smith_0024.npy,3
godfrey_gao,godfrey_gao_0004.npy,tyler_perry,tyler_perry_0079.npy;tyler_perry_0094.npy;tyler_perry_0053.npy,3
godfrey_gao,godfrey_gao_0007.npy,iain_glen,iain_glen_0029.npy;iain_glen_0018.npy;iain_glen_0062.npy,3
godfrey_gao,godfrey_gao_0010.npy,momoe_yamaguchi,momoe_yamaguchi_0032.npy;momoe_yamaguchi_0038.npy;momoe_yamaguchi_0042.npy,3
godfrey_gao,godfrey_gao_0011.npy,minori_chihara,minori_chihara_0049.npy;minori_chihara_0019.npy;minori_chihara_0039.npy,3
godfrey_gao,godfrey_gao_0012.npy,billy_crudup,billy_crudup_0120.npy;billy_crudup_0142.npy;billy_crudup_0037.npy,3
godfrey_gao,godfrey_gao_0023.npy,lea_thompson,lea_thompson_0060.npy,1
godfrey_gao,godfrey_gao_0030.npy,samantha_harris,samantha_harris_0031.npy;samantha_harris_0016.npy;samantha_harris_0047.npy,3
godfrey_gao,godfrey_gao_0033.npy,thomas_jane,thomas_jane_0111.npy;thomas_jane_0027.npy;thomas_jane_0091.npy,3
godfrey_gao,godfrey_gao_0034.npy,brooke_elliott,brooke_elliott_0022.npy;brooke_elliott_0017.npy;brooke_elliott_0029.npy,3
godfrey_gao,godfrey_gao_0038.npy,jang_keun_suk,jang_keun_suk_0006.npy;jang_keun_suk_0045.npy;jang_keun_suk_0051.npy,3
godfrey_gao,godfrey_gao_0039.npy,mos_def,mos_def_0029.npy;mos_def_0041.npy;mos_def_0035.npy,3
godfrey_gao,godfrey_gao_0041.npy,dylan_mcdermott,dylan_mcdermott_0155.npy;dylan_mcdermott_0137.npy;dylan_mcdermott_0035.npy,3
godfrey_gao,godfrey_gao_0046.npy,linda_gray,linda_gray_0053.npy;linda_gray_0032.npy;linda_gray_0006.npy,3
hiroki_narimiya,hiroki_narimiya_0005.npy,victor_webster,victor_webster_0047.npy;victor_webster_0032.npy;victor_webster_0052.npy,3
hiroki_narimiya,hiroki_narimiya_0009.npy,claire_holt,claire_holt_0061.npy;claire_holt_0048.npy;claire_holt_0006.npy,3
hiroki_narimiya,hiroki_narimiya_0017.npy,manu_bennett,manu_bennett_0061.npy;manu_bennett_0065.npy;manu_bennett_0068.npy,3
hiroki_narimiya,hiroki_narimiya_0024.npy,chanyeol,chanyeol_0036.npy;chanyeol_0059.npy;chanyeol_0030.npy,3
hiroki_narimiya,hiroki_narimiya_0026.npy,billy_crudup,billy_crudup_0037.npy;billy_crudup_0115.npy;billy_crudup_0120.npy,3
hiroki_narimiya,hiroki_narimiya_0031.npy,aldis_hodge,aldis_hodge_0032.npy;aldis_hodge_0021.npy;aldis_hodge_0028.npy,3
hiroki_narimiya,hiroki_narimiya_0039.npy,sendhil_ramamurthy,sendhil_ramamurthy_0021.npy;sendhil_ramamurthy_0058.npy;sendhil_ramamurthy_0072.npy,3
hiroki_narimiya,hiroki_narimiya_0051.npy,vivian_wu,vivian_wu_0011.npy;vivian_wu_0012.npy;vivian_wu_0013.npy,3
hiroki_narimiya,hiroki_narimiya_0053.npy,tricia_helfer,tricia_helfer_0041.npy;tricia_helfer_0007.npy;tricia_helfer_0049.npy,3
hiroki_narimiya,hiroki_narimiya_0055.npy,elizabeth_mitchell,elizabeth_mitchell_0043.npy;elizabeth_mitchell_0062.npy;elizabeth_mitchell_0137.npy,3
hiroki_narimiya,hiroki_narimiya_0058.npy,christa_miller,christa_miller_0058.npy;christa_miller_0061.npy;christa_miller_0010.npy,3
hiroki_narimiya,hiroki_narimiya_0074.npy,christa_miller,christa_miller_0022.npy;christa_miller_0019.npy;christa_miller_0010.npy,3
hiroki_narimiya,hiroki_narimiya_0076.npy,david_tennant,david_tennant_0033.npy;david_tennant_0028.npy;david_tennant_0039.npy,3
hiroki_narimiya,hiroki_narimiya_0077.npy,selita_ebanks,selita_ebanks_0014.npy;selita_ebanks_0052.npy;selita_ebanks_0029.npy,3
hua_chenyu,hua_chenyu_0009.npy,federico_dordei,federico_dordei_0081.npy;federico_dordei_0032.npy;federico_dordei_0082.npy,3
hua_chenyu,hua_chenyu_0010.npy,steve_mcqueen,steve_mcqueen_0073.npy;steve_mcqueen_0036.npy;steve_mcqueen_0097.npy,3
hua_chenyu,hua_chenyu_0018.npy,scott_caan,scott_caan_0210.npy;scott_caan_0142.npy;scott_caan_0003.npy,3
hua_chenyu,hua_chenyu_0026.npy,bang_yong_guk,bang_yong_guk_0042.npy;bang_yong_guk_0046.npy;bang_yong_guk_0020.npy,3
hua_chenyu,hua_chenyu_0029.npy,rene_russo,rene_russo_0052.npy;rene_russo_0070.npy;rene_russo_0077.npy,3
hua_chenyu,hua_chenyu_0030.npy,lea_thompson,lea_thompson_0060.npy,1
hua_chenyu,hua_chenyu_0031.npy,larry_laverty,larry_laverty_0004.npy;larry_laverty_0067.npy,2
hua_chenyu,hua_chenyu_0034.npy,christine_lakin,christine_lakin_0008.npy,1
hua_chenyu,hua_chenyu_0036.npy,ryan_o'neal,ryan_o'neal_0063.npy;ryan_o'neal_0001.npy;ryan_o'neal_0003.npy,3
hua_chenyu,hua_chenyu_0040.npy,marcia_cross,marcia_cross_0032.npy;marcia_cross_0187.npy;marcia_cross_0121.npy,3
hua_chenyu,hua_chenyu_0042.npy,eva_marcille,eva_marcille_0025.npy;eva_marcille_0011.npy;eva_marcille_0029.npy,3
hua_chenyu,hua_chenyu_0043.npy,amber_riley,amber_riley_0102.npy;amber_riley_0080.npy;amber_riley_0118.npy,3
hua_chenyu,hua_chenyu_0049.npy,sara_paxton,sara_paxton_0052.npy,1
huang_xiaoming,huang_xiaoming_0001.npy,ye_liu,ye_liu_0007.npy;ye_liu_0012.npy;ye_liu_0018.npy,3
huang_xiaoming,huang_xiaoming_0003.npy,lee_young_ae,lee_young_ae_0027.npy;lee_young_ae_0020.npy;lee_young_ae_0045.npy,3
huang_xiaoming,huang_xiaoming_0004.npy,clifton_collins_jr,clifton_collins_jr_0055.npy;clifton_collins_jr_0116.npy;clifton_collins_jr_0093.npy,3
huang_xiaoming,huang_xiaoming_0006.npy,jill_hennessy,jill_hennessy_0116.npy;jill_hennessy_0060.npy;jill_hennessy_0098.npy,3
huang_xiaoming,huang_xiaoming_0009.npy,lee_jung_hyun,lee_jung_hyun_0024.npy;lee_jung_hyun_0018.npy;lee_jung_hyun_0010.npy,3
huang_xiaoming,huang_xiaoming_0011.npy,lee_young_ae,lee_young_ae_0022.npy;lee_young_ae_0059.npy;lee_young_ae_0025.npy,3
huang_xiaoming,huang_xiaoming_0012.npy,paul_haggis,paul_haggis_0064.npy;paul_haggis_0073.npy;paul_haggis_0096.npy,3
huang_xiaoming,huang_xiaoming_0017.npy,alison_brie,alison_brie_0126.npy;alison_brie_0136.npy;alison_brie_0093.npy,3
huang_xiaoming,huang_xiaoming_0020.npy,rob_corddry,rob_corddry_0082.npy;rob_corddry_0084.npy;rob_corddry_0087.npy,3
huang_xiaoming,huang_xiaoming_0022.npy,paul_haggis,paul_haggis_0064.npy;paul_haggis_0073.npy;paul_haggis_0096.npy,3
huang_xiaoming,huang_xiaoming_0025.npy,tyler_perry,tyler_perry_0079.npy;tyler_perry_0094.npy;tyler_perry_0103.npy,3
huang_xiaoming,huang_xiaoming_0026.npy,marcia_cross,marcia_cross_0148.npy;marcia_cross_0187.npy;marcia_cross_0032.npy,3
huang_xiaoming,huang_xiaoming_0032.npy,mos_def,mos_def_0029.npy;mos_def_0031.npy;mos_def_0046.npy,3
huang_xiaoming,huang_xiaoming_0037.npy,rachel_mcadams,rachel_mcadams_0239.npy;rachel_mcadams_0204.npy;rachel_mcadams_0092.npy,3
huang_xiaoming,huang_xiaoming_0068.npy,yannus_sufandi,yannus_sufandi_0007.npy;yannus_sufandi_0016.npy;yannus_sufandi_0055.npy,3
jack_ma,jack_ma_0207.npy,beth_riesgraf,beth_riesgraf_0049.npy;beth_riesgraf_0053.npy;beth_riesgraf_0001.npy,3
jack_ma,jack_ma_0223.npy,judge_reinhold,judge_reinhold_0022.npy;judge_reinhold_0053.npy;judge_reinhold_0012.npy,3
jack_ma,jack_ma_0289.npy,denyce_lawton,denyce_lawton_0013.npy;denyce_lawton_0095.npy;denyce_lawton_0002.npy,3
jack_ma,jack_ma_0328.npy,mark_dacascos,mark_dacascos_0022.npy;mark_dacascos_0928.npy;mark_dacascos_0909.npy,3
jack_ma,jack_ma_0422.npy,kelli_garner,kelli_garner_0043.npy;kelli_garner_0097.npy;kelli_garner_0024.npy,3
jaejoong,jaejoong_0000.npy,lupita_nyong'o,lupita_nyong'o_0082.npy;lupita_nyong'o_0021.npy;lupita_nyong'o_0042.npy,3
jaejoong,jaejoong_0006.npy,aubrey_plaza,aubrey_plaza_0007.npy;aubrey_plaza_0074.npy;aubrey_plaza_0025.npy,3
jaejoong,jaejoong_0009.npy,christopher_stadulis,christopher_stadulis_0022.npy;christopher_stadulis_0044.npy;christopher_stadulis_0029.npy,3
jaejoong,jaejoong_0011.npy,robin_shou,robin_shou_0097.npy;robin_shou_0489.npy,2
jaejoong,jaejoong_0021.npy,li_na_tennis,li_na_tennis_0041.npy;li_na_tennis_0053.npy;li_na_tennis_0025.npy,3
jaejoong,jaejoong_0032.npy,will_yun_lee,will_yun_lee_0570.npy;will_yun_lee_0510.npy;will_yun_lee_0490.npy,3
jaejoong,jaejoong_0040.npy,anna_tsuchiya,anna_tsuchiya_0043.npy;anna_tsuchiya_0050.npy;anna_tsuchiya_0019.npy,3
jaejoong,jaejoong_0043.npy,peter_facinelli,peter_facinelli_0061.npy;peter_facinelli_0091.npy;peter_facinelli_0027.npy,3
jaejoong,jaejoong_0046.npy,dylan_minnette,dylan_minnette_0080.npy;dylan_minnette_0193.npy,2
jaejoong,jaejoong_0047.npy,rocky_verma,rocky_verma_0012.npy;rocky_verma_0060.npy;rocky_verma_0030.npy,3
jaejoong,jaejoong_0051.npy,kim_delaney,kim_delaney_0037.npy;kim_delaney_0003.npy;kim_delaney_0039.npy,3
jaejoong,jaejoong_0054.npy,minori_chihara,minori_chihara_0036.npy;minori_chihara_0031.npy;minori_chihara_0052.npy,3
jaejoong,jaejoong_0056.npy,li_na_tennis,li_na_tennis_0041.npy;li_na_tennis_0028.npy;li_na_tennis_0043.npy,3
jaejoong,jaejoong_0057.npy,nikki_storm,nikki_storm_0015.npy;nikki_storm_0031.npy;nikki_storm_0057.npy,3
jaejoong,jaejoong_0061.npy,kristinia_debarge,kristinia_debarge_0032.npy;kristinia_debarge_0004.npy;kristinia_debarge_0030.npy,3
jaejoong,jaejoong_0063.npy,vivian_wu,vivian_wu_0011.npy;vivian_wu_0012.npy;vivian_wu_0013.npy,3
jang_keun_suk,jang_keun_suk_0006.npy,joseph_lawrence,joseph_lawrence_0017.npy;joseph_lawrence_0021.npy;joseph_lawrence_0051.npy,3
jang_keun_suk,jang_keun_suk_0007.npy,octavia_spencer,octavia_spencer_0046.npy;octavia_spencer_0094.npy;octavia_spencer_0101.npy,3
jang_keun_suk,jang_keun_suk_0012.npy,cedric_the_entertainer,cedric_the_entertainer_0005.npy;cedric_the_entertainer_0025.npy,2
jang_keun_suk,jang_keun_suk_0013.npy,kat_graham,kat_graham_0036.npy;kat_graham_0108.npy;kat_graham_0037.npy,3
jang_keun_suk,jang_keun_suk_0015.npy,scott_a_martin,scott_a_martin_0006.npy;scott_a_martin_0021.npy;scott_a_martin_0019.npy,3
jang_keun_suk,jang_keun_suk_0026.npy,jurnee_smollett-bell,jurnee_smollett-bell_0047.npy;jurnee_smollett-bell_0046.npy;jurnee_smollett-bell_0051.npy,3
jang_keun_suk,jang_keun_suk_0028.npy,john_francis_daley,john_francis_daley_0063.npy;john_francis_daley_0011.npy;john_francis_daley_0041.npy,3
jang_keun_suk,jang_keun_suk_0045.npy,helen_hunt,helen_hunt_0009.npy;helen_hunt_0212.npy;helen_hunt_0249.npy,3
jang_keun_suk,jang_keun_suk_0046.npy,yannus_sufandi,yannus_sufandi_0007.npy;yannus_sufandi_0016.npy;yannus_sufandi_0055.npy,3
jang_keun_suk,jang_keun_suk_0049.npy,joyce_giraud,joyce_giraud_0004.npy,1
jang_keun_suk,jang_keun_suk_0051.npy,claire_holt,claire_holt_0061.npy;claire_holt_0025.npy;claire_holt_0006.npy,3
jang_keun_suk,jang_keun_suk_0052.npy,david_alan_grier,david_alan_grier_0050.npy;david_alan_grier_0105.npy;david_alan_grier_0066.npy,3
jang_keun_suk,jang_keun_suk_0058.npy,kristinia_debarge,kristinia_debarge_0004.npy;kristinia_debarge_0060.npy;kristinia_debarge_0030.npy,3
jang_keun_suk,jang_keun_suk_0060.npy,jenny_wade,jenny_wade_0008.npy;jenny_wade_0043.npy,2
jet_li,jet_li_0004.npy,kim_delaney,kim_delaney_0037.npy;kim_delaney_0029.npy;kim_delaney_0039.npy,3
jet_li,jet_li_0056.npy,jenny_wade,jenny_wade_0008.npy;jenny_wade_0043.npy,2
jet_li,jet_li_0125.npy,toma_ikuta,toma_ikuta_0010.npy;toma_ikuta_0022.npy;toma_ikuta_0081.npy,3
jet_li,jet_li_0127.npy,michael_wayne_thomas,michael_wayne_thomas_0029.npy;michael_wayne_thomas_0025.npy;michael_wayne_thomas_0012.npy,3
ji_chang_wook,ji_chang_wook_0002.npy,iain_glen,iain_glen_0053.npy;iain_glen_0018.npy;iain_glen_0062.npy,3
ji_chang_wook,ji_chang_wook_0005.npy,jennifer_coolidge,jennifer_coolidge_0024.npy;jennifer_coolidge_0060.npy;jennifer_coolidge_0079.npy,3
ji_chang_wook,ji_chang_wook_0007.npy,michael_cera,michael_cera_0083.npy;michael_cera_0099.npy;michael_cera_0028.npy,3
ji_chang_wook,ji_chang_wook_0016.npy,david_henrie,david_henrie_0034.npy;david_henrie_0055.npy;david_henrie_0011.npy,3
ji_chang_wook,ji_chang_wook_0024.npy,la_la_anthony,la_la_anthony_0019.npy;la_la_anthony_0033.npy;la_la_anthony_0031.npy,3
ji_chang_wook,ji_chang_wook_0030.npy,david_cronenberg,david_cronenberg_0047.npy;david_cronenberg_0020.npy;david_cronenberg_0021.npy,3
ji_chang_wook,ji_chang_wook_0037.npy,howie_mandel,howie_mandel_0062.npy;howie_mandel_0061.npy;howie_mandel_0079.npy,3
ji_chang_wook,ji_chang_wook_0038.npy,mary_lynn_rajskub,mary_lynn_rajskub_0086.npy;mary_lynn_rajskub_0069.npy;mary_lynn_rajskub_0095.npy,3
ji_chang_wook,ji_chang_wook_0042.npy,yoo_ah_in,yoo_ah_in_0018.npy;yoo_ah_in_0050.npy;yoo_ah_in_0038.npy,3
ji_chang_wook,ji_chang_wook_0046.npy,max_greenfield,max_greenfield_0196.npy;max_greenfield_0017.npy;max_greenfield_0157.npy,3
ji_chang_wook,ji_chang_wook_0047.npy,robin_thicke,robin_thicke_0024.npy;robin_thicke_0028.npy;robin_thicke_0017.npy,3
ji_chang_wook,ji_chang_wook_0050.npy,rose_byrne,rose_byrne_0078.npy;rose_byrne_0039.npy;rose_byrne_0205.npy,3
ji_chang_wook,ji_chang_wook_0059.npy,anthony_anderson,anthony_anderson_0033.npy;anthony_anderson_0005.npy;anthony_anderson_0055.npy,3
jian,jian_0006.npy,carrie_genzel,carrie_genzel_0057.npy;carrie_genzel_0049.npy;carrie_genzel_0070.npy,3
jian,jian_0010.npy,kathleen_robertson,kathleen_robertson_0080.npy;kathleen_robertson_0042.npy;kathleen_robertson_0043.npy,3
jian,jian_0011.npy,timothy_spall,timothy_spall_0058.npy;timothy_spall_0006.npy;timothy_spall_0011.npy,3
jian,jian_0013.npy,terri_ivens,terri_ivens_0039.npy;terri_ivens_0031.npy;terri_ivens_0001.npy,3
jian,jian_0025.npy,veronica_webb,veronica_webb_0010.npy;veronica_webb_0001.npy;veronica_webb_0036.npy,3
jian,jian_0027.npy,snoop_dogg,snoop_dogg_0127.npy;snoop_dogg_0083.npy;snoop_dogg_0158.npy,3
jian,jian_0028.npy,amanda_brugel,amanda_brugel_0007.npy;amanda_brugel_0026.npy;amanda_brugel_0043.npy,3
jian,jian_0037.npy,tina_q_nguyen,tina_q_nguyen_0056.npy,1
jian,jian_0047.npy,andre_braugher,andre_braugher_0021.npy;andre_braugher_0031.npy;andre_braugher_0085.npy,3
jian,jian_0053.npy,shin_min_a,shin_min_a_0025.npy;shin_min_a_0062.npy;shin_min_a_0041.npy,3
john_woo,john_woo_0001.npy,michael_cera,michael_cera_0028.npy;michael_cera_0059.npy;michael_cera_0083.npy,3
john_woo,john_woo_0009.npy,gabourey_sidibe,gabourey_sidibe_0037.npy;gabourey_sidibe_0129.npy;gabourey_sidibe_0152.npy,3
john_woo,john_woo_0016.npy,colin_ferguson,colin_ferguson_0020.npy;colin_ferguson_0094.npy;colin_ferguson_0077.npy,3
john_woo,john_woo_0017.npy,aldis_hodge,aldis_hodge_0026.npy;aldis_hodge_0016.npy;aldis_hodge_0025.npy,3
john_woo,john_woo_0019.npy,eric_stonestreet,eric_stonestreet_0183.npy;eric_stonestreet_0025.npy;eric_stonestreet_0223.npy,3
joo_jin_mo,joo_jin_mo_0000.npy,teppei_koike,teppei_koike_0045.npy;teppei_koike_0028.npy;teppei_koike_0030.npy,3
joo_jin_mo,joo_jin_mo_0008.npy,rene_russo,rene_russo_0117.npy;rene_russo_0070.npy;rene_russo_0052.npy,3
joo_jin_mo,joo_jin_mo_0016.npy,jung_woo_sung,jung_woo_sung_0022.npy;jung_woo_sung_0017.npy;jung_woo_sung_0026.npy,3
joo_jin_mo,joo_jin_mo_0020.npy,octavia_spencer,octavia_spencer_0046.npy;octavia_spencer_0094.npy;octavia_spencer_0101.npy,3
joo_jin_mo,joo_jin_mo_0024.npy,jaida-iman_benjamin,jaida-iman_benjamin_0018.npy;jaida-iman_benjamin_0077.npy,2
joo_jin_mo,joo_jin_mo_0028.npy,david_strathairn,david_strathairn_0075.npy;david_strathairn_0083.npy;david_strathairn_0102.npy,3
joo_jin_mo,joo_jin_mo_0029.npy,cameron_crowe,cameron_crowe_0022.npy;cameron_crowe_0047.npy,2
joo_jin_mo,joo_jin_mo_0032.npy,zachary_quinto,zachary_quinto_0217.npy;zachary_quinto_0073.npy;zachary_quinto_0106.npy,3
joo_jin_mo,joo_jin_mo_0036.npy,marcia_gay_harden,marcia_gay_harden_0063.npy;marcia_gay_harden_0052.npy;marcia_gay_harden_0250.npy,3
joo_jin_mo,joo_jin_mo_0038.npy,jinny_ng,jinny_ng_0030.npy;jinny_ng_0027.npy;jinny_ng_0049.npy,3
joo_jin_mo,joo_jin_mo_0039.npy,sting,sting_0126.npy;sting_0111.npy;sting_0134.npy,3
joo_jin_mo,joo_jin_mo_0042.npy,jason_behr,jason_behr_0050.npy;jason_behr_0032.npy;jason_behr_0011.npy,3
joo_jin_mo,joo_jin_mo_0044.npy,zachary_knighton,zachary_knighton_0030.npy;zachary_knighton_0001.npy;zachary_knighton_0095.npy,3
joo_jin_mo,joo_jin_mo_0045.npy,park_ji_sung,park_ji_sung_0011.npy;park_ji_sung_0009.npy;park_ji_sung_0048.npy,3
joo_jin_mo,joo_jin_mo_0055.npy,tony_chiu_wai_leung,tony_chiu_wai_leung_0012.npy;tony_chiu_wai_leung_0017.npy;tony_chiu_wai_leung_0007.npy,3
joo_jin_mo,joo_jin_mo_0058.npy,megalyn_echikunwoke,megalyn_echikunwoke_0006.npy;megalyn_echikunwoke_0002.npy;megalyn_echikunwoke_0021.npy,3
jung_woo_sung,jung_woo_sung_0000.npy,sting,sting_0081.npy;sting_0153.npy;sting_0134.npy,3
jung_woo_sung,jung_woo_sung_0006.npy,rachel_mcadams,rachel_mcadams_0293.npy;rachel_mcadams_0092.npy;rachel_mcadams_0239.npy,3
jung_woo_sung,jung_woo_sung_0011.npy,kazuya_kamenashi,kazuya_kamenashi_0005.npy;kazuya_kamenashi_0052.npy;kazuya_kamenashi_0047.npy,3
jung_woo_sung,jung_woo_sung_0015.npy,james_mcavoy,james_mcavoy_0012.npy;james_mcavoy_0078.npy;james_mcavoy_0128.npy,3
jung_woo_sung,jung_woo_sung_0017.npy,theresa_randle,theresa_randle_0765.npy,1
jung_woo_sung,jung_woo_sung_0020.npy,momoe_yamaguchi,momoe_yamaguchi_0032.npy;momoe_yamaguchi_0038.npy;momoe_yamaguchi_0042.npy,3
jung_woo_sung,jung_woo_sung_0022.npy,big_bang_g-dragon,big_bang_g-dragon_0013.npy;big_bang_g-dragon_0048.npy;big_bang_g-dragon_0001.npy,3
jung_woo_sung,jung_woo_sung_0025.npy,jian,jian_0010.npy;jian_0013.npy;jian_0047.npy,3
jung_woo_sung,jung_woo_sung_0026.npy,gloria_reuben,gloria_reuben_0039.npy;gloria_reuben_0002.npy;gloria_reuben_0053.npy,3
jung_woo_sung,jung_woo_sung_0032.npy,will_yun_lee,will_yun_lee_0920.npy;will_yun_lee_0510.npy;will_yun_lee_0669.npy,3
jung_woo_sung,jung_woo_sung_0033.npy,beth_riesgraf,beth_riesgraf_0016.npy;beth_riesgraf_0054.npy;beth_riesgraf_0049.npy,3
jung_woo_sung,jung_woo_sung_0034.npy,donal_logue,donal_logue_0001.npy;donal_logue_0062.npy;donal_logue_0028.npy,3
jung_woo_sung,jung_woo_sung_0036.npy,bernie_matthew,bernie_matthew_0026.npy;bernie_matthew_0055.npy;bernie_matthew_0047.npy,3
jung_woo_sung,jung_woo_sung_0041.npy,christina_milian,christina_milian_0007.npy;christina_milian_0081.npy,2
jung_woo_sung,jung_woo_sung_0043.npy,chris_harrison,chris_harrison_0001.npy;chris_harrison_0004.npy;chris_harrison_0008.npy,3
jung_woo_sung,jung_woo_sung_0049.npy,stacy_keibler,stacy_keibler_0212.npy;stacy_keibler_0138.npy;stacy_keibler_0028.npy,3
jung_woo_sung,jung_woo_sung_0054.npy,kelli_garner,kelli_garner_0024.npy;kelli_garner_0025.npy;kelli_garner_0066.npy,3
jung_yong_hwa,jung_yong_hwa_0001.npy,elena_eustache,elena_eustache_0045.npy;elena_eustache_0026.npy;elena_eustache_0033.npy,3
jung_yong_hwa,jung_yong_hwa_0004.npy,jennifer_carpenter,jennifer_carpenter_0003.npy;jennifer_carpenter_0065.npy;jennifer_carpenter_0160.npy,3
jung_yong_hwa,jung_yong_hwa_0013.npy,megan_marie_wilson,megan_marie_wilson_0008.npy;megan_marie_wilson_0048.npy;megan_marie_wilson_0014.npy,3
jung_yong_hwa,jung_yong_hwa_0027.npy,samantha_harris,samantha_harris_0047.npy;samantha_harris_0088.npy;samantha_harris_0031.npy,3
jung_yong_hwa,jung_yong_hwa_0028.npy,david_pryor,david_pryor_0003.npy;david_pryor_0079.npy;david_pryor_0008.npy,3
jung_yong_hwa,jung_yong_hwa_0029.npy,sadie_calvano,sadie_calvano_0026.npy;sadie_calvano_0043.npy;sadie_calvano_0030.npy,3
jung_yong_hwa,jung_yong_hwa_0030.npy,madeline_zima,madeline_zima_0064.npy;madeline_zima_0066.npy;madeline_zima_0092.npy,3
jung_yong_hwa,jung_yong_hwa_0033.npy,jeremy_renner,jeremy_renner_0341.npy;jeremy_renner_0111.npy;jeremy_renner_0201.npy,3
jung_yong_hwa,jung_yong_hwa_0037.npy,pamella_d'pella,pamella_d'pella_0099.npy;pamella_d'pella_0096.npy;pamella_d'pella_0052.npy,3
jung_yong_hwa,jung_yong_hwa_0038.npy,judy_davis,judy_davis_0008.npy;judy_davis_0002.npy;judy_davis_0031.npy,3
jung_yong_hwa,jung_yong_hwa_0042.npy,scott_bakula,scott_bakula_0039.npy;scott_bakula_0023.npy;scott_bakula_0004.npy,3
jung_yong_hwa,jung_yong_hwa_0045.npy,sam_neill,sam_neill_0092.npy;sam_neill_0006.npy;sam_neill_0038.npy,3
kanata_hongo,kanata_hongo_0008.npy,katie_cassidy,katie_cassidy_0029.npy;katie_cassidy_0110.npy;katie_cassidy_0144.npy,3
kanata_hongo,kanata_hongo_0010.npy,amir_arison,amir_arison_0011.npy;amir_arison_0036.npy;amir_arison_0020.npy,3
kanata_hongo,kanata_hongo_0018.npy,heather_mckinley,heather_mckinley_0023.npy;heather_mckinley_0072.npy,2
kanata_hongo,kanata_hongo_0022.npy,holland_taylor,holland_taylor_0030.npy;holland_taylor_0027.npy;holland_taylor_0008.npy,3
kanata_hongo,kanata_hongo_0028.npy,chandra_wilson,chandra_wilson_0008.npy;chandra_wilson_0070.npy;chandra_wilson_0018.npy,3
kanata_hongo,kanata_hongo_0032.npy,annasophia_robb,annasophia_robb_0063.npy;annasophia_robb_0079.npy;annasophia_robb_0055.npy,3
kanata_hongo,kanata_hongo_0039.npy,rutina_wesley,rutina_wesley_0039.npy;rutina_wesley_0060.npy,2
kanata_hongo,kanata_hongo_0043.npy,jordana_spiro,jordana_spiro_0057.npy;jordana_spiro_0050.npy;jordana_spiro_0058.npy,3
kanata_hongo,kanata_hongo_0045.npy,federico_dordei,federico_dordei_0076.npy;federico_dordei_0036.npy;federico_dordei_0079.npy,3
kanata_hongo,kanata_hongo_0049.npy,helena_christensen,helena_christensen_0038.npy;helena_christensen_0037.npy;helena_christensen_0073.npy,3
kanata_hongo,kanata_hongo_0053.npy,rene_russo,rene_russo_0077.npy;rene_russo_0052.npy;rene_russo_0070.npy,3
kazuya_kamenashi,kazuya_kamenashi_0005.npy,robin_shou,robin_shou_0097.npy;robin_shou_0489.npy,2
kazuya_kamenashi,kazuya_kamenashi_0006.npy,thandie_newton,thandie_newton_0066.npy;thandie_newton_0166.npy;thandie_newton_0031.npy,3
kazuya_kamenashi,kazuya_kamenashi_0007.npy,manu_bennett,manu_bennett_0061.npy;manu_bennett_0065.npy;manu_bennett_0068.npy,3
kazuya_kamenashi,kazuya_kamenashi_0009.npy,steven_yeun,steven_yeun_0261.npy;steven_yeun_0269.npy;steven_yeun_0297.npy,3
kazuya_kamenashi,kazuya_kamenashi_0015.npy,maggie_q,maggie_q_0018.npy;maggie_q_0289.npy;maggie_q_0281.npy,3
kazuya_kamenashi,kazuya_kamenashi_0025.npy,shakira,shakira_0009.npy;shakira_0059.npy,2
kazuya_kamenashi,kazuya_kamenashi_0031.npy,scott_bakula,scott_bakula_0004.npy;scott_bakula_0023.npy;scott_bakula_0037.npy,3
kazuya_kamenashi,kazuya_kamenashi_0042.npy,john_francis_daley,john_francis_daley_0041.npy;john_francis_daley_0016.npy;john_francis_daley_0030.npy,3
kazuya_kamenashi,kazuya_kamenashi_0047.npy,louis_ck,louis_ck_0001.npy;louis_ck_0047.npy;louis_ck_0006.npy,3
kazuya_kamenashi,kazuya_kamenashi_0050.npy,megan_marie_wilson,megan_marie_wilson_0016.npy;megan_marie_wilson_0018.npy;megan_marie_wilson_0043.npy,3
kazuya_kamenashi,kazuya_kamenashi_0052.npy,rose_byrne,rose_byrne_0118.npy;rose_byrne_0212.npy;rose_byrne_0055.npy,3
kazuya_kamenashi,kazuya_kamenashi_0054.npy,christopher_stadulis,christopher_stadulis_0044.npy;christopher_stadulis_0014.npy;christopher_stadulis_0055.npy,3
kazuya_kamenashi,kazuya_kamenashi_0061.npy,julie_christie,julie_christie_0009.npy;julie_christie_0016.npy;julie_christie_0047.npy,3
kris_wu,kris_wu_0007.npy,romany_malco,romany_malco_0058.npy;romany_malco_0077.npy;romany_malco_0079.npy,3
kris_wu,kris_wu_0014.npy,mika_nakashima,mika_nakashima_0003.npy;mika_nakashima_0012.npy;mika_nakashima_0045.npy,3
kris_wu,kris_wu_0022.npy,robert_zemeckis,robert_zemeckis_0003.npy;robert_zemeckis_0002.npy;robert_zemeckis_0021.npy,3
kris_wu,kris_wu_0023.npy,julie_christie,julie_christie_0016.npy;julie_christie_0062.npy;julie_christie_0047.npy,3
kris_wu,kris_wu_0028.npy,rhona_mitra,rhona_mitra_0011.npy;rhona_mitra_0083.npy;rhona_mitra_0035.npy,3
kris_wu,kris_wu_0031.npy,david_cronenberg,david_cronenberg_0047.npy;david_cronenberg_0021.npy;david_cronenberg_0020.npy,3
kris_wu,kris_wu_0038.npy,susan_downey,susan_downey_0041.npy;susan_downey_0043.npy;susan_downey_0059.npy,3
kris_wu,kris_wu_0047.npy,vivian_wu,vivian_wu_0011.npy;vivian_wu_0012.npy;vivian_wu_0013.npy,3
kris_wu,kris_wu_0048.npy,gabrielle_anwar,gabrielle_anwar_0073.npy;gabrielle_anwar_0090.npy;gabrielle_anwar_0173.npy,3
kris_wu,kris_wu_0052.npy,deprise_brescia,deprise_brescia_0045.npy;deprise_brescia_0020.npy;deprise_brescia_0012.npy,3
kris_wu,kris_wu_0054.npy,steve_mcqueen,steve_mcqueen_0004.npy;steve_mcqueen_0100.npy;steve_mcqueen_0036.npy,3
kris_wu,kris_wu_0055.npy,puff_guo,puff_guo_0008.npy;puff_guo_0013.npy;puff_guo_0050.npy,3
kris_wu,kris_wu_0056.npy,gulshan_grover,gulshan_grover_0003.npy;gulshan_grover_0054.npy;gulshan_grover_0031.npy,3
lee_dong_hae,lee_dong_hae_0017.npy,elena_eustache,elena_eustache_0026.npy;elena_eustache_0029.npy;elena_eustache_0033.npy,3
lee_dong_hae,lee_dong_hae_0020.npy,britt_robertson,britt_robertson_0040.npy;britt_robertson_0039.npy;britt_robertson_0009.npy,3
lee_dong_hae,lee_dong_hae_0024.npy,roberto_lombardi,roberto_lombardi_0028.npy;roberto_lombardi_0069.npy;roberto_lombardi_0061.npy,3
lee_dong_hae,lee_dong_hae_0025.npy,peter_facinelli,peter_facinelli_0061.npy;peter_facinelli_0011.npy;peter_facinelli_0096.npy,3
lee_dong_hae,lee_dong_hae_0027.npy,big_bang_g-dragon,big_bang_g-dragon_0051.npy;big_bang_g-dragon_0013.npy;big_bang_g-dragon_0006.npy,3
lee_dong_hae,lee_dong_hae_0029.npy,anna_kendrick,anna_kendrick_0154.npy,1
lee_dong_hae,lee_dong_hae_0032.npy,chandra_wilson,chandra_wilson_0008.npy;chandra_wilson_0109.npy;chandra_wilson_0070.npy,3
lee_dong_hae,lee_dong_hae_0033.npy,ming_xi,ming_xi_0040.npy;ming_xi_0052.npy;ming_xi_0037.npy,3
lee_dong_hae,lee_dong_hae_0034.npy,dominic_cooper,dominic_cooper_0091.npy;dominic_cooper_0062.npy;dominic_cooper_0048.npy,3
lee_dong_hae,lee_dong_hae_0053.npy,lee_jung_hyun,lee_jung_hyun_0037.npy;lee_jung_hyun_0052.npy;lee_jung_hyun_0002.npy,3
lee_dong_hae,lee_dong_hae_0057.npy,shemar_moore,shemar_moore_0051.npy;shemar_moore_0063.npy;shemar_moore_0020.npy,3
lee_dong_hae,lee_dong_hae_0059.npy,dylan_minnette,dylan_minnette_0080.npy;dylan_minnette_0193.npy,2
lee_dong_hae,lee_dong_hae_0063.npy,john_woo,john_woo_0017.npy;john_woo_0001.npy;john_woo_0016.npy,3
lee_dong_hae,lee_dong_hae_0067.npy,sam_neill,sam_neill_0038.npy;sam_neill_0043.npy;sam_neill_0121.npy,3
mark_dacascos,mark_dacascos_0022.npy,sherrie_rose,sherrie_rose_0003.npy;sherrie_rose_0063.npy,2
mark_dacascos,mark_dacascos_0902.npy,rocky_verma,rocky_verma_0022.npy;rocky_verma_0012.npy;rocky_verma_0030.npy,3
mark_dacascos,mark_dacascos_0909.npy,marlon_wayans,marlon_wayans_0066.npy;marlon_wayans_0063.npy;marlon_wayans_0042.npy,3
mark_dacascos,mark_dacascos_0915.npy,sara_paxton,sara_paxton_0052.npy,1
mark_dacascos,mark_dacascos_0920.npy,max_greenfield,max_greenfield_0017.npy;max_greenfield_0087.npy;max_greenfield_0196.npy,3
mark_dacascos,mark_dacascos_0928.npy,yvette_nicole_brown,yvette_nicole_brown_0015.npy;yvette_nicole_brown_0045.npy;yvette_nicole_brown_0096.npy,3
mark_dacascos,mark_dacascos_0944.npy,holland_taylor,holland_taylor_0014.npy;holland_taylor_0027.npy;holland_taylor_0008.npy,3
mark_dacascos,mark_dacascos_0954.npy,eric_stonestreet,eric_stonestreet_0025.npy;eric_stonestreet_0183.npy;eric_stonestreet_0128.npy,3
mark_dacascos,mark_dacascos_0960.npy,andre_braugher,andre_braugher_0001.npy;andre_braugher_0066.npy;andre_braugher_0031.npy,3
mark_dacascos,mark_dacascos_0961.npy,joyce_giraud,joyce_giraud_0004.npy,1
park_ji_sung,park_ji_sung_0005.npy,megalyn_echikunwoke,megalyn_echikunwoke_0008.npy;megalyn_echikunwoke_0002.npy;megalyn_echikunwoke_0048.npy,3
park_ji_sung,park_ji_sung_0008.npy,stacy_keibler,stacy_keibler_0206.npy;stacy_keibler_0138.npy;stacy_keibler_0212.npy,3
park_ji_sung,park_ji_sung_0009.npy,la_la_anthony,la_la_anthony_0033.npy;la_la_anthony_0068.npy;la_la_anthony_0031.npy,3
park_ji_sung,park_ji_sung_0011.npy,luke_wilson,luke_wilson_0107.npy;luke_wilson_0099.npy;luke_wilson_0171.npy,3
park_ji_sung,park_ji_sung_0014.npy,fumi_desalu-vold,fumi_desalu-vold_0001.npy;fumi_desalu-vold_0004.npy;fumi_desalu-vold_0010.npy,3
park_ji_sung,park_ji_sung_0016.npy,jun_hasegawa,jun_hasegawa_0056.npy;jun_hasegawa_0031.npy;jun_hasegawa_0052.npy,3
park_ji_sung,park_ji_sung_0017.npy,monique_coleman,monique_coleman_0045.npy;monique_coleman_0040.npy;monique_coleman_0048.npy,3
park_ji_sung,park_ji_sung_0018.npy,cameron_crowe,cameron_crowe_0022.npy;cameron_crowe_0047.npy,2
park_ji_sung,park_ji_sung_0026.npy,josh_hartnett,josh_hartnett_0102.npy;josh_hartnett_0063.npy;josh_hartnett_0084.npy,3
park_ji_sung,park_ji_sung_0032.npy,mads_mikkelsen,mads_mikkelsen_0004.npy;mads_mikkelsen_0042.npy;mads_mikkelsen_0007.npy,3
park_ji_sung,park_ji_sung_0040.npy,christa_b_allen,christa_b_allen_0002.npy;christa_b_allen_0019.npy;christa_b_allen_0058.npy,3
park_ji_sung,park_ji_sung_0048.npy,maria_menounos,maria_menounos_0018.npy;maria_menounos_0181.npy;maria_menounos_0124.npy,3
park_ji_sung,park_ji_sung_0050.npy,sendhil_ramamurthy,sendhil_ramamurthy_0043.npy;sendhil_ramamurthy_0066.npy;sendhil_ramamurthy_0031.npy,3
park_ji_sung,park_ji_sung_0058.npy,snoop_dogg,snoop_dogg_0056.npy;snoop_dogg_0083.npy;snoop_dogg_0127.npy,3
reggie_lee,reggie_lee_0041.npy,zoe_kravitz,zoe_kravitz_0064.npy;zoe_kravitz_0061.npy;zoe_kravitz_0103.npy,3
reggie_lee,reggie_lee_0062.npy,shane_west,shane_west_0160.npy;shane_west_0031.npy;shane_west_0141.npy,3
reggie_lee,reggie_lee_0245.npy,selita_ebanks,selita_ebanks_0014.npy;selita_ebanks_0062.npy;selita_ebanks_0056.npy,3
reggie_lee,reggie_lee_0528.npy,lucy_liu,lucy_liu_0013.npy;lucy_liu_0070.npy;lucy_liu_0038.npy,3
ron_yuan,ron_yuan_0031.npy,mary_lynn_rajskub,mary_lynn_rajskub_0114.npy;mary_lynn_rajskub_0095.npy;mary_lynn_rajskub_0086.npy,3
ron_yuan,ron_yuan_0053.npy,joey_lauren_adams,joey_lauren_adams_0013.npy;joey_lauren_adams_0015.npy;joey_lauren_adams_0043.npy,3
ron_yuan,ron_yuan_0056.npy,andre_braugher,andre_braugher_0013.npy;andre_braugher_0001.npy;andre_braugher_0021.npy,3
ron_yuan,ron_yuan_0058.npy,cedric_the_entertainer,cedric_the_entertainer_0005.npy;cedric_the_entertainer_0025.npy,2
ron_yuan,ron_yuan_0062.npy,robert_zemeckis,robert_zemeckis_0027.npy;robert_zemeckis_0002.npy;robert_zemeckis_0001.npy,3
scott_takeda,scott_takeda_0006.npy,rene_russo,rene_russo_0052.npy;rene_russo_0117.npy;rene_russo_0077.npy,3
scott_takeda,scott_takeda_0011.npy,rico_e_anderson,rico_e_anderson_0041.npy,1
scott_takeda,scott_takeda_0014.npy,john_carroll_lynch,john_carroll_lynch_0025.npy;john_carroll_lynch_0005.npy;john_carroll_lynch_0023.npy,3
scott_takeda,scott_takeda_0017.npy,christa_b_allen,christa_b_allen_0002.npy;christa_b_allen_0019.npy;christa_b_allen_0058.npy,3
scott_takeda,scott_takeda_0904.npy,russ_cootey,russ_cootey_0010.npy;russ_cootey_0048.npy,2
scott_takeda,scott_takeda_0909.npy,robert_englund,robert_englund_0018.npy;robert_englund_0019.npy;robert_englund_0026.npy,3
scott_takeda,scott_takeda_0910.npy,jang_keun_suk,jang_keun_suk_0028.npy;jang_keun_suk_0052.npy;jang_keun_suk_0012.npy,3
scott_takeda,scott_takeda_0915.npy,s_epatha_merkerson,s_epatha_merkerson_0003.npy;s_epatha_merkerson_0030.npy;s_epatha_merkerson_0054.npy,3
scott_takeda,scott_takeda_0916.npy,amir_arison,amir_arison_0036.npy;amir_arison_0017.npy;amir_arison_0014.npy,3
scott_takeda,scott_takeda_0918.npy,jang_keun_suk,jang_keun_suk_0013.npy;jang_keun_suk_0049.npy;jang_keun_suk_0007.npy,3
scott_takeda,scott_takeda_0922.npy,rico_e_anderson,rico_e_anderson_0041.npy,1
scott_takeda,scott_takeda_0923.npy,wyclef_jean,wyclef_jean_0081.npy;wyclef_jean_0068.npy;wyclef_jean_0058.npy,3
scott_takeda,scott_takeda_0925.npy,s_epatha_merkerson,s_epatha_merkerson_0054.npy;s_epatha_merkerson_0003.npy;s_epatha_merkerson_0030.npy,3
shun_oguri,shun_oguri_0001.npy,kanata_hongo,kanata_hongo_0018.npy;kanata_hongo_0022.npy;kanata_hongo_0028.npy,3
shun_oguri,shun_oguri_0005.npy,kelli_garner,kelli_garner_0066.npy;kelli_garner_0043.npy;kelli_garner_0097.npy,3
shun_oguri,shun_oguri_0006.npy,vivian_wu,vivian_wu_0011.npy;vivian_wu_0012.npy;vivian_wu_0013.npy,3
shun_oguri,shun_oguri_0010.npy,rose_byrne,rose_byrne_0188.npy;rose_byrne_0212.npy;rose_byrne_0039.npy,3
shun_oguri,shun_oguri_0012.npy,shemar_moore,shemar_moore_0063.npy;shemar_moore_0051.npy;shemar_moore_0020.npy,3
shun_oguri,shun_oguri_0033.npy,seann_william_scott,seann_william_scott_0095.npy;seann_william_scott_0101.npy;seann_william_scott_0132.npy,3
shun_oguri,shun_oguri_0035.npy,will_yun_lee,will_yun_lee_0510.npy;will_yun_lee_0570.npy;will_yun_lee_0920.npy,3
shun_oguri,shun_oguri_0041.npy,orlando_jones,orlando_jones_0380.npy,1
shun_oguri,shun_oguri_0046.npy,lee_jung_hyun,lee_jung_hyun_0058.npy;lee_jung_hyun_0052.npy;lee_jung_hyun_0002.npy,3
shun_oguri,shun_oguri_0051.npy,roberto_sanz_sanchez,roberto_sanz_sanchez_0035.npy;roberto_sanz_sanchez_0052.npy;roberto_sanz_sanchez_0065.npy,3
shun_oguri,shun_oguri_0059.npy,darian_weiss,darian_weiss_0012.npy;darian_weiss_0013.npy;darian_weiss_0033.npy,3
shun_oguri,shun_oguri_0064.npy,elizabeth_mitchell,elizabeth_mitchell_0043.npy;elizabeth_mitchell_0062.npy;elizabeth_mitchell_0137.npy,3
shun_oguri,shun_oguri_0070.npy,patrick_j_nicolas,patrick_j_nicolas_0015.npy;patrick_j_nicolas_0011.npy;patrick_j_nicolas_0054.npy,3
shun_oguri,shun_oguri_0079.npy,sanaa_lathan,sanaa_lathan_0118.npy;sanaa_lathan_0054.npy;sanaa_lathan_0020.npy,3
song_joong_ki,song_joong_ki_0005.npy,heather_matarazzo,heather_matarazzo_0031.npy;heather_matarazzo_0050.npy;heather_matarazzo_0003.npy,3
song_joong_ki,song_joong_ki_0008.npy,s_epatha_merkerson,s_epatha_merkerson_0030.npy;s_epatha_merkerson_0003.npy;s_epatha_merkerson_0054.npy,3
song_joong_ki,song_joong_ki_0011.npy,katie_cassidy,katie_cassidy_0029.npy;katie_cassidy_0110.npy;katie_cassidy_0144.npy,3
song_joong_ki,song_joong_ki_0013.npy,mark_strong,mark_strong_0036.npy;mark_strong_0055.npy;mark_strong_0082.npy,3
song_joong_ki,song_joong_ki_0018.npy,maureen_mendoza,maureen_mendoza_0006.npy;maureen_mendoza_0007.npy;maureen_mendoza_0028.npy,3
song_joong_ki,song_joong_ki_0019.npy,andre_gordon,andre_gordon_0020.npy,1
song_joong_ki,song_joong_ki_0026.npy,hiroki_narimiya,hiroki_narimiya_0077.npy;hiroki_narimiya_0076.npy;hiroki_narimiya_0051.npy,3
song_joong_ki,song_joong_ki_0028.npy,melora_walters,melora_walters_0049.npy;melora_walters_0048.npy;melora_walters_0053.npy,3
song_joong_ki,song_joong_ki_0029.npy,joey_lauren_adams,joey_lauren_adams_0013.npy;joey_lauren_adams_0015.npy;joey_lauren_adams_0025.npy,3
song_joong_ki,song_joong_ki_0030.npy,wanda_sykes,wanda_sykes_0056.npy;wanda_sykes_0001.npy;wanda_sykes_0031.npy,3
song_joong_ki,song_joong_ki_0033.npy,jill_hennessy,jill_hennessy_0060.npy;jill_hennessy_0054.npy;jill_hennessy_0116.npy,3
song_joong_ki,song_joong_ki_0039.npy,lucy_liu,lucy_liu_0070.npy;lucy_liu_0001.npy;lucy_liu_0057.npy,3
song_joong_ki,song_joong_ki_0041.npy,michael_sheen,michael_sheen_0044.npy;michael_sheen_0156.npy;michael_sheen_0092.npy,3
song_joong_ki,song_joong_ki_0042.npy,sung_kang,sung_kang_0052.npy,1
song_joong_ki,song_joong_ki_0052.npy,anna_maria_perez_de_tagle,anna_maria_perez_de_tagle_0082.npy;anna_maria_perez_de_tagle_0093.npy,2
song_joong_ki,song_joong_ki_0056.npy,holland_taylor,holland_taylor_0014.npy;holland_taylor_0020.npy;holland_taylor_0027.npy,3
teppei_koike,teppei_koike_0006.npy,eddie_cibrian,eddie_cibrian_0005.npy;eddie_cibrian_0001.npy;eddie_cibrian_0053.npy,3
teppei_koike,teppei_koike_0007.npy,tatyana_ali,tatyana_ali_0020.npy;tatyana_ali_0041.npy;tatyana_ali_0028.npy,3
teppei_koike,teppei_koike_0016.npy,shane_west,shane_west_0141.npy;shane_west_0086.npy;shane_west_0180.npy,3
teppei_koike,teppei_koike_0025.npy,mylene_dinh-robic,mylene_dinh-robic_0911.npy;mylene_dinh-robic_0917.npy;mylene_dinh-robic_0904.npy,3
teppei_koike,teppei_koike_0028.npy,shane_west,shane_west_0160.npy;shane_west_0086.npy;shane_west_0180.npy,3
teppei_koike,teppei_koike_0030.npy,kim_fields,kim_fields_0007.npy;kim_fields_0019.npy;kim_fields_0037.npy,3
teppei_koike,teppei_koike_0032.npy,gabourey_sidibe,gabourey_sidibe_0152.npy;gabourey_sidibe_0091.npy;gabourey_sidibe_0037.npy,3
teppei_koike,teppei_koike_0042.npy,lee_jung_hyun,lee_jung_hyun_0002.npy;lee_jung_hyun_0051.npy;lee_jung_hyun_0018.npy,3
teppei_koike,teppei_koike_0045.npy,jaejoong,jaejoong_0061.npy;jaejoong_0011.npy;jaejoong_0021.npy,3
teppei_koike,teppei_koike_0047.npy,trevor_donovan,trevor_donovan_0057.npy;trevor_donovan_0007.npy;trevor_donovan_0064.npy,3
teppei_koike,teppei_koike_0048.npy,judge_reinhold,judge_reinhold_0058.npy;judge_reinhold_0053.npy;judge_reinhold_0012.npy,3
teppei_koike,teppei_koike_0049.npy,jaejoong,jaejoong_0054.npy;jaejoong_0009.npy;jaejoong_0047.npy,3
teppei_koike,teppei_koike_0053.npy,park_ji_sung,park_ji_sung_0005.npy;park_ji_sung_0048.npy;park_ji_sung_0026.npy,3
teppei_koike,teppei_koike_0063.npy,karolina_kurkova,karolina_kurkova_0083.npy;karolina_kurkova_0091.npy;karolina_kurkova_0002.npy,3
toma_ikuta,toma_ikuta_0007.npy,pam_grier,pam_grier_0062.npy;pam_grier_0055.npy;pam_grier_0078.npy,3
toma_ikuta,toma_ikuta_0010.npy,david_oyelowo,david_oyelowo_0009.npy;david_oyelowo_0186.npy;david_oyelowo_0247.npy,3
toma_ikuta,toma_ikuta_0022.npy,samantha_harris,samantha_harris_0088.npy;samantha_harris_0016.npy;samantha_harris_0031.npy,3
toma_ikuta,toma_ikuta_0039.npy,lupita_nyong'o,lupita_nyong'o_0082.npy;lupita_nyong'o_0035.npy;lupita_nyong'o_0042.npy,3
toma_ikuta,toma_ikuta_0048.npy,scott_a_martin,scott_a_martin_0019.npy;scott_a_martin_0037.npy;scott_a_martin_0006.npy,3
toma_ikuta,toma_ikuta_0064.npy,jennifer_coolidge,jennifer_coolidge_0024.npy;jennifer_coolidge_0060.npy;jennifer_coolidge_0079.npy,3
toma_ikuta,toma_ikuta_0074.npy,will_yun_lee,will_yun_lee_0079.npy;will_yun_lee_0510.npy;will_yun_lee_0669.npy,3
toma_ikuta,toma_ikuta_0075.npy,s_epatha_merkerson,s_epatha_merkerson_0054.npy;s_epatha_merkerson_0003.npy;s_epatha_merkerson_0028.npy,3
toma_ikuta,toma_ikuta_0081.npy,gulshan_grover,gulshan_grover_0054.npy;gulshan_grover_0055.npy;gulshan_grover_0044.npy,3
tony_chiu_wai_leung,tony_chiu_wai_leung_0004.npy,huang_xiaoming,huang_xiaoming_0001.npy;huang_xiaoming_0017.npy;huang_xiaoming_0004.npy,3
tony_chiu_wai_leung,tony_chiu_wai_leung_0006.npy,todd_bridges,todd_bridges_0043.npy;todd_bridges_0015.npy;todd_bridges_0009.npy,3
tony_chiu_wai_leung,tony_chiu_wai_leung_0007.npy,elizabeth_mitchell,elizabeth_mitchell_0043.npy;elizabeth_mitchell_0062.npy;elizabeth_mitchell_0137.npy,3
tony_chiu_wai_leung,tony_chiu_wai_leung_0012.npy,wyatt_smith,wyatt_smith_0002.npy,1
tony_chiu_wai_leung,tony_chiu_wai_leung_0017.npy,joey_lauren_adams,joey_lauren_adams_0043.npy;joey_lauren_adams_0025.npy;joey_lauren_adams_0013.npy,3
tony_chiu_wai_leung,tony_chiu_wai_leung_0020.npy,ji_chang_wook,ji_chang_wook_0042.npy;ji_chang_wook_0002.npy;ji_chang_wook_0050.npy,3
tony_chiu_wai_leung,tony_chiu_wai_leung_0021.npy,abigail_spencer,abigail_spencer_0041.npy;abigail_spencer_0050.npy,2
tony_chiu_wai_leung,tony_chiu_wai_leung_0023.npy,s_epatha_merkerson,s_epatha_merkerson_0054.npy;s_epatha_merkerson_0028.npy;s_epatha_merkerson_0003.npy,3
tony_chiu_wai_leung,tony_chiu_wai_leung_0025.npy,anna_tsuchiya,anna_tsuchiya_0018.npy;anna_tsuchiya_0043.npy;anna_tsuchiya_0031.npy,3
tony_chiu_wai_leung,tony_chiu_wai_leung_0028.npy,michael_ealy,michael_ealy_0165.npy;michael_ealy_0155.npy;michael_ealy_0086.npy,3
tony_jaa,tony_jaa_0004.npy,song_joong_ki,song_joong_ki_0008.npy;song_joong_ki_0030.npy;song_joong_ki_0011.npy,3
tony_jaa,tony_jaa_0008.npy,wanda_sykes,wanda_sykes_0005.npy;wanda_sykes_0056.npy;wanda_sykes_0046.npy,3
tony_jaa,tony_jaa_0011.npy,annasophia_robb,annasophia_robb_0079.npy;annasophia_robb_0063.npy;annasophia_robb_0055.npy,3
tony_jaa,tony_jaa_0012.npy,shemar_moore,shemar_moore_0063.npy;shemar_moore_0051.npy;shemar_moore_0015.npy,3
tony_jaa,tony_jaa_0017.npy,wanda_sykes,wanda_sykes_0001.npy;wanda_sykes_0031.npy;wanda_sykes_0059.npy,3
tony_jaa,tony_jaa_0020.npy,scott_takeda,scott_takeda_0915.npy;scott_takeda_0904.npy;scott_takeda_0909.npy,3
tony_jaa,tony_jaa_0022.npy,julie_christie,julie_christie_0047.npy;julie_christie_0016.npy;julie_christie_0062.npy,3
tony_jaa,tony_jaa_0023.npy,valeria_golino,valeria_golino_0031.npy;valeria_golino_0033.npy;valeria_golino_0013.npy,3
tony_jaa,tony_jaa_0024.npy,romany_malco,romany_malco_0077.npy;romany_malco_0020.npy;romany_malco_0084.npy,3
tony_jaa,tony_jaa_0031.npy,tina_q_nguyen,tina_q_nguyen_0056.npy,1
tony_jaa,tony_jaa_0033.npy,jaida-iman_benjamin,jaida-iman_benjamin_0018.npy;jaida-iman_benjamin_0077.npy,2
tony_jaa,tony_jaa_0043.npy,yao_ming,yao_ming_0001.npy;yao_ming_0005.npy;yao_ming_0004.npy,3
tony_jaa,tony_jaa_0045.npy,mika_nakashima,mika_nakashima_0037.npy;mika_nakashima_0021.npy;mika_nakashima_0012.npy,3
tony_jaa,tony_jaa_0054.npy,wilson_cleveland,wilson_cleveland_0041.npy;wilson_cleveland_0032.npy;wilson_cleveland_0009.npy,3
will_yun_lee,will_yun_lee_0079.npy,samantha_harris,samantha_harris_0016.npy;samantha_harris_0031.npy;samantha_harris_0047.npy,3
will_yun_lee,will_yun_lee_0490.npy,zachary_knighton,zachary_knighton_0095.npy;zachary_knighton_0036.npy;zachary_knighton_0022.npy,3
will_yun_lee,will_yun_lee_0510.npy,sadie_calvano,sadie_calvano_0026.npy;sadie_calvano_0030.npy;sadie_calvano_0047.npy,3
will_yun_lee,will_yun_lee_0570.npy,barbara_hershey,barbara_hershey_0006.npy;barbara_hershey_0051.npy;barbara_hershey_0094.npy,3
will_yun_lee,will_yun_lee_0669.npy,jet_li,jet_li_0056.npy;jet_li_0127.npy;jet_li_0004.npy,3
will_yun_lee,will_yun_lee_0920.npy,chandra_wilson,chandra_wilson_0130.npy;chandra_wilson_0109.npy;chandra_wilson_0070.npy,3
yao_ming,yao_ming_0001.npy,dean_cain,dean_cain_0043.npy;dean_cain_0046.npy;dean_cain_0007.npy,3
yao_ming,yao_ming_0003.npy,antonio_sabato_jr,antonio_sabato_jr_0056.npy;antonio_sabato_jr_0034.npy;antonio_sabato_jr_0014.npy,3
yao_ming,yao_ming_0004.npy,jess_weixler,jess_weixler_0048.npy;jess_weixler_0051.npy;jess_weixler_0077.npy,3
yao_ming,yao_ming_0005.npy,daniel_henney,daniel_henney_0015.npy;daniel_henney_0055.npy;daniel_henney_0037.npy,3
yao_ming,yao_ming_0007.npy,ji_chang_wook,ji_chang_wook_0030.npy;ji_chang_wook_0002.npy;ji_chang_wook_0024.npy,3
yao_ming,yao_ming_0009.npy,scott_caan,scott_caan_0216.npy;scott_caan_0003.npy;scott_caan_0210.npy,3
yao_ming,yao_ming_0011.npy,darby_stanchfield,darby_stanchfield_0033.npy;darby_stanchfield_0056.npy,2
yao_ming,yao_ming_0012.npy,iain_glen,iain_glen_0018.npy;iain_glen_0035.npy;iain_glen_0062.npy,3
yao_ming,yao_ming_0017.npy,lucy_liu,lucy_liu_0004.npy;lucy_liu_0048.npy;lucy_liu_0064.npy,3
yao_ming,yao_ming_0019.npy,robert_zemeckis,robert_zemeckis_0021.npy;robert_zemeckis_0058.npy;robert_zemeckis_0003.npy,3
yao_ming,yao_ming_0022.npy,james_van_der_beek,james_van_der_beek_0117.npy;james_van_der_beek_0002.npy;james_van_der_beek_0027.npy,3
yao_ming,yao_ming_0023.npy,momoe_yamaguchi,momoe_yamaguchi_0032.npy;momoe_yamaguchi_0038.npy;momoe_yamaguchi_0042.npy,3
yao_ming,yao_ming_0033.npy,rob_corddry,rob_corddry_0082.npy;rob_corddry_0084.npy;rob_corddry_0087.npy,3
yao_ming,yao_ming_0036.npy,louis_ck,louis_ck_0047.npy;louis_ck_0006.npy;louis_ck_0001.npy,3
yao_ming,yao_ming_0038.npy,mo'nique,mo'nique_0023.npy;mo'nique_0038.npy;mo'nique_0093.npy,3
ye_liu,ye_liu_0001.npy,vivian_wu,vivian_wu_0011.npy;vivian_wu_0012.npy;vivian_wu_0013.npy,3
ye_liu,ye_liu_0002.npy,chanyeol,chanyeol_0038.npy;chanyeol_0049.npy;chanyeol_0036.npy,3
ye_liu,ye_liu_0006.npy,jet_li,jet_li_0127.npy;jet_li_0056.npy;jet_li_0004.npy,3
ye_liu,ye_liu_0007.npy,selita_ebanks,selita_ebanks_0056.npy;selita_ebanks_0012.npy;selita_ebanks_0062.npy,3
ye_liu,ye_liu_0012.npy,meagan_good,meagan_good_0027.npy;meagan_good_0065.npy;meagan_good_0108.npy,3
ye_liu,ye_liu_0018.npy,amanda_brugel,amanda_brugel_0007.npy;amanda_brugel_0026.npy;amanda_brugel_0043.npy,3
ye_liu,ye_liu_0024.npy,famke_janssen,famke_janssen_0117.npy;famke_janssen_0062.npy;famke_janssen_0073.npy,3
ye_liu,ye_liu_0029.npy,ricky_gervais,ricky_gervais_0046.npy;ricky_gervais_0032.npy;ricky_gervais_0069.npy,3
yoo_ah_in,yoo_ah_in_0001.npy,rose_byrne,rose_byrne_0205.npy;rose_byrne_0188.npy;rose_byrne_0055.npy,3
yoo_ah_in,yoo_ah_in_0003.npy,sendhil_ramamurthy,sendhil_ramamurthy_0026.npy;sendhil_ramamurthy_0058.npy;sendhil_ramamurthy_0072.npy,3
yoo_ah_in,yoo_ah_in_0008.npy,jian,jian_0027.npy;jian_0047.npy;jian_0013.npy,3
yoo_ah_in,yoo_ah_in_0015.npy,romola_garai,romola_garai_0038.npy;romola_garai_0071.npy;romola_garai_0027.npy,3
yoo_ah_in,yoo_ah_in_0018.npy,50_cent,50_cent_0073.npy;50_cent_0104.npy;50_cent_0067.npy,3
yoo_ah_in,yoo_ah_in_0021.npy,jang_keun_suk,jang_keun_suk_0058.npy;jang_keun_suk_0028.npy;jang_keun_suk_0026.npy,3
yoo_ah_in,yoo_ah_in_0022.npy,josh_hartnett,josh_hartnett_0036.npy;josh_hartnett_0056.npy;josh_hartnett_0084.npy,3
yoo_ah_in,yoo_ah_in_0027.npy,joyce_giraud,joyce_giraud_0004.npy,1
yoo_ah_in,yoo_ah_in_0028.npy,jet_li,jet_li_0004.npy;jet_li_0125.npy;jet_li_0056.npy,3
yoo_ah_in,yoo_ah_in_0031.npy,mary_lynn_rajskub,mary_lynn_rajskub_0086.npy;mary_lynn_rajskub_0095.npy;mary_lynn_rajskub_0069.npy,3
yoo_ah_in,yoo_ah_in_0038.npy,samantha_harris,samantha_harris_0016.npy;samantha_harris_0031.npy;samantha_harris_0047.npy,3
yoo_ah_in,yoo_ah_in_0044.npy,kathleen_robertson,kathleen_robertson_0004.npy;kathleen_robertson_0043.npy;kathleen_robertson_0042.npy,3
yoo_ah_in,yoo_ah_in_0048.npy,yao_ming,yao_ming_0004.npy;yao_ming_0022.npy;yao_ming_0007.npy,3
yoo_ah_in,yoo_ah_in_0050.npy,tatyana_ali,tatyana_ali_0041.npy;tatyana_ali_0020.npy;tatyana_ali_0028.npy,3
young_man_kang,young_man_kang_0009.npy,shin_min_a,shin_min_a_0041.npy;shin_min_a_0008.npy;shin_min_a_0007.npy,3
young_man_kang,young_man_kang_0010.npy,terri_ivens,terri_ivens_0001.npy;terri_ivens_0031.npy;terri_ivens_0028.npy,3
young_man_kang,young_man_kang_0012.npy,jennifer_grey,jennifer_grey_0082.npy;jennifer_grey_0092.npy;jennifer_grey_0107.npy,3
young_man_kang,young_man_kang_0022.npy,ji_chang_wook,ji_chang_wook_0038.npy;ji_chang_wook_0047.npy;ji_chang_wook_0046.npy,3
young_man_kang,young_man_kang_0024.npy,theresa_randle,theresa_randle_0765.npy,1
young_man_kang,young_man_kang_0027.npy,bitsie_tulloch,bitsie_tulloch_0046.npy;bitsie_tulloch_0012.npy;bitsie_tulloch_0070.npy,3
young_man_kang,young_man_kang_0030.npy,jinny_ng,jinny_ng_0020.npy;jinny_ng_0049.npy;jinny_ng_0030.npy,3
young_man_kang,young_man_kang_0049.npy,eva_marcille,eva_marcille_0014.npy;eva_marcille_0029.npy;eva_marcille_0011.npy,3
young_man_kang,young_man_kang_0055.npy,hua_chenyu,hua_chenyu_0031.npy;hua_chenyu_0043.npy;hua_chenyu_0029.npy,3
young_man_kang,young_man_kang_0066.npy,rico_e_anderson,rico_e_anderson_0041.npy,1
yun-fat_chow,yun-fat_chow_0008.npy,hubertus_geller,hubertus_geller_0001.npy,1
yun-fat_chow,yun-fat_chow_0016.npy,linda_gray,linda_gray_0053.npy;linda_gray_0017.npy;linda_gray_0008.npy,3
yun-fat_chow,yun-fat_chow_0050.npy,ariel_winter,ariel_winter_0026.npy;ariel_winter_0080.npy;ariel_winter_0017.npy,3
yun-fat_chow,yun-fat_chow_0200.npy,godfrey_gao,godfrey_gao_0039.npy;godfrey_gao_0034.npy;godfrey_gao_0011.npy,3
yun-fat_chow,yun-fat_chow_0358.npy,ryan_o'neal,ryan_o'neal_0001.npy;ryan_o'neal_0026.npy;ryan_o'neal_0059.npy,3
aisha_tyler,aisha_tyler_0025.npy,jun_hasegawa,jun_hasegawa_0008.npy;jun_hasegawa_0050.npy;jun_hasegawa_0018.npy,3
aisha_tyler,aisha_tyler_0029.npy,gong_hyo_jin,gong_hyo_jin_0020.npy;gong_hyo_jin_0057.npy;gong_hyo_jin_0023.npy,3
aisha_tyler,aisha_tyler_0044.npy,thomas_jane,thomas_jane_0111.npy;thomas_jane_0091.npy;thomas_jane_0032.npy,3
aisha_tyler,aisha_tyler_0049.npy,michael_wayne_thomas,michael_wayne_thomas_0050.npy;michael_wayne_thomas_0025.npy;michael_wayne_thomas_0029.npy,3
aisha_tyler,aisha_tyler_0061.npy,ryan_o'neal,ryan_o'neal_0063.npy;ryan_o'neal_0069.npy;ryan_o'neal_0026.npy,3
aisha_tyler,aisha_tyler_0092.npy,michael_ealy,michael_ealy_0048.npy;michael_ealy_0170.npy;michael_ealy_0165.npy,3
aisha_tyler,aisha_tyler_0128.npy,gong_seung_yeon,gong_seung_yeon_0025.npy;gong_seung_yeon_0012.npy;gong_seung_yeon_0054.npy,3
aisha_tyler,aisha_tyler_0159.npy,jinny_ng,jinny_ng_0049.npy;jinny_ng_0024.npy;jinny_ng_0020.npy,3
alfre_woodard,alfre_woodard_0094.npy,megalyn_echikunwoke,megalyn_echikunwoke_0021.npy;megalyn_echikunwoke_0043.npy;megalyn_echikunwoke_0006.npy,3
alfre_woodard,alfre_woodard_0103.npy,phil_keoghan,phil_keoghan_0021.npy;phil_keoghan_0030.npy;phil_keoghan_0052.npy,3
alfre_woodard,alfre_woodard_0105.npy,jordin_sparks,jordin_sparks_0027.npy;jordin_sparks_0097.npy;jordin_sparks_0120.npy,3
alfre_woodard,alfre_woodard_0113.npy,mary_lynn_rajskub,mary_lynn_rajskub_0086.npy;mary_lynn_rajskub_0114.npy;mary_lynn_rajskub_0095.npy,3
alfre_woodard,alfre_woodard_0132.npy,lee_young_ae,lee_young_ae_0013.npy;lee_young_ae_0009.npy;lee_young_ae_0060.npy,3
alfre_woodard,alfre_woodard_0154.npy,trevor_donovan,trevor_donovan_0104.npy;trevor_donovan_0064.npy;trevor_donovan_0099.npy,3
amber_riley,amber_riley_0080.npy,lee_jung_hyun,lee_jung_hyun_0037.npy;lee_jung_hyun_0052.npy;lee_jung_hyun_0018.npy,3
amber_riley,amber_riley_0091.npy,lakisha_jones,lakisha_jones_0026.npy,1
amber_riley,amber_riley_0102.npy,fabrice_eboue,fabrice_eboue_0942.npy;fabrice_eboue_0901.npy;fabrice_eboue_0906.npy,3
amber_riley,amber_riley_0118.npy,fala_chen,fala_chen_0062.npy;fala_chen_0069.npy;fala_chen_0063.npy,3
audra_mcdonald,audra_mcdonald_0022.npy,jenny_wade,jenny_wade_0008.npy;jenny_wade_0043.npy,2
audra_mcdonald,audra_mcdonald_0027.npy,samantha_harris,samantha_harris_0047.npy;samantha_harris_0016.npy;samantha_harris_0031.npy,3
audra_mcdonald,audra_mcdonald_0038.npy,helena_christensen,helena_christensen_0073.npy;helena_christensen_0038.npy;helena_christensen_0037.npy,3
audra_mcdonald,audra_mcdonald_0044.npy,rihanna,rihanna_0109.npy;rihanna_0173.npy;rihanna_0330.npy,3
audra_mcdonald,audra_mcdonald_0055.npy,joey_lauren_adams,joey_lauren_adams_0043.npy;joey_lauren_adams_0025.npy;joey_lauren_adams_0026.npy,3
audra_mcdonald,audra_mcdonald_0060.npy,bang_yong_guk,bang_yong_guk_0037.npy;bang_yong_guk_0043.npy;bang_yong_guk_0020.npy,3
chandra_wilson,chandra_wilson_0008.npy,mark_dacascos,mark_dacascos_0954.npy;mark_dacascos_0928.npy;mark_dacascos_0961.npy,3
chandra_wilson,chandra_wilson_0018.npy,tom_wilkinson,tom_wilkinson_0078.npy;tom_wilkinson_0012.npy;tom_wilkinson_0065.npy,3
chandra_wilson,chandra_wilson_0070.npy,david_oyelowo,david_oyelowo_0009.npy;david_oyelowo_0186.npy;david_oyelowo_0247.npy,3
chandra_wilson,chandra_wilson_0108.npy,judith_shekoni,judith_shekoni_0001.npy;judith_shekoni_0020.npy;judith_shekoni_0060.npy,3
chandra_wilson,chandra_wilson_0109.npy,melinda_clarke,melinda_clarke_0075.npy;melinda_clarke_0076.npy;melinda_clarke_0041.npy,3
chandra_wilson,chandra_wilson_0130.npy,susan_downey,susan_downey_0041.npy;susan_downey_0043.npy;susan_downey_0059.npy,3
claudia_jordan,claudia_jordan_0001.npy,nikki_storm,nikki_storm_0015.npy;nikki_storm_0031.npy;nikki_storm_0057.npy,3
claudia_jordan,claudia_jordan_0005.npy,hubertus_geller,hubertus_geller_0001.npy,1
claudia_jordan,claudia_jordan_0023.npy,sendhil_ramamurthy,sendhil_ramamurthy_0058.npy;sendhil_ramamurthy_0072.npy;sendhil_ramamurthy_0021.npy,3
claudia_jordan,claudia_jordan_0029.npy,fabrice_eboue,fabrice_eboue_0942.npy;fabrice_eboue_0913.npy;fabrice_eboue_0954.npy,3
claudia_jordan,claudia_jordan_0032.npy,ryan_o'neal,ryan_o'neal_0063.npy;ryan_o'neal_0069.npy;ryan_o'neal_0025.npy,3
claudia_jordan,claudia_jordan_0039.npy,melora_walters,melora_walters_0004.npy;melora_walters_0016.npy;melora_walters_0054.npy,3
claudia_jordan,claudia_jordan_0047.npy,sting,sting_0081.npy;sting_0134.npy;sting_0153.npy,3
denyce_lawton,denyce_lawton_0002.npy,claudia_jordan,claudia_jordan_0005.npy;claudia_jordan_0047.npy;claudia_jordan_0032.npy,3
denyce_lawton,denyce_lawton_0013.npy,rose_byrne,rose_byrne_0051.npy;rose_byrne_0205.npy;rose_byrne_0078.npy,3
denyce_lawton,denyce_lawton_0034.npy,sadie_calvano,sadie_calvano_0041.npy;sadie_calvano_0030.npy;sadie_calvano_0026.npy,3
denyce_lawton,denyce_lawton_0058.npy,david_pryor,david_pryor_0003.npy;david_pryor_0079.npy;david_pryor_0008.npy,3
denyce_lawton,denyce_lawton_0095.npy,wanda_sykes,wanda_sykes_0031.npy;wanda_sykes_0005.npy;wanda_sykes_0056.npy,3
eva_marcille,eva_marcille_0011.npy,sherrie_rose,sherrie_rose_0003.npy;sherrie_rose_0063.npy,2
eva_marcille,eva_marcille_0014.npy,marmee_cosico,marmee_cosico_0028.npy;marmee_cosico_0062.npy;marmee_cosico_0041.npy,3
eva_marcille,eva_marcille_0025.npy,lee_joon-gi,lee_joon-gi_0024.npy;lee_joon-gi_0026.npy,2
eva_marcille,eva_marcille_0029.npy,judge_reinhold,judge_reinhold_0022.npy;judge_reinhold_0012.npy;judge_reinhold_0053.npy,3
eva_marcille,eva_marcille_0045.npy,pam_grier,pam_grier_0078.npy;pam_grier_0062.npy;pam_grier_0065.npy,3
gabourey_sidibe,gabourey_sidibe_0037.npy,bitsie_tulloch,bitsie_tulloch_0012.npy;bitsie_tulloch_0046.npy;bitsie_tulloch_0070.npy,3
gabourey_sidibe,gabourey_sidibe_0091.npy,sting,sting_0153.npy;sting_0081.npy;sting_0126.npy,3
gabourey_sidibe,gabourey_sidibe_0129.npy,sumetal,sumetal_0040.npy;sumetal_0056.npy;sumetal_0010.npy,3
gabourey_sidibe,gabourey_sidibe_0152.npy,kanata_hongo,kanata_hongo_0049.npy;kanata_hongo_0053.npy;kanata_hongo_0010.npy,3
gloria_reuben,gloria_reuben_0002.npy,david_tennant,david_tennant_0006.npy;david_tennant_0071.npy;david_tennant_0020.npy,3
gloria_reuben,gloria_reuben_0017.npy,audra_mcdonald,audra_mcdonald_0060.npy;audra_mcdonald_0022.npy;audra_mcdonald_0027.npy,3
gloria_reuben,gloria_reuben_0019.npy,carrie_genzel,carrie_genzel_0020.npy;carrie_genzel_0064.npy;carrie_genzel_0031.npy,3
gloria_reuben,gloria_reuben_0021.npy,wyatt_smith,wyatt_smith_0002.npy,1
gloria_reuben,gloria_reuben_0027.npy,kim_delaney,kim_delaney_0064.npy;kim_delaney_0039.npy;kim_delaney_0003.npy,3
gloria_reuben,gloria_reuben_0039.npy,yoo_ah_in,yoo_ah_in_0038.npy;yoo_ah_in_0021.npy;yoo_ah_in_0048.npy,3
gloria_reuben,gloria_reuben_0048.npy,teppei_koike,teppei_koike_0007.npy;teppei_koike_0025.npy;teppei_koike_0042.npy,3
gloria_reuben,gloria_reuben_0053.npy,jenny_wade,jenny_wade_0008.npy;jenny_wade_0043.npy,2
gloria_reuben,gloria_reuben_0057.npy,aubrey_anderson-emmons,aubrey_anderson-emmons_0002.npy;aubrey_anderson-emmons_0015.npy;aubrey_anderson-emmons_0014.npy,3
jordin_sparks,jordin_sparks_0008.npy,david_gyasi,david_gyasi_0033.npy;david_gyasi_0013.npy;david_gyasi_0045.npy,3
jordin_sparks,jordin_sparks_0027.npy,clare_grant,clare_grant_0045.npy;clare_grant_0015.npy;clare_grant_0041.npy,3
jordin_sparks,jordin_sparks_0038.npy,robin_thicke,robin_thicke_0017.npy;robin_thicke_0054.npy;robin_thicke_0037.npy,3
jordin_sparks,jordin_sparks_0058.npy,jill_hennessy,jill_hennessy_0054.npy;jill_hennessy_0006.npy;jill_hennessy_0116.npy,3
jordin_sparks,jordin_sparks_0097.npy,jennifer_grey,jennifer_grey_0082.npy;jennifer_grey_0092.npy;jennifer_grey_0107.npy,3
jordin_sparks,jordin_sparks_0107.npy,jennifer_coolidge,jennifer_coolidge_0024.npy;jennifer_coolidge_0060.npy;jennifer_coolidge_0079.npy,3
jordin_sparks,jordin_sparks_0120.npy,marcia_cross,marcia_cross_0148.npy;marcia_cross_0032.npy;marcia_cross_0121.npy,3
jordin_sparks,jordin_sparks_0131.npy,will_yun_lee,will_yun_lee_0079.npy;will_yun_lee_0669.npy;will_yun_lee_0920.npy,3
jordin_sparks,jordin_sparks_0155.npy,huang_xiaoming,huang_xiaoming_0011.npy;huang_xiaoming_0068.npy;huang_xiaoming_0012.npy,3
jurnee_smollett-bell,jurnee_smollett-bell_0003.npy,amber_riley,amber_riley_0118.npy;amber_riley_0080.npy;amber_riley_0091.npy,3
jurnee_smollett-bell,jurnee_smollett-bell_0041.npy,mika_nakashima,mika_nakashima_0064.npy;mika_nakashima_0067.npy;mika_nakashima_0012.npy,3
jurnee_smollett-bell,jurnee_smollett-bell_0046.npy,eddie_cibrian,eddie_cibrian_0001.npy;eddie_cibrian_0028.npy;eddie_cibrian_0051.npy,3
jurnee_smollett-bell,jurnee_smollett-bell_0047.npy,roberto_lombardi,roberto_lombardi_0061.npy;roberto_lombardi_0034.npy;roberto_lombardi_0047.npy,3
jurnee_smollett-bell,jurnee_smollett-bell_0051.npy,holland_taylor,holland_taylor_0030.npy;holland_taylor_0027.npy;holland_taylor_0020.npy,3
kat_graham,kat_graham_0036.npy,rico_e_anderson,rico_e_anderson_0041.npy,1
kat_graham,kat_graham_0037.npy,aubrey_plaza,aubrey_plaza_0002.npy;aubrey_plaza_0031.npy;aubrey_plaza_0093.npy,3
kat_graham,kat_graham_0042.npy,joseph_steven,joseph_steven_0005.npy,1
kat_graham,kat_graham_0108.npy,yannus_sufandi,yannus_sufandi_0007.npy;yannus_sufandi_0016.npy;yannus_sufandi_0055.npy,3
kim_fields,kim_fields_0007.npy,tony_oller,tony_oller_0072.npy;tony_oller_0101.npy;tony_oller_0041.npy,3
kim_fields,kim_fields_0019.npy,lupita_nyong'o,lupita_nyong'o_0082.npy;lupita_nyong'o_0122.npy;lupita_nyong'o_0061.npy,3
kim_fields,kim_fields_0037.npy,tom_wilkinson,tom_wilkinson_0065.npy;tom_wilkinson_0078.npy;tom_wilkinson_0035.npy,3
kim_fields,kim_fields_0051.npy,michael_ealy,michael_ealy_0048.npy;michael_ealy_0037.npy;michael_ealy_0121.npy,3
la_la_anthony,la_la_anthony_0017.npy,alison_brie,alison_brie_0126.npy;alison_brie_0195.npy;alison_brie_0042.npy,3
la_la_anthony,la_la_anthony_0019.npy,willa_holland,willa_holland_0052.npy;willa_holland_0025.npy;willa_holland_0020.npy,3
la_la_anthony,la_la_anthony_0031.npy,taylor_swift,taylor_swift_0065.npy;taylor_swift_0271.npy,2
la_la_anthony,la_la_anthony_0033.npy,darian_weiss,darian_weiss_0012.npy;darian_weiss_0013.npy;darian_weiss_0033.npy,3
la_la_anthony,la_la_anthony_0055.npy,randy_jackson,randy_jackson_0168.npy;randy_jackson_0143.npy;randy_jackson_0146.npy,3
la_la_anthony,la_la_anthony_0058.npy,max_greenfield,max_greenfield_0087.npy;max_greenfield_0017.npy;max_greenfield_0196.npy,3
la_la_anthony,la_la_anthony_0068.npy,christopher_stadulis,christopher_stadulis_0044.npy;christopher_stadulis_0029.npy;christopher_stadulis_0022.npy,3
lupita_nyong'o,lupita_nyong'o_0021.npy,michael_wayne_thomas,michael_wayne_thomas_0029.npy;michael_wayne_thomas_0012.npy;michael_wayne_thomas_0025.npy,3
lupita_nyong'o,lupita_nyong'o_0035.npy,zhou_xun,zhou_xun_0053.npy;zhou_xun_0013.npy;zhou_xun_0011.npy,3
lupita_nyong'o,lupita_nyong'o_0042.npy,manu_bennett,manu_bennett_0061.npy;manu_bennett_0065.npy;manu_bennett_0068.npy,3
lupita_nyong'o,lupita_nyong'o_0061.npy,susan_downey,susan_downey_0041.npy;susan_downey_0043.npy;susan_downey_0059.npy,3
lupita_nyong'o,lupita_nyong'o_0082.npy,bitsie_tulloch,bitsie_tulloch_0012.npy;bitsie_tulloch_0070.npy;bitsie_tulloch_0046.npy,3
lupita_nyong'o,lupita_nyong'o_0122.npy,ron_yuan,ron_yuan_0058.npy;ron_yuan_0056.npy;ron_yuan_0062.npy,3
megalyn_echikunwoke,megalyn_echikunwoke_0002.npy,anna_tsuchiya,anna_tsuchiya_0042.npy;anna_tsuchiya_0019.npy;anna_tsuchiya_0015.npy,3
megalyn_echikunwoke,megalyn_echikunwoke_0006.npy,federico_dordei,federico_dordei_0076.npy;federico_dordei_0081.npy;federico_dordei_0079.npy,3
megalyn_echikunwoke,megalyn_echikunwoke_0008.npy,robin_thicke,robin_thicke_0037.npy;robin_thicke_0054.npy;robin_thicke_0017.npy,3
megalyn_echikunwoke,megalyn_echikunwoke_0021.npy,bellamy_young,bellamy_young_0021.npy;bellamy_young_0062.npy;bellamy_young_0010.npy,3
megalyn_echikunwoke,megalyn_echikunwoke_0032.npy,deprise_brescia,deprise_brescia_0035.npy;deprise_brescia_0011.npy;deprise_brescia_0005.npy,3
megalyn_echikunwoke,megalyn_echikunwoke_0043.npy,tyler_perry,tyler_perry_0094.npy;tyler_perry_0103.npy;tyler_perry_0053.npy,3
megalyn_echikunwoke,megalyn_echikunwoke_0048.npy,bryce_dallas_howard,bryce_dallas_howard_0028.npy;bryce_dallas_howard_0042.npy;bryce_dallas_howard_0093.npy,3
mo'nique,mo'nique_0023.npy,linda_gray,linda_gray_0006.npy;linda_gray_0053.npy;linda_gray_0023.npy,3
mo'nique,mo'nique_0025.npy,jordana_spiro,jordana_spiro_0057.npy;jordana_spiro_0007.npy;jordana_spiro_0058.npy,3
mo'nique,mo'nique_0038.npy,aaron_yoo,aaron_yoo_0371.npy;aaron_yoo_0017.npy;aaron_yoo_0045.npy,3
mo'nique,mo'nique_0080.npy,monique_coleman,monique_coleman_0045.npy;monique_coleman_0015.npy;monique_coleman_0023.npy,3
mo'nique,mo'nique_0093.npy,scott_a_martin,scott_a_martin_0037.npy;scott_a_martin_0021.npy;scott_a_martin_0019.npy,3
mo'nique,mo'nique_0103.npy,yvette_nicole_brown,yvette_nicole_brown_0096.npy;yvette_nicole_brown_0082.npy;yvette_nicole_brown_0074.npy,3
monique_coleman,monique_coleman_0015.npy,kelli_garner,kelli_garner_0066.npy;kelli_garner_0097.npy;kelli_garner_0024.npy,3
monique_coleman,monique_coleman_0023.npy,tony_jaa,tony_jaa_0024.npy;tony_jaa_0011.npy;tony_jaa_0023.npy,3
monique_coleman,monique_coleman_0040.npy,zachary_quinto,zachary_quinto_0214.npy;zachary_quinto_0105.npy;zachary_quinto_0153.npy,3
monique_coleman,monique_coleman_0045.npy,terri_ivens,terri_ivens_0076.npy;terri_ivens_0031.npy;terri_ivens_0001.npy,3
monique_coleman,monique_coleman_0048.npy,timothy_spall,timothy_spall_0009.npy;timothy_spall_0013.npy;timothy_spall_0047.npy,3
namaiya_cunningham,namaiya_cunningham_0012.npy,marmee_cosico,marmee_cosico_0041.npy;marmee_cosico_0062.npy;marmee_cosico_0028.npy,3
namaiya_cunningham,namaiya_cunningham_0021.npy,john_carroll_lynch,john_carroll_lynch_0037.npy;john_carroll_lynch_0005.npy;john_carroll_lynch_0025.npy,3
namaiya_cunningham,namaiya_cunningham_0029.npy,claire_holt,claire_holt_0048.npy;claire_holt_0006.npy;claire_holt_0061.npy,3
namaiya_cunningham,namaiya_cunningham_0044.npy,park_ji_sung,park_ji_sung_0016.npy;park_ji_sung_0014.npy;park_ji_sung_0058.npy,3
namaiya_cunningham,namaiya_cunningham_0051.npy,michael_wayne_thomas,michael_wayne_thomas_0025.npy;michael_wayne_thomas_0029.npy;michael_wayne_thomas_0012.npy,3
pam_grier,pam_grier_0055.npy,tony_jaa,tony_jaa_0011.npy;tony_jaa_0045.npy;tony_jaa_0031.npy,3
pam_grier,pam_grier_0062.npy,jill_hennessy,jill_hennessy_0001.npy;jill_hennessy_0025.npy;jill_hennessy_0098.npy,3
pam_grier,pam_grier_0065.npy,namaiya_cunningham,namaiya_cunningham_0021.npy;namaiya_cunningham_0044.npy;namaiya_cunningham_0012.npy,3
pam_grier,pam_grier_0078.npy,robin_shou,robin_shou_0097.npy;robin_shou_0489.npy,2
pamella_d'pella,pamella_d'pella_0015.npy,danny_devito,danny_devito_0162.npy;danny_devito_0022.npy;danny_devito_0164.npy,3
pamella_d'pella,pamella_d'pella_0052.npy,jess_weixler,jess_weixler_0048.npy;jess_weixler_0051.npy;jess_weixler_0077.npy,3
pamella_d'pella,pamella_d'pella_0076.npy,odette_annable,odette_annable_0119.npy;odette_annable_0128.npy;odette_annable_0060.npy,3
pamella_d'pella,pamella_d'pella_0096.npy,anna_kendrick,anna_kendrick_0154.npy,1
pamella_d'pella,pamella_d'pella_0099.npy,deprise_brescia,deprise_brescia_0034.npy;deprise_brescia_0045.npy;deprise_brescia_0007.npy,3
regina_hall,regina_hall_0002.npy,teppei_koike,teppei_koike_0045.npy;teppei_koike_0048.npy;teppei_koike_0042.npy,3
regina_hall,regina_hall_0005.npy,laura_vandervoort,laura_vandervoort_0146.npy;laura_vandervoort_0029.npy;laura_vandervoort_0072.npy,3
regina_hall,regina_hall_0007.npy,tracy_morgan,tracy_morgan_0013.npy;tracy_morgan_0107.npy;tracy_morgan_0130.npy,3
regina_hall,regina_hall_0024.npy,luke_wilson,luke_wilson_0099.npy;luke_wilson_0171.npy;luke_wilson_0046.npy,3
regina_hall,regina_hall_0032.npy,heather_mckinley,heather_mckinley_0023.npy;heather_mckinley_0072.npy,2
regina_hall,regina_hall_0036.npy,annasophia_robb,annasophia_robb_0094.npy;annasophia_robb_0055.npy;annasophia_robb_0076.npy,3
regina_hall,regina_hall_0037.npy,kim_delaney,kim_delaney_0068.npy;kim_delaney_0037.npy;kim_delaney_0003.npy,3
regina_hall,regina_hall_0046.npy,amber_riley,amber_riley_0080.npy;amber_riley_0102.npy;amber_riley_0091.npy,3
regina_hall,regina_hall_0050.npy,david_tennant,david_tennant_0083.npy;david_tennant_0020.npy;david_tennant_0071.npy,3
rihanna,rihanna_0109.npy,huang_xiaoming,huang_xiaoming_0006.npy;huang_xiaoming_0022.npy;huang_xiaoming_0020.npy,3
rihanna,rihanna_0170.npy,edoardo_purgatori,edoardo_purgatori_0007.npy;edoardo_purgatori_0013.npy;edoardo_purgatori_0052.npy,3
rihanna,rihanna_0173.npy,sherrie_rose,sherrie_rose_0003.npy;sherrie_rose_0063.npy,2
rihanna,rihanna_0330.npy,jun_hasegawa,jun_hasegawa_0018.npy;jun_hasegawa_0056.npy;jun_hasegawa_0031.npy,3
s_epatha_merkerson,s_epatha_merkerson_0003.npy,jun_hasegawa,jun_hasegawa_0039.npy;jun_hasegawa_0034.npy;jun_hasegawa_0056.npy,3
s_epatha_merkerson,s_epatha_merkerson_0028.npy,wilson_cleveland,wilson_cleveland_0059.npy;wilson_cleveland_0041.npy;wilson_cleveland_0009.npy,3
s_epatha_merkerson,s_epatha_merkerson_0030.npy,chad_rook,chad_rook_0051.npy;chad_rook_0029.npy;chad_rook_0040.npy,3
s_epatha_merkerson,s_epatha_merkerson_0054.npy,hugo_becker,hugo_becker_0005.npy;hugo_becker_0010.npy;hugo_becker_0052.npy,3
sanaa_lathan,sanaa_lathan_0020.npy,ariel_winter,ariel_winter_0108.npy;ariel_winter_0026.npy;ariel_winter_0080.npy,3
sanaa_lathan,sanaa_lathan_0049.npy,li_na_tennis,li_na_tennis_0035.npy;li_na_tennis_0022.npy;li_na_tennis_0010.npy,3
sanaa_lathan,sanaa_lathan_0052.npy,jang_keun_suk,jang_keun_suk_0007.npy;jang_keun_suk_0060.npy;jang_keun_suk_0046.npy,3
sanaa_lathan,sanaa_lathan_0054.npy,chandra_wilson,chandra_wilson_0070.npy;chandra_wilson_0018.npy;chandra_wilson_0109.npy,3
sanaa_lathan,sanaa_lathan_0062.npy,tichina_arnold,tichina_arnold_0010.npy;tichina_arnold_0061.npy;tichina_arnold_0038.npy,3
sanaa_lathan,sanaa_lathan_0109.npy,jennifer_carpenter,jennifer_carpenter_0159.npy;jennifer_carpenter_0027.npy;jennifer_carpenter_0003.npy,3
sanaa_lathan,sanaa_lathan_0116.npy,josh_hartnett,josh_hartnett_0084.npy;josh_hartnett_0019.npy;josh_hartnett_0007.npy,3
sanaa_lathan,sanaa_lathan_0118.npy,xu_jinglei,xu_jinglei_0016.npy;xu_jinglei_0034.npy;xu_jinglei_0011.npy,3
selita_ebanks,selita_ebanks_0012.npy,snoop_dogg,snoop_dogg_0083.npy;snoop_dogg_0127.npy;snoop_dogg_0158.npy,3
selita_ebanks,selita_ebanks_0014.npy,veronica_webb,veronica_webb_0036.npy;veronica_webb_0001.npy;veronica_webb_0043.npy,3
selita_ebanks,selita_ebanks_0026.npy,lakisha_jones,lakisha_jones_0026.npy,1
selita_ebanks,selita_ebanks_0029.npy,jason_behr,jason_behr_0023.npy;jason_behr_0049.npy;jason_behr_0031.npy,3
selita_ebanks,selita_ebanks_0051.npy,stacy_keibler,stacy_keibler_0212.npy;stacy_keibler_0028.npy;stacy_keibler_0138.npy,3
selita_ebanks,selita_ebanks_0052.npy,aaron_yoo,aaron_yoo_0106.npy;aaron_yoo_0045.npy;aaron_yoo_0371.npy,3
selita_ebanks,selita_ebanks_0056.npy,big_bang_g-dragon,big_bang_g-dragon_0035.npy;big_bang_g-dragon_0001.npy;big_bang_g-dragon_0028.npy,3
selita_ebanks,selita_ebanks_0062.npy,mark_taormino,mark_taormino_0015.npy;mark_taormino_0004.npy;mark_taormino_0018.npy,3
shauna_chin,shauna_chin_0004.npy,david_cronenberg,david_cronenberg_0020.npy;david_cronenberg_0047.npy;david_cronenberg_0026.npy,3
shauna_chin,shauna_chin_0007.npy,michael_wayne_thomas,michael_wayne_thomas_0050.npy;michael_wayne_thomas_0029.npy;michael_wayne_thomas_0023.npy,3
shauna_chin,shauna_chin_0018.npy,hua_chenyu,hua_chenyu_0042.npy;hua_chenyu_0036.npy;hua_chenyu_0026.npy,3
shauna_chin,shauna_chin_0021.npy,tony_chiu_wai_leung,tony_chiu_wai_leung_0020.npy;tony_chiu_wai_leung_0025.npy;tony_chiu_wai_leung_0007.npy,3
shauna_chin,shauna_chin_0030.npy,tamala_jones,tamala_jones_0060.npy;tamala_jones_0050.npy;tamala_jones_0043.npy,3
shauna_chin,shauna_chin_0036.npy,moametal,moametal_0002.npy;moametal_0049.npy;moametal_0042.npy,3
shauna_chin,shauna_chin_0053.npy,ricky_gervais,ricky_gervais_0046.npy;ricky_gervais_0016.npy;ricky_gervais_0143.npy,3
tamala_jones,tamala_jones_0014.npy,odette_annable,odette_annable_0119.npy;odette_annable_0128.npy;odette_annable_0060.npy,3
tamala_jones,tamala_jones_0016.npy,scott_caan,scott_caan_0210.npy;scott_caan_0142.npy;scott_caan_0096.npy,3
tamala_jones,tamala_jones_0034.npy,howie_mandel,howie_mandel_0062.npy;howie_mandel_0018.npy;howie_mandel_0033.npy,3
tamala_jones,tamala_jones_0043.npy,chad_rook,chad_rook_0051.npy;chad_rook_0002.npy;chad_rook_0029.npy,3
tamala_jones,tamala_jones_0050.npy,jaejoong,jaejoong_0056.npy;jaejoong_0054.npy;jaejoong_0006.npy,3
tamala_jones,tamala_jones_0059.npy,toma_ikuta,toma_ikuta_0081.npy;toma_ikuta_0048.npy;toma_ikuta_0039.npy,3
tamala_jones,tamala_jones_0060.npy,megalyn_echikunwoke,megalyn_echikunwoke_0032.npy;megalyn_echikunwoke_0048.npy;megalyn_echikunwoke_0008.npy,3
tamala_jones,tamala_jones_0067.npy,seann_william_scott,seann_william_scott_0109.npy;seann_william_scott_0101.npy;seann_william_scott_0132.npy,3
tatyana_ali,tatyana_ali_0013.npy,wyatt_smith,wyatt_smith_0002.npy,1
tatyana_ali,tatyana_ali_0015.npy,lea_thompson,lea_thompson_0060.npy,1
tatyana_ali,tatyana_ali_0020.npy,andre_braugher,andre_braugher_0013.npy;andre_braugher_0021.npy;andre_braugher_0066.npy,3
tatyana_ali,tatyana_ali_0021.npy,megalyn_echikunwoke,megalyn_echikunwoke_0021.npy;megalyn_echikunwoke_0032.npy;megalyn_echikunwoke_0008.npy,3
tatyana_ali,tatyana_ali_0028.npy,jinny_ng,jinny_ng_0049.npy;jinny_ng_0024.npy;jinny_ng_0020.npy,3
tatyana_ali,tatyana_ali_0035.npy,joseph_lawrence,joseph_lawrence_0066.npy;joseph_lawrence_0005.npy;joseph_lawrence_0051.npy,3
tatyana_ali,tatyana_ali_0041.npy,ryan_o'neal,ryan_o'neal_0003.npy;ryan_o'neal_0026.npy;ryan_o'neal_0059.npy,3
tatyana_ali,tatyana_ali_0049.npy,tom_bergeron,tom_bergeron_0080.npy;tom_bergeron_0071.npy;tom_bergeron_0055.npy,3
thandie_newton,thandie_newton_0026.npy,chris_harrison,chris_harrison_0004.npy;chris_harrison_0021.npy;chris_harrison_0001.npy,3
thandie_newton,thandie_newton_0031.npy,russ_cootey,russ_cootey_0010.npy;russ_cootey_0048.npy,2
thandie_newton,thandie_newton_0051.npy,kristin_bauer_van_straten,kristin_bauer_van_straten_0027.npy;kristin_bauer_van_straten_0036.npy;kristin_bauer_van_straten_0065.npy,3
thandie_newton,thandie_newton_0066.npy,ryan_o'neal,ryan_o'neal_0001.npy;ryan_o'neal_0025.npy;ryan_o'neal_0026.npy,3
thandie_newton,thandie_newton_0103.npy,jeremy_renner,jeremy_renner_0118.npy;jeremy_renner_0166.npy;jeremy_renner_0055.npy,3
thandie_newton,thandie_newton_0146.npy,tom_bergeron,tom_bergeron_0021.npy;tom_bergeron_0080.npy;tom_bergeron_0055.npy,3
thandie_newton,thandie_newton_0166.npy,claire_holt,claire_holt_0025.npy;claire_holt_0061.npy;claire_holt_0006.npy,3
tichina_arnold,tichina_arnold_0010.npy,octavia_spencer,octavia_spencer_0046.npy;octavia_spencer_0094.npy;octavia_spencer_0101.npy,3
tichina_arnold,tichina_arnold_0038.npy,lee_jung_hyun,lee_jung_hyun_0024.npy;lee_jung_hyun_0031.npy;lee_jung_hyun_0018.npy,3
tichina_arnold,tichina_arnold_0047.npy,jang_keun_suk,jang_keun_suk_0060.npy;jang_keun_suk_0049.npy;jang_keun_suk_0051.npy,3
tichina_arnold,tichina_arnold_0061.npy,michael_wayne_thomas,michael_wayne_thomas_0023.npy;michael_wayne_thomas_0050.npy;michael_wayne_thomas_0029.npy,3
veronica_webb,veronica_webb_0001.npy,carrie_genzel,carrie_genzel_0010.npy;carrie_genzel_0031.npy;carrie_genzel_0049.npy,3
veronica_webb,veronica_webb_0010.npy,victor_webster,victor_webster_0038.npy;victor_webster_0024.npy;victor_webster_0029.npy,3
veronica_webb,veronica_webb_0022.npy,maximilian_law,maximilian_law_0055.npy;maximilian_law_0001.npy;maximilian_law_0022.npy,3
veronica_webb,veronica_webb_0036.npy,donal_logue,donal_logue_0062.npy;donal_logue_0001.npy;donal_logue_0028.npy,3
veronica_webb,veronica_webb_0043.npy,robert_zemeckis,robert_zemeckis_0058.npy;robert_zemeckis_0027.npy;robert_zemeckis_0002.npy,3
wanda_sykes,wanda_sykes_0001.npy,big_bang_g-dragon,big_bang_g-dragon_0046.npy;big_bang_g-dragon_0007.npy;big_bang_g-dragon_0049.npy,3
wanda_sykes,wanda_sykes_0005.npy,big_bang_g-dragon,big_bang_g-dragon_0007.npy;big_bang_g-dragon_0013.npy;big_bang_g-dragon_0046.npy,3
wanda_sykes,wanda_sykes_0031.npy,regina_hall,regina_hall_0050.npy;regina_hall_0032.npy;regina_hall_0005.npy,3
wanda_sykes,wanda_sykes_0046.npy,scott_bakula,scott_bakula_0004.npy;scott_bakula_0038.npy;scott_bakula_0039.npy,3
wanda_sykes,wanda_sykes_0056.npy,david_strathairn,david_strathairn_0070.npy;david_strathairn_0062.npy;david_strathairn_0102.npy,3
wanda_sykes,wanda_sykes_0059.npy,michael_sheen,michael_sheen_0007.npy;michael_sheen_0092.npy;michael_sheen_0044.npy,3
yvette_nicole_brown,yvette_nicole_brown_0015.npy,jennifer_carpenter,jennifer_carpenter_0065.npy;jennifer_carpenter_0003.npy;jennifer_carpenter_0121.npy,3
yvette_nicole_brown,yvette_nicole_brown_0020.npy,megan_marie_wilson,megan_marie_wilson_0043.npy;megan_marie_wilson_0024.npy;megan_marie_wilson_0048.npy,3
yvette_nicole_brown,yvette_nicole_brown_0041.npy,momoe_yamaguchi,momoe_yamaguchi_0032.npy;momoe_yamaguchi_0038.npy;momoe_yamaguchi_0042.npy,3
yvette_nicole_brown,yvette_nicole_brown_0044.npy,pam_grier,pam_grier_0055.npy;pam_grier_0062.npy;pam_grier_0065.npy,3
yvette_nicole_brown,yvette_nicole_brown_0045.npy,cameron_crowe,cameron_crowe_0022.npy;cameron_crowe_0047.npy,2
yvette_nicole_brown,yvette_nicole_brown_0055.npy,krysten_ritter,krysten_ritter_0149.npy,1
yvette_nicole_brown,yvette_nicole_brown_0074.npy,romany_malco,romany_malco_0006.npy;romany_malco_0058.npy;romany_malco_0046.npy,3
yvette_nicole_brown,yvette_nicole_brown_0082.npy,alison_brie,alison_brie_0039.npy;alison_brie_0136.npy;alison_brie_0018.npy,3
yvette_nicole_brown,yvette_nicole_brown_0088.npy,pamella_d'pella,pamella_d'pella_0096.npy;pamella_d'pella_0015.npy;pamella_d'pella_0099.npy,3
yvette_nicole_brown,yvette_nicole_brown_0096.npy,kat_graham,kat_graham_0037.npy;kat_graham_0108.npy;kat_graham_0042.npy,3
yvette_nicole_brown,yvette_nicole_brown_0099.npy,bang_yong_guk,bang_yong_guk_0004.npy;bang_yong_guk_0001.npy;bang_yong_guk_0020.npy,3
yvette_nicole_brown,yvette_nicole_brown_0122.npy,kaitlin_olson,kaitlin_olson_0025.npy;kaitlin_olson_0053.npy;kaitlin_olson_0044.npy,3
zoe_kravitz,zoe_kravitz_0050.npy,thandie_newton,thandie_newton_0031.npy;thandie_newton_0026.npy;thandie_newton_0066.npy,3
zoe_kravitz,zoe_kravitz_0061.npy,selita_ebanks,selita_ebanks_0052.npy;selita_ebanks_0056.npy;selita_ebanks_0012.npy,3
zoe_kravitz,zoe_kravitz_0064.npy,abigail_spencer,abigail_spencer_0041.npy;abigail_spencer_0050.npy,2
zoe_kravitz,zoe_kravitz_0077.npy,willa_holland,willa_holland_0040.npy;willa_holland_0020.npy;willa_holland_0052.npy,3
zoe_kravitz,zoe_kravitz_0083.npy,larry_laverty,larry_laverty_0004.npy;larry_laverty_0067.npy,2
zoe_kravitz,zoe_kravitz_0103.npy,katie_cassidy,katie_cassidy_0029.npy;katie_cassidy_0110.npy;katie_cassidy_0144.npy,3
50_cent,50_cent_0020.npy,ji_chang_wook,ji_chang_wook_0047.npy;ji_chang_wook_0038.npy;ji_chang_wook_0046.npy,3
50_cent,50_cent_0025.npy,ron_yuan,ron_yuan_0031.npy;ron_yuan_0062.npy;ron_yuan_0058.npy,3
50_cent,50_cent_0055.npy,deprise_brescia,deprise_brescia_0020.npy;deprise_brescia_0005.npy;deprise_brescia_0007.npy,3
50_cent,50_cent_0067.npy,aaron_yoo,aaron_yoo_0371.npy;aaron_yoo_0017.npy;aaron_yoo_0045.npy,3
50_cent,50_cent_0073.npy,joseph_steven,joseph_steven_0005.npy,1
50_cent,50_cent_0104.npy,mads_mikkelsen,mads_mikkelsen_0034.npy;mads_mikkelsen_0004.npy;mads_mikkelsen_0042.npy,3
aldis_hodge,aldis_hodge_0004.npy,scott_a_martin,scott_a_martin_0006.npy;scott_a_martin_0021.npy;scott_a_martin_0037.npy,3
aldis_hodge,aldis_hodge_0016.npy,fabrice_eboue,fabrice_eboue_0942.npy;fabrice_eboue_0913.npy;fabrice_eboue_0902.npy,3
aldis_hodge,aldis_hodge_0040.npy,judge_reinhold,judge_reinhold_0058.npy;judge_reinhold_0022.npy;judge_reinhold_0053.npy,3
aldis_hodge,aldis_hodge_0021.npy,robert_zemeckis,robert_zemeckis_0027.npy;robert_zemeckis_0001.npy;robert_zemeckis_0021.npy,3
aldis_hodge,aldis_hodge_0025.npy,elizabeth_mitchell,elizabeth_mitchell_0043.npy;elizabeth_mitchell_0062.npy;elizabeth_mitchell_0137.npy,3
aldis_hodge,aldis_hodge_0026.npy,mary_lynn_rajskub,mary_lynn_rajskub_0114.npy;mary_lynn_rajskub_0095.npy;mary_lynn_rajskub_0069.npy,3
aldis_hodge,aldis_hodge_0028.npy,annasophia_robb,annasophia_robb_0055.npy;annasophia_robb_0079.npy;annasophia_robb_0076.npy,3
aldis_hodge,aldis_hodge_0031.npy,wyclef_jean,wyclef_jean_0081.npy;wyclef_jean_0056.npy;wyclef_jean_0051.npy,3
aldis_hodge,aldis_hodge_0032.npy,jung_woo_sung,jung_woo_sung_0000.npy;jung_woo_sung_0011.npy;jung_woo_sung_0032.npy,3
andre_braugher,andre_braugher_0001.npy,jurnee_smollett-bell,jurnee_smollett-bell_0051.npy;jurnee_smollett-bell_0041.npy;jurnee_smollett-bell_0046.npy,3
andre_braugher,andre_braugher_0013.npy,tanit_phoenix,tanit_phoenix_0012.npy;tanit_phoenix_0030.npy,2
andre_braugher,andre_braugher_0021.npy,trina_mcgee,trina_mcgee_0020.npy,1
andre_braugher,andre_braugher_0031.npy,bitsie_tulloch,bitsie_tulloch_0068.npy;bitsie_tulloch_0070.npy;bitsie_tulloch_0046.npy,3
andre_braugher,andre_braugher_0066.npy,larry_laverty,larry_laverty_0004.npy;larry_laverty_0067.npy,2
andre_braugher,andre_braugher_0085.npy,kristin_bauer_van_straten,kristin_bauer_van_straten_0027.npy;kristin_bauer_van_straten_0036.npy;kristin_bauer_van_straten_0065.npy,3
anthony_anderson,anthony_anderson_0005.npy,imani_t_williams,imani_t_williams_0001.npy;imani_t_williams_0026.npy;imani_t_williams_0059.npy,3
anthony_anderson,anthony_anderson_0009.npy,shauna_chin,shauna_chin_0007.npy;shauna_chin_0004.npy;shauna_chin_0036.npy,3
anthony_anderson,anthony_anderson_0017.npy,scott_takeda,scott_takeda_0904.npy;scott_takeda_0918.npy;scott_takeda_0910.npy,3
anthony_anderson,anthony_anderson_0033.npy,terri_ivens,terri_ivens_0039.npy;terri_ivens_0016.npy;terri_ivens_0076.npy,3
anthony_anderson,anthony_anderson_0055.npy,gulshan_grover,gulshan_grover_0048.npy;gulshan_grover_0010.npy;gulshan_grover_0054.npy,3
anthony_anderson,anthony_anderson_0067.npy,melinda_clarke,melinda_clarke_0075.npy;melinda_clarke_0083.npy;melinda_clarke_0089.npy,3
anthony_anderson,anthony_anderson_0098.npy,dwayne_boyd,dwayne_boyd_0054.npy;dwayne_boyd_0025.npy;dwayne_boyd_0032.npy,3
david_alan_grier,david_alan_grier_0020.npy,hubertus_geller,hubertus_geller_0001.npy,1
david_alan_grier,david_alan_grier_0038.npy,robert_englund,robert_englund_0018.npy;robert_englund_0019.npy;robert_englund_0026.npy,3
david_alan_grier,david_alan_grier_0050.npy,scott_bakula,scott_bakula_0023.npy;scott_bakula_0004.npy;scott_bakula_0009.npy,3
david_alan_grier,david_alan_grier_0065.npy,susan_downey,susan_downey_0041.npy;susan_downey_0043.npy;susan_downey_0059.npy,3
david_alan_grier,david_alan_grier_0066.npy,david_strathairn,david_strathairn_0102.npy;david_strathairn_0062.npy;david_strathairn_0070.npy,3
david_alan_grier,david_alan_grier_0105.npy,aubrey_plaza,aubrey_plaza_0025.npy;aubrey_plaza_0121.npy;aubrey_plaza_0074.npy,3
david_gyasi,david_gyasi_0013.npy,lakisha_jones,lakisha_jones_0026.npy,1
david_gyasi,david_gyasi_0033.npy,cha_seung_won,cha_seung_won_0023.npy;cha_seung_won_0019.npy;cha_seung_won_0044.npy,3
david_gyasi,david_gyasi_0042.npy,miranda_richardson,miranda_richardson_0063.npy;miranda_richardson_0045.npy;miranda_richardson_0021.npy,3
david_gyasi,david_gyasi_0045.npy,eric_stonestreet,eric_stonestreet_0183.npy;eric_stonestreet_0223.npy;eric_stonestreet_0128.npy,3
donald_glover,donald_glover_0008.npy,jessalyn_gilsig,jessalyn_gilsig_0014.npy;jessalyn_gilsig_0009.npy;jessalyn_gilsig_0007.npy,3
donald_glover,donald_glover_0010.npy,linda_gray,linda_gray_0003.npy;linda_gray_0016.npy;linda_gray_0006.npy,3
donald_glover,donald_glover_0080.npy,anna_maria_perez_de_tagle,anna_maria_perez_de_tagle_0082.npy;anna_maria_perez_de_tagle_0093.npy,2
donald_glover,donald_glover_0095.npy,michael_cera,michael_cera_0059.npy;michael_cera_0123.npy;michael_cera_0099.npy,3
donald_glover,donald_glover_0102.npy,luke_wilson,luke_wilson_0046.npy;luke_wilson_0171.npy;luke_wilson_0099.npy,3
donald_glover,donald_glover_0106.npy,xzibit,xzibit_0005.npy;xzibit_0011.npy;xzibit_0012.npy,3
donald_glover,donald_glover_0114.npy,deborah_ann_woll,deborah_ann_woll_0043.npy;deborah_ann_woll_0073.npy;deborah_ann_woll_0015.npy,3
donald_glover,donald_glover_0118.npy,aubrey_anderson-emmons,aubrey_anderson-emmons_0014.npy;aubrey_anderson-emmons_0001.npy;aubrey_anderson-emmons_0029.npy,3
donald_glover,donald_glover_0122.npy,brooke_elliott,brooke_elliott_0005.npy;brooke_elliott_0029.npy;brooke_elliott_0027.npy,3
dwayne_boyd,dwayne_boyd_0025.npy,donald_glover,donald_glover_0118.npy;donald_glover_0095.npy;donald_glover_0106.npy,3
dwayne_boyd,dwayne_boyd_0027.npy,howie_mandel,howie_mandel_0072.npy;howie_mandel_0018.npy;howie_mandel_0074.npy,3
dwayne_boyd,dwayne_boyd_0028.npy,kim_fields,kim_fields_0019.npy;kim_fields_0051.npy;kim_fields_0007.npy,3
dwayne_boyd,dwayne_boyd_0030.npy,nikki_storm,nikki_storm_0015.npy;nikki_storm_0031.npy;nikki_storm_0057.npy,3
dwayne_boyd,dwayne_boyd_0032.npy,whitney_houston,whitney_houston_0033.npy;whitney_houston_0107.npy;whitney_houston_0113.npy,3
dwayne_boyd,dwayne_boyd_0054.npy,denyce_lawton,denyce_lawton_0034.npy;denyce_lawton_0013.npy;denyce_lawton_0002.npy,3
dwayne_boyd,dwayne_boyd_0055.npy,kat_graham,kat_graham_0036.npy;kat_graham_0108.npy;kat_graham_0037.npy,3
dwayne_boyd,dwayne_boyd_0059.npy,joo_jin_mo,joo_jin_mo_0000.npy;joo_jin_mo_0045.npy;joo_jin_mo_0039.npy,3
dwayne_boyd,dwayne_boyd_0060.npy,teppei_koike,teppei_koike_0032.npy;teppei_koike_0048.npy;teppei_koike_0007.npy,3
fabrice_eboue,fabrice_eboue_0901.npy,annasophia_robb,annasophia_robb_0063.npy;annasophia_robb_0076.npy;annasophia_robb_0094.npy,3
fabrice_eboue,fabrice_eboue_0902.npy,selita_ebanks,selita_ebanks_0052.npy;selita_ebanks_0056.npy;selita_ebanks_0026.npy,3
fabrice_eboue,fabrice_eboue_0903.npy,roberto_lombardi,roberto_lombardi_0028.npy;roberto_lombardi_0061.npy;roberto_lombardi_0047.npy,3
fabrice_eboue,fabrice_eboue_0904.npy,zachary_quinto,zachary_quinto_0073.npy;zachary_quinto_0217.npy;zachary_quinto_0214.npy,3
fabrice_eboue,fabrice_eboue_0905.npy,shun_oguri,shun_oguri_0070.npy;shun_oguri_0010.npy;shun_oguri_0079.npy,3
fabrice_eboue,fabrice_eboue_0906.npy,cameron_crowe,cameron_crowe_0022.npy;cameron_crowe_0047.npy,2
fabrice_eboue,fabrice_eboue_0913.npy,deprise_brescia,deprise_brescia_0020.npy;deprise_brescia_0049.npy;deprise_brescia_0021.npy,3
fabrice_eboue,fabrice_eboue_0922.npy,max_greenfield,max_greenfield_0087.npy;max_greenfield_0017.npy;max_greenfield_0157.npy,3
fabrice_eboue,fabrice_eboue_0929.npy,hubertus_geller,hubertus_geller_0001.npy,1
fabrice_eboue,fabrice_eboue_0930.npy,jaida-iman_benjamin,jaida-iman_benjamin_0018.npy;jaida-iman_benjamin_0077.npy,2
fabrice_eboue,fabrice_eboue_0940.npy,chris_colfer,chris_colfer_0125.npy;chris_colfer_0042.npy;chris_colfer_0130.npy,3
fabrice_eboue,fabrice_eboue_0941.npy,tasha_smith,tasha_smith_0014.npy;tasha_smith_0020.npy;tasha_smith_0024.npy,3
fabrice_eboue,fabrice_eboue_0942.npy,tina_q_nguyen,tina_q_nguyen_0056.npy,1
fabrice_eboue,fabrice_eboue_0954.npy,mark_salling,mark_salling_0068.npy;mark_salling_0025.npy;mark_salling_0099.npy,3
fabrice_eboue,fabrice_eboue_0957.npy,howie_mandel,howie_mandel_0079.npy;howie_mandel_0033.npy;howie_mandel_0072.npy,3
fabrice_eboue,fabrice_eboue_0960.npy,hiroki_narimiya,hiroki_narimiya_0076.npy;hiroki_narimiya_0051.npy;hiroki_narimiya_0058.npy,3
kyle_massey,kyle_massey_0008.npy,josh_hartnett,josh_hartnett_0019.npy;josh_hartnett_0144.npy;josh_hartnett_0063.npy,3
kyle_massey,kyle_massey_0012.npy,famke_janssen,famke_janssen_0073.npy;famke_janssen_0064.npy;famke_janssen_0069.npy,3
kyle_massey,kyle_massey_0024.npy,mary_lynn_rajskub,mary_lynn_rajskub_0086.npy;mary_lynn_rajskub_0114.npy;mary_lynn_rajskub_0095.npy,3
kyle_massey,kyle_massey_0025.npy,antonio_sabato_jr,antonio_sabato_jr_0044.npy;antonio_sabato_jr_0029.npy;antonio_sabato_jr_0066.npy,3
kyle_massey,kyle_massey_0046.npy,samantha_harris,samantha_harris_0088.npy;samantha_harris_0031.npy;samantha_harris_0047.npy,3
kyle_massey,kyle_massey_0051.npy,maximilian_law,maximilian_law_0001.npy;maximilian_law_0018.npy;maximilian_law_0055.npy,3
larry_flash_jenkins,larry_flash_jenkins_0021.npy,lakisha_jones,lakisha_jones_0026.npy,1
larry_flash_jenkins,larry_flash_jenkins_0037.npy,lea_thompson,lea_thompson_0060.npy,1
larry_flash_jenkins,larry_flash_jenkins_0042.npy,s_epatha_merkerson,s_epatha_merkerson_0054.npy;s_epatha_merkerson_0003.npy;s_epatha_merkerson_0028.npy,3
larry_flash_jenkins,larry_flash_jenkins_0046.npy,jordana_spiro,jordana_spiro_0057.npy;jordana_spiro_0016.npy;jordana_spiro_0058.npy,3
marlon_wayans,marlon_wayans_0042.npy,tichina_arnold,tichina_arnold_0010.npy;tichina_arnold_0061.npy;tichina_arnold_0047.npy,3
marlon_wayans,marlon_wayans_0063.npy,kyle_massey,kyle_massey_0025.npy;kyle_massey_0046.npy;kyle_massey_0024.npy,3
marlon_wayans,marlon_wayans_0066.npy,retta,retta_0047.npy;retta_0226.npy;retta_0414.npy,3
marlon_wayans,marlon_wayans_0079.npy,gulshan_grover,gulshan_grover_0003.npy;gulshan_grover_0044.npy;gulshan_grover_0048.npy,3
michael_ealy,michael_ealy_0037.npy,louis_ck,louis_ck_0038.npy;louis_ck_0006.npy;louis_ck_0047.npy,3
michael_ealy,michael_ealy_0048.npy,melanie_lynskey,melanie_lynskey_0088.npy;melanie_lynskey_0091.npy;melanie_lynskey_0054.npy,3
michael_ealy,michael_ealy_0086.npy,sara_paxton,sara_paxton_0052.npy,1
michael_ealy,michael_ealy_0087.npy,shemar_moore,shemar_moore_0026.npy;shemar_moore_0051.npy;shemar_moore_0015.npy,3
michael_ealy,michael_ealy_0121.npy,eva_marcille,eva_marcille_0029.npy;eva_marcille_0014.npy;eva_marcille_0045.npy,3
michael_ealy,michael_ealy_0155.npy,paul_haggis,paul_haggis_0064.npy;paul_haggis_0073.npy;paul_haggis_0096.npy,3
michael_ealy,michael_ealy_0165.npy,craig_fong,craig_fong_0058.npy;craig_fong_0019.npy;craig_fong_0024.npy,3
michael_ealy,michael_ealy_0170.npy,shannon_woodward,shannon_woodward_0036.npy;shannon_woodward_0050.npy;shannon_woodward_0001.npy,3
michael_wayne_thomas,michael_wayne_thomas_0012.npy,anthony_anderson,anthony_anderson_0009.npy;anthony_anderson_0005.npy;anthony_anderson_0067.npy,3
michael_wayne_thomas,michael_wayne_thomas_0023.npy,chanyeol,chanyeol_0030.npy;chanyeol_0003.npy;chanyeol_0038.npy,3
michael_wayne_thomas,michael_wayne_thomas_0025.npy,la_la_anthony,la_la_anthony_0031.npy;la_la_anthony_0019.npy;la_la_anthony_0068.npy,3
michael_wayne_thomas,michael_wayne_thomas_0029.npy,thandie_newton,thandie_newton_0051.npy;thandie_newton_0146.npy;thandie_newton_0166.npy,3
michael_wayne_thomas,michael_wayne_thomas_0050.npy,jordin_sparks,jordin_sparks_0038.npy;jordin_sparks_0097.npy;jordin_sparks_0008.npy,3
mos_def,mos_def_0011.npy,marlon_wayans,marlon_wayans_0066.npy;marlon_wayans_0063.npy;marlon_wayans_0079.npy,3
mos_def,mos_def_0029.npy,jenna_dewan-tatum,jenna_dewan-tatum_0034.npy;jenna_dewan-tatum_0060.npy,2
mos_def,mos_def_0031.npy,eric_stonestreet,eric_stonestreet_0025.npy;eric_stonestreet_0128.npy;eric_stonestreet_0223.npy,3
mos_def,mos_def_0035.npy,helen_hunt,helen_hunt_0009.npy;helen_hunt_0212.npy;helen_hunt_0249.npy,3
mos_def,mos_def_0038.npy,regina_hall,regina_hall_0024.npy;regina_hall_0050.npy;regina_hall_0046.npy,3
mos_def,mos_def_0041.npy,rutina_wesley,rutina_wesley_0039.npy;rutina_wesley_0060.npy,2
mos_def,mos_def_0046.npy,valeria_golino,valeria_golino_0051.npy;valeria_golino_0049.npy;valeria_golino_0031.npy,3
patrick_j_nicolas,patrick_j_nicolas_0011.npy,maria_menounos,maria_menounos_0025.npy;maria_menounos_0006.npy;maria_menounos_0181.npy,3
patrick_j_nicolas,patrick_j_nicolas_0012.npy,jaida-iman_benjamin,jaida-iman_benjamin_0018.npy;jaida-iman_benjamin_0077.npy,2
patrick_j_nicolas,patrick_j_nicolas_0015.npy,judy_davis,judy_davis_0014.npy;judy_davis_0008.npy;judy_davis_0031.npy,3
patrick_j_nicolas,patrick_j_nicolas_0040.npy,laura_vandervoort,laura_vandervoort_0003.npy;laura_vandervoort_0031.npy;laura_vandervoort_0029.npy,3
patrick_j_nicolas,patrick_j_nicolas_0054.npy,edoardo_purgatori,edoardo_purgatori_0013.npy;edoardo_purgatori_0037.npy;edoardo_purgatori_0052.npy,3
randy_jackson,randy_jackson_0085.npy,fala_chen,fala_chen_0073.npy;fala_chen_0069.npy;fala_chen_0063.npy,3
randy_jackson,randy_jackson_0116.npy,annasophia_robb,annasophia_robb_0063.npy;annasophia_robb_0079.npy;annasophia_robb_0094.npy,3
randy_jackson,randy_jackson_0119.npy,shane_west,shane_west_0141.npy;shane_west_0160.npy;shane_west_0086.npy,3
randy_jackson,randy_jackson_0139.npy,tracy_morgan,tracy_morgan_0107.npy;tracy_morgan_0011.npy;tracy_morgan_0190.npy,3
randy_jackson,randy_jackson_0142.npy,marmee_cosico,marmee_cosico_0041.npy;marmee_cosico_0079.npy;marmee_cosico_0063.npy,3
randy_jackson,randy_jackson_0143.npy,dominic_cooper,dominic_cooper_0130.npy;dominic_cooper_0120.npy;dominic_cooper_0062.npy,3
randy_jackson,randy_jackson_0146.npy,elisa_donovan,elisa_donovan_0083.npy;elisa_donovan_0179.npy,2
randy_jackson,randy_jackson_0161.npy,levona_lewis,levona_lewis_0060.npy;levona_lewis_0064.npy,2
randy_jackson,randy_jackson_0168.npy,gabrielle_anwar,gabrielle_anwar_0023.npy;gabrielle_anwar_0104.npy;gabrielle_anwar_0086.npy,3
romany_malco,romany_malco_0006.npy,jaida-iman_benjamin,jaida-iman_benjamin_0018.npy;jaida-iman_benjamin_0077.npy,2
romany_malco,romany_malco_0016.npy,miranda_richardson,miranda_richardson_0011.npy;miranda_richardson_0021.npy;miranda_richardson_0045.npy,3
romany_malco,romany_malco_0020.npy,michael_cera,michael_cera_0083.npy;michael_cera_0028.npy;michael_cera_0099.npy,3
romany_malco,romany_malco_0046.npy,jung_yong_hwa,jung_yong_hwa_0042.npy;jung_yong_hwa_0037.npy;jung_yong_hwa_0013.npy,3
romany_malco,romany_malco_0055.npy,marmee_cosico,marmee_cosico_0079.npy;marmee_cosico_0063.npy;marmee_cosico_0028.npy,3
romany_malco,romany_malco_0057.npy,imani_t_williams,imani_t_williams_0001.npy;imani_t_williams_0026.npy;imani_t_williams_0059.npy,3
romany_malco,romany_malco_0058.npy,kim_fields,kim_fields_0007.npy;kim_fields_0019.npy;kim_fields_0037.npy,3
romany_malco,romany_malco_0077.npy,lupita_nyong'o,lupita_nyong'o_0035.npy;lupita_nyong'o_0042.npy;lupita_nyong'o_0021.npy,3
romany_malco,romany_malco_0079.npy,linda_gray,linda_gray_0003.npy;linda_gray_0008.npy;linda_gray_0017.npy,3
romany_malco,romany_malco_0084.npy,fumino_kimura,fumino_kimura_0021.npy;fumino_kimura_0047.npy;fumino_kimura_0049.npy,3
shemar_moore,shemar_moore_0015.npy,gabrielle_anwar,gabrielle_anwar_0027.npy;gabrielle_anwar_0023.npy;gabrielle_anwar_0194.npy,3
shemar_moore,shemar_moore_0020.npy,chris_colfer,chris_colfer_0150.npy;chris_colfer_0190.npy;chris_colfer_0039.npy,3
shemar_moore,shemar_moore_0026.npy,gabriela_dias,gabriela_dias_0028.npy;gabriela_dias_0058.npy,2
shemar_moore,shemar_moore_0051.npy,lupita_nyong'o,lupita_nyong'o_0035.npy;lupita_nyong'o_0122.npy;lupita_nyong'o_0042.npy,3
shemar_moore,shemar_moore_0063.npy,kaitlin_olson,kaitlin_olson_0061.npy;kaitlin_olson_0025.npy;kaitlin_olson_0044.npy,3
snoop_dogg,snoop_dogg_0056.npy,hubertus_geller,hubertus_geller_0001.npy,1
snoop_dogg,snoop_dogg_0083.npy,lakisha_jones,lakisha_jones_0026.npy,1
snoop_dogg,snoop_dogg_0086.npy,sherrie_rose,sherrie_rose_0003.npy;sherrie_rose_0063.npy,2
snoop_dogg,snoop_dogg_0127.npy,sendhil_ramamurthy,sendhil_ramamurthy_0072.npy;sendhil_ramamurthy_0043.npy;sendhil_ramamurthy_0021.npy,3
snoop_dogg,snoop_dogg_0158.npy,aubrey_anderson-emmons,aubrey_anderson-emmons_0002.npy;aubrey_anderson-emmons_0015.npy;aubrey_anderson-emmons_0001.npy,3
steve_mcqueen,steve_mcqueen_0004.npy,helena_christensen,helena_christensen_0037.npy;helena_christensen_0038.npy;helena_christensen_0073.npy,3
steve_mcqueen,steve_mcqueen_0006.npy,donal_logue,donal_logue_0062.npy;donal_logue_0023.npy;donal_logue_0028.npy,3
steve_mcqueen,steve_mcqueen_0014.npy,eddie_cibrian,eddie_cibrian_0001.npy;eddie_cibrian_0028.npy;eddie_cibrian_0053.npy,3
steve_mcqueen,steve_mcqueen_0016.npy,david_oyelowo,david_oyelowo_0009.npy;david_oyelowo_0186.npy;david_oyelowo_0247.npy,3
steve_mcqueen,steve_mcqueen_0036.npy,paul_haggis,paul_haggis_0064.npy;paul_haggis_0073.npy;paul_haggis_0096.npy,3
steve_mcqueen,steve_mcqueen_0073.npy,madeline_zima,madeline_zima_0064.npy;madeline_zima_0066.npy;madeline_zima_0092.npy,3
steve_mcqueen,steve_mcqueen_0095.npy,bailee_madison,bailee_madison_0061.npy;bailee_madison_0034.npy;bailee_madison_0040.npy,3
steve_mcqueen,steve_mcqueen_0097.npy,josh_cooke,josh_cooke_0016.npy;josh_cooke_0019.npy;josh_cooke_0013.npy,3
steve_mcqueen,steve_mcqueen_0100.npy,eva_marcille,eva_marcille_0045.npy;eva_marcille_0029.npy;eva_marcille_0014.npy,3
todd_bridges,todd_bridges_0009.npy,elizabeth_mitchell,elizabeth_mitchell_0043.npy;elizabeth_mitchell_0062.npy;elizabeth_mitchell_0137.npy,3
todd_bridges,todd_bridges_0010.npy,robert_zemeckis,robert_zemeckis_0002.npy;robert_zemeckis_0027.npy;robert_zemeckis_0001.npy,3
todd_bridges,todd_bridges_0015.npy,heather_matarazzo,heather_matarazzo_0003.npy;heather_matarazzo_0026.npy;heather_matarazzo_0050.npy,3
todd_bridges,todd_bridges_0043.npy,andre_gordon,andre_gordon_0020.npy,1
tracy_morgan,tracy_morgan_0011.npy,manu_bennett,manu_bennett_0061.npy;manu_bennett_0065.npy;manu_bennett_0068.npy,3
tracy_morgan,tracy_morgan_0013.npy,chris_harrison,chris_harrison_0010.npy;chris_harrison_0004.npy;chris_harrison_0008.npy,3
tracy_morgan,tracy_morgan_0022.npy,sadie_calvano,sadie_calvano_0043.npy;sadie_calvano_0026.npy;sadie_calvano_0030.npy,3
tracy_morgan,tracy_morgan_0029.npy,daniel_henney,daniel_henney_0008.npy;daniel_henney_0037.npy;daniel_henney_0013.npy,3
tracy_morgan,tracy_morgan_0030.npy,laura_vandervoort,laura_vandervoort_0031.npy;laura_vandervoort_0146.npy;laura_vandervoort_0029.npy,3
tracy_morgan,tracy_morgan_0053.npy,susan_downey,susan_downey_0041.npy;susan_downey_0043.npy;susan_downey_0059.npy,3
tracy_morgan,tracy_morgan_0054.npy,momoe_yamaguchi,momoe_yamaguchi_0032.npy;momoe_yamaguchi_0038.npy;momoe_yamaguchi_0042.npy,3
tracy_morgan,tracy_morgan_0059.npy,maria_menounos,maria_menounos_0006.npy;maria_menounos_0181.npy;maria_menounos_0028.npy,3
tracy_morgan,tracy_morgan_0088.npy,elisa_donovan,elisa_donovan_0083.npy;elisa_donovan_0179.npy,2
tracy_morgan,tracy_morgan_0107.npy,ashley_avis,ashley_avis_0012.npy;ashley_avis_0041.npy,2
tracy_morgan,tracy_morgan_0130.npy,helena_christensen,helena_christensen_0037.npy;helena_christensen_0073.npy;helena_christensen_0018.npy,3
tracy_morgan,tracy_morgan_0131.npy,fumino_kimura,fumino_kimura_0028.npy;fumino_kimura_0016.npy;fumino_kimura_0021.npy,3
tracy_morgan,tracy_morgan_0190.npy,tyler_perry,tyler_perry_0103.npy;tyler_perry_0079.npy;tyler_perry_0094.npy,3
tyler_perry,tyler_perry_0044.npy,maria_menounos,maria_menounos_0006.npy;maria_menounos_0181.npy;maria_menounos_0120.npy,3
tyler_perry,tyler_perry_0053.npy,robert_englund,robert_englund_0018.npy;robert_englund_0019.npy;robert_englund_0026.npy,3
tyler_perry,tyler_perry_0070.npy,shauna_chin,shauna_chin_0036.npy;shauna_chin_0021.npy;shauna_chin_0007.npy,3
tyler_perry,tyler_perry_0079.npy,melora_walters,melora_walters_0024.npy;melora_walters_0004.npy;melora_walters_0002.npy,3
tyler_perry,tyler_perry_0094.npy,jun_hasegawa,jun_hasegawa_0068.npy;jun_hasegawa_0018.npy;jun_hasegawa_0031.npy,3
tyler_perry,tyler_perry_0103.npy,fabrice_eboue,fabrice_eboue_0904.npy;fabrice_eboue_0929.npy;fabrice_eboue_0941.npy,3
wyclef_jean,wyclef_jean_0051.npy,gabrielle_anwar,gabrielle_anwar_0027.npy;gabrielle_anwar_0023.npy;gabrielle_anwar_0175.npy,3
wyclef_jean,wyclef_jean_0056.npy,fumino_kimura,fumino_kimura_0061.npy;fumino_kimura_0028.npy;fumino_kimura_0021.npy,3
wyclef_jean,wyclef_jean_0058.npy,kelli_garner,kelli_garner_0043.npy;kelli_garner_0025.npy;kelli_garner_0024.npy,3
wyclef_jean,wyclef_jean_0068.npy,maureen_mendoza,maureen_mendoza_0006.npy;maureen_mendoza_0007.npy;maureen_mendoza_0028.npy,3
wyclef_jean,wyclef_jean_0081.npy,sam_neill,sam_neill_0121.npy;sam_neill_0038.npy;sam_neill_0092.npy,3
alison_brie,alison_brie_0018.npy,tom_bergeron,tom_bergeron_0021.npy;tom_bergeron_0071.npy;tom_bergeron_0067.npy,3
alison_brie,alison_brie_0039.npy,amir_arison,amir_arison_0011.npy;amir_arison_0019.npy;amir_arison_0018.npy,3
alison_brie,alison_brie_0042.npy,orlando_jones,orlando_jones_0380.npy,1
alison_brie,alison_brie_0071.npy,kristin_bauer_van_straten,kristin_bauer_van_straten_0027.npy;kristin_bauer_van_straten_0036.npy;kristin_bauer_van_straten_0065.npy,3
alison_brie,alison_brie_0072.npy,tila_tequila,tila_tequila_0909.npy;tila_tequila_0964.npy;tila_tequila_0955.npy,3
alison_brie,alison_brie_0093.npy,deprise_brescia,deprise_brescia_0011.npy;deprise_brescia_0049.npy;deprise_brescia_0020.npy,3
alison_brie,alison_brie_0126.npy,selita_ebanks,selita_ebanks_0029.npy;selita_ebanks_0012.npy;selita_ebanks_0056.npy,3
alison_brie,alison_brie_0129.npy,jill_hennessy,jill_hennessy_0001.npy;jill_hennessy_0116.npy;jill_hennessy_0025.npy,3
alison_brie,alison_brie_0130.npy,judith_shekoni,judith_shekoni_0001.npy;judith_shekoni_0020.npy;judith_shekoni_0060.npy,3
alison_brie,alison_brie_0136.npy,scott_caan,scott_caan_0216.npy;scott_caan_0003.npy;scott_caan_0096.npy,3
alison_brie,alison_brie_0142.npy,jian,jian_0011.npy;jian_0053.npy;jian_0006.npy,3
alison_brie,alison_brie_0195.npy,jenny_wade,jenny_wade_0008.npy;jenny_wade_0043.npy,2
alison_brie,alison_brie_0198.npy,terri_ivens,terri_ivens_0001.npy;terri_ivens_0016.npy;terri_ivens_0039.npy,3
annasophia_robb,annasophia_robb_0055.npy,david_tennant,david_tennant_0083.npy;david_tennant_0033.npy;david_tennant_0076.npy,3
annasophia_robb,annasophia_robb_0063.npy,clifton_collins_jr,clifton_collins_jr_0116.npy;clifton_collins_jr_0188.npy;clifton_collins_jr_0010.npy,3
annasophia_robb,annasophia_robb_0076.npy,rihanna,rihanna_0170.npy;rihanna_0109.npy;rihanna_0330.npy,3
annasophia_robb,annasophia_robb_0079.npy,todd_bridges,todd_bridges_0010.npy;todd_bridges_0009.npy;todd_bridges_0043.npy,3
annasophia_robb,annasophia_robb_0094.npy,ricky_gervais,ricky_gervais_0092.npy;ricky_gervais_0016.npy;ricky_gervais_0099.npy,3
ariel_winter,ariel_winter_0005.npy,mo'nique,mo'nique_0080.npy;mo'nique_0025.npy;mo'nique_0023.npy,3
ariel_winter,ariel_winter_0017.npy,robert_englund,robert_englund_0018.npy;robert_englund_0019.npy;robert_englund_0026.npy,3
ariel_winter,ariel_winter_0026.npy,cedric_the_entertainer,cedric_the_entertainer_0005.npy;cedric_the_entertainer_0025.npy,2
ariel_winter,ariel_winter_0080.npy,phil_keoghan,phil_keoghan_0053.npy;phil_keoghan_0027.npy;phil_keoghan_0007.npy,3
ariel_winter,ariel_winter_0091.npy,brandon_soo_hoo,brandon_soo_hoo_0017.npy;brandon_soo_hoo_0023.npy;brandon_soo_hoo_0022.npy,3
ariel_winter,ariel_winter_0105.npy,jason_patric,jason_patric_0040.npy;jason_patric_0009.npy;jason_patric_0029.npy,3
ariel_winter,ariel_winter_0108.npy,chris_colfer,chris_colfer_0203.npy;chris_colfer_0042.npy;chris_colfer_0125.npy,3
ariel_winter,ariel_winter_0142.npy,ji_chang_wook,ji_chang_wook_0046.npy;ji_chang_wook_0030.npy;ji_chang_wook_0047.npy,3
ariel_winter,ariel_winter_0167.npy,tom_bergeron,tom_bergeron_0071.npy;tom_bergeron_0067.npy;tom_bergeron_0080.npy,3
aubrey_plaza,aubrey_plaza_0002.npy,steven_yeun,steven_yeun_0261.npy;steven_yeun_0269.npy;steven_yeun_0297.npy,3
aubrey_plaza,aubrey_plaza_0006.npy,abigail_spencer,abigail_spencer_0041.npy;abigail_spencer_0050.npy,2
aubrey_plaza,aubrey_plaza_0007.npy,denyce_lawton,denyce_lawton_0034.npy;denyce_lawton_0058.npy;denyce_lawton_0002.npy,3
aubrey_plaza,aubrey_plaza_0025.npy,alison_brie,alison_brie_0018.npy;alison_brie_0136.npy;alison_brie_0195.npy,3
aubrey_plaza,aubrey_plaza_0031.npy,krysten_ritter,krysten_ritter_0149.npy,1
aubrey_plaza,aubrey_plaza_0074.npy,elisa_donovan,elisa_donovan_0083.npy;elisa_donovan_0179.npy,2
aubrey_plaza,aubrey_plaza_0079.npy,taylor_swift,taylor_swift_0065.npy;taylor_swift_0271.npy,2
aubrey_plaza,aubrey_plaza_0093.npy,michael_cera,michael_cera_0059.npy;michael_cera_0028.npy;michael_cera_0099.npy,3
aubrey_plaza,aubrey_plaza_0121.npy,lee_jung_hyun,lee_jung_hyun_0052.npy;lee_jung_hyun_0010.npy;lee_jung_hyun_0024.npy,3
bailee_madison,bailee_madison_0017.npy,sanaa_lathan,sanaa_lathan_0116.npy;sanaa_lathan_0118.npy;sanaa_lathan_0049.npy,3
bailee_madison,bailee_madison_0033.npy,larry_laverty,larry_laverty_0004.npy;larry_laverty_0067.npy,2
bailee_madison,bailee_madison_0034.npy,godfrey_gao,godfrey_gao_0002.npy;godfrey_gao_0007.npy;godfrey_gao_0012.npy,3
bailee_madison,bailee_madison_0040.npy,shakira,shakira_0009.npy;shakira_0059.npy,2
bailee_madison,bailee_madison_0053.npy,kyle_massey,kyle_massey_0012.npy;kyle_massey_0051.npy;kyle_massey_0025.npy,3
bailee_madison,bailee_madison_0061.npy,levona_lewis,levona_lewis_0060.npy;levona_lewis_0064.npy,2
bellamy_young,bellamy_young_0001.npy,michael_sheen,michael_sheen_0007.npy;michael_sheen_0044.npy;michael_sheen_0092.npy,3
bellamy_young,bellamy_young_0010.npy,jason_patric,jason_patric_0040.npy;jason_patric_0029.npy;jason_patric_0009.npy,3
bellamy_young,bellamy_young_0021.npy,cedric_the_entertainer,cedric_the_entertainer_0005.npy;cedric_the_entertainer_0025.npy,2
bellamy_young,bellamy_young_0023.npy,shemar_moore,shemar_moore_0015.npy;shemar_moore_0051.npy;shemar_moore_0026.npy,3
bellamy_young,bellamy_young_0057.npy,david_oyelowo,david_oyelowo_0009.npy;david_oyelowo_0186.npy;david_oyelowo_0247.npy,3
bellamy_young,bellamy_young_0062.npy,li_na_tennis,li_na_tennis_0025.npy;li_na_tennis_0043.npy;li_na_tennis_0036.npy,3
beth_riesgraf,beth_riesgraf_0001.npy,xzibit,xzibit_0005.npy;xzibit_0011.npy;xzibit_0012.npy,3
beth_riesgraf,beth_riesgraf_0016.npy,ashley_avis,ashley_avis_0012.npy;ashley_avis_0041.npy,2
beth_riesgraf,beth_riesgraf_0049.npy,shauna_chin,shauna_chin_0007.npy;shauna_chin_0030.npy;shauna_chin_0004.npy,3
beth_riesgraf,beth_riesgraf_0053.npy,robin_thicke,robin_thicke_0017.npy;robin_thicke_0049.npy;robin_thicke_0054.npy,3
beth_riesgraf,beth_riesgraf_0054.npy,joseph_lawrence,joseph_lawrence_0051.npy;joseph_lawrence_0021.npy;joseph_lawrence_0016.npy,3
bitsie_tulloch,bitsie_tulloch_0012.npy,gabourey_sidibe,gabourey_sidibe_0152.npy;gabourey_sidibe_0129.npy;gabourey_sidibe_0037.npy,3
bitsie_tulloch,bitsie_tulloch_0024.npy,big_bang_g-dragon,big_bang_g-dragon_0051.npy;big_bang_g-dragon_0035.npy;big_bang_g-dragon_0006.npy,3
bitsie_tulloch,bitsie_tulloch_0046.npy,judith_shekoni,judith_shekoni_0001.npy;judith_shekoni_0020.npy;judith_shekoni_0060.npy,3
bitsie_tulloch,bitsie_tulloch_0068.npy,tila_tequila,tila_tequila_0924.npy;tila_tequila_0918.npy;tila_tequila_0915.npy,3
bitsie_tulloch,bitsie_tulloch_0070.npy,jang_keun_suk,jang_keun_suk_0012.npy;jang_keun_suk_0049.npy;jang_keun_suk_0046.npy,3
britt_robertson,britt_robertson_0009.npy,levona_lewis,levona_lewis_0060.npy;levona_lewis_0064.npy,2
britt_robertson,britt_robertson_0038.npy,s_epatha_merkerson,s_epatha_merkerson_0003.npy;s_epatha_merkerson_0028.npy;s_epatha_merkerson_0030.npy,3
britt_robertson,britt_robertson_0039.npy,randy_jackson,randy_jackson_0119.npy;randy_jackson_0139.npy;randy_jackson_0116.npy,3
britt_robertson,britt_robertson_0040.npy,jordana_spiro,jordana_spiro_0016.npy;jordana_spiro_0058.npy;jordana_spiro_0057.npy,3
britt_robertson,britt_robertson_0113.npy,david_gyasi,david_gyasi_0045.npy;david_gyasi_0042.npy;david_gyasi_0013.npy,3
britt_robertson,britt_robertson_0120.npy,andre_braugher,andre_braugher_0031.npy;andre_braugher_0001.npy;andre_braugher_0021.npy,3
britt_robertson,britt_robertson_0130.npy,helen_hunt,helen_hunt_0009.npy;helen_hunt_0212.npy;helen_hunt_0249.npy,3
brooke_elliott,brooke_elliott_0005.npy,deprise_brescia,deprise_brescia_0007.npy;deprise_brescia_0034.npy;deprise_brescia_0045.npy,3
brooke_elliott,brooke_elliott_0017.npy,joey_lauren_adams,joey_lauren_adams_0043.npy;joey_lauren_adams_0026.npy;joey_lauren_adams_0013.npy,3
brooke_elliott,brooke_elliott_0022.npy,odette_annable,odette_annable_0053.npy;odette_annable_0060.npy;odette_annable_0119.npy,3
brooke_elliott,brooke_elliott_0027.npy,hua_chenyu,hua_chenyu_0049.npy;hua_chenyu_0029.npy;hua_chenyu_0040.npy,3
brooke_elliott,brooke_elliott_0029.npy,chris_harrison,chris_harrison_0006.npy;chris_harrison_0020.npy;chris_harrison_0021.npy,3
carrie_genzel,carrie_genzel_0010.npy,trina_mcgee,trina_mcgee_0020.npy,1
carrie_genzel,carrie_genzel_0020.npy,elena_eustache,elena_eustache_0045.npy;elena_eustache_0029.npy;elena_eustache_0033.npy,3
carrie_genzel,carrie_genzel_0031.npy,david_alan_grier,david_alan_grier_0065.npy;david_alan_grier_0066.npy;david_alan_grier_0105.npy,3
carrie_genzel,carrie_genzel_0049.npy,chanyeol,chanyeol_0030.npy;chanyeol_0015.npy;chanyeol_0059.npy,3
carrie_genzel,carrie_genzel_0057.npy,melinda_clarke,melinda_clarke_0041.npy;melinda_clarke_0089.npy;melinda_clarke_0083.npy,3
carrie_genzel,carrie_genzel_0064.npy,anna_tsuchiya,anna_tsuchiya_0001.npy;anna_tsuchiya_0043.npy;anna_tsuchiya_0019.npy,3
carrie_genzel,carrie_genzel_0070.npy,rose_byrne,rose_byrne_0205.npy;rose_byrne_0078.npy;rose_byrne_0212.npy,3
christa_miller,christa_miller_0010.npy,darby_stanchfield,darby_stanchfield_0033.npy;darby_stanchfield_0056.npy,2
christa_miller,christa_miller_0019.npy,elizabeth_mitchell,elizabeth_mitchell_0043.npy;elizabeth_mitchell_0062.npy;elizabeth_mitchell_0137.npy,3
christa_miller,christa_miller_0022.npy,romola_garai,romola_garai_0036.npy;romola_garai_0005.npy;romola_garai_0027.npy,3
christa_miller,christa_miller_0058.npy,ming_xi,ming_xi_0017.npy;ming_xi_0037.npy;ming_xi_0050.npy,3
christa_miller,christa_miller_0061.npy,amanda_brugel,amanda_brugel_0007.npy;amanda_brugel_0026.npy;amanda_brugel_0043.npy,3
christa_miller,christa_miller_0098.npy,jurnee_smollett-bell,jurnee_smollett-bell_0047.npy;jurnee_smollett-bell_0046.npy;jurnee_smollett-bell_0051.npy,3
claire_holt,claire_holt_0006.npy,barbara_hershey,barbara_hershey_0006.npy;barbara_hershey_0051.npy;barbara_hershey_0094.npy,3
claire_holt,claire_holt_0025.npy,tanit_phoenix,tanit_phoenix_0012.npy;tanit_phoenix_0030.npy,2
claire_holt,claire_holt_0048.npy,zachary_knighton,zachary_knighton_0036.npy;zachary_knighton_0030.npy;zachary_knighton_0095.npy,3
claire_holt,claire_holt_0061.npy,xu_jinglei,xu_jinglei_0058.npy;xu_jinglei_0034.npy;xu_jinglei_0061.npy,3
clare_grant,clare_grant_0009.npy,tasha_smith,tasha_smith_0014.npy;tasha_smith_0020.npy;tasha_smith_0024.npy,3
clare_grant,clare_grant_0014.npy,shauna_chin,shauna_chin_0021.npy;shauna_chin_0004.npy;shauna_chin_0018.npy,3
clare_grant,clare_grant_0015.npy,mark_strong,mark_strong_0001.npy;mark_strong_0015.npy;mark_strong_0082.npy,3
clare_grant,clare_grant_0024.npy,john_francis_daley,john_francis_daley_0061.npy;john_francis_daley_0016.npy;john_francis_daley_0030.npy,3
clare_grant,clare_grant_0037.npy,tasha_smith,tasha_smith_0014.npy;tasha_smith_0020.npy;tasha_smith_0024.npy,3
clare_grant,clare_grant_0041.npy,john_carroll_lynch,john_carroll_lynch_0023.npy;john_carroll_lynch_0005.npy;john_carroll_lynch_0025.npy,3
clare_grant,clare_grant_0045.npy,jet_li,jet_li_0127.npy;jet_li_0056.npy;jet_li_0004.npy,3
clare_grant,clare_grant_0051.npy,vicki_lewis,vicki_lewis_0028.npy;vicki_lewis_0076.npy;vicki_lewis_0084.npy,3
deborah_ann_woll,deborah_ann_woll_0001.npy,jaida-iman_benjamin,jaida-iman_benjamin_0018.npy;jaida-iman_benjamin_0077.npy,2
deborah_ann_woll,deborah_ann_woll_0015.npy,joey_lauren_adams,joey_lauren_adams_0015.npy;joey_lauren_adams_0026.npy;joey_lauren_adams_0043.npy,3
deborah_ann_woll,deborah_ann_woll_0018.npy,thomas_jane,thomas_jane_0091.npy;thomas_jane_0111.npy;thomas_jane_0032.npy,3
deborah_ann_woll,deborah_ann_woll_0043.npy,hubertus_geller,hubertus_geller_0001.npy,1
deborah_ann_woll,deborah_ann_woll_0049.npy,orlando_jones,orlando_jones_0380.npy,1
deborah_ann_woll,deborah_ann_woll_0054.npy,jennifer_esposito,jennifer_esposito_0004.npy;jennifer_esposito_0091.npy,2
deborah_ann_woll,deborah_ann_woll_0071.npy,jaejoong,jaejoong_0011.npy;jaejoong_0051.npy;jaejoong_0047.npy,3
deborah_ann_woll,deborah_ann_woll_0073.npy,aubrey_plaza,aubrey_plaza_0007.npy;aubrey_plaza_0031.npy;aubrey_plaza_0074.npy,3
deprise_brescia,deprise_brescia_0001.npy,megalyn_echikunwoke,megalyn_echikunwoke_0043.npy;megalyn_echikunwoke_0021.npy;megalyn_echikunwoke_0008.npy,3
deprise_brescia,deprise_brescia_0005.npy,aubrey_anderson-emmons,aubrey_anderson-emmons_0002.npy;aubrey_anderson-emmons_0015.npy;aubrey_anderson-emmons_0001.npy,3
deprise_brescia,deprise_brescia_0007.npy,jian,jian_0010.npy;jian_0028.npy;jian_0047.npy,3
deprise_brescia,deprise_brescia_0011.npy,rob_corddry,rob_corddry_0082.npy;rob_corddry_0084.npy;rob_corddry_0087.npy,3
deprise_brescia,deprise_brescia_0012.npy,david_oyelowo,david_oyelowo_0009.npy;david_oyelowo_0186.npy;david_oyelowo_0247.npy,3
deprise_brescia,deprise_brescia_0020.npy,julie_christie,julie_christie_0016.npy;julie_christie_0009.npy;julie_christie_0062.npy,3
deprise_brescia,deprise_brescia_0021.npy,imani_t_williams,imani_t_williams_0001.npy;imani_t_williams_0026.npy;imani_t_williams_0059.npy,3
deprise_brescia,deprise_brescia_0034.npy,victor_webster,victor_webster_0032.npy;victor_webster_0038.npy;victor_webster_0050.npy,3
deprise_brescia,deprise_brescia_0035.npy,gabourey_sidibe,gabourey_sidibe_0037.npy;gabourey_sidibe_0091.npy;gabourey_sidibe_0152.npy,3
deprise_brescia,deprise_brescia_0045.npy,imani_t_williams,imani_t_williams_0001.npy;imani_t_williams_0026.npy;imani_t_williams_0059.npy,3
deprise_brescia,deprise_brescia_0049.npy,la_la_anthony,la_la_anthony_0017.npy;la_la_anthony_0058.npy;la_la_anthony_0019.npy,3
elena_eustache,elena_eustache_0026.npy,judith_shekoni,judith_shekoni_0001.npy;judith_shekoni_0020.npy;judith_shekoni_0060.npy,3
elena_eustache,elena_eustache_0029.npy,veronica_webb,veronica_webb_0036.npy;veronica_webb_0043.npy;veronica_webb_0022.npy,3
elena_eustache,elena_eustache_0033.npy,luke_wilson,luke_wilson_0005.npy;luke_wilson_0150.npy;luke_wilson_0046.npy,3
elena_eustache,elena_eustache_0045.npy,godfrey_gao,godfrey_gao_0011.npy;godfrey_gao_0004.npy;godfrey_gao_0023.npy,3
fairuza_balk,fairuza_balk_0007.npy,ron_yuan,ron_yuan_0056.npy;ron_yuan_0031.npy;ron_yuan_0053.npy,3
fairuza_balk,fairuza_balk_0039.npy,maggie_q,maggie_q_0281.npy;maggie_q_0193.npy;maggie_q_0240.npy,3
fairuza_balk,fairuza_balk_0047.npy,rene_russo,rene_russo_0052.npy;rene_russo_0117.npy;rene_russo_0077.npy,3
fairuza_balk,fairuza_balk_0063.npy,zoe_kravitz,zoe_kravitz_0050.npy;zoe_kravitz_0083.npy;zoe_kravitz_0103.npy,3
fairuza_balk,fairuza_balk_0071.npy,jian,jian_0013.npy;jian_0047.npy;jian_0006.npy,3
fairuza_balk,fairuza_balk_0073.npy,deborah_ann_woll,deborah_ann_woll_0049.npy;deborah_ann_woll_0043.npy;deborah_ann_woll_0071.npy,3
famke_janssen,famke_janssen_0021.npy,anna_kendrick,anna_kendrick_0154.npy,1
famke_janssen,famke_janssen_0042.npy,john_francis_daley,john_francis_daley_0059.npy;john_francis_daley_0041.npy;john_francis_daley_0063.npy,3
famke_janssen,famke_janssen_0062.npy,seann_william_scott,seann_william_scott_0109.npy;seann_william_scott_0190.npy;seann_william_scott_0132.npy,3
famke_janssen,famke_janssen_0064.npy,selita_ebanks,selita_ebanks_0052.npy;selita_ebanks_0062.npy;selita_ebanks_0029.npy,3
famke_janssen,famke_janssen_0069.npy,deprise_brescia,deprise_brescia_0045.npy;deprise_brescia_0001.npy;deprise_brescia_0020.npy,3
famke_janssen,famke_janssen_0073.npy,xzibit,xzibit_0005.npy;xzibit_0011.npy;xzibit_0012.npy,3
famke_janssen,famke_janssen_0117.npy,joo_jin_mo,joo_jin_mo_0000.npy;joo_jin_mo_0032.npy;joo_jin_mo_0045.npy,3
famke_janssen,famke_janssen_0123.npy,tom_wilkinson,tom_wilkinson_0078.npy;tom_wilkinson_0065.npy;tom_wilkinson_0012.npy,3
gabrielle_anwar,gabrielle_anwar_0003.npy,li_yuchun,li_yuchun_0052.npy;li_yuchun_0006.npy;li_yuchun_0048.npy,3
gabrielle_anwar,gabrielle_anwar_0023.npy,chi_mcbride,chi_mcbride_0010.npy;chi_mcbride_0019.npy,2
gabrielle_anwar,gabrielle_anwar_0027.npy,tony_oller,tony_oller_0023.npy;tony_oller_0041.npy;tony_oller_0101.npy,3
gabrielle_anwar,gabrielle_anwar_0042.npy,judge_reinhold,judge_reinhold_0058.npy;judge_reinhold_0062.npy;judge_reinhold_0053.npy,3
gabrielle_anwar,gabrielle_anwar_0073.npy,jaida-iman_benjamin,jaida-iman_benjamin_0018.npy;jaida-iman_benjamin_0077.npy,2
gabrielle_anwar,gabrielle_anwar_0078.npy,anna_maria_perez_de_tagle,anna_maria_perez_de_tagle_0082.npy;anna_maria_perez_de_tagle_0093.npy,2
gabrielle_anwar,gabrielle_anwar_0086.npy,maximilian_law,maximilian_law_0050.npy;maximilian_law_0001.npy;maximilian_law_0063.npy,3
gabrielle_anwar,gabrielle_anwar_0090.npy,bryce_dallas_howard,bryce_dallas_howard_0028.npy;bryce_dallas_howard_0042.npy;bryce_dallas_howard_0093.npy,3
gabrielle_anwar,gabrielle_anwar_0104.npy,puff_guo,puff_guo_0052.npy;puff_guo_0050.npy;puff_guo_0013.npy,3
gabrielle_anwar,gabrielle_anwar_0173.npy,scott_bakula,scott_bakula_0072.npy;scott_bakula_0037.npy;scott_bakula_0038.npy,3
gabrielle_anwar,gabrielle_anwar_0175.npy,rene_russo,rene_russo_0117.npy;rene_russo_0077.npy;rene_russo_0052.npy,3
gabrielle_anwar,gabrielle_anwar_0177.npy,barbara_hershey,barbara_hershey_0006.npy;barbara_hershey_0051.npy;barbara_hershey_0094.npy,3
gabrielle_anwar,gabrielle_anwar_0194.npy,judy_davis,judy_davis_0014.npy;judy_davis_0002.npy;judy_davis_0009.npy,3
heather_matarazzo,heather_matarazzo_0003.npy,fairuza_balk,fairuza_balk_0047.npy;fairuza_balk_0071.npy;fairuza_balk_0039.npy,3
heather_matarazzo,heather_matarazzo_0026.npy,zachary_quinto,zachary_quinto_0105.npy;zachary_quinto_0004.npy;zachary_quinto_0073.npy,3
heather_matarazzo,heather_matarazzo_0031.npy,sara_paxton,sara_paxton_0052.npy,1
heather_matarazzo,heather_matarazzo_0038.npy,jack_ma,jack_ma_0289.npy;jack_ma_0328.npy;jack_ma_0207.npy,3
heather_matarazzo,heather_matarazzo_0050.npy,kristinia_debarge,kristinia_debarge_0004.npy;kristinia_debarge_0030.npy;kristinia_debarge_0060.npy,3
helena_christensen,helena_christensen_0018.npy,shauna_chin,shauna_chin_0007.npy;shauna_chin_0053.npy;shauna_chin_0004.npy,3
helena_christensen,helena_christensen_0037.npy,kanata_hongo,kanata_hongo_0039.npy;kanata_hongo_0008.npy;kanata_hongo_0018.npy,3
helena_christensen,helena_christensen_0038.npy,tyler_perry,tyler_perry_0079.npy;tyler_perry_0070.npy;tyler_perry_0053.npy,3
helena_christensen,helena_christensen_0073.npy,trina_mcgee,trina_mcgee_0020.npy,1
holland_taylor,holland_taylor_0008.npy,robin_thicke,robin_thicke_0028.npy;robin_thicke_0049.npy;robin_thicke_0008.npy,3
holland_taylor,holland_taylor_0014.npy,robin_thicke,robin_thicke_0017.npy;robin_thicke_0037.npy;robin_thicke_0028.npy,3
holland_taylor,holland_taylor_0020.npy,jang_keun_suk,jang_keun_suk_0058.npy;jang_keun_suk_0052.npy;jang_keun_suk_0026.npy,3
holland_taylor,holland_taylor_0026.npy,pam_grier,pam_grier_0055.npy;pam_grier_0065.npy;pam_grier_0062.npy,3
holland_taylor,holland_taylor_0027.npy,deprise_brescia,deprise_brescia_0021.npy;deprise_brescia_0035.npy;deprise_brescia_0049.npy,3
holland_taylor,holland_taylor_0030.npy,rutina_wesley,rutina_wesley_0039.npy;rutina_wesley_0060.npy,2
jenn_gotzon,jenn_gotzon_0014.npy,pam_grier,pam_grier_0065.npy;pam_grier_0055.npy;pam_grier_0062.npy,3
jenn_gotzon,jenn_gotzon_0027.npy,jack_ma,jack_ma_0207.npy;jack_ma_0422.npy;jack_ma_0223.npy,3
jenn_gotzon,jenn_gotzon_0029.npy,james_mcavoy,james_mcavoy_0022.npy;james_mcavoy_0012.npy;james_mcavoy_0054.npy,3
jenn_gotzon,jenn_gotzon_0042.npy,scott_takeda,scott_takeda_0909.npy;scott_takeda_0910.npy;scott_takeda_0918.npy,3
jenn_gotzon,jenn_gotzon_0049.npy,able_wanamakok,able_wanamakok_0025.npy;able_wanamakok_0007.npy;able_wanamakok_0024.npy,3
jenn_gotzon,jenn_gotzon_0054.npy,famke_janssen,famke_janssen_0117.npy;famke_janssen_0062.npy;famke_janssen_0123.npy,3
jenn_gotzon,jenn_gotzon_0059.npy,scott_bakula,scott_bakula_0023.npy;scott_bakula_0037.npy;scott_bakula_0004.npy,3
jennifer_carpenter,jennifer_carpenter_0003.npy,heather_mckinley,heather_mckinley_0023.npy;heather_mckinley_0072.npy,2
jennifer_carpenter,jennifer_carpenter_0027.npy,fala_chen,fala_chen_0073.npy;fala_chen_0063.npy;fala_chen_0062.npy,3
jennifer_carpenter,jennifer_carpenter_0065.npy,kyle_massey,kyle_massey_0012.npy;kyle_massey_0025.npy;kyle_massey_0046.npy,3
jennifer_carpenter,jennifer_carpenter_0072.npy,yannus_sufandi,yannus_sufandi_0007.npy;yannus_sufandi_0016.npy;yannus_sufandi_0055.npy,3
jennifer_carpenter,jennifer_carpenter_0121.npy,jeremy_renner,jeremy_renner_0111.npy;jeremy_renner_0055.npy;jeremy_renner_0024.npy,3
jennifer_carpenter,jennifer_carpenter_0159.npy,jason_patric,jason_patric_0029.npy;jason_patric_0070.npy;jason_patric_0040.npy,3
jennifer_carpenter,jennifer_carpenter_0160.npy,stephen_lang,stephen_lang_0054.npy;stephen_lang_0056.npy;stephen_lang_0076.npy,3
jessalyn_gilsig,jessalyn_gilsig_0007.npy,ron_yuan,ron_yuan_0056.npy;ron_yuan_0058.npy;ron_yuan_0062.npy,3
jessalyn_gilsig,jessalyn_gilsig_0009.npy,namaiya_cunningham,namaiya_cunningham_0044.npy;namaiya_cunningham_0029.npy;namaiya_cunningham_0051.npy,3
jessalyn_gilsig,jessalyn_gilsig_0014.npy,deborah_ann_woll,deborah_ann_woll_0001.npy;deborah_ann_woll_0071.npy;deborah_ann_woll_0018.npy,3
jessalyn_gilsig,jessalyn_gilsig_0022.npy,yoo_ah_in,yoo_ah_in_0050.npy;yoo_ah_in_0044.npy;yoo_ah_in_0015.npy,3
jessalyn_gilsig,jessalyn_gilsig_0023.npy,pamella_d'pella,pamella_d'pella_0015.npy;pamella_d'pella_0052.npy;pamella_d'pella_0096.npy,3
jessalyn_gilsig,jessalyn_gilsig_0032.npy,gabrielle_anwar,gabrielle_anwar_0073.npy;gabrielle_anwar_0175.npy;gabrielle_anwar_0027.npy,3
jessalyn_gilsig,jessalyn_gilsig_0072.npy,lee_young_ae,lee_young_ae_0056.npy;lee_young_ae_0015.npy;lee_young_ae_0020.npy,3
jill_hennessy,jill_hennessy_0001.npy,scott_bakula,scott_bakula_0072.npy;scott_bakula_0039.npy;scott_bakula_0042.npy,3
jill_hennessy,jill_hennessy_0006.npy,gabrielle_anwar,gabrielle_anwar_0086.npy;gabrielle_anwar_0023.npy;gabrielle_anwar_0104.npy,3
jill_hennessy,jill_hennessy_0025.npy,corbin_bleu,corbin_bleu_0568.npy;corbin_bleu_0744.npy,2
jill_hennessy,jill_hennessy_0054.npy,corbin_bleu,corbin_bleu_0568.npy;corbin_bleu_0744.npy,2
jill_hennessy,jill_hennessy_0059.npy,tom_bergeron,tom_bergeron_0055.npy;tom_bergeron_0067.npy;tom_bergeron_0066.npy,3
jill_hennessy,jill_hennessy_0060.npy,heather_matarazzo,heather_matarazzo_0003.npy;heather_matarazzo_0026.npy;heather_matarazzo_0038.npy,3
jill_hennessy,jill_hennessy_0098.npy,federico_dordei,federico_dordei_0082.npy;federico_dordei_0013.npy;federico_dordei_0036.npy,3
jill_hennessy,jill_hennessy_0116.npy,marcia_cross,marcia_cross_0121.npy;marcia_cross_0148.npy;marcia_cross_0032.npy,3
joey_lauren_adams,joey_lauren_adams_0013.npy,kim_delaney,kim_delaney_0068.npy;kim_delaney_0039.npy;kim_delaney_0037.npy,3
joey_lauren_adams,joey_lauren_adams_0015.npy,will_yun_lee,will_yun_lee_0490.npy;will_yun_lee_0920.npy;will_yun_lee_0669.npy,3
joey_lauren_adams,joey_lauren_adams_0025.npy,rick_gonzalez,rick_gonzalez_0012.npy;rick_gonzalez_0057.npy;rick_gonzalez_0069.npy,3
joey_lauren_adams,joey_lauren_adams_0026.npy,jung_woo_sung,jung_woo_sung_0017.npy;jung_woo_sung_0036.npy;jung_woo_sung_0022.npy,3
joey_lauren_adams,joey_lauren_adams_0043.npy,scott_bakula,scott_bakula_0023.npy;scott_bakula_0004.npy;scott_bakula_0072.npy,3
jordana_spiro,jordana_spiro_0007.npy,britt_robertson,britt_robertson_0040.npy;britt_robertson_0038.npy;britt_robertson_0009.npy,3
jordana_spiro,jordana_spiro_0016.npy,park_ji_sung,park_ji_sung_0026.npy;park_ji_sung_0040.npy;park_ji_sung_0016.npy,3
jordana_spiro,jordana_spiro_0050.npy,james_mcavoy,james_mcavoy_0078.npy;james_mcavoy_0022.npy;james_mcavoy_0128.npy,3
jordana_spiro,jordana_spiro_0057.npy,tamala_jones,tamala_jones_0014.npy;tamala_jones_0067.npy;tamala_jones_0016.npy,3
jordana_spiro,jordana_spiro_0058.npy,helen_hunt,helen_hunt_0009.npy;helen_hunt_0212.npy;helen_hunt_0249.npy,3
judy_davis,judy_davis_0002.npy,romola_garai,romola_garai_0036.npy;romola_garai_0027.npy;romola_garai_0071.npy,3
judy_davis,judy_davis_0008.npy,deborah_ann_woll,deborah_ann_woll_0015.npy;deborah_ann_woll_0071.npy;deborah_ann_woll_0043.npy,3
judy_davis,judy_davis_0009.npy,phil_keoghan,phil_keoghan_0030.npy;phil_keoghan_0023.npy;phil_keoghan_0051.npy,3
judy_davis,judy_davis_0014.npy,christine_lakin,christine_lakin_0008.npy,1
judy_davis,judy_davis_0031.npy,fumino_kimura,fumino_kimura_0016.npy;fumino_kimura_0062.npy;fumino_kimura_0061.npy,3
julie_christie,julie_christie_0009.npy,robin_shou,robin_shou_0097.npy;robin_shou_0489.npy,2
julie_christie,julie_christie_0016.npy,romola_garai,romola_garai_0071.npy;romola_garai_0027.npy;romola_garai_0005.npy,3
julie_christie,julie_christie_0047.npy,hubertus_geller,hubertus_geller_0001.npy,1
julie_christie,julie_christie_0062.npy,dylan_minnette,dylan_minnette_0080.npy;dylan_minnette_0193.npy,2
kaitlin_olson,kaitlin_olson_0025.npy,dylan_minnette,dylan_minnette_0080.npy;dylan_minnette_0193.npy,2
kaitlin_olson,kaitlin_olson_0044.npy,neve_campbell,neve_campbell_0114.npy;neve_campbell_0012.npy;neve_campbell_0143.npy,3
kaitlin_olson,kaitlin_olson_0053.npy,fumi_desalu-vold,fumi_desalu-vold_0001.npy;fumi_desalu-vold_0004.npy;fumi_desalu-vold_0010.npy,3
kaitlin_olson,kaitlin_olson_0061.npy,elizabeth_mitchell,elizabeth_mitchell_0043.npy;elizabeth_mitchell_0062.npy;elizabeth_mitchell_0137.npy,3
karolina_kurkova,karolina_kurkova_0002.npy,rachel_mcadams,rachel_mcadams_0293.npy;rachel_mcadams_0204.npy;rachel_mcadams_0092.npy,3
karolina_kurkova,karolina_kurkova_0009.npy,john_woo,john_woo_0016.npy;john_woo_0001.npy;john_woo_0019.npy,3
karolina_kurkova,karolina_kurkova_0026.npy,chris_harrison,chris_harrison_0006.npy;chris_harrison_0016.npy;chris_harrison_0001.npy,3
karolina_kurkova,karolina_kurkova_0036.npy,heather_matarazzo,heather_matarazzo_0050.npy;heather_matarazzo_0038.npy;heather_matarazzo_0003.npy,3
karolina_kurkova,karolina_kurkova_0039.npy,vicki_lewis,vicki_lewis_0028.npy;vicki_lewis_0076.npy;vicki_lewis_0084.npy,3
karolina_kurkova,karolina_kurkova_0059.npy,howie_mandel,howie_mandel_0033.npy;howie_mandel_0074.npy;howie_mandel_0079.npy,3
karolina_kurkova,karolina_kurkova_0071.npy,robert_zemeckis,robert_zemeckis_0001.npy;robert_zemeckis_0002.npy;robert_zemeckis_0027.npy,3
karolina_kurkova,karolina_kurkova_0083.npy,anna_tsuchiya,anna_tsuchiya_0043.npy;anna_tsuchiya_0042.npy;anna_tsuchiya_0019.npy,3
karolina_kurkova,karolina_kurkova_0091.npy,robin_shou,robin_shou_0097.npy;robin_shou_0489.npy,2
kathleen_robertson,kathleen_robertson_0004.npy,minori_chihara,minori_chihara_0036.npy;minori_chihara_0039.npy;minori_chihara_0044.npy,3
kathleen_robertson,kathleen_robertson_0006.npy,alfre_woodard,alfre_woodard_0094.npy;alfre_woodard_0132.npy;alfre_woodard_0105.npy,3
kathleen_robertson,kathleen_robertson_0042.npy,maureen_mendoza,maureen_mendoza_0006.npy;maureen_mendoza_0007.npy;maureen_mendoza_0028.npy,3
kathleen_robertson,kathleen_robertson_0043.npy,huang_xiaoming,huang_xiaoming_0003.npy;huang_xiaoming_0020.npy;huang_xiaoming_0009.npy,3
kathleen_robertson,kathleen_robertson_0045.npy,christa_b_allen,christa_b_allen_0002.npy;christa_b_allen_0019.npy;christa_b_allen_0058.npy,3
kathleen_robertson,kathleen_robertson_0069.npy,colin_ferguson,colin_ferguson_0017.npy;colin_ferguson_0028.npy;colin_ferguson_0001.npy,3
kathleen_robertson,kathleen_robertson_0080.npy,tatyana_ali,tatyana_ali_0028.npy;tatyana_ali_0013.npy;tatyana_ali_0049.npy,3
kelli_garner,kelli_garner_0024.npy,fabrice_eboue,fabrice_eboue_0957.npy;fabrice_eboue_0903.npy;fabrice_eboue_0930.npy,3
kelli_garner,kelli_garner_0025.npy,rose_byrne,rose_byrne_0188.npy;rose_byrne_0118.npy;rose_byrne_0055.npy,3
kelli_garner,kelli_garner_0043.npy,jon_cryer,jon_cryer_0063.npy;jon_cryer_0196.npy;jon_cryer_0009.npy,3
kelli_garner,kelli_garner_0066.npy,stephen_lang,stephen_lang_0054.npy;stephen_lang_0056.npy;stephen_lang_0076.npy,3
kelli_garner,kelli_garner_0097.npy,john_woo,john_woo_0001.npy;john_woo_0009.npy;john_woo_0019.npy,3
kim_delaney,kim_delaney_0003.npy,jaida-iman_benjamin,jaida-iman_benjamin_0018.npy;jaida-iman_benjamin_0077.npy,2
kim_delaney,kim_delaney_0029.npy,tony_chiu_wai_leung,tony_chiu_wai_leung_0017.npy;tony_chiu_wai_leung_0012.npy;tony_chiu_wai_leung_0007.npy,3
kim_delaney,kim_delaney_0037.npy,john_carroll_lynch,john_carroll_lynch_0023.npy;john_carroll_lynch_0025.npy;john_carroll_lynch_0037.npy,3
kim_delaney,kim_delaney_0039.npy,cedric_the_entertainer,cedric_the_entertainer_0005.npy;cedric_the_entertainer_0025.npy,2
kim_delaney,kim_delaney_0064.npy,scott_takeda,scott_takeda_0923.npy;scott_takeda_0918.npy;scott_takeda_0910.npy,3
kim_delaney,kim_delaney_0068.npy,craig_fong,craig_fong_0078.npy;craig_fong_0042.npy;craig_fong_0024.npy,3
kristinia_debarge,kristinia_debarge_0004.npy,elisa_donovan,elisa_donovan_0083.npy;elisa_donovan_0179.npy,2
kristinia_debarge,kristinia_debarge_0030.npy,phil_keoghan,phil_keoghan_0012.npy;phil_keoghan_0030.npy;phil_keoghan_0051.npy,3
kristinia_debarge,kristinia_debarge_0032.npy,hua_chenyu,hua_chenyu_0029.npy;hua_chenyu_0042.npy;hua_chenyu_0031.npy,3
kristinia_debarge,kristinia_debarge_0060.npy,timothy_spall,timothy_spall_0009.npy;timothy_spall_0032.npy;timothy_spall_0058.npy,3
laura_vandervoort,laura_vandervoort_0003.npy,chanyeol,chanyeol_0058.npy;chanyeol_0059.npy;chanyeol_0029.npy,3
laura_vandervoort,laura_vandervoort_0029.npy,mark_taormino,mark_taormino_0045.npy;mark_taormino_0043.npy;mark_taormino_0015.npy,3
laura_vandervoort,laura_vandervoort_0031.npy,clare_grant,clare_grant_0015.npy;clare_grant_0024.npy;clare_grant_0014.npy,3
laura_vandervoort,laura_vandervoort_0039.npy,romany_malco,romany_malco_0058.npy;romany_malco_0084.npy;romany_malco_0006.npy,3
laura_vandervoort,laura_vandervoort_0059.npy,john_francis_daley,john_francis_daley_0023.npy;john_francis_daley_0013.npy;john_francis_daley_0030.npy,3
laura_vandervoort,laura_vandervoort_0072.npy,ron_yuan,ron_yuan_0062.npy;ron_yuan_0031.npy;ron_yuan_0056.npy,3
laura_vandervoort,laura_vandervoort_0119.npy,danny_devito,danny_devito_0164.npy;danny_devito_0022.npy;danny_devito_0147.npy,3
laura_vandervoort,laura_vandervoort_0146.npy,michael_cera,michael_cera_0028.npy;michael_cera_0083.npy;michael_cera_0059.npy,3
linda_gray,linda_gray_0003.npy,andre_braugher,andre_braugher_0013.npy;andre_braugher_0085.npy;andre_braugher_0021.npy,3
linda_gray,linda_gray_0006.npy,fumino_kimura,fumino_kimura_0016.npy;fumino_kimura_0049.npy;fumino_kimura_0022.npy,3
linda_gray,linda_gray_0008.npy,deprise_brescia,deprise_brescia_0005.npy;deprise_brescia_0049.npy;deprise_brescia_0007.npy,3
linda_gray,linda_gray_0016.npy,antonio_sabato_jr,antonio_sabato_jr_0044.npy;antonio_sabato_jr_0016.npy;antonio_sabato_jr_0034.npy,3
linda_gray,linda_gray_0017.npy,romola_garai,romola_garai_0005.npy;romola_garai_0036.npy;romola_garai_0038.npy,3
linda_gray,linda_gray_0023.npy,dylan_mcdermott,dylan_mcdermott_0169.npy;dylan_mcdermott_0083.npy;dylan_mcdermott_0137.npy,3
linda_gray,linda_gray_0032.npy,aldis_hodge,aldis_hodge_0016.npy;aldis_hodge_0004.npy;aldis_hodge_0032.npy,3
linda_gray,linda_gray_0053.npy,shemar_moore,shemar_moore_0051.npy;shemar_moore_0020.npy;shemar_moore_0063.npy,3
marcia_cross,marcia_cross_0032.npy,scott_bakula,scott_bakula_0091.npy;scott_bakula_0042.npy;scott_bakula_0037.npy,3
marcia_cross,marcia_cross_0121.npy,james_mcavoy,james_mcavoy_0022.npy;james_mcavoy_0054.npy;james_mcavoy_0012.npy,3
marcia_cross,marcia_cross_0148.npy,shane_west,shane_west_0160.npy;shane_west_0031.npy;shane_west_0180.npy,3
marcia_cross,marcia_cross_0187.npy,tony_jaa,tony_jaa_0022.npy;tony_jaa_0031.npy;tony_jaa_0043.npy,3
marcia_gay_harden,marcia_gay_harden_0052.npy,zoe_kravitz,zoe_kravitz_0050.npy;zoe_kravitz_0064.npy;zoe_kravitz_0061.npy,3
marcia_gay_harden,marcia_gay_harden_0063.npy,scott_bakula,scott_bakula_0042.npy;scott_bakula_0072.npy;scott_bakula_0009.npy,3
marcia_gay_harden,marcia_gay_harden_0067.npy,katie_cassidy,katie_cassidy_0029.npy;katie_cassidy_0110.npy;katie_cassidy_0144.npy,3
marcia_gay_harden,marcia_gay_harden_0069.npy,bitsie_tulloch,bitsie_tulloch_0068.npy;bitsie_tulloch_0046.npy;bitsie_tulloch_0024.npy,3
marcia_gay_harden,marcia_gay_harden_0189.npy,judy_davis,judy_davis_0031.npy;judy_davis_0008.npy;judy_davis_0014.npy,3
marcia_gay_harden,marcia_gay_harden_0224.npy,max_greenfield,max_greenfield_0017.npy;max_greenfield_0157.npy;max_greenfield_0087.npy,3
marcia_gay_harden,marcia_gay_harden_0249.npy,rico_e_anderson,rico_e_anderson_0041.npy,1
marcia_gay_harden,marcia_gay_harden_0250.npy,jang_keun_suk,jang_keun_suk_0051.npy;jang_keun_suk_0007.npy;jang_keun_suk_0058.npy,3
maria_menounos,maria_menounos_0006.npy,selita_ebanks,selita_ebanks_0014.npy;selita_ebanks_0062.npy;selita_ebanks_0051.npy,3
maria_menounos,maria_menounos_0018.npy,xu_jinglei,xu_jinglei_0011.npy;xu_jinglei_0016.npy;xu_jinglei_0037.npy,3
maria_menounos,maria_menounos_0025.npy,sadie_calvano,sadie_calvano_0026.npy;sadie_calvano_0043.npy;sadie_calvano_0041.npy,3
maria_menounos,maria_menounos_0028.npy,tanit_phoenix,tanit_phoenix_0012.npy;tanit_phoenix_0030.npy,2
maria_menounos,maria_menounos_0120.npy,sung_kang,sung_kang_0052.npy,1
maria_menounos,maria_menounos_0124.npy,neve_campbell,neve_campbell_0139.npy;neve_campbell_0012.npy;neve_campbell_0064.npy,3
maria_menounos,maria_menounos_0181.npy,gong_seung_yeon,gong_seung_yeon_0025.npy;gong_seung_yeon_0057.npy;gong_seung_yeon_0054.npy,3
mary_lynn_rajskub,mary_lynn_rajskub_0069.npy,aubrey_anderson-emmons,aubrey_anderson-emmons_0033.npy;aubrey_anderson-emmons_0015.npy;aubrey_anderson-emmons_0014.npy,3
mary_lynn_rajskub,mary_lynn_rajskub_0086.npy,tamala_jones,tamala_jones_0014.npy;tamala_jones_0050.npy;tamala_jones_0043.npy,3
mary_lynn_rajskub,mary_lynn_rajskub_0095.npy,chandra_wilson,chandra_wilson_0130.npy;chandra_wilson_0109.npy;chandra_wilson_0018.npy,3
mary_lynn_rajskub,mary_lynn_rajskub_0114.npy,denyce_lawton,denyce_lawton_0002.npy;denyce_lawton_0034.npy;denyce_lawton_0095.npy,3
megan_marie_wilson,megan_marie_wilson_0004.npy,tricia_helfer,tricia_helfer_0041.npy;tricia_helfer_0007.npy;tricia_helfer_0019.npy,3
megan_marie_wilson,megan_marie_wilson_0008.npy,samantha_harris,samantha_harris_0088.npy;samantha_harris_0016.npy;samantha_harris_0031.npy,3
megan_marie_wilson,megan_marie_wilson_0014.npy,lee_dong_hae,lee_dong_hae_0029.npy;lee_dong_hae_0057.npy;lee_dong_hae_0025.npy,3
megan_marie_wilson,megan_marie_wilson_0016.npy,christopher_stadulis,christopher_stadulis_0063.npy;christopher_stadulis_0014.npy;christopher_stadulis_0029.npy,3
megan_marie_wilson,megan_marie_wilson_0018.npy,marlon_wayans,marlon_wayans_0079.npy;marlon_wayans_0063.npy;marlon_wayans_0066.npy,3
megan_marie_wilson,megan_marie_wilson_0024.npy,monique_coleman,monique_coleman_0015.npy;monique_coleman_0045.npy;monique_coleman_0048.npy,3
megan_marie_wilson,megan_marie_wilson_0036.npy,mos_def,mos_def_0041.npy;mos_def_0038.npy;mos_def_0011.npy,3
megan_marie_wilson,megan_marie_wilson_0043.npy,mary_lynn_rajskub,mary_lynn_rajskub_0114.npy;mary_lynn_rajskub_0069.npy;mary_lynn_rajskub_0086.npy,3
megan_marie_wilson,megan_marie_wilson_0048.npy,aubrey_anderson-emmons,aubrey_anderson-emmons_0029.npy;aubrey_anderson-emmons_0015.npy;aubrey_anderson-emmons_0014.npy,3
megan_marie_wilson,megan_marie_wilson_0051.npy,larry_flash_jenkins,larry_flash_jenkins_0042.npy;larry_flash_jenkins_0021.npy;larry_flash_jenkins_0046.npy,3
megan_marie_wilson,megan_marie_wilson_0052.npy,bellamy_young,bellamy_young_0062.npy;bellamy_young_0010.npy;bellamy_young_0023.npy,3
megan_marie_wilson,megan_marie_wilson_0055.npy,bitsie_tulloch,bitsie_tulloch_0012.npy;bitsie_tulloch_0070.npy;bitsie_tulloch_0024.npy,3
melanie_lynskey,melanie_lynskey_0028.npy,rose_byrne,rose_byrne_0078.npy;rose_byrne_0039.npy;rose_byrne_0118.npy,3
melanie_lynskey,melanie_lynskey_0038.npy,tricia_helfer,tricia_helfer_0019.npy;tricia_helfer_0049.npy;tricia_helfer_0007.npy,3
melanie_lynskey,melanie_lynskey_0054.npy,rhona_mitra,rhona_mitra_0011.npy;rhona_mitra_0033.npy;rhona_mitra_0035.npy,3
melanie_lynskey,melanie_lynskey_0088.npy,thandie_newton,thandie_newton_0031.npy;thandie_newton_0066.npy;thandie_newton_0146.npy,3
melanie_lynskey,melanie_lynskey_0090.npy,darby_stanchfield,darby_stanchfield_0033.npy;darby_stanchfield_0056.npy,2
melanie_lynskey,melanie_lynskey_0091.npy,marlon_wayans,marlon_wayans_0066.npy;marlon_wayans_0063.npy;marlon_wayans_0042.npy,3
melinda_clarke,melinda_clarke_0039.npy,chris_colfer,chris_colfer_0125.npy;chris_colfer_0039.npy;chris_colfer_0190.npy,3
melinda_clarke,melinda_clarke_0041.npy,robert_englund,robert_englund_0018.npy;robert_englund_0019.npy;robert_englund_0026.npy,3
melinda_clarke,melinda_clarke_0075.npy,katie_cassidy,katie_cassidy_0029.npy;katie_cassidy_0110.npy;katie_cassidy_0144.npy,3
melinda_clarke,melinda_clarke_0076.npy,alfre_woodard,alfre_woodard_0103.npy;alfre_woodard_0105.npy;alfre_woodard_0113.npy,3
melinda_clarke,melinda_clarke_0083.npy,anna_tsuchiya,anna_tsuchiya_0019.npy;anna_tsuchiya_0015.npy;anna_tsuchiya_0003.npy,3
melinda_clarke,melinda_clarke_0089.npy,jordin_sparks,jordin_sparks_0097.npy;jordin_sparks_0008.npy;jordin_sparks_0027.npy,3
melora_walters,melora_walters_0001.npy,heather_mckinley,heather_mckinley_0023.npy;heather_mckinley_0072.npy,2
melora_walters,melora_walters_0002.npy,jill_hennessy,jill_hennessy_0060.npy;jill_hennessy_0001.npy;jill_hennessy_0006.npy,3
melora_walters,melora_walters_0004.npy,rocky_verma,rocky_verma_0016.npy;rocky_verma_0028.npy;rocky_verma_0040.npy,3
melora_walters,melora_walters_0016.npy,zoe_kravitz,zoe_kravitz_0050.npy;zoe_kravitz_0077.npy;zoe_kravitz_0083.npy,3
melora_walters,melora_walters_0024.npy,danny_huston,danny_huston_0039.npy;danny_huston_0076.npy;danny_huston_0025.npy,3
melora_walters,melora_walters_0048.npy,tracy_morgan,tracy_morgan_0190.npy;tracy_morgan_0054.npy;tracy_morgan_0088.npy,3
melora_walters,melora_walters_0049.npy,gabriela_dias,gabriela_dias_0028.npy;gabriela_dias_0058.npy,2
melora_walters,melora_walters_0053.npy,song_joong_ki,song_joong_ki_0013.npy;song_joong_ki_0008.npy;song_joong_ki_0041.npy,3
melora_walters,melora_walters_0054.npy,lee_jung_hyun,lee_jung_hyun_0013.npy;lee_jung_hyun_0058.npy;lee_jung_hyun_0031.npy,3
michelle_trachtenberg,michelle_trachtenberg_0031.npy,shannon_woodward,shannon_woodward_0001.npy;shannon_woodward_0010.npy;shannon_woodward_0050.npy,3
michelle_trachtenberg,michelle_trachtenberg_0231.npy,scott_bakula,scott_bakula_0039.npy;scott_bakula_0042.npy;scott_bakula_0038.npy,3
michelle_trachtenberg,michelle_trachtenberg_0232.npy,fala_chen,fala_chen_0073.npy;fala_chen_0063.npy;fala_chen_0069.npy,3
michelle_trachtenberg,michelle_trachtenberg_0258.npy,corbin_bleu,corbin_bleu_0568.npy;corbin_bleu_0744.npy,2
michelle_trachtenberg,michelle_trachtenberg_0261.npy,rene_russo,rene_russo_0052.npy;rene_russo_0070.npy;rene_russo_0117.npy,3
michelle_trachtenberg,michelle_trachtenberg_0324.npy,judge_reinhold,judge_reinhold_0022.npy;judge_reinhold_0062.npy;judge_reinhold_0012.npy,3
michelle_trachtenberg,michelle_trachtenberg_0339.npy,chi_mcbride,chi_mcbride_0010.npy;chi_mcbride_0019.npy,2
miranda_richardson,miranda_richardson_0011.npy,lee_joon-gi,lee_joon-gi_0024.npy;lee_joon-gi_0026.npy,2
miranda_richardson,miranda_richardson_0013.npy,whitney_houston,whitney_houston_0033.npy;whitney_houston_0107.npy;whitney_houston_0113.npy,3
miranda_richardson,miranda_richardson_0021.npy,tony_oller,tony_oller_0023.npy;tony_oller_0072.npy;tony_oller_0007.npy,3
miranda_richardson,miranda_richardson_0045.npy,michelle_trachtenberg,michelle_trachtenberg_0324.npy;michelle_trachtenberg_0031.npy;michelle_trachtenberg_0261.npy,3
miranda_richardson,miranda_richardson_0053.npy,joseph_steven,joseph_steven_0005.npy,1
miranda_richardson,miranda_richardson_0063.npy,fumi_desalu-vold,fumi_desalu-vold_0001.npy;fumi_desalu-vold_0004.npy;fumi_desalu-vold_0010.npy,3
mylene_dinh-robic,mylene_dinh-robic_0006.npy,jaida-iman_benjamin,jaida-iman_benjamin_0018.npy;jaida-iman_benjamin_0077.npy,2
mylene_dinh-robic,mylene_dinh-robic_0904.npy,iain_glen,iain_glen_0029.npy;iain_glen_0062.npy;iain_glen_0018.npy,3
mylene_dinh-robic,mylene_dinh-robic_0911.npy,song_joong_ki,song_joong_ki_0041.npy;song_joong_ki_0005.npy;song_joong_ki_0018.npy,3
mylene_dinh-robic,mylene_dinh-robic_0916.npy,judith_shekoni,judith_shekoni_0001.npy;judith_shekoni_0020.npy;judith_shekoni_0060.npy,3
mylene_dinh-robic,mylene_dinh-robic_0917.npy,will_yun_lee,will_yun_lee_0570.npy;will_yun_lee_0079.npy;will_yun_lee_0490.npy,3
mylene_dinh-robic,mylene_dinh-robic_0923.npy,jang_keun_suk,jang_keun_suk_0060.npy;jang_keun_suk_0006.npy;jang_keun_suk_0028.npy,3
mylene_dinh-robic,mylene_dinh-robic_0931.npy,jennifer_carpenter,jennifer_carpenter_0121.npy;jennifer_carpenter_0065.npy;jennifer_carpenter_0027.npy,3
mylene_dinh-robic,mylene_dinh-robic_0936.npy,octavia_spencer,octavia_spencer_0046.npy;octavia_spencer_0094.npy;octavia_spencer_0101.npy,3
mylene_dinh-robic,mylene_dinh-robic_0940.npy,anna_kendrick,anna_kendrick_0154.npy,1
neve_campbell,neve_campbell_0012.npy,joyce_giraud,joyce_giraud_0004.npy,1
neve_campbell,neve_campbell_0064.npy,aaron_yoo,aaron_yoo_0371.npy;aaron_yoo_0106.npy;aaron_yoo_0017.npy,3
neve_campbell,neve_campbell_0114.npy,michael_wayne_thomas,michael_wayne_thomas_0012.npy;michael_wayne_thomas_0025.npy;michael_wayne_thomas_0023.npy,3
neve_campbell,neve_campbell_0139.npy,chi_mcbride,chi_mcbride_0010.npy;chi_mcbride_0019.npy,2
neve_campbell,neve_campbell_0143.npy,bellamy_young,bellamy_young_0062.npy;bellamy_young_0023.npy;bellamy_young_0010.npy,3
odette_annable,odette_annable_0053.npy,snoop_dogg,snoop_dogg_0056.npy;snoop_dogg_0083.npy;snoop_dogg_0158.npy,3
odette_annable,odette_annable_0060.npy,able_wanamakok,able_wanamakok_0007.npy;able_wanamakok_0027.npy;able_wanamakok_0024.npy,3
odette_annable,odette_annable_0119.npy,david_gyasi,david_gyasi_0045.npy;david_gyasi_0033.npy;david_gyasi_0013.npy,3
odette_annable,odette_annable_0128.npy,julie_christie,julie_christie_0016.npy;julie_christie_0062.npy;julie_christie_0047.npy,3
rachel_mcadams,rachel_mcadams_0092.npy,christa_b_allen,christa_b_allen_0002.npy;christa_b_allen_0019.npy;christa_b_allen_0058.npy,3
rachel_mcadams,rachel_mcadams_0204.npy,alison_brie,alison_brie_0072.npy;alison_brie_0039.npy;alison_brie_0195.npy,3
rachel_mcadams,rachel_mcadams_0239.npy,ronald_e_giles,ronald_e_giles_0019.npy;ronald_e_giles_0031.npy;ronald_e_giles_0060.npy,3
rachel_mcadams,rachel_mcadams_0293.npy,gong_hyo_jin,gong_hyo_jin_0017.npy;gong_hyo_jin_0029.npy;gong_hyo_jin_0020.npy,3
rene_russo,rene_russo_0052.npy,carrie_genzel,carrie_genzel_0064.npy;carrie_genzel_0057.npy;carrie_genzel_0070.npy,3
rene_russo,rene_russo_0070.npy,john_francis_daley,john_francis_daley_0041.npy;john_francis_daley_0023.npy;john_francis_daley_0030.npy,3
rene_russo,rene_russo_0077.npy,megalyn_echikunwoke,megalyn_echikunwoke_0032.npy;megalyn_echikunwoke_0021.npy;megalyn_echikunwoke_0002.npy,3
rene_russo,rene_russo_0117.npy,kanata_hongo,kanata_hongo_0018.npy;kanata_hongo_0049.npy;kanata_hongo_0010.npy,3
rhona_mitra,rhona_mitra_0011.npy,moametal,moametal_0056.npy;moametal_0034.npy;moametal_0055.npy,3
rhona_mitra,rhona_mitra_0033.npy,victor_webster,victor_webster_0050.npy;victor_webster_0029.npy;victor_webster_0024.npy,3
rhona_mitra,rhona_mitra_0035.npy,damian_lewis,damian_lewis_0155.npy;damian_lewis_0084.npy;damian_lewis_0067.npy,3
rhona_mitra,rhona_mitra_0083.npy,michelle_trachtenberg,michelle_trachtenberg_0339.npy;michelle_trachtenberg_0231.npy;michelle_trachtenberg_0261.npy,3
rhona_mitra,rhona_mitra_0148.npy,yoo_ah_in,yoo_ah_in_0001.npy;yoo_ah_in_0008.npy;yoo_ah_in_0015.npy,3
romola_garai,romola_garai_0005.npy,jessalyn_gilsig,jessalyn_gilsig_0023.npy;jessalyn_gilsig_0032.npy;jessalyn_gilsig_0014.npy,3
romola_garai,romola_garai_0027.npy,david_strathairn,david_strathairn_0069.npy;david_strathairn_0102.npy;david_strathairn_0070.npy,3
romola_garai,romola_garai_0036.npy,mark_salling,mark_salling_0010.npy;mark_salling_0081.npy;mark_salling_0110.npy,3
romola_garai,romola_garai_0038.npy,rachel_mcadams,rachel_mcadams_0293.npy;rachel_mcadams_0239.npy;rachel_mcadams_0092.npy,3
romola_garai,romola_garai_0071.npy,audra_mcdonald,audra_mcdonald_0055.npy;audra_mcdonald_0038.npy;audra_mcdonald_0027.npy,3
rose_byrne,rose_byrne_0039.npy,donald_glover,donald_glover_0008.npy;donald_glover_0122.npy;donald_glover_0114.npy,3
rose_byrne,rose_byrne_0051.npy,timothy_spall,timothy_spall_0009.npy;timothy_spall_0047.npy;timothy_spall_0013.npy,3
rose_byrne,rose_byrne_0055.npy,samantha_harris,samantha_harris_0016.npy;samantha_harris_0088.npy;samantha_harris_0031.npy,3
rose_byrne,rose_byrne_0078.npy,tanit_phoenix,tanit_phoenix_0012.npy;tanit_phoenix_0030.npy,2
rose_byrne,rose_byrne_0118.npy,elizabeth_mitchell,elizabeth_mitchell_0043.npy;elizabeth_mitchell_0062.npy;elizabeth_mitchell_0137.npy,3
rose_byrne,rose_byrne_0188.npy,david_tennant,david_tennant_0048.npy;david_tennant_0083.npy;david_tennant_0036.npy,3
rose_byrne,rose_byrne_0205.npy,lupita_nyong'o,lupita_nyong'o_0035.npy;lupita_nyong'o_0021.npy;lupita_nyong'o_0122.npy,3
rose_byrne,rose_byrne_0212.npy,dylan_mcdermott,dylan_mcdermott_0055.npy;dylan_mcdermott_0137.npy;dylan_mcdermott_0035.npy,3
sadie_calvano,sadie_calvano_0026.npy,terri_ivens,terri_ivens_0028.npy;terri_ivens_0031.npy;terri_ivens_0039.npy,3
sadie_calvano,sadie_calvano_0030.npy,veronica_webb,veronica_webb_0022.npy;veronica_webb_0010.npy;veronica_webb_0036.npy,3
sadie_calvano,sadie_calvano_0041.npy,wyatt_smith,wyatt_smith_0002.npy,1
sadie_calvano,sadie_calvano_0043.npy,50_cent,50_cent_0073.npy;50_cent_0020.npy;50_cent_0025.npy,3
sadie_calvano,sadie_calvano_0047.npy,pam_grier,pam_grier_0055.npy;pam_grier_0065.npy;pam_grier_0078.npy,3
samantha_harris,samantha_harris_0016.npy,dwayne_boyd,dwayne_boyd_0025.npy;dwayne_boyd_0028.npy;dwayne_boyd_0059.npy,3
samantha_harris,samantha_harris_0031.npy,steven_yeun,steven_yeun_0261.npy;steven_yeun_0269.npy;steven_yeun_0297.npy,3
samantha_harris,samantha_harris_0047.npy,aldis_hodge,aldis_hodge_0004.npy;aldis_hodge_0021.npy;aldis_hodge_0028.npy,3
samantha_harris,samantha_harris_0088.npy,megalyn_echikunwoke,megalyn_echikunwoke_0032.npy;megalyn_echikunwoke_0002.npy;megalyn_echikunwoke_0043.npy,3
shannon_woodward,shannon_woodward_0001.npy,phil_keoghan,phil_keoghan_0027.npy;phil_keoghan_0053.npy;phil_keoghan_0057.npy,3
shannon_woodward,shannon_woodward_0010.npy,tracy_morgan,tracy_morgan_0013.npy;tracy_morgan_0131.npy;tracy_morgan_0088.npy,3
shannon_woodward,shannon_woodward_0015.npy,yvette_nicole_brown,yvette_nicole_brown_0122.npy;yvette_nicole_brown_0041.npy;yvette_nicole_brown_0074.npy,3
shannon_woodward,shannon_woodward_0034.npy,josh_cooke,josh_cooke_0020.npy;josh_cooke_0016.npy;josh_cooke_0007.npy,3
shannon_woodward,shannon_woodward_0036.npy,mads_mikkelsen,mads_mikkelsen_0004.npy;mads_mikkelsen_0012.npy;mads_mikkelsen_0007.npy,3
shannon_woodward,shannon_woodward_0050.npy,chi_mcbride,chi_mcbride_0010.npy;chi_mcbride_0019.npy,2
stacy_keibler,stacy_keibler_0028.npy,elise_neal,elise_neal_0080.npy,1
stacy_keibler,stacy_keibler_0138.npy,trina_mcgee,trina_mcgee_0020.npy,1
stacy_keibler,stacy_keibler_0206.npy,jinny_ng,jinny_ng_0048.npy;jinny_ng_0049.npy;jinny_ng_0055.npy,3
stacy_keibler,stacy_keibler_0212.npy,kanata_hongo,kanata_hongo_0039.npy;kanata_hongo_0028.npy;kanata_hongo_0045.npy,3
terri_ivens,terri_ivens_0001.npy,lupita_nyong'o,lupita_nyong'o_0061.npy;lupita_nyong'o_0035.npy;lupita_nyong'o_0042.npy,3
terri_ivens,terri_ivens_0011.npy,50_cent,50_cent_0025.npy;50_cent_0073.npy;50_cent_0067.npy,3
terri_ivens,terri_ivens_0016.npy,young_man_kang,young_man_kang_0049.npy;young_man_kang_0022.npy;young_man_kang_0030.npy,3
terri_ivens,terri_ivens_0028.npy,christine_lakin,christine_lakin_0008.npy,1
terri_ivens,terri_ivens_0031.npy,yannus_sufandi,yannus_sufandi_0007.npy;yannus_sufandi_0016.npy;yannus_sufandi_0055.npy,3
terri_ivens,terri_ivens_0039.npy,neve_campbell,neve_campbell_0012.npy;neve_campbell_0139.npy;neve_campbell_0143.npy,3
terri_ivens,terri_ivens_0076.npy,marcia_gay_harden,marcia_gay_harden_0067.npy;marcia_gay_harden_0249.npy;marcia_gay_harden_0063.npy,3
tricia_helfer,tricia_helfer_0007.npy,jaida-iman_benjamin,jaida-iman_benjamin_0018.npy;jaida-iman_benjamin_0077.npy,2
tricia_helfer,tricia_helfer_0019.npy,donal_logue,donal_logue_0062.npy;donal_logue_0028.npy;donal_logue_0001.npy,3
tricia_helfer,tricia_helfer_0041.npy,peter_facinelli,peter_facinelli_0061.npy;peter_facinelli_0011.npy;peter_facinelli_0027.npy,3
tricia_helfer,tricia_helfer_0049.npy,amanda_brugel,amanda_brugel_0007.npy;amanda_brugel_0026.npy;amanda_brugel_0043.npy,3
tricia_helfer,tricia_helfer_0050.npy,elise_neal,elise_neal_0080.npy,1
valeria_golino,valeria_golino_0006.npy,heather_matarazzo,heather_matarazzo_0050.npy;heather_matarazzo_0026.npy;heather_matarazzo_0003.npy,3
valeria_golino,valeria_golino_0013.npy,tony_jaa,tony_jaa_0008.npy;tony_jaa_0022.npy;tony_jaa_0012.npy,3
valeria_golino,valeria_golino_0015.npy,linda_gray,linda_gray_0032.npy;linda_gray_0003.npy;linda_gray_0023.npy,3
valeria_golino,valeria_golino_0021.npy,antonio_sabato_jr,antonio_sabato_jr_0014.npy;antonio_sabato_jr_0044.npy;antonio_sabato_jr_0002.npy,3
valeria_golino,valeria_golino_0025.npy,john_carroll_lynch,john_carroll_lynch_0005.npy;john_carroll_lynch_0023.npy;john_carroll_lynch_0025.npy,3
valeria_golino,valeria_golino_0031.npy,lee_jung_hyun,lee_jung_hyun_0010.npy;lee_jung_hyun_0002.npy;lee_jung_hyun_0052.npy,3
valeria_golino,valeria_golino_0033.npy,song_joong_ki,song_joong_ki_0028.npy;song_joong_ki_0041.npy;song_joong_ki_0008.npy,3
valeria_golino,valeria_golino_0049.npy,50_cent,50_cent_0025.npy;50_cent_0073.npy;50_cent_0020.npy,3
valeria_golino,valeria_golino_0051.npy,fala_chen,fala_chen_0062.npy;fala_chen_0069.npy;fala_chen_0063.npy,3
willa_holland,willa_holland_0020.npy,wyatt_smith,wyatt_smith_0002.npy,1
willa_holland,willa_holland_0025.npy,huang_xiaoming,huang_xiaoming_0006.npy;huang_xiaoming_0004.npy;huang_xiaoming_0017.npy,3
willa_holland,willa_holland_0037.npy,dean_cain,dean_cain_0083.npy;dean_cain_0076.npy;dean_cain_0025.npy,3
willa_holland,willa_holland_0040.npy,orlando_jones,orlando_jones_0380.npy,1
willa_holland,willa_holland_0052.npy,xzibit,xzibit_0005.npy;xzibit_0011.npy;xzibit_0012.npy,3
willa_holland,willa_holland_0056.npy,neve_campbell,neve_campbell_0064.npy;neve_campbell_0143.npy;neve_campbell_0012.npy,3
willa_holland,willa_holland_0058.npy,colin_ferguson,colin_ferguson_0077.npy;colin_ferguson_0020.npy;colin_ferguson_0050.npy,3
willa_holland,willa_holland_0059.npy,ron_yuan,ron_yuan_0031.npy;ron_yuan_0062.npy;ron_yuan_0058.npy,3
amir_arison,amir_arison_0002.npy,colin_ferguson,colin_ferguson_0020.npy;colin_ferguson_0001.npy;colin_ferguson_0050.npy,3
amir_arison,amir_arison_0011.npy,jenny_wade,jenny_wade_0008.npy;jenny_wade_0043.npy,2
amir_arison,amir_arison_0012.npy,tony_chiu_wai_leung,tony_chiu_wai_leung_0004.npy;tony_chiu_wai_leung_0012.npy;tony_chiu_wai_leung_0028.npy,3
amir_arison,amir_arison_0014.npy,regina_hall,regina_hall_0037.npy;regina_hall_0050.npy;regina_hall_0005.npy,3
amir_arison,amir_arison_0017.npy,beth_riesgraf,beth_riesgraf_0049.npy;beth_riesgraf_0016.npy;beth_riesgraf_0054.npy,3
amir_arison,amir_arison_0018.npy,elizabeth_mitchell,elizabeth_mitchell_0043.npy;elizabeth_mitchell_0062.npy;elizabeth_mitchell_0137.npy,3
amir_arison,amir_arison_0019.npy,shane_west,shane_west_0180.npy;shane_west_0008.npy;shane_west_0141.npy,3
amir_arison,amir_arison_0020.npy,chandra_wilson,chandra_wilson_0008.npy;chandra_wilson_0018.npy;chandra_wilson_0130.npy,3
amir_arison,amir_arison_0036.npy,corbin_bleu,corbin_bleu_0568.npy;corbin_bleu_0744.npy,2
anthony_hornus,anthony_hornus_0003.npy,britt_robertson,britt_robertson_0009.npy;britt_robertson_0113.npy;britt_robertson_0039.npy,3
anthony_hornus,anthony_hornus_0079.npy,park_ji_sung,park_ji_sung_0016.npy;park_ji_sung_0008.npy;park_ji_sung_0005.npy,3
anthony_hornus,anthony_hornus_0083.npy,john_francis_daley,john_francis_daley_0016.npy;john_francis_daley_0065.npy;john_francis_daley_0059.npy,3
anthony_hornus,anthony_hornus_0092.npy,billy_crudup,billy_crudup_0115.npy;billy_crudup_0128.npy;billy_crudup_0100.npy,3
anthony_hornus,anthony_hornus_0094.npy,scott_bakula,scott_bakula_0042.npy;scott_bakula_0023.npy;scott_bakula_0039.npy,3
anthony_hornus,anthony_hornus_0105.npy,shane_west,shane_west_0086.npy;shane_west_0160.npy;shane_west_0180.npy,3
antonio_sabato_jr,antonio_sabato_jr_0002.npy,barbara_hershey,barbara_hershey_0006.npy;barbara_hershey_0051.npy;barbara_hershey_0094.npy,3
antonio_sabato_jr,antonio_sabato_jr_0008.npy,jung_yong_hwa,jung_yong_hwa_0028.npy;jung_yong_hwa_0033.npy;jung_yong_hwa_0029.npy,3
antonio_sabato_jr,antonio_sabato_jr_0014.npy,yvette_nicole_brown,yvette_nicole_brown_0122.npy;yvette_nicole_brown_0020.npy;yvette_nicole_brown_0015.npy,3
antonio_sabato_jr,antonio_sabato_jr_0015.npy,yao_ming,yao_ming_0033.npy;yao_ming_0022.npy;yao_ming_0004.npy,3
antonio_sabato_jr,antonio_sabato_jr_0016.npy,snoop_dogg,snoop_dogg_0083.npy;snoop_dogg_0127.npy;snoop_dogg_0158.npy,3
antonio_sabato_jr,antonio_sabato_jr_0017.npy,mylene_dinh-robic,mylene_dinh-robic_0904.npy;mylene_dinh-robic_0940.npy;mylene_dinh-robic_0917.npy,3
antonio_sabato_jr,antonio_sabato_jr_0022.npy,joyce_giraud,joyce_giraud_0004.npy,1
antonio_sabato_jr,antonio_sabato_jr_0029.npy,cedric_the_entertainer,cedric_the_entertainer_0005.npy;cedric_the_entertainer_0025.npy,2
antonio_sabato_jr,antonio_sabato_jr_0031.npy,will_yun_lee,will_yun_lee_0079.npy;will_yun_lee_0510.npy;will_yun_lee_0490.npy,3
antonio_sabato_jr,antonio_sabato_jr_0034.npy,gabourey_sidibe,gabourey_sidibe_0152.npy;gabourey_sidibe_0091.npy;gabourey_sidibe_0129.npy,3
antonio_sabato_jr,antonio_sabato_jr_0038.npy,samantha_harris,samantha_harris_0088.npy;samantha_harris_0031.npy;samantha_harris_0047.npy,3
antonio_sabato_jr,antonio_sabato_jr_0044.npy,john_carroll_lynch,john_carroll_lynch_0025.npy;john_carroll_lynch_0005.npy;john_carroll_lynch_0037.npy,3
antonio_sabato_jr,antonio_sabato_jr_0056.npy,elizabeth_mitchell,elizabeth_mitchell_0043.npy;elizabeth_mitchell_0062.npy;elizabeth_mitchell_0137.npy,3
antonio_sabato_jr,antonio_sabato_jr_0066.npy,jessalyn_gilsig,jessalyn_gilsig_0023.npy;jessalyn_gilsig_0022.npy;jessalyn_gilsig_0072.npy,3
bernie_matthew,bernie_matthew_0017.npy,chad_rook,chad_rook_0040.npy;chad_rook_0051.npy;chad_rook_0019.npy,3
bernie_matthew,bernie_matthew_0026.npy,elizabeth_mitchell,elizabeth_mitchell_0043.npy;elizabeth_mitchell_0062.npy;elizabeth_mitchell_0137.npy,3
bernie_matthew,bernie_matthew_0032.npy,hua_chenyu,hua_chenyu_0040.npy;hua_chenyu_0043.npy;hua_chenyu_0031.npy,3
bernie_matthew,bernie_matthew_0047.npy,antonio_sabato_jr,antonio_sabato_jr_0034.npy;antonio_sabato_jr_0056.npy;antonio_sabato_jr_0044.npy,3
bernie_matthew,bernie_matthew_0055.npy,nikki_storm,nikki_storm_0015.npy;nikki_storm_0031.npy;nikki_storm_0057.npy,3
billy_crudup,billy_crudup_0037.npy,trevor_donovan,trevor_donovan_0023.npy;trevor_donovan_0104.npy;trevor_donovan_0057.npy,3
billy_crudup,billy_crudup_0100.npy,anna_maria_perez_de_tagle,anna_maria_perez_de_tagle_0082.npy;anna_maria_perez_de_tagle_0093.npy,2
billy_crudup,billy_crudup_0115.npy,levona_lewis,levona_lewis_0060.npy;levona_lewis_0064.npy,2
billy_crudup,billy_crudup_0120.npy,jinny_ng,jinny_ng_0027.npy;jinny_ng_0048.npy;jinny_ng_0030.npy,3
billy_crudup,billy_crudup_0128.npy,steven_yeun,steven_yeun_0261.npy;steven_yeun_0269.npy;steven_yeun_0297.npy,3
billy_crudup,billy_crudup_0132.npy,kris_wu,kris_wu_0007.npy;kris_wu_0031.npy;kris_wu_0055.npy,3
billy_crudup,billy_crudup_0142.npy,toma_ikuta,toma_ikuta_0048.npy;toma_ikuta_0075.npy;toma_ikuta_0010.npy,3
chad_rook,chad_rook_0002.npy,darian_weiss,darian_weiss_0012.npy;darian_weiss_0013.npy;darian_weiss_0033.npy,3
chad_rook,chad_rook_0019.npy,jill_hennessy,jill_hennessy_0054.npy;jill_hennessy_0006.npy;jill_hennessy_0098.npy,3
chad_rook,chad_rook_0029.npy,vivian_wu,vivian_wu_0011.npy;vivian_wu_0012.npy;vivian_wu_0013.npy,3
chad_rook,chad_rook_0040.npy,teppei_koike,teppei_koike_0007.npy;teppei_koike_0049.npy;teppei_koike_0053.npy,3
chad_rook,chad_rook_0051.npy,tony_jaa,tony_jaa_0022.npy;tony_jaa_0043.npy;tony_jaa_0004.npy,3
chad_rook,chad_rook_0062.npy,tom_bergeron,tom_bergeron_0071.npy;tom_bergeron_0037.npy;tom_bergeron_0021.npy,3
chris_colfer,chris_colfer_0038.npy,trevor_donovan,trevor_donovan_0023.npy;trevor_donovan_0081.npy;trevor_donovan_0071.npy,3
chris_colfer,chris_colfer_0039.npy,chin_han,chin_han_0044.npy;chin_han_0058.npy;chin_han_0025.npy,3
chris_colfer,chris_colfer_0042.npy,maggie_q,maggie_q_0193.npy;maggie_q_0210.npy;maggie_q_0289.npy,3
chris_colfer,chris_colfer_0114.npy,godfrey_gao,godfrey_gao_0010.npy;godfrey_gao_0004.npy;godfrey_gao_0002.npy,3
chris_colfer,chris_colfer_0125.npy,donal_logue,donal_logue_0062.npy;donal_logue_0001.npy;donal_logue_0028.npy,3
chris_colfer,chris_colfer_0130.npy,melinda_clarke,melinda_clarke_0089.npy;melinda_clarke_0041.npy;melinda_clarke_0075.npy,3
chris_colfer,chris_colfer_0150.npy,melinda_clarke,melinda_clarke_0076.npy;melinda_clarke_0075.npy;melinda_clarke_0089.npy,3
chris_colfer,chris_colfer_0190.npy,paul_haggis,paul_haggis_0064.npy;paul_haggis_0073.npy;paul_haggis_0096.npy,3
chris_colfer,chris_colfer_0201.npy,timothy_spall,timothy_spall_0006.npy;timothy_spall_0011.npy;timothy_spall_0058.npy,3
chris_colfer,chris_colfer_0203.npy,young_man_kang,young_man_kang_0009.npy;young_man_kang_0066.npy;young_man_kang_0012.npy,3
chris_harrison,chris_harrison_0001.npy,sherrie_rose,sherrie_rose_0003.npy;sherrie_rose_0063.npy,2
chris_harrison,chris_harrison_0004.npy,alfre_woodard,alfre_woodard_0094.npy;alfre_woodard_0113.npy;alfre_woodard_0132.npy,3
chris_harrison,chris_harrison_0006.npy,scott_caan,scott_caan_0210.npy;scott_caan_0212.npy;scott_caan_0142.npy,3
chris_harrison,chris_harrison_0008.npy,dylan_mcdermott,dylan_mcdermott_0137.npy;dylan_mcdermott_0083.npy;dylan_mcdermott_0055.npy,3
chris_harrison,chris_harrison_0010.npy,joey_lauren_adams,joey_lauren_adams_0015.npy;joey_lauren_adams_0025.npy;joey_lauren_adams_0013.npy,3
chris_harrison,chris_harrison_0011.npy,amir_arison,amir_arison_0019.npy;amir_arison_0012.npy;amir_arison_0018.npy,3
chris_harrison,chris_harrison_0016.npy,mo'nique,mo'nique_0080.npy;mo'nique_0093.npy;mo'nique_0023.npy,3
chris_harrison,chris_harrison_0019.npy,nikki_storm,nikki_storm_0015.npy;nikki_storm_0031.npy;nikki_storm_0057.npy,3
chris_harrison,chris_harrison_0020.npy,gabrielle_anwar,gabrielle_anwar_0027.npy;gabrielle_anwar_0177.npy;gabrielle_anwar_0104.npy,3
chris_harrison,chris_harrison_0021.npy,john_francis_daley,john_francis_daley_0013.npy;john_francis_daley_0061.npy;john_francis_daley_0063.npy,3
christopher_stadulis,christopher_stadulis_0014.npy,rico_e_anderson,rico_e_anderson_0041.npy,1
christopher_stadulis,christopher_stadulis_0022.npy,ricky_gervais,ricky_gervais_0099.npy;ricky_gervais_0154.npy;ricky_gervais_0046.npy,3
christopher_stadulis,christopher_stadulis_0029.npy,tina_q_nguyen,tina_q_nguyen_0056.npy,1
christopher_stadulis,christopher_stadulis_0030.npy,clare_grant,clare_grant_0045.npy;clare_grant_0014.npy;clare_grant_0015.npy,3
christopher_stadulis,christopher_stadulis_0044.npy,kazuya_kamenashi,kazuya_kamenashi_0006.npy;kazuya_kamenashi_0061.npy;kazuya_kamenashi_0025.npy,3
christopher_stadulis,christopher_stadulis_0055.npy,john_carroll_lynch,john_carroll_lynch_0025.npy;john_carroll_lynch_0005.npy;john_carroll_lynch_0037.npy,3
christopher_stadulis,christopher_stadulis_0063.npy,corbin_bleu,corbin_bleu_0568.npy;corbin_bleu_0744.npy,2
clifton_collins_jr,clifton_collins_jr_0010.npy,amanda_brugel,amanda_brugel_0007.npy;amanda_brugel_0026.npy;amanda_brugel_0043.npy,3
clifton_collins_jr,clifton_collins_jr_0055.npy,kanata_hongo,kanata_hongo_0010.npy;kanata_hongo_0022.npy;kanata_hongo_0008.npy,3
clifton_collins_jr,clifton_collins_jr_0093.npy,patrick_j_nicolas,patrick_j_nicolas_0012.npy;patrick_j_nicolas_0054.npy;patrick_j_nicolas_0015.npy,3
clifton_collins_jr,clifton_collins_jr_0116.npy,marmee_cosico,marmee_cosico_0041.npy;marmee_cosico_0062.npy;marmee_cosico_0028.npy,3
clifton_collins_jr,clifton_collins_jr_0182.npy,donal_logue,donal_logue_0001.npy;donal_logue_0028.npy;donal_logue_0023.npy,3
clifton_collins_jr,clifton_collins_jr_0188.npy,puff_guo,puff_guo_0005.npy;puff_guo_0013.npy;puff_guo_0007.npy,3
colin_ferguson,colin_ferguson_0001.npy,patrick_j_nicolas,patrick_j_nicolas_0011.npy;patrick_j_nicolas_0015.npy;patrick_j_nicolas_0012.npy,3
colin_ferguson,colin_ferguson_0017.npy,helen_hunt,helen_hunt_0009.npy;helen_hunt_0212.npy;helen_hunt_0249.npy,3
colin_ferguson,colin_ferguson_0020.npy,shannon_woodward,shannon_woodward_0010.npy;shannon_woodward_0015.npy;shannon_woodward_0034.npy,3
colin_ferguson,colin_ferguson_0028.npy,britt_robertson,britt_robertson_0038.npy;britt_robertson_0120.npy;britt_robertson_0009.npy,3
colin_ferguson,colin_ferguson_0050.npy,xzibit,xzibit_0005.npy;xzibit_0011.npy;xzibit_0012.npy,3
colin_ferguson,colin_ferguson_0077.npy,jennifer_carpenter,jennifer_carpenter_0159.npy;jennifer_carpenter_0121.npy;jennifer_carpenter_0003.npy,3
colin_ferguson,colin_ferguson_0094.npy,sherrie_rose,sherrie_rose_0003.npy;sherrie_rose_0063.npy,2
damian_lewis,damian_lewis_0060.npy,yao_ming,yao_ming_0001.npy;yao_ming_0019.npy;yao_ming_0033.npy,3
damian_lewis,damian_lewis_0067.npy,elisa_donovan,elisa_donovan_0083.npy;elisa_donovan_0179.npy,2
damian_lewis,damian_lewis_0084.npy,mylene_dinh-robic,mylene_dinh-robic_0006.npy;mylene_dinh-robic_0917.npy;mylene_dinh-robic_0904.npy,3
damian_lewis,damian_lewis_0117.npy,ye_liu,ye_liu_0029.npy;ye_liu_0001.npy;ye_liu_0018.npy,3
damian_lewis,damian_lewis_0155.npy,jet_li,jet_li_0056.npy;jet_li_0004.npy;jet_li_0125.npy,3
danny_devito,danny_devito_0022.npy,alfre_woodard,alfre_woodard_0132.npy;alfre_woodard_0154.npy;alfre_woodard_0105.npy,3
danny_devito,danny_devito_0147.npy,krysten_ritter,krysten_ritter_0149.npy,1
danny_devito,danny_devito_0162.npy,song_joong_ki,song_joong_ki_0033.npy;song_joong_ki_0018.npy;song_joong_ki_0019.npy,3
danny_devito,danny_devito_0164.npy,luke_wilson,luke_wilson_0171.npy;luke_wilson_0099.npy;luke_wilson_0005.npy,3
danny_devito,danny_devito_0245.npy,zachary_quinto,zachary_quinto_0177.npy;zachary_quinto_0106.npy;zachary_quinto_0073.npy,3
danny_huston,danny_huston_0004.npy,joseph_steven,joseph_steven_0005.npy,1
danny_huston,danny_huston_0025.npy,jon_cryer,jon_cryer_0006.npy;jon_cryer_0007.npy;jon_cryer_0027.npy,3
danny_huston,danny_huston_0026.npy,jian,jian_0006.npy;jian_0011.npy;jian_0025.npy,3
danny_huston,danny_huston_0039.npy,danny_devito,danny_devito_0022.npy;danny_devito_0164.npy;danny_devito_0245.npy,3
danny_huston,danny_huston_0072.npy,linda_gray,linda_gray_0023.npy;linda_gray_0006.npy;linda_gray_0008.npy,3
danny_huston,danny_huston_0076.npy,alfre_woodard,alfre_woodard_0094.npy;alfre_woodard_0105.npy;alfre_woodard_0132.npy,3
danny_huston,danny_huston_0088.npy,beth_riesgraf,beth_riesgraf_0001.npy;beth_riesgraf_0054.npy;beth_riesgraf_0053.npy,3
david_cronenberg,david_cronenberg_0020.npy,zachary_knighton,zachary_knighton_0036.npy;zachary_knighton_0030.npy;zachary_knighton_0022.npy,3
david_cronenberg,david_cronenberg_0021.npy,trina_mcgee,trina_mcgee_0020.npy,1
david_cronenberg,david_cronenberg_0026.npy,kim_delaney,kim_delaney_0068.npy;kim_delaney_0029.npy;kim_delaney_0003.npy,3
david_cronenberg,david_cronenberg_0047.npy,donal_logue,donal_logue_0062.npy;donal_logue_0001.npy;donal_logue_0023.npy,3
david_henrie,david_henrie_0003.npy,david_gyasi,david_gyasi_0045.npy;david_gyasi_0033.npy;david_gyasi_0013.npy,3
david_henrie,david_henrie_0010.npy,kelli_garner,kelli_garner_0043.npy;kelli_garner_0097.npy;kelli_garner_0025.npy,3
david_henrie,david_henrie_0011.npy,hua_chenyu,hua_chenyu_0042.npy;hua_chenyu_0031.npy;hua_chenyu_0036.npy,3
david_henrie,david_henrie_0014.npy,laura_vandervoort,laura_vandervoort_0059.npy;laura_vandervoort_0072.npy;laura_vandervoort_0003.npy,3
david_henrie,david_henrie_0018.npy,larry_laverty,larry_laverty_0004.npy;larry_laverty_0067.npy,2
david_henrie,david_henrie_0022.npy,patrick_dempsey,patrick_dempsey_0001.npy;patrick_dempsey_0292.npy;patrick_dempsey_0072.npy,3
david_henrie,david_henrie_0031.npy,tony_oller,tony_oller_0101.npy;tony_oller_0007.npy;tony_oller_0072.npy,3
david_henrie,david_henrie_0034.npy,jung_yong_hwa,jung_yong_hwa_0028.npy;jung_yong_hwa_0030.npy;jung_yong_hwa_0013.npy,3
david_henrie,david_henrie_0051.npy,donal_logue,donal_logue_0062.npy;donal_logue_0001.npy;donal_logue_0028.npy,3
david_henrie,david_henrie_0055.npy,famke_janssen,famke_janssen_0123.npy;famke_janssen_0073.npy;famke_janssen_0021.npy,3
david_henrie,david_henrie_0074.npy,barbara_hershey,barbara_hershey_0006.npy;barbara_hershey_0051.npy;barbara_hershey_0094.npy,3
david_henrie,david_henrie_0078.npy,megan_marie_wilson,megan_marie_wilson_0043.npy;megan_marie_wilson_0052.npy;megan_marie_wilson_0048.npy,3
david_pryor,david_pryor_0003.npy,megan_marie_wilson,megan_marie_wilson_0008.npy;megan_marie_wilson_0055.npy;megan_marie_wilson_0014.npy,3
david_pryor,david_pryor_0006.npy,kazuya_kamenashi,kazuya_kamenashi_0031.npy;kazuya_kamenashi_0061.npy;kazuya_kamenashi_0009.npy,3
david_pryor,david_pryor_0008.npy,holland_taylor,holland_taylor_0020.npy;holland_taylor_0008.npy;holland_taylor_0030.npy,3
david_pryor,david_pryor_0010.npy,ashley_avis,ashley_avis_0012.npy;ashley_avis_0041.npy,2
david_pryor,david_pryor_0025.npy,john_francis_daley,john_francis_daley_0061.npy;john_francis_daley_0023.npy;john_francis_daley_0065.npy,3
david_pryor,david_pryor_0042.npy,lee_joon-gi,lee_joon-gi_0024.npy;lee_joon-gi_0026.npy,2
david_pryor,david_pryor_0060.npy,cedric_the_entertainer,cedric_the_entertainer_0005.npy;cedric_the_entertainer_0025.npy,2
david_pryor,david_pryor_0079.npy,linda_gray,linda_gray_0003.npy;linda_gray_0017.npy;linda_gray_0006.npy,3
david_strathairn,david_strathairn_0062.npy,melinda_clarke,melinda_clarke_0041.npy;melinda_clarke_0089.npy;melinda_clarke_0075.npy,3
david_strathairn,david_strathairn_0065.npy,dominic_cooper,dominic_cooper_0001.npy;dominic_cooper_0120.npy;dominic_cooper_0062.npy,3
david_strathairn,david_strathairn_0069.npy,aaron_yoo,aaron_yoo_0106.npy;aaron_yoo_0045.npy;aaron_yoo_0371.npy,3
david_strathairn,david_strathairn_0070.npy,monique_coleman,monique_coleman_0015.npy;monique_coleman_0023.npy;monique_coleman_0048.npy,3
david_strathairn,david_strathairn_0075.npy,sendhil_ramamurthy,sendhil_ramamurthy_0066.npy;sendhil_ramamurthy_0043.npy;sendhil_ramamurthy_0026.npy,3
david_strathairn,david_strathairn_0083.npy,max_greenfield,max_greenfield_0087.npy;max_greenfield_0017.npy;max_greenfield_0196.npy,3
david_strathairn,david_strathairn_0102.npy,cha_seung_won,cha_seung_won_0021.npy;cha_seung_won_0028.npy;cha_seung_won_0008.npy,3
david_tennant,david_tennant_0006.npy,larry_flash_jenkins,larry_flash_jenkins_0046.npy;larry_flash_jenkins_0037.npy;larry_flash_jenkins_0021.npy,3
david_tennant,david_tennant_0020.npy,ronald_e_giles,ronald_e_giles_0019.npy;ronald_e_giles_0031.npy;ronald_e_giles_0060.npy,3
david_tennant,david_tennant_0028.npy,veronica_webb,veronica_webb_0010.npy;veronica_webb_0001.npy;veronica_webb_0036.npy,3
david_tennant,david_tennant_0033.npy,judy_davis,judy_davis_0009.npy;judy_davis_0031.npy;judy_davis_0002.npy,3
david_tennant,david_tennant_0036.npy,kim_fields,kim_fields_0037.npy;kim_fields_0019.npy;kim_fields_0051.npy,3
david_tennant,david_tennant_0039.npy,miranda_richardson,miranda_richardson_0053.npy;miranda_richardson_0013.npy;miranda_richardson_0045.npy,3
david_tennant,david_tennant_0048.npy,bitsie_tulloch,bitsie_tulloch_0070.npy;bitsie_tulloch_0068.npy;bitsie_tulloch_0012.npy,3
david_tennant,david_tennant_0065.npy,jason_behr,jason_behr_0023.npy;jason_behr_0011.npy;jason_behr_0032.npy,3
david_tennant,david_tennant_0071.npy,rocky_verma,rocky_verma_0030.npy;rocky_verma_0074.npy;rocky_verma_0012.npy,3
david_tennant,david_tennant_0076.npy,todd_bridges,todd_bridges_0015.npy;todd_bridges_0009.npy;todd_bridges_0043.npy,3
david_tennant,david_tennant_0083.npy,marcia_cross,marcia_cross_0121.npy;marcia_cross_0187.npy;marcia_cross_0148.npy,3
dean_cain,dean_cain_0007.npy,lee_joon-gi,lee_joon-gi_0024.npy;lee_joon-gi_0026.npy,2
dean_cain,dean_cain_0025.npy,sam_neill,sam_neill_0092.npy;sam_neill_0043.npy;sam_neill_0121.npy,3
dean_cain,dean_cain_0032.npy,anna_maria_perez_de_tagle,anna_maria_perez_de_tagle_0082.npy;anna_maria_perez_de_tagle_0093.npy,2
dean_cain,dean_cain_0043.npy,laura_vandervoort,laura_vandervoort_0031.npy;laura_vandervoort_0072.npy;laura_vandervoort_0039.npy,3
dean_cain,dean_cain_0046.npy,michael_cera,michael_cera_0123.npy;michael_cera_0028.npy;michael_cera_0099.npy,3
dean_cain,dean_cain_0048.npy,nicki_minaj,nicki_minaj_0015.npy;nicki_minaj_0036.npy;nicki_minaj_0045.npy,3
dean_cain,dean_cain_0076.npy,jaida-iman_benjamin,jaida-iman_benjamin_0018.npy;jaida-iman_benjamin_0077.npy,2
dean_cain,dean_cain_0083.npy,jill_hennessy,jill_hennessy_0025.npy;jill_hennessy_0059.npy;jill_hennessy_0054.npy,3
dolph_lundgren,dolph_lundgren_0015.npy,namaiya_cunningham,namaiya_cunningham_0029.npy;namaiya_cunningham_0021.npy;namaiya_cunningham_0012.npy,3
dolph_lundgren,dolph_lundgren_0033.npy,scott_bakula,scott_bakula_0004.npy;scott_bakula_0039.npy;scott_bakula_0042.npy,3
dolph_lundgren,dolph_lundgren_0062.npy,christa_b_allen,christa_b_allen_0002.npy;christa_b_allen_0019.npy;christa_b_allen_0058.npy,3
dolph_lundgren,dolph_lundgren_0064.npy,jinny_ng,jinny_ng_0027.npy;jinny_ng_0055.npy;jinny_ng_0048.npy,3
dolph_lundgren,dolph_lundgren_0074.npy,ron_yuan,ron_yuan_0058.npy;ron_yuan_0062.npy;ron_yuan_0053.npy,3
dominic_cooper,dominic_cooper_0001.npy,jennifer_esposito,jennifer_esposito_0004.npy;jennifer_esposito_0091.npy,2
dominic_cooper,dominic_cooper_0024.npy,beth_riesgraf,beth_riesgraf_0049.npy;beth_riesgraf_0053.npy;beth_riesgraf_0054.npy,3
dominic_cooper,dominic_cooper_0028.npy,alison_brie,alison_brie_0039.npy;alison_brie_0042.npy;alison_brie_0129.npy,3
dominic_cooper,dominic_cooper_0043.npy,judy_davis,judy_davis_0009.npy;judy_davis_0008.npy;judy_davis_0031.npy,3
dominic_cooper,dominic_cooper_0048.npy,james_van_der_beek,james_van_der_beek_0017.npy;james_van_der_beek_0114.npy;james_van_der_beek_0096.npy,3
dominic_cooper,dominic_cooper_0055.npy,elisa_donovan,elisa_donovan_0083.npy;elisa_donovan_0179.npy,2
dominic_cooper,dominic_cooper_0062.npy,david_alan_grier,david_alan_grier_0105.npy;david_alan_grier_0065.npy;david_alan_grier_0050.npy,3
dominic_cooper,dominic_cooper_0088.npy,trevor_donovan,trevor_donovan_0023.npy;trevor_donovan_0007.npy;trevor_donovan_0099.npy,3
dominic_cooper,dominic_cooper_0091.npy,jaejoong,jaejoong_0000.npy;jaejoong_0047.npy;jaejoong_0040.npy,3
dominic_cooper,dominic_cooper_0120.npy,jung_yong_hwa,jung_yong_hwa_0033.npy;jung_yong_hwa_0038.npy;jung_yong_hwa_0037.npy,3
dominic_cooper,dominic_cooper_0130.npy,joo_jin_mo,joo_jin_mo_0055.npy;joo_jin_mo_0036.npy;joo_jin_mo_0038.npy,3
donal_logue,donal_logue_0001.npy,marmee_cosico,marmee_cosico_0062.npy;marmee_cosico_0063.npy;marmee_cosico_0028.npy,3
donal_logue,donal_logue_0023.npy,pam_grier,pam_grier_0078.npy;pam_grier_0065.npy;pam_grier_0062.npy,3
donal_logue,donal_logue_0028.npy,lee_joon-gi,lee_joon-gi_0024.npy;lee_joon-gi_0026.npy,2
donal_logue,donal_logue_0062.npy,kat_graham,kat_graham_0108.npy;kat_graham_0036.npy;kat_graham_0037.npy,3
dylan_mcdermott,dylan_mcdermott_0035.npy,mary_lynn_rajskub,mary_lynn_rajskub_0114.npy;mary_lynn_rajskub_0095.npy;mary_lynn_rajskub_0086.npy,3
dylan_mcdermott,dylan_mcdermott_0055.npy,aubrey_anderson-emmons,aubrey_anderson-emmons_0014.npy;aubrey_anderson-emmons_0002.npy;aubrey_anderson-emmons_0033.npy,3
dylan_mcdermott,dylan_mcdermott_0083.npy,50_cent,50_cent_0104.npy;50_cent_0055.npy;50_cent_0073.npy,3
dylan_mcdermott,dylan_mcdermott_0111.npy,jenny_wade,jenny_wade_0008.npy;jenny_wade_0043.npy,2
dylan_mcdermott,dylan_mcdermott_0137.npy,ryan_o'neal,ryan_o'neal_0003.npy;ryan_o'neal_0001.npy;ryan_o'neal_0026.npy,3
dylan_mcdermott,dylan_mcdermott_0155.npy,marmee_cosico,marmee_cosico_0028.npy;marmee_cosico_0079.npy;marmee_cosico_0063.npy,3
dylan_mcdermott,dylan_mcdermott_0169.npy,darby_stanchfield,darby_stanchfield_0033.npy;darby_stanchfield_0056.npy,2
eddie_cibrian,eddie_cibrian_0001.npy,vicki_lewis,vicki_lewis_0028.npy;vicki_lewis_0076.npy;vicki_lewis_0084.npy,3
eddie_cibrian,eddie_cibrian_0005.npy,jeremy_renner,jeremy_renner_0118.npy;jeremy_renner_0341.npy;jeremy_renner_0055.npy,3
eddie_cibrian,eddie_cibrian_0007.npy,dylan_mcdermott,dylan_mcdermott_0111.npy;dylan_mcdermott_0055.npy;dylan_mcdermott_0137.npy,3
eddie_cibrian,eddie_cibrian_0014.npy,gabrielle_anwar,gabrielle_anwar_0042.npy;gabrielle_anwar_0173.npy;gabrielle_anwar_0175.npy,3
eddie_cibrian,eddie_cibrian_0019.npy,heather_matarazzo,heather_matarazzo_0003.npy;heather_matarazzo_0038.npy;heather_matarazzo_0050.npy,3
eddie_cibrian,eddie_cibrian_0028.npy,max_greenfield,max_greenfield_0196.npy;max_greenfield_0087.npy;max_greenfield_0203.npy,3
eddie_cibrian,eddie_cibrian_0051.npy,shemar_moore,shemar_moore_0063.npy;shemar_moore_0020.npy;shemar_moore_0051.npy,3
eddie_cibrian,eddie_cibrian_0053.npy,rihanna,rihanna_0109.npy;rihanna_0173.npy;rihanna_0330.npy,3
edoardo_purgatori,edoardo_purgatori_0007.npy,stacy_keibler,stacy_keibler_0028.npy;stacy_keibler_0206.npy;stacy_keibler_0138.npy,3
edoardo_purgatori,edoardo_purgatori_0013.npy,manu_bennett,manu_bennett_0061.npy;manu_bennett_0065.npy;manu_bennett_0068.npy,3
edoardo_purgatori,edoardo_purgatori_0037.npy,wanda_sykes,wanda_sykes_0056.npy;wanda_sykes_0005.npy;wanda_sykes_0031.npy,3
edoardo_purgatori,edoardo_purgatori_0052.npy,levona_lewis,levona_lewis_0060.npy;levona_lewis_0064.npy,2
edoardo_purgatori,edoardo_purgatori_0055.npy,jet_li,jet_li_0004.npy;jet_li_0127.npy;jet_li_0056.npy,3
eric_stonestreet,eric_stonestreet_0025.npy,fumino_kimura,fumino_kimura_0061.npy;fumino_kimura_0056.npy;fumino_kimura_0021.npy,3
eric_stonestreet,eric_stonestreet_0128.npy,lucy_liu,lucy_liu_0056.npy;lucy_liu_0064.npy;lucy_liu_0054.npy,3
eric_stonestreet,eric_stonestreet_0183.npy,godfrey_gao,godfrey_gao_0034.npy;godfrey_gao_0023.npy;godfrey_gao_0002.npy,3
eric_stonestreet,eric_stonestreet_0223.npy,shun_oguri,shun_oguri_0041.npy;shun_oguri_0059.npy;shun_oguri_0070.npy,3
federico_dordei,federico_dordei_0013.npy,brooke_elliott,brooke_elliott_0017.npy;brooke_elliott_0029.npy;brooke_elliott_0022.npy,3
federico_dordei,federico_dordei_0020.npy,octavia_spencer,octavia_spencer_0046.npy;octavia_spencer_0094.npy;octavia_spencer_0101.npy,3
federico_dordei,federico_dordei_0030.npy,larry_flash_jenkins,larry_flash_jenkins_0037.npy;larry_flash_jenkins_0042.npy;larry_flash_jenkins_0021.npy,3
federico_dordei,federico_dordei_0032.npy,deprise_brescia,deprise_brescia_0012.npy;deprise_brescia_0001.npy;deprise_brescia_0049.npy,3
federico_dordei,federico_dordei_0036.npy,hua_chenyu,hua_chenyu_0018.npy;hua_chenyu_0042.npy;hua_chenyu_0009.npy,3
federico_dordei,federico_dordei_0043.npy,maximilian_law,maximilian_law_0018.npy;maximilian_law_0001.npy;maximilian_law_0036.npy,3
federico_dordei,federico_dordei_0058.npy,jason_behr,jason_behr_0011.npy;jason_behr_0050.npy;jason_behr_0049.npy,3
federico_dordei,federico_dordei_0063.npy,corbin_bleu,corbin_bleu_0568.npy;corbin_bleu_0744.npy,2
federico_dordei,federico_dordei_0070.npy,whitney_houston,whitney_houston_0033.npy;whitney_houston_0107.npy;whitney_houston_0113.npy,3
federico_dordei,federico_dordei_0076.npy,fumi_desalu-vold,fumi_desalu-vold_0001.npy;fumi_desalu-vold_0004.npy;fumi_desalu-vold_0010.npy,3
federico_dordei,federico_dordei_0079.npy,jet_li,jet_li_0004.npy;jet_li_0056.npy;jet_li_0125.npy,3
federico_dordei,federico_dordei_0081.npy,meagan_good,meagan_good_0027.npy;meagan_good_0065.npy;meagan_good_0108.npy,3
federico_dordei,federico_dordei_0082.npy,gabrielle_anwar,gabrielle_anwar_0023.npy;gabrielle_anwar_0090.npy;gabrielle_anwar_0003.npy,3
gulshan_grover,gulshan_grover_0003.npy,jennifer_grey,jennifer_grey_0082.npy;jennifer_grey_0092.npy;jennifer_grey_0107.npy,3
gulshan_grover,gulshan_grover_0007.npy,chin_han,chin_han_0044.npy;chin_han_0069.npy;chin_han_0006.npy,3
gulshan_grover,gulshan_grover_0010.npy,megalyn_echikunwoke,megalyn_echikunwoke_0043.npy;megalyn_echikunwoke_0021.npy;megalyn_echikunwoke_0048.npy,3
gulshan_grover,gulshan_grover_0011.npy,rico_e_anderson,rico_e_anderson_0041.npy,1
gulshan_grover,gulshan_grover_0016.npy,mark_taormino,mark_taormino_0031.npy;mark_taormino_0013.npy;mark_taormino_0045.npy,3
gulshan_grover,gulshan_grover_0031.npy,larry_flash_jenkins,larry_flash_jenkins_0021.npy;larry_flash_jenkins_0046.npy;larry_flash_jenkins_0042.npy,3
gulshan_grover,gulshan_grover_0035.npy,park_ji_sung,park_ji_sung_0016.npy;park_ji_sung_0058.npy;park_ji_sung_0018.npy,3
gulshan_grover,gulshan_grover_0044.npy,josh_hartnett,josh_hartnett_0007.npy;josh_hartnett_0019.npy;josh_hartnett_0063.npy,3
gulshan_grover,gulshan_grover_0048.npy,tichina_arnold,tichina_arnold_0010.npy;tichina_arnold_0061.npy;tichina_arnold_0047.npy,3
gulshan_grover,gulshan_grover_0053.npy,chris_colfer,chris_colfer_0038.npy;chris_colfer_0201.npy;chris_colfer_0042.npy,3
gulshan_grover,gulshan_grover_0054.npy,namaiya_cunningham,namaiya_cunningham_0029.npy;namaiya_cunningham_0012.npy;namaiya_cunningham_0044.npy,3
gulshan_grover,gulshan_grover_0055.npy,maggie_q,maggie_q_0210.npy;maggie_q_0193.npy;maggie_q_0281.npy,3
howie_mandel,howie_mandel_0018.npy,hua_chenyu,hua_chenyu_0043.npy;hua_chenyu_0049.npy;hua_chenyu_0018.npy,3
howie_mandel,howie_mandel_0033.npy,50_cent,50_cent_0055.npy;50_cent_0067.npy;50_cent_0025.npy,3
howie_mandel,howie_mandel_0057.npy,jet_li,jet_li_0125.npy;jet_li_0127.npy;jet_li_0056.npy,3
howie_mandel,howie_mandel_0061.npy,melanie_lynskey,melanie_lynskey_0091.npy;melanie_lynskey_0088.npy;melanie_lynskey_0090.npy,3
howie_mandel,howie_mandel_0062.npy,terri_ivens,terri_ivens_0028.npy;terri_ivens_0011.npy;terri_ivens_0016.npy,3
howie_mandel,howie_mandel_0072.npy,claudia_jordan,claudia_jordan_0005.npy;claudia_jordan_0039.npy;claudia_jordan_0023.npy,3
howie_mandel,howie_mandel_0074.npy,heather_matarazzo,heather_matarazzo_0003.npy;heather_matarazzo_0031.npy;heather_matarazzo_0050.npy,3
howie_mandel,howie_mandel_0079.npy,lupita_nyong'o,lupita_nyong'o_0122.npy;lupita_nyong'o_0061.npy;lupita_nyong'o_0082.npy,3
hugo_becker,hugo_becker_0005.npy,kristinia_debarge,kristinia_debarge_0060.npy;kristinia_debarge_0032.npy;kristinia_debarge_0030.npy,3
hugo_becker,hugo_becker_0010.npy,snoop_dogg,snoop_dogg_0158.npy;snoop_dogg_0056.npy;snoop_dogg_0086.npy,3
hugo_becker,hugo_becker_0017.npy,elizabeth_mitchell,elizabeth_mitchell_0043.npy;elizabeth_mitchell_0062.npy;elizabeth_mitchell_0137.npy,3
hugo_becker,hugo_becker_0052.npy,judy_davis,judy_davis_0008.npy;judy_davis_0009.npy;judy_davis_0031.npy,3
iain_glen,iain_glen_0018.npy,mark_strong,mark_strong_0005.npy;mark_strong_0082.npy;mark_strong_0083.npy,3
iain_glen,iain_glen_0029.npy,maureen_mendoza,maureen_mendoza_0006.npy;maureen_mendoza_0007.npy;maureen_mendoza_0028.npy,3
iain_glen,iain_glen_0035.npy,taylor_swift,taylor_swift_0065.npy;taylor_swift_0271.npy,2
iain_glen,iain_glen_0053.npy,theresa_randle,theresa_randle_0765.npy,1
iain_glen,iain_glen_0062.npy,hubertus_geller,hubertus_geller_0001.npy,1
james_mcavoy,james_mcavoy_0012.npy,jennifer_coolidge,jennifer_coolidge_0024.npy;jennifer_coolidge_0060.npy;jennifer_coolidge_0079.npy,3
james_mcavoy,james_mcavoy_0022.npy,fabrice_eboue,fabrice_eboue_0941.npy;fabrice_eboue_0913.npy;fabrice_eboue_0901.npy,3
james_mcavoy,james_mcavoy_0054.npy,lee_joon-gi,lee_joon-gi_0024.npy;lee_joon-gi_0026.npy,2
james_mcavoy,james_mcavoy_0078.npy,fumi_desalu-vold,fumi_desalu-vold_0001.npy;fumi_desalu-vold_0004.npy;fumi_desalu-vold_0010.npy,3
james_mcavoy,james_mcavoy_0099.npy,todd_bridges,todd_bridges_0043.npy;todd_bridges_0009.npy;todd_bridges_0010.npy,3
james_mcavoy,james_mcavoy_0128.npy,tamala_jones,tamala_jones_0016.npy;tamala_jones_0067.npy;tamala_jones_0059.npy,3
james_van_der_beek,james_van_der_beek_0002.npy,clare_grant,clare_grant_0041.npy;clare_grant_0014.npy;clare_grant_0015.npy,3
james_van_der_beek,james_van_der_beek_0017.npy,robin_shou,robin_shou_0097.npy;robin_shou_0489.npy,2
james_van_der_beek,james_van_der_beek_0027.npy,fala_chen,fala_chen_0069.npy;fala_chen_0073.npy;fala_chen_0062.npy,3
james_van_der_beek,james_van_der_beek_0096.npy,wyclef_jean,wyclef_jean_0056.npy;wyclef_jean_0068.npy;wyclef_jean_0058.npy,3
james_van_der_beek,james_van_der_beek_0114.npy,steve_mcqueen,steve_mcqueen_0016.npy;steve_mcqueen_0006.npy;steve_mcqueen_0100.npy,3
james_van_der_beek,james_van_der_beek_0117.npy,david_alan_grier,david_alan_grier_0066.npy;david_alan_grier_0038.npy;david_alan_grier_0105.npy,3
james_van_der_beek,james_van_der_beek_0121.npy,jung_woo_sung,jung_woo_sung_0026.npy;jung_woo_sung_0011.npy;jung_woo_sung_0032.npy,3
jason_behr,jason_behr_0009.npy,paul_haggis,paul_haggis_0064.npy;paul_haggis_0073.npy;paul_haggis_0096.npy,3
jason_behr,jason_behr_0011.npy,jill_hennessy,jill_hennessy_0098.npy;jill_hennessy_0025.npy;jill_hennessy_0116.npy,3
jason_behr,jason_behr_0015.npy,kim_fields,kim_fields_0019.npy;kim_fields_0007.npy;kim_fields_0051.npy,3
jason_behr,jason_behr_0023.npy,shakira,shakira_0009.npy;shakira_0059.npy,2
jason_behr,jason_behr_0031.npy,puff_guo,puff_guo_0010.npy;puff_guo_0025.npy;puff_guo_0007.npy,3
jason_behr,jason_behr_0032.npy,ron_yuan,ron_yuan_0058.npy;ron_yuan_0053.npy;ron_yuan_0056.npy,3
jason_behr,jason_behr_0038.npy,tyler_perry,tyler_perry_0094.npy;tyler_perry_0079.npy;tyler_perry_0053.npy,3
jason_behr,jason_behr_0049.npy,edoardo_purgatori,edoardo_purgatori_0007.npy;edoardo_purgatori_0037.npy;edoardo_purgatori_0055.npy,3
jason_behr,jason_behr_0050.npy,patrick_dempsey,patrick_dempsey_0305.npy;patrick_dempsey_0253.npy;patrick_dempsey_0001.npy,3
jason_patric,jason_patric_0009.npy,maria_menounos,maria_menounos_0025.npy;maria_menounos_0018.npy;maria_menounos_0028.npy,3
jason_patric,jason_patric_0019.npy,mika_nakashima,mika_nakashima_0045.npy;mika_nakashima_0067.npy;mika_nakashima_0003.npy,3
jason_patric,jason_patric_0029.npy,anna_kendrick,anna_kendrick_0154.npy,1
jason_patric,jason_patric_0040.npy,paul_haggis,paul_haggis_0064.npy;paul_haggis_0073.npy;paul_haggis_0096.npy,3
jason_patric,jason_patric_0070.npy,jinny_ng,jinny_ng_0020.npy;jinny_ng_0030.npy;jinny_ng_0055.npy,3
jeremy_renner,jeremy_renner_0024.npy,jenny_wade,jenny_wade_0008.npy;jenny_wade_0043.npy,2
jeremy_renner,jeremy_renner_0047.npy,michael_ealy,michael_ealy_0121.npy;michael_ealy_0086.npy;michael_ealy_0165.npy,3
jeremy_renner,jeremy_renner_0055.npy,helena_christensen,helena_christensen_0018.npy;helena_christensen_0038.npy;helena_christensen_0037.npy,3
jeremy_renner,jeremy_renner_0101.npy,sadie_calvano,sadie_calvano_0047.npy;sadie_calvano_0026.npy;sadie_calvano_0030.npy,3
jeremy_renner,jeremy_renner_0111.npy,larry_flash_jenkins,larry_flash_jenkins_0046.npy;larry_flash_jenkins_0037.npy;larry_flash_jenkins_0021.npy,3
jeremy_renner,jeremy_renner_0118.npy,darby_stanchfield,darby_stanchfield_0033.npy;darby_stanchfield_0056.npy,2
jeremy_renner,jeremy_renner_0166.npy,judge_reinhold,judge_reinhold_0012.npy;judge_reinhold_0062.npy;judge_reinhold_0058.npy,3
jeremy_renner,jeremy_renner_0201.npy,shin_min_a,shin_min_a_0061.npy;shin_min_a_0007.npy;shin_min_a_0017.npy,3
jeremy_renner,jeremy_renner_0319.npy,jung_yong_hwa,jung_yong_hwa_0029.npy;jung_yong_hwa_0030.npy;jung_yong_hwa_0027.npy,3
jeremy_renner,jeremy_renner_0320.npy,christina_milian,christina_milian_0007.npy;christina_milian_0081.npy,2
jeremy_renner,jeremy_renner_0332.npy,jaejoong,jaejoong_0040.npy;jaejoong_0054.npy;jaejoong_0056.npy,3
jeremy_renner,jeremy_renner_0341.npy,christine_lakin,christine_lakin_0008.npy,1
john_carroll_lynch,john_carroll_lynch_0005.npy,chris_harrison,chris_harrison_0001.npy;chris_harrison_0021.npy;chris_harrison_0010.npy,3
john_carroll_lynch,john_carroll_lynch_0023.npy,momoe_yamaguchi,momoe_yamaguchi_0032.npy;momoe_yamaguchi_0038.npy;momoe_yamaguchi_0042.npy,3
john_carroll_lynch,john_carroll_lynch_0025.npy,kris_wu,kris_wu_0007.npy;kris_wu_0028.npy;kris_wu_0014.npy,3
john_carroll_lynch,john_carroll_lynch_0037.npy,yvette_nicole_brown,yvette_nicole_brown_0055.npy;yvette_nicole_brown_0096.npy;yvette_nicole_brown_0074.npy,3
john_francis_daley,john_francis_daley_0011.npy,aldis_hodge,aldis_hodge_0040.npy;aldis_hodge_0032.npy;aldis_hodge_0025.npy,3
john_francis_daley,john_francis_daley_0013.npy,marcia_gay_harden,marcia_gay_harden_0063.npy;marcia_gay_harden_0250.npy;marcia_gay_harden_0067.npy,3
john_francis_daley,john_francis_daley_0016.npy,yannus_sufandi,yannus_sufandi_0007.npy;yannus_sufandi_0016.npy;yannus_sufandi_0055.npy,3
john_francis_daley,john_francis_daley_0023.npy,howie_mandel,howie_mandel_0074.npy;howie_mandel_0072.npy;howie_mandel_0061.npy,3
john_francis_daley,john_francis_daley_0030.npy,ronald_e_giles,ronald_e_giles_0019.npy;ronald_e_giles_0031.npy;ronald_e_giles_0060.npy,3
john_francis_daley,john_francis_daley_0041.npy,robin_shou,robin_shou_0097.npy;robin_shou_0489.npy,2
john_francis_daley,john_francis_daley_0059.npy,amir_arison,amir_arison_0036.npy;amir_arison_0014.npy;amir_arison_0017.npy,3
john_francis_daley,john_francis_daley_0061.npy,mylene_dinh-robic,mylene_dinh-robic_0936.npy;mylene_dinh-robic_0917.npy;mylene_dinh-robic_0911.npy,3
john_francis_daley,john_francis_daley_0063.npy,rachel_mcadams,rachel_mcadams_0204.npy;rachel_mcadams_0092.npy;rachel_mcadams_0293.npy,3
john_francis_daley,john_francis_daley_0065.npy,kyle_massey,kyle_massey_0051.npy;kyle_massey_0008.npy;kyle_massey_0024.npy,3
jon_cryer,jon_cryer_0002.npy,david_pryor,david_pryor_0010.npy;david_pryor_0042.npy;david_pryor_0060.npy,3
jon_cryer,jon_cryer_0006.npy,lupita_nyong'o,lupita_nyong'o_0122.npy;lupita_nyong'o_0021.npy;lupita_nyong'o_0082.npy,3
jon_cryer,jon_cryer_0007.npy,samantha_harris,samantha_harris_0016.npy;samantha_harris_0088.npy;samantha_harris_0047.npy,3
jon_cryer,jon_cryer_0009.npy,russ_cootey,russ_cootey_0010.npy;russ_cootey_0048.npy,2
jon_cryer,jon_cryer_0016.npy,namaiya_cunningham,namaiya_cunningham_0044.npy;namaiya_cunningham_0051.npy;namaiya_cunningham_0012.npy,3
jon_cryer,jon_cryer_0021.npy,rhona_mitra,rhona_mitra_0011.npy;rhona_mitra_0035.npy;rhona_mitra_0148.npy,3
jon_cryer,jon_cryer_0024.npy,iain_glen,iain_glen_0062.npy;iain_glen_0035.npy;iain_glen_0029.npy,3
jon_cryer,jon_cryer_0027.npy,wyatt_smith,wyatt_smith_0002.npy,1
jon_cryer,jon_cryer_0063.npy,linda_gray,linda_gray_0008.npy;linda_gray_0032.npy;linda_gray_0017.npy,3
jon_cryer,jon_cryer_0180.npy,kanata_hongo,kanata_hongo_0018.npy;kanata_hongo_0022.npy;kanata_hongo_0032.npy,3
jon_cryer,jon_cryer_0196.npy,fairuza_balk,fairuza_balk_0063.npy;fairuza_balk_0071.npy;fairuza_balk_0039.npy,3
joseph_lawrence,joseph_lawrence_0005.npy,helena_christensen,helena_christensen_0037.npy;helena_christensen_0018.npy;helena_christensen_0073.npy,3
joseph_lawrence,joseph_lawrence_0010.npy,joey_lauren_adams,joey_lauren_adams_0015.npy;joey_lauren_adams_0025.npy;joey_lauren_adams_0026.npy,3
joseph_lawrence,joseph_lawrence_0016.npy,peter_facinelli,peter_facinelli_0011.npy;peter_facinelli_0027.npy;peter_facinelli_0091.npy,3
joseph_lawrence,joseph_lawrence_0017.npy,kanata_hongo,kanata_hongo_0010.npy;kanata_hongo_0022.npy;kanata_hongo_0008.npy,3
joseph_lawrence,joseph_lawrence_0021.npy,marcia_gay_harden,marcia_gay_harden_0067.npy;marcia_gay_harden_0250.npy;marcia_gay_harden_0052.npy,3
joseph_lawrence,joseph_lawrence_0035.npy,miranda_richardson,miranda_richardson_0063.npy;miranda_richardson_0053.npy;miranda_richardson_0045.npy,3
joseph_lawrence,joseph_lawrence_0051.npy,beth_riesgraf,beth_riesgraf_0049.npy;beth_riesgraf_0001.npy;beth_riesgraf_0054.npy,3
joseph_lawrence,joseph_lawrence_0066.npy,huang_xiaoming,huang_xiaoming_0011.npy;huang_xiaoming_0012.npy;huang_xiaoming_0006.npy,3
josh_cooke,josh_cooke_0007.npy,ye_liu,ye_liu_0024.npy;ye_liu_0012.npy;ye_liu_0007.npy,3
josh_cooke,josh_cooke_0013.npy,tanit_phoenix,tanit_phoenix_0012.npy;tanit_phoenix_0030.npy,2
josh_cooke,josh_cooke_0016.npy,abigail_spencer,abigail_spencer_0041.npy;abigail_spencer_0050.npy,2
josh_cooke,josh_cooke_0019.npy,tina_q_nguyen,tina_q_nguyen_0056.npy,1
josh_cooke,josh_cooke_0020.npy,kelli_garner,kelli_garner_0043.npy;kelli_garner_0097.npy;kelli_garner_0024.npy,3
josh_cooke,josh_cooke_0038.npy,sumetal,sumetal_0054.npy;sumetal_0033.npy;sumetal_0055.npy,3
josh_cooke,josh_cooke_0044.npy,jurnee_smollett-bell,jurnee_smollett-bell_0046.npy;jurnee_smollett-bell_0041.npy;jurnee_smollett-bell_0047.npy,3
josh_cooke,josh_cooke_0064.npy,elise_neal,elise_neal_0080.npy,1
josh_hartnett,josh_hartnett_0007.npy,james_van_der_beek,james_van_der_beek_0027.npy;james_van_der_beek_0114.npy;james_van_der_beek_0117.npy,3
josh_hartnett,josh_hartnett_0019.npy,sadie_calvano,sadie_calvano_0047.npy;sadie_calvano_0043.npy;sadie_calvano_0026.npy,3
josh_hartnett,josh_hartnett_0036.npy,scott_caan,scott_caan_0003.npy;scott_caan_0216.npy;scott_caan_0096.npy,3
josh_hartnett,josh_hartnett_0056.npy,kris_wu,kris_wu_0023.npy;kris_wu_0014.npy;kris_wu_0007.npy,3
josh_hartnett,josh_hartnett_0063.npy,mika_nakashima,mika_nakashima_0053.npy;mika_nakashima_0021.npy;mika_nakashima_0016.npy,3
josh_hartnett,josh_hartnett_0084.npy,big_bang_g-dragon,big_bang_g-dragon_0037.npy;big_bang_g-dragon_0006.npy;big_bang_g-dragon_0013.npy,3
josh_hartnett,josh_hartnett_0102.npy,pamella_d'pella,pamella_d'pella_0099.npy;pamella_d'pella_0096.npy;pamella_d'pella_0052.npy,3
josh_hartnett,josh_hartnett_0144.npy,heather_matarazzo,heather_matarazzo_0003.npy;heather_matarazzo_0026.npy;heather_matarazzo_0031.npy,3
josh_holloway,josh_holloway_0007.npy,thomas_jane,thomas_jane_0091.npy;thomas_jane_0032.npy;thomas_jane_0027.npy,3
josh_holloway,josh_holloway_0011.npy,christina_milian,christina_milian_0007.npy;christina_milian_0081.npy,2
josh_holloway,josh_holloway_0036.npy,levona_lewis,levona_lewis_0060.npy;levona_lewis_0064.npy,2
josh_holloway,josh_holloway_0056.npy,bailee_madison,bailee_madison_0061.npy;bailee_madison_0034.npy;bailee_madison_0053.npy,3
josh_holloway,josh_holloway_0072.npy,anna_maria_perez_de_tagle,anna_maria_perez_de_tagle_0082.npy;anna_maria_perez_de_tagle_0093.npy,2
josh_holloway,josh_holloway_0079.npy,ji_chang_wook,ji_chang_wook_0007.npy;ji_chang_wook_0042.npy;ji_chang_wook_0046.npy,3
josh_holloway,josh_holloway_0081.npy,mylene_dinh-robic,mylene_dinh-robic_0917.npy;mylene_dinh-robic_0916.npy;mylene_dinh-robic_0904.npy,3
josh_holloway,josh_holloway_0099.npy,romany_malco,romany_malco_0016.npy;romany_malco_0020.npy;romany_malco_0079.npy,3
judge_reinhold,judge_reinhold_0012.npy,abigail_spencer,abigail_spencer_0041.npy;abigail_spencer_0050.npy,2
judge_reinhold,judge_reinhold_0022.npy,madeline_zima,madeline_zima_0064.npy;madeline_zima_0066.npy;madeline_zima_0092.npy,3
judge_reinhold,judge_reinhold_0053.npy,tony_chiu_wai_leung,tony_chiu_wai_leung_0004.npy;tony_chiu_wai_leung_0023.npy;tony_chiu_wai_leung_0021.npy,3
judge_reinhold,judge_reinhold_0058.npy,alison_brie,alison_brie_0018.npy;alison_brie_0042.npy;alison_brie_0072.npy,3
judge_reinhold,judge_reinhold_0062.npy,daniel_henney,daniel_henney_0011.npy;daniel_henney_0000.npy;daniel_henney_0036.npy,3
louis_ck,louis_ck_0001.npy,beth_riesgraf,beth_riesgraf_0053.npy;beth_riesgraf_0001.npy;beth_riesgraf_0016.npy,3
louis_ck,louis_ck_0006.npy,tasha_smith,tasha_smith_0014.npy;tasha_smith_0020.npy;tasha_smith_0024.npy,3
louis_ck,louis_ck_0038.npy,melora_walters,melora_walters_0002.npy;melora_walters_0001.npy;melora_walters_0049.npy,3
louis_ck,louis_ck_0047.npy,jinny_ng,jinny_ng_0048.npy;jinny_ng_0049.npy;jinny_ng_0027.npy,3
luke_wilson,luke_wilson_0005.npy,regina_hall,regina_hall_0050.npy;regina_hall_0007.npy;regina_hall_0037.npy,3
luke_wilson,luke_wilson_0046.npy,yannus_sufandi,yannus_sufandi_0007.npy;yannus_sufandi_0016.npy;yannus_sufandi_0055.npy,3
luke_wilson,luke_wilson_0056.npy,ji_chang_wook,ji_chang_wook_0005.npy;ji_chang_wook_0024.npy;ji_chang_wook_0030.npy,3
luke_wilson,luke_wilson_0099.npy,lea_thompson,lea_thompson_0060.npy,1
luke_wilson,luke_wilson_0107.npy,rose_byrne,rose_byrne_0188.npy;rose_byrne_0118.npy;rose_byrne_0055.npy,3
luke_wilson,luke_wilson_0150.npy,roberto_sanz_sanchez,roberto_sanz_sanchez_0065.npy;roberto_sanz_sanchez_0063.npy;roberto_sanz_sanchez_0052.npy,3
luke_wilson,luke_wilson_0171.npy,marcia_cross,marcia_cross_0032.npy;marcia_cross_0121.npy;marcia_cross_0148.npy,3
mads_mikkelsen,mads_mikkelsen_0004.npy,zachary_knighton,zachary_knighton_0030.npy;zachary_knighton_0036.npy;zachary_knighton_0001.npy,3
mads_mikkelsen,mads_mikkelsen_0007.npy,aldis_hodge,aldis_hodge_0032.npy;aldis_hodge_0004.npy;aldis_hodge_0016.npy,3
mads_mikkelsen,mads_mikkelsen_0012.npy,jennifer_esposito,jennifer_esposito_0004.npy;jennifer_esposito_0091.npy,2
mads_mikkelsen,mads_mikkelsen_0034.npy,nikki_storm,nikki_storm_0015.npy;nikki_storm_0031.npy;nikki_storm_0057.npy,3
mads_mikkelsen,mads_mikkelsen_0042.npy,robert_zemeckis,robert_zemeckis_0002.npy;robert_zemeckis_0003.npy;robert_zemeckis_0021.npy,3
mads_mikkelsen,mads_mikkelsen_0130.npy,maggie_q,maggie_q_0193.npy;maggie_q_0281.npy;maggie_q_0240.npy,3
mark_salling,mark_salling_0005.npy,bryce_dallas_howard,bryce_dallas_howard_0028.npy;bryce_dallas_howard_0042.npy;bryce_dallas_howard_0093.npy,3
mark_salling,mark_salling_0010.npy,lupita_nyong'o,lupita_nyong'o_0122.npy;lupita_nyong'o_0021.npy;lupita_nyong'o_0035.npy,3
mark_salling,mark_salling_0025.npy,deprise_brescia,deprise_brescia_0049.npy;deprise_brescia_0005.npy;deprise_brescia_0012.npy,3
mark_salling,mark_salling_0040.npy,mads_mikkelsen,mads_mikkelsen_0130.npy;mads_mikkelsen_0042.npy;mads_mikkelsen_0034.npy,3
mark_salling,mark_salling_0068.npy,antonio_sabato_jr,antonio_sabato_jr_0014.npy;antonio_sabato_jr_0016.npy;antonio_sabato_jr_0038.npy,3
mark_salling,mark_salling_0080.npy,barbara_hershey,barbara_hershey_0006.npy;barbara_hershey_0051.npy;barbara_hershey_0094.npy,3
mark_salling,mark_salling_0081.npy,xzibit,xzibit_0005.npy;xzibit_0011.npy;xzibit_0012.npy,3
mark_salling,mark_salling_0082.npy,gabrielle_anwar,gabrielle_anwar_0173.npy;gabrielle_anwar_0086.npy;gabrielle_anwar_0073.npy,3
mark_salling,mark_salling_0099.npy,patrick_j_nicolas,patrick_j_nicolas_0012.npy;patrick_j_nicolas_0011.npy;patrick_j_nicolas_0015.npy,3
mark_salling,mark_salling_0101.npy,willa_holland,willa_holland_0056.npy;willa_holland_0058.npy;willa_holland_0052.npy,3
mark_salling,mark_salling_0110.npy,robin_shou,robin_shou_0097.npy;robin_shou_0489.npy,2
mark_strong,mark_strong_0001.npy,kaitlin_olson,kaitlin_olson_0061.npy;kaitlin_olson_0053.npy;kaitlin_olson_0044.npy,3
mark_strong,mark_strong_0005.npy,david_oyelowo,david_oyelowo_0009.npy;david_oyelowo_0186.npy;david_oyelowo_0247.npy,3
mark_strong,mark_strong_0015.npy,kris_wu,kris_wu_0007.npy;kris_wu_0047.npy;kris_wu_0054.npy,3
mark_strong,mark_strong_0029.npy,yannus_sufandi,yannus_sufandi_0007.npy;yannus_sufandi_0016.npy;yannus_sufandi_0055.npy,3
mark_strong,mark_strong_0035.npy,megan_marie_wilson,megan_marie_wilson_0052.npy;megan_marie_wilson_0014.npy;megan_marie_wilson_0048.npy,3
mark_strong,mark_strong_0036.npy,donald_glover,donald_glover_0122.npy;donald_glover_0080.npy;donald_glover_0118.npy,3
mark_strong,mark_strong_0055.npy,rhona_mitra,rhona_mitra_0035.npy;rhona_mitra_0011.npy;rhona_mitra_0033.npy,3
mark_strong,mark_strong_0082.npy,gong_seung_yeon,gong_seung_yeon_0057.npy;gong_seung_yeon_0000.npy;gong_seung_yeon_0020.npy,3
mark_strong,mark_strong_0083.npy,corbin_bleu,corbin_bleu_0568.npy;corbin_bleu_0744.npy,2
mark_taormino,mark_taormino_0004.npy,james_mcavoy,james_mcavoy_0012.npy;james_mcavoy_0128.npy;james_mcavoy_0078.npy,3
mark_taormino,mark_taormino_0007.npy,mos_def,mos_def_0011.npy;mos_def_0035.npy;mos_def_0031.npy,3
mark_taormino,mark_taormino_0013.npy,roberto_lombardi,roberto_lombardi_0010.npy;roberto_lombardi_0069.npy;roberto_lombardi_0034.npy,3
mark_taormino,mark_taormino_0015.npy,teppei_koike,teppei_koike_0030.npy;teppei_koike_0028.npy;teppei_koike_0045.npy,3
mark_taormino,mark_taormino_0018.npy,robin_thicke,robin_thicke_0054.npy;robin_thicke_0037.npy;robin_thicke_0017.npy,3
mark_taormino,mark_taormino_0020.npy,jack_ma,jack_ma_0289.npy;jack_ma_0223.npy;jack_ma_0422.npy,3
mark_taormino,mark_taormino_0024.npy,kat_graham,kat_graham_0108.npy;kat_graham_0042.npy;kat_graham_0036.npy,3
mark_taormino,mark_taormino_0031.npy,donald_glover,donald_glover_0095.npy;donald_glover_0008.npy;donald_glover_0122.npy,3
mark_taormino,mark_taormino_0040.npy,bitsie_tulloch,bitsie_tulloch_0024.npy;bitsie_tulloch_0068.npy;bitsie_tulloch_0070.npy,3
mark_taormino,mark_taormino_0041.npy,helena_christensen,helena_christensen_0018.npy;helena_christensen_0037.npy;helena_christensen_0038.npy,3
mark_taormino,mark_taormino_0043.npy,jason_behr,jason_behr_0031.npy;jason_behr_0015.npy;jason_behr_0050.npy,3
mark_taormino,mark_taormino_0045.npy,kathleen_robertson,kathleen_robertson_0069.npy;kathleen_robertson_0042.npy;kathleen_robertson_0045.npy,3
mark_taormino,mark_taormino_0046.npy,toma_ikuta,toma_ikuta_0039.npy;toma_ikuta_0048.npy;toma_ikuta_0010.npy,3
max_greenfield,max_greenfield_0017.npy,jess_weixler,jess_weixler_0048.npy;jess_weixler_0051.npy;jess_weixler_0077.npy,3
max_greenfield,max_greenfield_0087.npy,david_cronenberg,david_cronenberg_0021.npy;david_cronenberg_0047.npy;david_cronenberg_0026.npy,3
max_greenfield,max_greenfield_0157.npy,huang_xiaoming,huang_xiaoming_0009.npy;huang_xiaoming_0022.npy;huang_xiaoming_0025.npy,3
max_greenfield,max_greenfield_0196.npy,maria_menounos,maria_menounos_0120.npy;maria_menounos_0018.npy;maria_menounos_0028.npy,3
max_greenfield,max_greenfield_0203.npy,kathleen_robertson,kathleen_robertson_0004.npy;kathleen_robertson_0006.npy;kathleen_robertson_0045.npy,3
maximilian_law,maximilian_law_0001.npy,kim_delaney,kim_delaney_0068.npy;kim_delaney_0037.npy;kim_delaney_0064.npy,3
maximilian_law,maximilian_law_0018.npy,melanie_lynskey,melanie_lynskey_0054.npy;melanie_lynskey_0088.npy;melanie_lynskey_0090.npy,3
maximilian_law,maximilian_law_0022.npy,jill_hennessy,jill_hennessy_0098.npy;jill_hennessy_0054.npy;jill_hennessy_0001.npy,3
maximilian_law,maximilian_law_0036.npy,david_strathairn,david_strathairn_0062.npy;david_strathairn_0070.npy;david_strathairn_0102.npy,3
maximilian_law,maximilian_law_0044.npy,toma_ikuta,toma_ikuta_0048.npy;toma_ikuta_0039.npy;toma_ikuta_0081.npy,3
maximilian_law,maximilian_law_0050.npy,terri_ivens,terri_ivens_0016.npy;terri_ivens_0011.npy;terri_ivens_0031.npy,3
maximilian_law,maximilian_law_0055.npy,colin_ferguson,colin_ferguson_0050.npy;colin_ferguson_0020.npy;colin_ferguson_0001.npy,3
maximilian_law,maximilian_law_0063.npy,heather_matarazzo,heather_matarazzo_0026.npy;heather_matarazzo_0038.npy;heather_matarazzo_0031.npy,3
michael_cera,michael_cera_0028.npy,aubrey_anderson-emmons,aubrey_anderson-emmons_0015.npy;aubrey_anderson-emmons_0029.npy;aubrey_anderson-emmons_0033.npy,3
michael_cera,michael_cera_0059.npy,tina_q_nguyen,tina_q_nguyen_0056.npy,1
michael_cera,michael_cera_0083.npy,huang_xiaoming,huang_xiaoming_0001.npy;huang_xiaoming_0009.npy;huang_xiaoming_0025.npy,3
michael_cera,michael_cera_0099.npy,kanata_hongo,kanata_hongo_0032.npy;kanata_hongo_0049.npy;kanata_hongo_0010.npy,3
michael_cera,michael_cera_0123.npy,donald_glover,donald_glover_0118.npy;donald_glover_0106.npy;donald_glover_0114.npy,3
michael_sheen,michael_sheen_0007.npy,aaron_yoo,aaron_yoo_0017.npy;aaron_yoo_0106.npy;aaron_yoo_0371.npy,3
michael_sheen,michael_sheen_0044.npy,trevor_donovan,trevor_donovan_0064.npy;trevor_donovan_0071.npy;trevor_donovan_0023.npy,3
michael_sheen,michael_sheen_0092.npy,david_tennant,david_tennant_0065.npy;david_tennant_0028.npy;david_tennant_0033.npy,3
michael_sheen,michael_sheen_0156.npy,sam_neill,sam_neill_0038.npy;sam_neill_0043.npy;sam_neill_0092.npy,3
michael_sheen,michael_sheen_0164.npy,randy_jackson,randy_jackson_0085.npy;randy_jackson_0161.npy;randy_jackson_0142.npy,3
patrick_dempsey,patrick_dempsey_0001.npy,stephen_lang,stephen_lang_0054.npy;stephen_lang_0056.npy;stephen_lang_0076.npy,3
patrick_dempsey,patrick_dempsey_0008.npy,la_la_anthony,la_la_anthony_0017.npy;la_la_anthony_0068.npy;la_la_anthony_0058.npy,3
patrick_dempsey,patrick_dempsey_0048.npy,yoo_ah_in,yoo_ah_in_0031.npy;yoo_ah_in_0003.npy;yoo_ah_in_0028.npy,3
patrick_dempsey,patrick_dempsey_0072.npy,jian,jian_0013.npy;jian_0053.npy;jian_0010.npy,3
patrick_dempsey,patrick_dempsey_0128.npy,michelle_trachtenberg,michelle_trachtenberg_0031.npy;michelle_trachtenberg_0261.npy;michelle_trachtenberg_0258.npy,3
patrick_dempsey,patrick_dempsey_0133.npy,gabrielle_anwar,gabrielle_anwar_0003.npy;gabrielle_anwar_0023.npy;gabrielle_anwar_0073.npy,3
patrick_dempsey,patrick_dempsey_0150.npy,jenna_dewan-tatum,jenna_dewan-tatum_0034.npy;jenna_dewan-tatum_0060.npy,2
patrick_dempsey,patrick_dempsey_0204.npy,rachel_mcadams,rachel_mcadams_0204.npy;rachel_mcadams_0092.npy;rachel_mcadams_0293.npy,3
patrick_dempsey,patrick_dempsey_0245.npy,josh_cooke,josh_cooke_0064.npy;josh_cooke_0044.npy;josh_cooke_0038.npy,3
patrick_dempsey,patrick_dempsey_0253.npy,josh_holloway,josh_holloway_0011.npy;josh_holloway_0056.npy;josh_holloway_0099.npy,3
patrick_dempsey,patrick_dempsey_0287.npy,max_greenfield,max_greenfield_0017.npy;max_greenfield_0087.npy;max_greenfield_0203.npy,3
patrick_dempsey,patrick_dempsey_0292.npy,robert_englund,robert_englund_0018.npy;robert_englund_0019.npy;robert_englund_0026.npy,3
patrick_dempsey,patrick_dempsey_0305.npy,sharon_leal,sharon_leal_0014.npy;sharon_leal_0018.npy;sharon_leal_0089.npy,3
patrick_dempsey,patrick_dempsey_0358.npy,christina_milian,christina_milian_0007.npy;christina_milian_0081.npy,2
peter_facinelli,peter_facinelli_0011.npy,taylor_swift,taylor_swift_0065.npy;taylor_swift_0271.npy,2
peter_facinelli,peter_facinelli_0027.npy,tony_oller,tony_oller_0101.npy;tony_oller_0023.npy;tony_oller_0072.npy,3
peter_facinelli,peter_facinelli_0061.npy,neve_campbell,neve_campbell_0114.npy;neve_campbell_0143.npy;neve_campbell_0139.npy,3
peter_facinelli,peter_facinelli_0091.npy,joo_jin_mo,joo_jin_mo_0058.npy;joo_jin_mo_0028.npy;joo_jin_mo_0039.npy,3
peter_facinelli,peter_facinelli_0096.npy,andre_gordon,andre_gordon_0020.npy,1
phil_keoghan,phil_keoghan_0007.npy,gabrielle_anwar,gabrielle_anwar_0086.npy;gabrielle_anwar_0177.npy;gabrielle_anwar_0023.npy,3
phil_keoghan,phil_keoghan_0011.npy,mary_lynn_rajskub,mary_lynn_rajskub_0114.npy;mary_lynn_rajskub_0086.npy;mary_lynn_rajskub_0069.npy,3
phil_keoghan,phil_keoghan_0012.npy,lucy_liu,lucy_liu_0038.npy;lucy_liu_0048.npy;lucy_liu_0004.npy,3
phil_keoghan,phil_keoghan_0021.npy,dean_cain,dean_cain_0076.npy;dean_cain_0007.npy;dean_cain_0046.npy,3
phil_keoghan,phil_keoghan_0023.npy,michael_wayne_thomas,michael_wayne_thomas_0012.npy;michael_wayne_thomas_0029.npy;michael_wayne_thomas_0050.npy,3
phil_keoghan,phil_keoghan_0027.npy,bitsie_tulloch,bitsie_tulloch_0024.npy;bitsie_tulloch_0068.npy;bitsie_tulloch_0046.npy,3
phil_keoghan,phil_keoghan_0030.npy,marcia_cross,marcia_cross_0148.npy;marcia_cross_0032.npy;marcia_cross_0187.npy,3
phil_keoghan,phil_keoghan_0051.npy,brooke_elliott,brooke_elliott_0029.npy;brooke_elliott_0017.npy;brooke_elliott_0027.npy,3
phil_keoghan,phil_keoghan_0052.npy,wilson_cleveland,wilson_cleveland_0054.npy;wilson_cleveland_0032.npy;wilson_cleveland_0009.npy,3
phil_keoghan,phil_keoghan_0053.npy,denyce_lawton,denyce_lawton_0013.npy;denyce_lawton_0034.npy;denyce_lawton_0058.npy,3
phil_keoghan,phil_keoghan_0057.npy,dean_cain,dean_cain_0048.npy;dean_cain_0043.npy;dean_cain_0083.npy,3
rick_gonzalez,rick_gonzalez_0012.npy,toma_ikuta,toma_ikuta_0048.npy;toma_ikuta_0081.npy;toma_ikuta_0039.npy,3
rick_gonzalez,rick_gonzalez_0020.npy,brandon_soo_hoo,brandon_soo_hoo_0023.npy;brandon_soo_hoo_0017.npy;brandon_soo_hoo_0022.npy,3
rick_gonzalez,rick_gonzalez_0026.npy,jon_cryer,jon_cryer_0196.npy;jon_cryer_0007.npy;jon_cryer_0063.npy,3
rick_gonzalez,rick_gonzalez_0030.npy,robert_zemeckis,robert_zemeckis_0027.npy;robert_zemeckis_0003.npy;robert_zemeckis_0002.npy,3
rick_gonzalez,rick_gonzalez_0050.npy,tom_wilkinson,tom_wilkinson_0065.npy;tom_wilkinson_0078.npy;tom_wilkinson_0035.npy,3
rick_gonzalez,rick_gonzalez_0057.npy,howie_mandel,howie_mandel_0074.npy;howie_mandel_0018.npy;howie_mandel_0079.npy,3
rick_gonzalez,rick_gonzalez_0059.npy,maggie_q,maggie_q_0289.npy;maggie_q_0193.npy;maggie_q_0281.npy,3
rick_gonzalez,rick_gonzalez_0065.npy,jian,jian_0010.npy;jian_0037.npy;jian_0047.npy,3
rick_gonzalez,rick_gonzalez_0066.npy,todd_bridges,todd_bridges_0010.npy;todd_bridges_0015.npy;todd_bridges_0009.npy,3
rick_gonzalez,rick_gonzalez_0069.npy,jung_yong_hwa,jung_yong_hwa_0013.npy;jung_yong_hwa_0030.npy;jung_yong_hwa_0042.npy,3
rick_gonzalez,rick_gonzalez_0071.npy,bang_yong_guk,bang_yong_guk_0001.npy;bang_yong_guk_0037.npy;bang_yong_guk_0046.npy,3
rick_gonzalez,rick_gonzalez_0072.npy,ming_xi,ming_xi_0067.npy;ming_xi_0055.npy;ming_xi_0017.npy,3
ricky_gervais,ricky_gervais_0016.npy,kim_delaney,kim_delaney_0037.npy;kim_delaney_0064.npy;kim_delaney_0003.npy,3
ricky_gervais,ricky_gervais_0032.npy,denyce_lawton,denyce_lawton_0034.npy;denyce_lawton_0002.npy;denyce_lawton_0095.npy,3
ricky_gervais,ricky_gervais_0046.npy,laura_vandervoort,laura_vandervoort_0119.npy;laura_vandervoort_0029.npy;laura_vandervoort_0072.npy,3
ricky_gervais,ricky_gervais_0067.npy,dylan_minnette,dylan_minnette_0080.npy;dylan_minnette_0193.npy,2
ricky_gervais,ricky_gervais_0069.npy,david_henrie,david_henrie_0014.npy;david_henrie_0078.npy;david_henrie_0018.npy,3
ricky_gervais,ricky_gervais_0092.npy,rose_byrne,rose_byrne_0212.npy;rose_byrne_0188.npy;rose_byrne_0055.npy,3
ricky_gervais,ricky_gervais_0099.npy,pamella_d'pella,pamella_d'pella_0052.npy;pamella_d'pella_0099.npy;pamella_d'pella_0096.npy,3
ricky_gervais,ricky_gervais_0121.npy,bernie_matthew,bernie_matthew_0026.npy;bernie_matthew_0017.npy;bernie_matthew_0032.npy,3
ricky_gervais,ricky_gervais_0143.npy,li_na_tennis,li_na_tennis_0009.npy;li_na_tennis_0056.npy;li_na_tennis_0003.npy,3
ricky_gervais,ricky_gervais_0154.npy,toma_ikuta,toma_ikuta_0007.npy;toma_ikuta_0064.npy;toma_ikuta_0074.npy,3
robert_zemeckis,robert_zemeckis_0001.npy,jennifer_carpenter,jennifer_carpenter_0121.npy;jennifer_carpenter_0160.npy;jennifer_carpenter_0003.npy,3
robert_zemeckis,robert_zemeckis_0002.npy,ariel_winter,ariel_winter_0026.npy;ariel_winter_0142.npy;ariel_winter_0017.npy,3
robert_zemeckis,robert_zemeckis_0003.npy,meagan_good,meagan_good_0027.npy;meagan_good_0065.npy;meagan_good_0108.npy,3
robert_zemeckis,robert_zemeckis_0021.npy,dylan_mcdermott,dylan_mcdermott_0169.npy;dylan_mcdermott_0111.npy;dylan_mcdermott_0137.npy,3
robert_zemeckis,robert_zemeckis_0027.npy,beth_riesgraf,beth_riesgraf_0049.npy;beth_riesgraf_0016.npy;beth_riesgraf_0001.npy,3
robert_zemeckis,robert_zemeckis_0058.npy,katie_cassidy,katie_cassidy_0029.npy;katie_cassidy_0110.npy;katie_cassidy_0144.npy,3
roberto_lombardi,roberto_lombardi_0010.npy,joyce_giraud,joyce_giraud_0004.npy,1
roberto_lombardi,roberto_lombardi_0028.npy,mads_mikkelsen,mads_mikkelsen_0034.npy;mads_mikkelsen_0004.npy;mads_mikkelsen_0042.npy,3
roberto_lombardi,roberto_lombardi_0034.npy,scott_takeda,scott_takeda_0925.npy;scott_takeda_0916.npy;scott_takeda_0904.npy,3
roberto_lombardi,roberto_lombardi_0047.npy,joo_jin_mo,joo_jin_mo_0020.npy;joo_jin_mo_0032.npy;joo_jin_mo_0058.npy,3
roberto_lombardi,roberto_lombardi_0061.npy,tila_tequila,tila_tequila_0950.npy;tila_tequila_0909.npy;tila_tequila_0918.npy,3
roberto_lombardi,roberto_lombardi_0069.npy,donald_glover,donald_glover_0102.npy;donald_glover_0114.npy;donald_glover_0106.npy,3
roberto_sanz_sanchez,roberto_sanz_sanchez_0035.npy,brooke_elliott,brooke_elliott_0005.npy;brooke_elliott_0017.npy;brooke_elliott_0027.npy,3
roberto_sanz_sanchez,roberto_sanz_sanchez_0052.npy,craig_fong,craig_fong_0078.npy;craig_fong_0031.npy;craig_fong_0060.npy,3
roberto_sanz_sanchez,roberto_sanz_sanchez_0063.npy,vicki_lewis,vicki_lewis_0028.npy;vicki_lewis_0076.npy;vicki_lewis_0084.npy,3
roberto_sanz_sanchez,roberto_sanz_sanchez_0065.npy,joseph_steven,joseph_steven_0005.npy,1
roberto_sanz_sanchez,roberto_sanz_sanchez_0068.npy,shannon_woodward,shannon_woodward_0015.npy;shannon_woodward_0034.npy;shannon_woodward_0001.npy,3
robin_thicke,robin_thicke_0008.npy,damian_lewis,damian_lewis_0060.npy;damian_lewis_0117.npy;damian_lewis_0067.npy,3
robin_thicke,robin_thicke_0017.npy,ricky_gervais,ricky_gervais_0016.npy;ricky_gervais_0154.npy;ricky_gervais_0092.npy,3
robin_thicke,robin_thicke_0024.npy,jill_hennessy,jill_hennessy_0059.npy;jill_hennessy_0006.npy;jill_hennessy_0025.npy,3
robin_thicke,robin_thicke_0028.npy,zhou_xun,zhou_xun_0003.npy;zhou_xun_0010.npy;zhou_xun_0029.npy,3
robin_thicke,robin_thicke_0037.npy,wyclef_jean,wyclef_jean_0051.npy;wyclef_jean_0056.npy;wyclef_jean_0068.npy,3
robin_thicke,robin_thicke_0049.npy,chin_han,chin_han_0298.npy;chin_han_0058.npy;chin_han_0069.npy,3
robin_thicke,robin_thicke_0054.npy,trevor_donovan,trevor_donovan_0007.npy;trevor_donovan_0057.npy;trevor_donovan_0104.npy,3
rocky_verma,rocky_verma_0001.npy,jess_weixler,jess_weixler_0048.npy;jess_weixler_0051.npy;jess_weixler_0077.npy,3
rocky_verma,rocky_verma_0010.npy,jason_patric,jason_patric_0070.npy;jason_patric_0009.npy;jason_patric_0029.npy,3
rocky_verma,rocky_verma_0012.npy,neve_campbell,neve_campbell_0064.npy;neve_campbell_0114.npy;neve_campbell_0139.npy,3
rocky_verma,rocky_verma_0016.npy,moametal,moametal_0011.npy;moametal_0002.npy;moametal_0049.npy,3
rocky_verma,rocky_verma_0017.npy,susan_downey,susan_downey_0041.npy;susan_downey_0043.npy;susan_downey_0059.npy,3
rocky_verma,rocky_verma_0022.npy,pamella_d'pella,pamella_d'pella_0076.npy;pamella_d'pella_0096.npy;pamella_d'pella_0052.npy,3
rocky_verma,rocky_verma_0025.npy,michael_wayne_thomas,michael_wayne_thomas_0023.npy;michael_wayne_thomas_0012.npy;michael_wayne_thomas_0029.npy,3
rocky_verma,rocky_verma_0028.npy,li_yuchun,li_yuchun_0063.npy;li_yuchun_0069.npy;li_yuchun_0064.npy,3
rocky_verma,rocky_verma_0029.npy,kat_graham,kat_graham_0108.npy;kat_graham_0042.npy;kat_graham_0036.npy,3
rocky_verma,rocky_verma_0030.npy,darian_weiss,darian_weiss_0012.npy;darian_weiss_0013.npy;darian_weiss_0033.npy,3
rocky_verma,rocky_verma_0040.npy,odette_annable,odette_annable_0053.npy;odette_annable_0060.npy;odette_annable_0119.npy,3
rocky_verma,rocky_verma_0046.npy,tom_bergeron,tom_bergeron_0037.npy;tom_bergeron_0055.npy;tom_bergeron_0067.npy,3
rocky_verma,rocky_verma_0060.npy,joyce_giraud,joyce_giraud_0004.npy,1
rocky_verma,rocky_verma_0071.npy,danny_huston,danny_huston_0025.npy;danny_huston_0004.npy;danny_huston_0039.npy,3
rocky_verma,rocky_verma_0074.npy,park_ji_sung,park_ji_sung_0032.npy;park_ji_sung_0016.npy;park_ji_sung_0050.npy,3
ryan_o'neal,ryan_o'neal_0001.npy,jurnee_smollett-bell,jurnee_smollett-bell_0046.npy;jurnee_smollett-bell_0047.npy;jurnee_smollett-bell_0003.npy,3
ryan_o'neal,ryan_o'neal_0003.npy,sanaa_lathan,sanaa_lathan_0054.npy;sanaa_lathan_0020.npy;sanaa_lathan_0062.npy,3
ryan_o'neal,ryan_o'neal_0025.npy,fumino_kimura,fumino_kimura_0022.npy;fumino_kimura_0049.npy;fumino_kimura_0055.npy,3
ryan_o'neal,ryan_o'neal_0026.npy,dominic_cooper,dominic_cooper_0001.npy;dominic_cooper_0130.npy;dominic_cooper_0043.npy,3
ryan_o'neal,ryan_o'neal_0059.npy,xu_jinglei,xu_jinglei_0011.npy;xu_jinglei_0001.npy;xu_jinglei_0012.npy,3
ryan_o'neal,ryan_o'neal_0063.npy,katie_cassidy,katie_cassidy_0029.npy;katie_cassidy_0110.npy;katie_cassidy_0144.npy,3
ryan_o'neal,ryan_o'neal_0069.npy,fumi_desalu-vold,fumi_desalu-vold_0001.npy;fumi_desalu-vold_0004.npy;fumi_desalu-vold_0010.npy,3
sam_neill,sam_neill_0006.npy,corbin_bleu,corbin_bleu_0568.npy;corbin_bleu_0744.npy,2
sam_neill,sam_neill_0038.npy,momoe_yamaguchi,momoe_yamaguchi_0032.npy;momoe_yamaguchi_0038.npy;momoe_yamaguchi_0042.npy,3
sam_neill,sam_neill_0043.npy,rico_e_anderson,rico_e_anderson_0041.npy,1
sam_neill,sam_neill_0092.npy,bellamy_young,bellamy_young_0057.npy;bellamy_young_0010.npy;bellamy_young_0021.npy,3
sam_neill,sam_neill_0121.npy,shun_oguri,shun_oguri_0051.npy;shun_oguri_0035.npy;shun_oguri_0041.npy,3
scott_a_martin,scott_a_martin_0006.npy,robert_englund,robert_englund_0018.npy;robert_englund_0019.npy;robert_englund_0026.npy,3
scott_a_martin,scott_a_martin_0019.npy,robin_shou,robin_shou_0097.npy;robin_shou_0489.npy,2
scott_a_martin,scott_a_martin_0021.npy,robert_englund,robert_englund_0018.npy;robert_englund_0019.npy;robert_englund_0026.npy,3
scott_a_martin,scott_a_martin_0037.npy,daniel_henney,daniel_henney_0007.npy;daniel_henney_0029.npy;daniel_henney_0055.npy,3
scott_bakula,scott_bakula_0004.npy,lupita_nyong'o,lupita_nyong'o_0061.npy;lupita_nyong'o_0042.npy;lupita_nyong'o_0035.npy,3
scott_bakula,scott_bakula_0009.npy,kristin_bauer_van_straten,kristin_bauer_van_straten_0027.npy;kristin_bauer_van_straten_0036.npy;kristin_bauer_van_straten_0065.npy,3
scott_bakula,scott_bakula_0023.npy,michael_ealy,michael_ealy_0155.npy;michael_ealy_0165.npy;michael_ealy_0121.npy,3
scott_bakula,scott_bakula_0037.npy,dwayne_boyd,dwayne_boyd_0030.npy;dwayne_boyd_0032.npy;dwayne_boyd_0028.npy,3
scott_bakula,scott_bakula_0038.npy,tom_wilkinson,tom_wilkinson_0012.npy;tom_wilkinson_0078.npy;tom_wilkinson_0035.npy,3
scott_bakula,scott_bakula_0039.npy,jennifer_esposito,jennifer_esposito_0004.npy;jennifer_esposito_0091.npy,2
scott_bakula,scott_bakula_0042.npy,wilson_cleveland,wilson_cleveland_0059.npy;wilson_cleveland_0041.npy;wilson_cleveland_0017.npy,3
scott_bakula,scott_bakula_0072.npy,godfrey_gao,godfrey_gao_0010.npy;godfrey_gao_0007.npy;godfrey_gao_0033.npy,3
scott_bakula,scott_bakula_0091.npy,rihanna,rihanna_0173.npy;rihanna_0330.npy;rihanna_0109.npy,3
scott_caan,scott_caan_0003.npy,robin_shou,robin_shou_0097.npy;robin_shou_0489.npy,2
scott_caan,scott_caan_0096.npy,clare_grant,clare_grant_0015.npy;clare_grant_0009.npy;clare_grant_0014.npy,3
scott_caan,scott_caan_0142.npy,tom_wilkinson,tom_wilkinson_0078.npy;tom_wilkinson_0065.npy;tom_wilkinson_0035.npy,3
scott_caan,scott_caan_0210.npy,lee_joon-gi,lee_joon-gi_0024.npy;lee_joon-gi_0026.npy,2
scott_caan,scott_caan_0212.npy,lee_jung_hyun,lee_jung_hyun_0037.npy;lee_jung_hyun_0002.npy;lee_jung_hyun_0024.npy,3
scott_caan,scott_caan_0216.npy,cedric_the_entertainer,cedric_the_entertainer_0005.npy;cedric_the_entertainer_0025.npy,2
scott_caan,scott_caan_0221.npy,hugo_becker,hugo_becker_0052.npy;hugo_becker_0010.npy;hugo_becker_0005.npy,3
seann_william_scott,seann_william_scott_0008.npy,zhou_xun,zhou_xun_0011.npy;zhou_xun_0053.npy;zhou_xun_0031.npy,3
seann_william_scott,seann_william_scott_0023.npy,elizabeth_mitchell,elizabeth_mitchell_0043.npy;elizabeth_mitchell_0062.npy;elizabeth_mitchell_0137.npy,3
seann_william_scott,seann_william_scott_0047.npy,samantha_harris,samantha_harris_0016.npy;samantha_harris_0031.npy;samantha_harris_0047.npy,3
seann_william_scott,seann_william_scott_0095.npy,kristin_bauer_van_straten,kristin_bauer_van_straten_0027.npy;kristin_bauer_van_straten_0036.npy;kristin_bauer_van_straten_0065.npy,3
seann_william_scott,seann_william_scott_0101.npy,momoe_yamaguchi,momoe_yamaguchi_0032.npy;momoe_yamaguchi_0038.npy;momoe_yamaguchi_0042.npy,3
seann_william_scott,seann_william_scott_0109.npy,pam_grier,pam_grier_0062.npy;pam_grier_0078.npy;pam_grier_0055.npy,3
seann_william_scott,seann_william_scott_0132.npy,robert_zemeckis,robert_zemeckis_0021.npy;robert_zemeckis_0027.npy;robert_zemeckis_0001.npy,3
seann_william_scott,seann_william_scott_0172.npy,roberto_lombardi,roberto_lombardi_0034.npy;roberto_lombardi_0010.npy;roberto_lombardi_0069.npy,3
seann_william_scott,seann_william_scott_0190.npy,li_yuchun,li_yuchun_0069.npy;li_yuchun_0052.npy;li_yuchun_0063.npy,3
sendhil_ramamurthy,sendhil_ramamurthy_0008.npy,anna_kendrick,anna_kendrick_0154.npy,1
sendhil_ramamurthy,sendhil_ramamurthy_0021.npy,whitney_houston,whitney_houston_0033.npy;whitney_houston_0107.npy;whitney_houston_0113.npy,3
sendhil_ramamurthy,sendhil_ramamurthy_0026.npy,iain_glen,iain_glen_0029.npy;iain_glen_0018.npy;iain_glen_0062.npy,3
sendhil_ramamurthy,sendhil_ramamurthy_0031.npy,louis_ck,louis_ck_0047.npy;louis_ck_0006.npy;louis_ck_0001.npy,3
sendhil_ramamurthy,sendhil_ramamurthy_0043.npy,kazuya_kamenashi,kazuya_kamenashi_0047.npy;kazuya_kamenashi_0031.npy;kazuya_kamenashi_0052.npy,3
sendhil_ramamurthy,sendhil_ramamurthy_0058.npy,david_oyelowo,david_oyelowo_0009.npy;david_oyelowo_0186.npy;david_oyelowo_0247.npy,3
sendhil_ramamurthy,sendhil_ramamurthy_0066.npy,chad_rook,chad_rook_0040.npy;chad_rook_0062.npy;chad_rook_0029.npy,3
sendhil_ramamurthy,sendhil_ramamurthy_0072.npy,amanda_brugel,amanda_brugel_0007.npy;amanda_brugel_0026.npy;amanda_brugel_0043.npy,3
sendhil_ramamurthy,sendhil_ramamurthy_0073.npy,elisa_donovan,elisa_donovan_0083.npy;elisa_donovan_0179.npy,2
shane_west,shane_west_0008.npy,melanie_lynskey,melanie_lynskey_0091.npy;melanie_lynskey_0038.npy;melanie_lynskey_0090.npy,3
shane_west,shane_west_0031.npy,gong_seung_yeon,gong_seung_yeon_0032.npy;gong_seung_yeon_0052.npy;gong_seung_yeon_0039.npy,3
shane_west,shane_west_0086.npy,andre_gordon,andre_gordon_0020.npy,1
shane_west,shane_west_0141.npy,huang_xiaoming,huang_xiaoming_0006.npy;huang_xiaoming_0032.npy;huang_xiaoming_0020.npy,3
shane_west,shane_west_0160.npy,kyle_massey,kyle_massey_0024.npy;kyle_massey_0046.npy;kyle_massey_0025.npy,3
shane_west,shane_west_0180.npy,ming_xi,ming_xi_0050.npy;ming_xi_0026.npy;ming_xi_0031.npy,3
sting,sting_0081.npy,50_cent,50_cent_0104.npy;50_cent_0055.npy;50_cent_0020.npy,3
sting,sting_0111.npy,ron_yuan,ron_yuan_0056.npy;ron_yuan_0062.npy;ron_yuan_0053.npy,3
sting,sting_0126.npy,eva_marcille,eva_marcille_0029.npy;eva_marcille_0045.npy;eva_marcille_0011.npy,3
sting,sting_0134.npy,kelli_garner,kelli_garner_0024.npy;kelli_garner_0066.npy;kelli_garner_0097.npy,3
sting,sting_0153.npy,brooke_elliott,brooke_elliott_0027.npy;brooke_elliott_0017.npy;brooke_elliott_0029.npy,3
thomas_jane,thomas_jane_0027.npy,xu_jinglei,xu_jinglei_0041.npy;xu_jinglei_0011.npy;xu_jinglei_0016.npy,3
thomas_jane,thomas_jane_0032.npy,joseph_steven,joseph_steven_0005.npy,1
thomas_jane,thomas_jane_0091.npy,darian_weiss,darian_weiss_0012.npy;darian_weiss_0013.npy;darian_weiss_0033.npy,3
thomas_jane,thomas_jane_0111.npy,rico_e_anderson,rico_e_anderson_0041.npy,1
timothy_spall,timothy_spall_0006.npy,bang_yong_guk,bang_yong_guk_0044.npy;bang_yong_guk_0010.npy;bang_yong_guk_0046.npy,3
timothy_spall,timothy_spall_0009.npy,anthony_anderson,anthony_anderson_0017.npy;anthony_anderson_0033.npy;anthony_anderson_0009.npy,3
timothy_spall,timothy_spall_0011.npy,regina_hall,regina_hall_0007.npy;regina_hall_0050.npy;regina_hall_0037.npy,3
timothy_spall,timothy_spall_0013.npy,judge_reinhold,judge_reinhold_0012.npy;judge_reinhold_0022.npy;judge_reinhold_0062.npy,3
timothy_spall,timothy_spall_0032.npy,rob_corddry,rob_corddry_0082.npy;rob_corddry_0084.npy;rob_corddry_0087.npy,3
timothy_spall,timothy_spall_0047.npy,ming_xi,ming_xi_0019.npy;ming_xi_0052.npy;ming_xi_0048.npy,3
timothy_spall,timothy_spall_0058.npy,kelli_garner,kelli_garner_0097.npy;kelli_garner_0043.npy;kelli_garner_0024.npy,3
tom_bergeron,tom_bergeron_0021.npy,david_cronenberg,david_cronenberg_0021.npy;david_cronenberg_0020.npy;david_cronenberg_0047.npy,3
tom_bergeron,tom_bergeron_0027.npy,trina_mcgee,trina_mcgee_0020.npy,1
tom_bergeron,tom_bergeron_0037.npy,jinny_ng,jinny_ng_0049.npy;jinny_ng_0027.npy;jinny_ng_0048.npy,3
tom_bergeron,tom_bergeron_0055.npy,momoe_yamaguchi,momoe_yamaguchi_0032.npy;momoe_yamaguchi_0038.npy;momoe_yamaguchi_0042.npy,3
tom_bergeron,tom_bergeron_0066.npy,jeremy_renner,jeremy_renner_0101.npy;jeremy_renner_0118.npy;jeremy_renner_0047.npy,3
tom_bergeron,tom_bergeron_0067.npy,daniel_henney,daniel_henney_0056.npy;daniel_henney_0054.npy;daniel_henney_0006.npy,3
tom_bergeron,tom_bergeron_0071.npy,taylor_swift,taylor_swift_0065.npy;taylor_swift_0271.npy,2
tom_bergeron,tom_bergeron_0080.npy,daniel_henney,daniel_henney_0015.npy;daniel_henney_0013.npy;daniel_henney_0011.npy,3
tom_wilkinson,tom_wilkinson_0012.npy,dylan_mcdermott,dylan_mcdermott_0083.npy;dylan_mcdermott_0155.npy;dylan_mcdermott_0111.npy,3
tom_wilkinson,tom_wilkinson_0035.npy,chanyeol,chanyeol_0058.npy;chanyeol_0036.npy;chanyeol_0029.npy,3
tom_wilkinson,tom_wilkinson_0065.npy,tony_jaa,tony_jaa_0004.npy;tony_jaa_0020.npy;tony_jaa_0031.npy,3
tom_wilkinson,tom_wilkinson_0078.npy,bryce_dallas_howard,bryce_dallas_howard_0028.npy;bryce_dallas_howard_0042.npy;bryce_dallas_howard_0093.npy,3
tony_oller,tony_oller_0007.npy,alison_brie,alison_brie_0126.npy;alison_brie_0142.npy;alison_brie_0093.npy,3
tony_oller,tony_oller_0023.npy,melinda_clarke,melinda_clarke_0075.npy;melinda_clarke_0083.npy;melinda_clarke_0039.npy,3
tony_oller,tony_oller_0041.npy,alfre_woodard,alfre_woodard_0105.npy;alfre_woodard_0094.npy;alfre_woodard_0154.npy,3
tony_oller,tony_oller_0072.npy,yao_ming,yao_ming_0038.npy;yao_ming_0019.npy;yao_ming_0001.npy,3
tony_oller,tony_oller_0101.npy,kanata_hongo,kanata_hongo_0049.npy;kanata_hongo_0022.npy;kanata_hongo_0032.npy,3
trevor_donovan,trevor_donovan_0007.npy,taylor_swift,taylor_swift_0065.npy;taylor_swift_0271.npy,2
trevor_donovan,trevor_donovan_0023.npy,tanit_phoenix,tanit_phoenix_0012.npy;tanit_phoenix_0030.npy,2
trevor_donovan,trevor_donovan_0057.npy,federico_dordei,federico_dordei_0081.npy;federico_dordei_0043.npy;federico_dordei_0032.npy,3
trevor_donovan,trevor_donovan_0064.npy,deprise_brescia,deprise_brescia_0045.npy;deprise_brescia_0001.npy;deprise_brescia_0007.npy,3
trevor_donovan,trevor_donovan_0071.npy,elisa_donovan,elisa_donovan_0083.npy;elisa_donovan_0179.npy,2
trevor_donovan,trevor_donovan_0081.npy,phil_keoghan,phil_keoghan_0011.npy;phil_keoghan_0057.npy;phil_keoghan_0021.npy,3
trevor_donovan,trevor_donovan_0099.npy,dolph_lundgren,dolph_lundgren_0074.npy;dolph_lundgren_0064.npy;dolph_lundgren_0062.npy,3
trevor_donovan,trevor_donovan_0104.npy,robin_shou,robin_shou_0097.npy;robin_shou_0489.npy,2
victor_webster,victor_webster_0024.npy,bernie_matthew,bernie_matthew_0017.npy;bernie_matthew_0047.npy;bernie_matthew_0032.npy,3
victor_webster,victor_webster_0029.npy,anthony_hornus,anthony_hornus_0094.npy;anthony_hornus_0092.npy;anthony_hornus_0083.npy,3
victor_webster,victor_webster_0032.npy,50_cent,50_cent_0025.npy;50_cent_0073.npy;50_cent_0055.npy,3
victor_webster,victor_webster_0038.npy,shauna_chin,shauna_chin_0018.npy;shauna_chin_0007.npy;shauna_chin_0053.npy,3
victor_webster,victor_webster_0039.npy,rihanna,rihanna_0330.npy;rihanna_0170.npy;rihanna_0109.npy,3
victor_webster,victor_webster_0040.npy,thomas_jane,thomas_jane_0032.npy;thomas_jane_0111.npy;thomas_jane_0091.npy,3
victor_webster,victor_webster_0047.npy,carrie_genzel,carrie_genzel_0010.npy;carrie_genzel_0031.npy;carrie_genzel_0057.npy,3
victor_webster,victor_webster_0050.npy,stacy_keibler,stacy_keibler_0028.npy;stacy_keibler_0138.npy;stacy_keibler_0206.npy,3
victor_webster,victor_webster_0052.npy,john_francis_daley,john_francis_daley_0023.npy;john_francis_daley_0061.npy;john_francis_daley_0059.npy,3
wilson_cleveland,wilson_cleveland_0005.npy,retta,retta_0047.npy;retta_0226.npy;retta_0414.npy,3
wilson_cleveland,wilson_cleveland_0009.npy,donal_logue,donal_logue_0023.npy;donal_logue_0028.npy;donal_logue_0001.npy,3
wilson_cleveland,wilson_cleveland_0011.npy,jennifer_carpenter,jennifer_carpenter_0159.npy;jennifer_carpenter_0121.npy;jennifer_carpenter_0027.npy,3
wilson_cleveland,wilson_cleveland_0015.npy,jon_cryer,jon_cryer_0016.npy;jon_cryer_0196.npy;jon_cryer_0021.npy,3
wilson_cleveland,wilson_cleveland_0017.npy,rico_e_anderson,rico_e_anderson_0041.npy,1
wilson_cleveland,wilson_cleveland_0018.npy,park_ji_sung,park_ji_sung_0008.npy;park_ji_sung_0017.npy;park_ji_sung_0050.npy,3
wilson_cleveland,wilson_cleveland_0032.npy,stacy_keibler,stacy_keibler_0138.npy;stacy_keibler_0206.npy;stacy_keibler_0212.npy,3
wilson_cleveland,wilson_cleveland_0041.npy,mark_strong,mark_strong_0029.npy;mark_strong_0015.npy;mark_strong_0083.npy,3
wilson_cleveland,wilson_cleveland_0054.npy,gong_seung_yeon,gong_seung_yeon_0024.npy;gong_seung_yeon_0012.npy;gong_seung_yeon_0025.npy,3
wilson_cleveland,wilson_cleveland_0059.npy,whitney_houston,whitney_houston_0033.npy;whitney_houston_0107.npy;whitney_houston_0113.npy,3
zachary_knighton,zachary_knighton_0001.npy,david_cronenberg,david_cronenberg_0047.npy;david_cronenberg_0026.npy;david_cronenberg_0020.npy,3
zachary_knighton,zachary_knighton_0022.npy,ryosuke_yamada,ryosuke_yamada_0050.npy,1
zachary_knighton,zachary_knighton_0030.npy,maureen_mendoza,maureen_mendoza_0006.npy;maureen_mendoza_0007.npy;maureen_mendoza_0028.npy,3
zachary_knighton,zachary_knighton_0036.npy,julie_christie,julie_christie_0009.npy;julie_christie_0047.npy;julie_christie_0062.npy,3
zachary_knighton,zachary_knighton_0095.npy,chin_han,chin_han_0025.npy;chin_han_0058.npy;chin_han_0069.npy,3
zachary_quinto,zachary_quinto_0004.npy,famke_janssen,famke_janssen_0117.npy;famke_janssen_0062.npy;famke_janssen_0042.npy,3
zachary_quinto,zachary_quinto_0073.npy,holland_taylor,holland_taylor_0030.npy;holland_taylor_0027.npy;holland_taylor_0014.npy,3
zachary_quinto,zachary_quinto_0105.npy,fabrice_eboue,fabrice_eboue_0904.npy;fabrice_eboue_0906.npy;fabrice_eboue_0954.npy,3
zachary_quinto,zachary_quinto_0106.npy,anna_kendrick,anna_kendrick_0154.npy,1
zachary_quinto,zachary_quinto_0137.npy,iain_glen,iain_glen_0062.npy;iain_glen_0018.npy;iain_glen_0035.npy,3
zachary_quinto,zachary_quinto_0153.npy,puff_guo,puff_guo_0007.npy;puff_guo_0050.npy;puff_guo_0013.npy,3
zachary_quinto,zachary_quinto_0177.npy,krysten_ritter,krysten_ritter_0149.npy,1
zachary_quinto,zachary_quinto_0214.npy,jennifer_coolidge,jennifer_coolidge_0024.npy;jennifer_coolidge_0060.npy;jennifer_coolidge_0079.npy,3
zachary_quinto,zachary_quinto_0217.npy,mark_salling,mark_salling_0082.npy;mark_salling_0081.npy;mark_salling_0068.npy,3
