identity,verify_cache_filename,enroll_cache_filenames,k_actual
able_wanamakok,able_wanamakok_0007.npy,able_wanamakok_0015.npy;able_wanamakok_0012.npy;able_wanamakok_0029.npy,3
able_wanamakok,able_wanamakok_0012.npy,able_wanamakok_0027.npy;able_wanamakok_0025.npy;able_wanamakok_0015.npy,3
able_wanamakok,able_wanamakok_0015.npy,able_wanamakok_0024.npy;able_wanamakok_0012.npy;able_wanamakok_0029.npy,3
able_wanamakok,able_wanamakok_0024.npy,able_wanamakok_0056.npy;able_wanamakok_0012.npy;able_wanamakok_0027.npy,3
able_wanamakok,able_wanamakok_0025.npy,able_wanamakok_0041.npy;able_wanamakok_0007.npy;able_wanamakok_0042.npy,3
able_wanamakok,able_wanamakok_0027.npy,able_wanamakok_0012.npy;able_wanamakok_0024.npy;able_wanamakok_0056.npy,3
able_wanamakok,able_wanamakok_0029.npy,able_wanamakok_0056.npy;able_wanamakok_0007.npy;able_wanamakok_0025.npy,3
able_wanamakok,able_wanamakok_0041.npy,able_wanamakok_0024.npy;able_wanamakok_0029.npy;able_wanamakok_0012.npy,3
able_wanamakok,able_wanamakok_0042.npy,able_wanamakok_0041.npy;able_wanamakok_0025.npy;able_wanamakok_0029.npy,3
able_wanamakok,able_wanamakok_0056.npy,able_wanamakok_0007.npy;able_wanamakok_0015.npy;able_wanamakok_0027.npy,3
anna_tsuchiya,anna_tsuchiya_0001.npy,anna_tsuchiya_0042.npy;anna_tsuchiya_0031.npy;anna_tsuchiya_0019.npy,3
anna_tsuchiya,anna_tsuchiya_0003.npy,anna_tsuchiya_0015.npy;anna_tsuchiya_0018.npy;anna_tsuchiya_0031.npy,3
anna_tsuchiya,anna_tsuchiya_0005.npy,anna_tsuchiya_0003.npy;anna_tsuchiya_0050.npy;anna_tsuchiya_0042.npy,3
anna_tsuchiya,anna_tsuchiya_0015.npy,anna_tsuchiya_0003.npy;anna_tsuchiya_0031.npy;anna_tsuchiya_0044.npy,3
anna_tsuchiya,anna_tsuchiya_0018.npy,anna_tsuchiya_0050.npy;anna_tsuchiya_0019.npy;anna_tsuchiya_0001.npy,3
anna_tsuchiya,anna_tsuchiya_0019.npy,anna_tsuchiya_0043.npy;anna_tsuchiya_0044.npy;anna_tsuchiya_0003.npy,3
anna_tsuchiya,anna_tsuchiya_0031.npy,anna_tsuchiya_0042.npy;anna_tsuchiya_0003.npy;anna_tsuchiya_0018.npy,3
anna_tsuchiya,anna_tsuchiya_0042.npy,anna_tsuchiya_0050.npy;anna_tsuchiya_0019.npy;anna_tsuchiya_0015.npy,3
anna_tsuchiya,anna_tsuchiya_0043.npy,anna_tsuchiya_0003.npy;anna_tsuchiya_0001.npy;anna_tsuchiya_0015.npy,3
anna_tsuchiya,anna_tsuchiya_0044.npy,anna_tsuchiya_0018.npy;anna_tsuchiya_0003.npy;anna_tsuchiya_0015.npy,3
anna_tsuchiya,anna_tsuchiya_0050.npy,anna_tsuchiya_0003.npy;anna_tsuchiya_0031.npy;anna_tsuchiya_0018.npy,3
aubrey_anderson-emmons,aubrey_anderson-emmons_0001.npy,aubrey_anderson-emmons_0029.npy;aubrey_anderson-emmons_0015.npy;aubrey_anderson-emmons_0002.npy,3
aubrey_anderson-emmons,aubrey_anderson-emmons_0002.npy,aubrey_anderson-emmons_0015.npy;aubrey_anderson-emmons_0033.npy;aubrey_anderson-emmons_0001.npy,3
aubrey_anderson-emmons,aubrey_anderson-emmons_0014.npy,aubrey_anderson-emmons_0015.npy;aubrey_anderson-emmons_0001.npy;aubrey_anderson-emmons_0033.npy,3
aubrey_anderson-emmons,aubrey_anderson-emmons_0015.npy,aubrey_anderson-emmons_0002.npy;aubrey_anderson-emmons_0033.npy;aubrey_anderson-emmons_0001.npy,3
aubrey_anderson-emmons,aubrey_anderson-emmons_0029.npy,aubrey_anderson-emmons_0015.npy;aubrey_anderson-emmons_0033.npy;aubrey_anderson-emmons_0002.npy,3
aubrey_anderson-emmons,aubrey_anderson-emmons_0033.npy,aubrey_anderson-emmons_0029.npy;aubrey_anderson-emmons_0002.npy;aubrey_anderson-emmons_0014.npy,3
fala_chen,fala_chen_0062.npy,fala_chen_0063.npy;fala_chen_0069.npy;fala_chen_0073.npy,3
fala_chen,fala_chen_0063.npy,fala_chen_0062.npy;fala_chen_0069.npy;fala_chen_0073.npy,3
fala_chen,fala_chen_0069.npy,fala_chen_0062.npy;fala_chen_0063.npy;fala_chen_0073.npy,3
fala_chen,fala_chen_0073.npy,fala_chen_0062.npy;fala_chen_0063.npy;fala_chen_0069.npy,3
fumino_kimura,fumino_kimura_0007.npy,fumino_kimura_0049.npy;fumino_kimura_0016.npy;fumino_kimura_0028.npy,3
fumino_kimura,fumino_kimura_0016.npy,fumino_kimura_0007.npy;fumino_kimura_0049.npy;fumino_kimura_0054.npy,3
fumino_kimura,fumino_kimura_0021.npy,fumino_kimura_0047.npy;fumino_kimura_0016.npy;fumino_kimura_0028.npy,3
fumino_kimura,fumino_kimura_0022.npy,fumino_kimura_0061.npy;fumino_kimura_0049.npy;fumino_kimura_0028.npy,3
fumino_kimura,fumino_kimura_0028.npy,fumino_kimura_0062.npy;fumino_kimura_0055.npy;fumino_kimura_0054.npy,3
fumino_kimura,fumino_kimura_0047.npy,fumino_kimura_0062.npy;fumino_kimura_0055.npy;fumino_kimura_0021.npy,3
fumino_kimura,fumino_kimura_0049.npy,fumino_kimura_0028.npy;fumino_kimura_0021.npy;fumino_kimura_0022.npy,3
fumino_kimura,fumino_kimura_0054.npy,fumino_kimura_0056.npy;fumino_kimura_0062.npy;fumino_kimura_0028.npy,3
fumino_kimura,fumino_kimura_0055.npy,fumino_kimura_0061.npy;fumino_kimura_0049.npy;fumino_kimura_0062.npy,3
fumino_kimura,fumino_kimura_0056.npy,fumino_kimura_0047.npy;fumino_kimura_0022.npy;fumino_kimura_0021.npy,3
fumino_kimura,fumino_kimura_0061.npy,fumino_kimura_0055.npy;fumino_kimura_0054.npy;fumino_kimura_0016.npy,3
fumino_kimura,fumino_kimura_0062.npy,fumino_kimura_0007.npy;fumino_kimura_0016.npy;fumino_kimura_0021.npy,3
gong_hyo_jin,gong_hyo_jin_0000.npy,gong_hyo_jin_0021.npy;gong_hyo_jin_0053.npy;gong_hyo_jin_0030.npy,3
gong_hyo_jin,gong_hyo_jin_0003.npy,gong_hyo_jin_0056.npy;gong_hyo_jin_0029.npy;gong_hyo_jin_0008.npy,3
gong_hyo_jin,gong_hyo_jin_0008.npy,gong_hyo_jin_0053.npy;gong_hyo_jin_0023.npy;gong_hyo_jin_0029.npy,3
gong_hyo_jin,gong_hyo_jin_0010.npy,gong_hyo_jin_0057.npy;gong_hyo_jin_0026.npy;gong_hyo_jin_0020.npy,3
gong_hyo_jin,gong_hyo_jin_0017.npy,gong_hyo_jin_0000.npy;gong_hyo_jin_0030.npy;gong_hyo_jin_0037.npy,3
gong_hyo_jin,gong_hyo_jin_0020.npy,gong_hyo_jin_0010.npy;gong_hyo_jin_0030.npy;gong_hyo_jin_0026.npy,3
gong_hyo_jin,gong_hyo_jin_0021.npy,gong_hyo_jin_0026.npy;gong_hyo_jin_0053.npy;gong_hyo_jin_0030.npy,3
gong_hyo_jin,gong_hyo_jin_0023.npy,gong_hyo_jin_0030.npy;gong_hyo_jin_0003.npy;gong_hyo_jin_0017.npy,3
gong_hyo_jin,gong_hyo_jin_0025.npy,gong_hyo_jin_0056.npy;gong_hyo_jin_0008.npy;gong_hyo_jin_0023.npy,3
gong_hyo_jin,gong_hyo_jin_0026.npy,gong_hyo_jin_0000.npy;gong_hyo_jin_0037.npy;gong_hyo_jin_0057.npy,3
gong_hyo_jin,gong_hyo_jin_0029.npy,gong_hyo_jin_0025.npy;gong_hyo_jin_0059.npy;gong_hyo_jin_0053.npy,3
gong_hyo_jin,gong_hyo_jin_0030.npy,gong_hyo_jin_0020.npy;gong_hyo_jin_0025.npy;gong_hyo_jin_0003.npy,3
gong_hyo_jin,gong_hyo_jin_0037.npy,gong_hyo_jin_0026.npy;gong_hyo_jin_0056.npy;gong_hyo_jin_0029.npy,3
gong_hyo_jin,gong_hyo_jin_0053.npy,gong_hyo_jin_0021.npy;gong_hyo_jin_0008.npy;gong_hyo_jin_0020.npy,3
gong_hyo_jin,gong_hyo_jin_0056.npy,gong_hyo_jin_0020.npy;gong_hyo_jin_0025.npy;gong_hyo_jin_0037.npy,3
gong_hyo_jin,gong_hyo_jin_0057.npy,gong_hyo_jin_0000.npy;gong_hyo_jin_0026.npy;gong_hyo_jin_0020.npy,3
gong_hyo_jin,gong_hyo_jin_0059.npy,gong_hyo_jin_0057.npy;gong_hyo_jin_0000.npy;gong_hyo_jin_0003.npy,3
gong_seung_yeon,gong_seung_yeon_0000.npy,gong_seung_yeon_0063.npy;gong_seung_yeon_0025.npy;gong_seung_yeon_0054.npy,3
gong_seung_yeon,gong_seung_yeon_0012.npy,gong_seung_yeon_0024.npy;gong_seung_yeon_0022.npy;gong_seung_yeon_0000.npy,3
gong_seung_yeon,gong_seung_yeon_0019.npy,gong_seung_yeon_0022.npy;gong_seung_yeon_0039.npy;gong_seung_yeon_0012.npy,3
gong_seung_yeon,gong_seung_yeon_0020.npy,gong_seung_yeon_0012.npy;gong_seung_yeon_0052.npy;gong_seung_yeon_0032.npy,3
gong_seung_yeon,gong_seung_yeon_0022.npy,gong_seung_yeon_0057.npy;gong_seung_yeon_0012.npy;gong_seung_yeon_0054.npy,3
gong_seung_yeon,gong_seung_yeon_0024.npy,gong_seung_yeon_0036.npy;gong_seung_yeon_0054.npy;gong_seung_yeon_0019.npy,3
gong_seung_yeon,gong_seung_yeon_0025.npy,gong_seung_yeon_0019.npy;gong_seung_yeon_0049.npy;gong_seung_yeon_0032.npy,3
gong_seung_yeon,gong_seung_yeon_0027.npy,gong_seung_yeon_0036.npy;gong_seung_yeon_0019.npy;gong_seung_yeon_0022.npy,3
gong_seung_yeon,gong_seung_yeon_0032.npy,gong_seung_yeon_0036.npy;gong_seung_yeon_0057.npy;gong_seung_yeon_0039.npy,3
gong_seung_yeon,gong_seung_yeon_0036.npy,gong_seung_yeon_0025.npy;gong_seung_yeon_0020.npy;gong_seung_yeon_0032.npy,3
gong_seung_yeon,gong_seung_yeon_0039.npy,gong_seung_yeon_0054.npy;gong_seung_yeon_0052.npy;gong_seung_yeon_0057.npy,3
gong_seung_yeon,gong_seung_yeon_0049.npy,gong_seung_yeon_0020.npy;gong_seung_yeon_0052.npy;gong_seung_yeon_0022.npy,3
gong_seung_yeon,gong_seung_yeon_0052.npy,gong_seung_yeon_0025.npy;gong_seung_yeon_0039.npy;gong_seung_yeon_0057.npy,3
gong_seung_yeon,gong_seung_yeon_0054.npy,gong_seung_yeon_0024.npy;gong_seung_yeon_0027.npy;gong_seung_yeon_0032.npy,3
gong_seung_yeon,gong_seung_yeon_0057.npy,gong_seung_yeon_0027.npy;gong_seung_yeon_0012.npy;gong_seung_yeon_0020.npy,3
gong_seung_yeon,gong_seung_yeon_0063.npy,gong_seung_yeon_0020.npy;gong_seung_yeon_0012.npy;gong_seung_yeon_0024.npy,3
jinny_ng,jinny_ng_0020.npy,jinny_ng_0024.npy;jinny_ng_0049.npy;jinny_ng_0027.npy,3
jinny_ng,jinny_ng_0024.npy,jinny_ng_0049.npy;jinny_ng_0027.npy;jinny_ng_0020.npy,3
jinny_ng,jinny_ng_0027.npy,jinny_ng_0020.npy;jinny_ng_0055.npy;jinny_ng_0024.npy,3
jinny_ng,jinny_ng_0030.npy,jinny_ng_0020.npy;jinny_ng_0055.npy;jinny_ng_0027.npy,3
jinny_ng,jinny_ng_0048.npy,jinny_ng_0020.npy;jinny_ng_0049.npy;jinny_ng_0024.npy,3
jinny_ng,jinny_ng_0049.npy,jinny_ng_0027.npy;jinny_ng_0030.npy;jinny_ng_0024.npy,3
jinny_ng,jinny_ng_0055.npy,jinny_ng_0048.npy;jinny_ng_0024.npy;jinny_ng_0030.npy,3
jun_hasegawa,jun_hasegawa_0008.npy,jun_hasegawa_0039.npy;jun_hasegawa_0056.npy;jun_hasegawa_0052.npy,3
jun_hasegawa,jun_hasegawa_0018.npy,jun_hasegawa_0052.npy;jun_hasegawa_0039.npy;jun_hasegawa_0008.npy,3
jun_hasegawa,jun_hasegawa_0031.npy,jun_hasegawa_0018.npy;jun_hasegawa_0052.npy;jun_hasegawa_0034.npy,3
jun_hasegawa,jun_hasegawa_0034.npy,jun_hasegawa_0052.npy;jun_hasegawa_0068.npy;jun_hasegawa_0039.npy,3
jun_hasegawa,jun_hasegawa_0039.npy,jun_hasegawa_0008.npy;jun_hasegawa_0018.npy;jun_hasegawa_0068.npy,3
jun_hasegawa,jun_hasegawa_0049.npy,jun_hasegawa_0052.npy;jun_hasegawa_0050.npy;jun_hasegawa_0068.npy,3
jun_hasegawa,jun_hasegawa_0050.npy,jun_hasegawa_0018.npy;jun_hasegawa_0034.npy;jun_hasegawa_0068.npy,3
jun_hasegawa,jun_hasegawa_0052.npy,jun_hasegawa_0034.npy;jun_hasegawa_0056.npy;jun_hasegawa_0018.npy,3
jun_hasegawa,jun_hasegawa_0056.npy,jun_hasegawa_0050.npy;jun_hasegawa_0031.npy;jun_hasegawa_0052.npy,3
jun_hasegawa,jun_hasegawa_0068.npy,jun_hasegawa_0052.npy;jun_hasegawa_0034.npy;jun_hasegawa_0050.npy,3
lee_jung_hyun,lee_jung_hyun_0002.npy,lee_jung_hyun_0013.npy;lee_jung_hyun_0051.npy;lee_jung_hyun_0058.npy,3
lee_jung_hyun,lee_jung_hyun_0010.npy,lee_jung_hyun_0002.npy;lee_jung_hyun_0052.npy;lee_jung_hyun_0058.npy,3
lee_jung_hyun,lee_jung_hyun_0013.npy,lee_jung_hyun_0010.npy;lee_jung_hyun_0024.npy;lee_jung_hyun_0018.npy,3
lee_jung_hyun,lee_jung_hyun_0018.npy,lee_jung_hyun_0037.npy;lee_jung_hyun_0051.npy;lee_jung_hyun_0052.npy,3
lee_jung_hyun,lee_jung_hyun_0024.npy,lee_jung_hyun_0018.npy;lee_jung_hyun_0037.npy;lee_jung_hyun_0002.npy,3
lee_jung_hyun,lee_jung_hyun_0031.npy,lee_jung_hyun_0013.npy;lee_jung_hyun_0037.npy;lee_jung_hyun_0002.npy,3
lee_jung_hyun,lee_jung_hyun_0033.npy,lee_jung_hyun_0037.npy;lee_jung_hyun_0024.npy;lee_jung_hyun_0051.npy,3
lee_jung_hyun,lee_jung_hyun_0037.npy,lee_jung_hyun_0024.npy;lee_jung_hyun_0033.npy;lee_jung_hyun_0051.npy,3
lee_jung_hyun,lee_jung_hyun_0051.npy,lee_jung_hyun_0013.npy;lee_jung_hyun_0018.npy;lee_jung_hyun_0024.npy,3
lee_jung_hyun,lee_jung_hyun_0052.npy,lee_jung_hyun_0018.npy;lee_jung_hyun_0002.npy;lee_jung_hyun_0051.npy,3
lee_jung_hyun,lee_jung_hyun_0058.npy,lee_jung_hyun_0031.npy;lee_jung_hyun_0002.npy;lee_jung_hyun_0051.npy,3
lee_young_ae,lee_young_ae_0002.npy,lee_young_ae_0045.npy;lee_young_ae_0025.npy;lee_young_ae_0027.npy,3
lee_young_ae,lee_young_ae_0005.npy,lee_young_ae_0062.npy;lee_young_ae_0060.npy;lee_young_ae_0027.npy,3
lee_young_ae,lee_young_ae_0009.npy,lee_young_ae_0013.npy;lee_young_ae_0002.npy;lee_young_ae_0027.npy,3
lee_young_ae,lee_young_ae_0013.npy,lee_young_ae_0005.npy;lee_young_ae_0060.npy;lee_young_ae_0009.npy,3
lee_young_ae,lee_young_ae_0014.npy,lee_young_ae_0005.npy;lee_young_ae_0045.npy;lee_young_ae_0062.npy,3
lee_young_ae,lee_young_ae_0015.npy,lee_young_ae_0051.npy;lee_young_ae_0060.npy;lee_young_ae_0013.npy,3
lee_young_ae,lee_young_ae_0020.npy,lee_young_ae_0022.npy;lee_young_ae_0005.npy;lee_young_ae_0045.npy,3
lee_young_ae,lee_young_ae_0022.npy,lee_young_ae_0013.npy;lee_young_ae_0045.npy;lee_young_ae_0060.npy,3
lee_young_ae,lee_young_ae_0025.npy,lee_young_ae_0002.npy;lee_young_ae_0045.npy;lee_young_ae_0005.npy,3
lee_young_ae,lee_young_ae_0027.npy,lee_young_ae_0020.npy;lee_young_ae_0051.npy;lee_young_ae_0045.npy,3
lee_young_ae,lee_young_ae_0045.npy,lee_young_ae_0027.npy;lee_young_ae_0025.npy;lee_young_ae_0015.npy,3
lee_young_ae,lee_young_ae_0051.npy,lee_young_ae_0062.npy;lee_young_ae_0014.npy;lee_young_ae_0013.npy,3
lee_young_ae,lee_young_ae_0056.npy,lee_young_ae_0045.npy;lee_young_ae_0051.npy;lee_young_ae_0015.npy,3
lee_young_ae,lee_young_ae_0059.npy,lee_young_ae_0013.npy;lee_young_ae_0014.npy;lee_young_ae_0020.npy,3
lee_young_ae,lee_young_ae_0060.npy,lee_young_ae_0009.npy;lee_young_ae_0045.npy;lee_young_ae_0059.npy,3
lee_young_ae,lee_young_ae_0062.npy,lee_young_ae_0014.npy;lee_young_ae_0022.npy;lee_young_ae_0015.npy,3
li_na_tennis,li_na_tennis_0003.npy,li_na_tennis_0056.npy;li_na_tennis_0043.npy;li_na_tennis_0008.npy,3
li_na_tennis,li_na_tennis_0007.npy,li_na_tennis_0003.npy;li_na_tennis_0026.npy;li_na_tennis_0035.npy,3
li_na_tennis,li_na_tennis_0008.npy,li_na_tennis_0035.npy;li_na_tennis_0007.npy;li_na_tennis_0053.npy,3
li_na_tennis,li_na_tennis_0009.npy,li_na_tennis_0028.npy;li_na_tennis_0010.npy;li_na_tennis_0056.npy,3
li_na_tennis,li_na_tennis_0010.npy,li_na_tennis_0012.npy;li_na_tennis_0008.npy;li_na_tennis_0022.npy,3
li_na_tennis,li_na_tennis_0012.npy,li_na_tennis_0056.npy;li_na_tennis_0007.npy;li_na_tennis_0009.npy,3
li_na_tennis,li_na_tennis_0022.npy,li_na_tennis_0012.npy;li_na_tennis_0010.npy;li_na_tennis_0008.npy,3
li_na_tennis,li_na_tennis_0025.npy,li_na_tennis_0026.npy;li_na_tennis_0053.npy;li_na_tennis_0028.npy,3
li_na_tennis,li_na_tennis_0026.npy,li_na_tennis_0041.npy;li_na_tennis_0010.npy;li_na_tennis_0035.npy,3
li_na_tennis,li_na_tennis_0028.npy,li_na_tennis_0043.npy;li_na_tennis_0036.npy;li_na_tennis_0026.npy,3
li_na_tennis,li_na_tennis_0035.npy,li_na_tennis_0003.npy;li_na_tennis_0036.npy;li_na_tennis_0026.npy,3
li_na_tennis,li_na_tennis_0036.npy,li_na_tennis_0010.npy;li_na_tennis_0035.npy;li_na_tennis_0007.npy,3
li_na_tennis,li_na_tennis_0041.npy,li_na_tennis_0056.npy;li_na_tennis_0008.npy;li_na_tennis_0010.npy,3
li_na_tennis,li_na_tennis_0043.npy,li_na_tennis_0007.npy;li_na_tennis_0056.npy;li_na_tennis_0036.npy,3
li_na_tennis,li_na_tennis_0053.npy,li_na_tennis_0026.npy;li_na_tennis_0008.npy;li_na_tennis_0010.npy,3
li_na_tennis,li_na_tennis_0056.npy,li_na_tennis_0010.npy;li_na_tennis_0028.npy;li_na_tennis_0009.npy,3
li_yuchun,li_yuchun_0003.npy,li_yuchun_0063.npy;li_yuchun_0034.npy;li_yuchun_0018.npy,3
li_yuchun,li_yuchun_0006.npy,li_yuchun_0057.npy;li_yuchun_0069.npy;li_yuchun_0032.npy,3
li_yuchun,li_yuchun_0011.npy,li_yuchun_0052.npy;li_yuchun_0048.npy;li_yuchun_0032.npy,3
li_yuchun,li_yuchun_0014.npy,li_yuchun_0069.npy;li_yuchun_0003.npy;li_yuchun_0006.npy,3
li_yuchun,li_yuchun_0018.npy,li_yuchun_0057.npy;li_yuchun_0047.npy;li_yuchun_0032.npy,3
li_yuchun,li_yuchun_0032.npy,li_yuchun_0003.npy;li_yuchun_0069.npy;li_yuchun_0034.npy,3
li_yuchun,li_yuchun_0034.npy,li_yuchun_0064.npy;li_yuchun_0011.npy;li_yuchun_0057.npy,3
li_yuchun,li_yuchun_0047.npy,li_yuchun_0018.npy;li_yuchun_0011.npy;li_yuchun_0063.npy,3
li_yuchun,li_yuchun_0048.npy,li_yuchun_0047.npy;li_yuchun_0052.npy;li_yuchun_0063.npy,3
li_yuchun,li_yuchun_0052.npy,li_yuchun_0034.npy;li_yuchun_0048.npy;li_yuchun_0003.npy,3
li_yuchun,li_yuchun_0055.npy,li_yuchun_0006.npy;li_yuchun_0069.npy;li_yuchun_0063.npy,3
li_yuchun,li_yuchun_0057.npy,li_yuchun_0011.npy;li_yuchun_0048.npy;li_yuchun_0003.npy,3
li_yuchun,li_yuchun_0063.npy,li_yuchun_0069.npy;li_yuchun_0032.npy;li_yuchun_0052.npy,3
li_yuchun,li_yuchun_0064.npy,li_yuchun_0048.npy;li_yuchun_0011.npy;li_yuchun_0034.npy,3
li_yuchun,li_yuchun_0069.npy,li_yuchun_0011.npy;li_yuchun_0003.npy;li_yuchun_0018.npy,3
lucy_liu,lucy_liu_0001.npy,lucy_liu_0044.npy;lucy_liu_0004.npy;lucy_liu_0071.npy,3
lucy_liu,lucy_liu_0004.npy,lucy_liu_0038.npy;lucy_liu_0064.npy;lucy_liu_0071.npy,3
lucy_liu,lucy_liu_0008.npy,lucy_liu_0064.npy;lucy_liu_0004.npy;lucy_liu_0044.npy,3
lucy_liu,lucy_liu_0013.npy,lucy_liu_0071.npy;lucy_liu_0056.npy;lucy_liu_0048.npy,3
lucy_liu,lucy_liu_0038.npy,lucy_liu_0057.npy;lucy_liu_0070.npy;lucy_liu_0008.npy,3
lucy_liu,lucy_liu_0039.npy,lucy_liu_0013.npy;lucy_liu_0008.npy;lucy_liu_0070.npy,3
lucy_liu,lucy_liu_0044.npy,lucy_liu_0048.npy;lucy_liu_0001.npy;lucy_liu_0008.npy,3
lucy_liu,lucy_liu_0048.npy,lucy_liu_0070.npy;lucy_liu_0039.npy;lucy_liu_0044.npy,3
lucy_liu,lucy_liu_0054.npy,lucy_liu_0071.npy;lucy_liu_0064.npy;lucy_liu_0013.npy,3
lucy_liu,lucy_liu_0056.npy,lucy_liu_0038.npy;lucy_liu_0008.npy;lucy_liu_0004.npy,3
lucy_liu,lucy_liu_0057.npy,lucy_liu_0044.npy;lucy_liu_0001.npy;lucy_liu_0048.npy,3
lucy_liu,lucy_liu_0064.npy,lucy_liu_0013.npy;lucy_liu_0071.npy;lucy_liu_0048.npy,3
lucy_liu,lucy_liu_0070.npy,lucy_liu_0039.npy;lucy_liu_0038.npy;lucy_liu_0013.npy,3
lucy_liu,lucy_liu_0071.npy,lucy_liu_0013.npy;lucy_liu_0001.npy;lucy_liu_0057.npy,3
maggie_q,maggie_q_0018.npy,maggie_q_0210.npy;maggie_q_0281.npy;maggie_q_0289.npy,3
maggie_q,maggie_q_0193.npy,maggie_q_0240.npy;maggie_q_0018.npy;maggie_q_0210.npy,3
maggie_q,maggie_q_0210.npy,maggie_q_0240.npy;maggie_q_0281.npy;maggie_q_0289.npy,3
maggie_q,maggie_q_0240.npy,maggie_q_0289.npy;maggie_q_0210.npy;maggie_q_0018.npy,3
maggie_q,maggie_q_0281.npy,maggie_q_0018.npy;maggie_q_0210.npy;maggie_q_0289.npy,3
maggie_q,maggie_q_0289.npy,maggie_q_0281.npy;maggie_q_0210.npy;maggie_q_0018.npy,3
marmee_cosico,marmee_cosico_0028.npy,marmee_cosico_0041.npy;marmee_cosico_0063.npy;marmee_cosico_0062.npy,3
marmee_cosico,marmee_cosico_0041.npy,marmee_cosico_0063.npy;marmee_cosico_0079.npy;marmee_cosico_0062.npy,3
marmee_cosico,marmee_cosico_0062.npy,marmee_cosico_0079.npy;marmee_cosico_0063.npy;marmee_cosico_0028.npy,3
marmee_cosico,marmee_cosico_0063.npy,marmee_cosico_0079.npy;marmee_cosico_0062.npy;marmee_cosico_0028.npy,3
marmee_cosico,marmee_cosico_0079.npy,marmee_cosico_0062.npy;marmee_cosico_0028.npy;marmee_cosico_0041.npy,3
mika_nakashima,mika_nakashima_0003.npy,mika_nakashima_0006.npy;mika_nakashima_0053.npy;mika_nakashima_0066.npy,3
mika_nakashima,mika_nakashima_0006.npy,mika_nakashima_0066.npy;mika_nakashima_0067.npy;mika_nakashima_0021.npy,3
mika_nakashima,mika_nakashima_0012.npy,mika_nakashima_0033.npy;mika_nakashima_0037.npy;mika_nakashima_0006.npy,3
mika_nakashima,mika_nakashima_0016.npy,mika_nakashima_0066.npy;mika_nakashima_0033.npy;mika_nakashima_0064.npy,3
mika_nakashima,mika_nakashima_0021.npy,mika_nakashima_0033.npy;mika_nakashima_0066.npy;mika_nakashima_0006.npy,3
mika_nakashima,mika_nakashima_0032.npy,mika_nakashima_0067.npy;mika_nakashima_0021.npy;mika_nakashima_0053.npy,3
mika_nakashima,mika_nakashima_0033.npy,mika_nakashima_0021.npy;mika_nakashima_0066.npy;mika_nakashima_0037.npy,3
mika_nakashima,mika_nakashima_0037.npy,mika_nakashima_0032.npy;mika_nakashima_0033.npy;mika_nakashima_0021.npy,3
mika_nakashima,mika_nakashima_0045.npy,mika_nakashima_0053.npy;mika_nakashima_0012.npy;mika_nakashima_0016.npy,3
mika_nakashima,mika_nakashima_0053.npy,mika_nakashima_0033.npy;mika_nakashima_0066.npy;mika_nakashima_0067.npy,3
mika_nakashima,mika_nakashima_0064.npy,mika_nakashima_0066.npy;mika_nakashima_0012.npy;mika_nakashima_0053.npy,3
mika_nakashima,mika_nakashima_0066.npy,mika_nakashima_0053.npy;mika_nakashima_0021.npy;mika_nakashima_0033.npy,3
mika_nakashima,mika_nakashima_0067.npy,mika_nakashima_0045.npy;mika_nakashima_0003.npy;mika_nakashima_0021.npy,3
ming_xi,ming_xi_0009.npy,ming_xi_0031.npy;ming_xi_0026.npy;ming_xi_0040.npy,3
ming_xi,ming_xi_0017.npy,ming_xi_0067.npy;ming_xi_0052.npy;ming_xi_0062.npy,3
ming_xi,ming_xi_0019.npy,ming_xi_0055.npy;ming_xi_0037.npy;ming_xi_0048.npy,3
ming_xi,ming_xi_0024.npy,ming_xi_0048.npy;ming_xi_0067.npy;ming_xi_0055.npy,3
ming_xi,ming_xi_0026.npy,ming_xi_0024.npy;ming_xi_0050.npy;ming_xi_0048.npy,3
ming_xi,ming_xi_0031.npy,ming_xi_0067.npy;ming_xi_0062.npy;ming_xi_0019.npy,3
ming_xi,ming_xi_0037.npy,ming_xi_0055.npy;ming_xi_0017.npy;ming_xi_0026.npy,3
ming_xi,ming_xi_0040.npy,ming_xi_0050.npy;ming_xi_0055.npy;ming_xi_0062.npy,3
ming_xi,ming_xi_0048.npy,ming_xi_0052.npy;ming_xi_0031.npy;ming_xi_0017.npy,3
ming_xi,ming_xi_0050.npy,ming_xi_0067.npy;ming_xi_0024.npy;ming_xi_0055.npy,3
ming_xi,ming_xi_0052.npy,ming_xi_0026.npy;ming_xi_0024.npy;ming_xi_0062.npy,3
ming_xi,ming_xi_0055.npy,ming_xi_0019.npy;ming_xi_0009.npy;ming_xi_0062.npy,3
ming_xi,ming_xi_0062.npy,ming_xi_0024.npy;ming_xi_0040.npy;ming_xi_0050.npy,3
ming_xi,ming_xi_0067.npy,ming_xi_0062.npy;ming_xi_0017.npy;ming_xi_0040.npy,3
minori_chihara,minori_chihara_0019.npy,minori_chihara_0049.npy;minori_chihara_0046.npy;minori_chihara_0044.npy,3
minori_chihara,minori_chihara_0031.npy,minori_chihara_0043.npy;minori_chihara_0046.npy;minori_chihara_0049.npy,3
minori_chihara,minori_chihara_0036.npy,minori_chihara_0049.npy;minori_chihara_0043.npy;minori_chihara_0052.npy,3
minori_chihara,minori_chihara_0039.npy,minori_chihara_0043.npy;minori_chihara_0031.npy;minori_chihara_0046.npy,3
minori_chihara,minori_chihara_0043.npy,minori_chihara_0019.npy;minori_chihara_0049.npy;minori_chihara_0052.npy,3
minori_chihara,minori_chihara_0044.npy,minori_chihara_0049.npy;minori_chihara_0031.npy;minori_chihara_0052.npy,3
minori_chihara,minori_chihara_0046.npy,minori_chihara_0052.npy;minori_chihara_0019.npy;minori_chihara_0043.npy,3
minori_chihara,minori_chihara_0049.npy,minori_chihara_0039.npy;minori_chihara_0046.npy;minori_chihara_0019.npy,3
minori_chihara,minori_chihara_0052.npy,minori_chihara_0049.npy;minori_chihara_0031.npy;minori_chihara_0039.npy,3
moametal,moametal_0002.npy,moametal_0056.npy;moametal_0045.npy;moametal_0049.npy,3
moametal,moametal_0011.npy,moametal_0055.npy;moametal_0049.npy;moametal_0056.npy,3
moametal,moametal_0031.npy,moametal_0056.npy;moametal_0055.npy;moametal_0011.npy,3
moametal,moametal_0034.npy,moametal_0055.npy;moametal_0056.npy;moametal_0031.npy,3
moametal,moametal_0042.npy,moametal_0034.npy;moametal_0043.npy;moametal_0049.npy,3
moametal,moametal_0043.npy,moametal_0056.npy;moametal_0055.npy;moametal_0045.npy,3
moametal,moametal_0045.npy,moametal_0034.npy;moametal_0042.npy;moametal_0056.npy,3
moametal,moametal_0049.npy,moametal_0011.npy;moametal_0042.npy;moametal_0056.npy,3
moametal,moametal_0055.npy,moametal_0042.npy;moametal_0043.npy;moametal_0031.npy,3
moametal,moametal_0056.npy,moametal_0055.npy;moametal_0011.npy;moametal_0049.npy,3
puff_guo,puff_guo_0005.npy,puff_guo_0009.npy;puff_guo_0010.npy;puff_guo_0033.npy,3
puff_guo,puff_guo_0007.npy,puff_guo_0052.npy;puff_guo_0009.npy;puff_guo_0010.npy,3
puff_guo,puff_guo_0008.npy,puff_guo_0007.npy;puff_guo_0033.npy;puff_guo_0050.npy,3
puff_guo,puff_guo_0009.npy,puff_guo_0025.npy;puff_guo_0041.npy;puff_guo_0036.npy,3
puff_guo,puff_guo_0010.npy,puff_guo_0033.npy;puff_guo_0005.npy;puff_guo_0009.npy,3
puff_guo,puff_guo_0013.npy,puff_guo_0033.npy;puff_guo_0052.npy;puff_guo_0043.npy,3
puff_guo,puff_guo_0025.npy,puff_guo_0052.npy;puff_guo_0005.npy;puff_guo_0043.npy,3
puff_guo,puff_guo_0033.npy,puff_guo_0025.npy;puff_guo_0036.npy;puff_guo_0005.npy,3
puff_guo,puff_guo_0036.npy,puff_guo_0013.npy;puff_guo_0010.npy;puff_guo_0025.npy,3
puff_guo,puff_guo_0041.npy,puff_guo_0025.npy;puff_guo_0036.npy;puff_guo_0050.npy,3
puff_guo,puff_guo_0043.npy,puff_guo_0041.npy;puff_guo_0009.npy;puff_guo_0033.npy,3
puff_guo,puff_guo_0050.npy,puff_guo_0009.npy;puff_guo_0010.npy;puff_guo_0025.npy,3
puff_guo,puff_guo_0052.npy,puff_guo_0033.npy;puff_guo_0005.npy;puff_guo_0025.npy,3
shin_min_a,shin_min_a_0007.npy,shin_min_a_0033.npy;shin_min_a_0056.npy;shin_min_a_0061.npy,3
shin_min_a,shin_min_a_0008.npy,shin_min_a_0061.npy;shin_min_a_0034.npy;shin_min_a_0060.npy,3
shin_min_a,shin_min_a_0017.npy,shin_min_a_0022.npy;shin_min_a_0041.npy;shin_min_a_0062.npy,3
shin_min_a,shin_min_a_0022.npy,shin_min_a_0052.npy;shin_min_a_0044.npy;shin_min_a_0007.npy,3
shin_min_a,shin_min_a_0025.npy,shin_min_a_0034.npy;shin_min_a_0052.npy;shin_min_a_0061.npy,3
shin_min_a,shin_min_a_0032.npy,shin_min_a_0056.npy;shin_min_a_0007.npy;shin_min_a_0008.npy,3
shin_min_a,shin_min_a_0033.npy,shin_min_a_0056.npy;shin_min_a_0034.npy;shin_min_a_0017.npy,3
shin_min_a,shin_min_a_0034.npy,shin_min_a_0062.npy;shin_min_a_0041.npy;shin_min_a_0017.npy,3
shin_min_a,shin_min_a_0041.npy,shin_min_a_0007.npy;shin_min_a_0025.npy;shin_min_a_0033.npy,3
shin_min_a,shin_min_a_0044.npy,shin_min_a_0032.npy;shin_min_a_0022.npy;shin_min_a_0034.npy,3
shin_min_a,shin_min_a_0052.npy,shin_min_a_0032.npy;shin_min_a_0062.npy;shin_min_a_0033.npy,3
shin_min_a,shin_min_a_0056.npy,shin_min_a_0025.npy;shin_min_a_0061.npy;shin_min_a_0033.npy,3
shin_min_a,shin_min_a_0060.npy,shin_min_a_0025.npy;shin_min_a_0008.npy;shin_min_a_0034.npy,3
shin_min_a,shin_min_a_0061.npy,shin_min_a_0007.npy;shin_min_a_0056.npy;shin_min_a_0041.npy,3
shin_min_a,shin_min_a_0062.npy,shin_min_a_0007.npy;shin_min_a_0032.npy;shin_min_a_0022.npy,3
sumetal,sumetal_0001.npy,sumetal_0055.npy;sumetal_0012.npy;sumetal_0010.npy,3
sumetal,sumetal_0010.npy,sumetal_0001.npy;sumetal_0016.npy;sumetal_0055.npy,3
sumetal,sumetal_0012.npy,sumetal_0001.npy;sumetal_0054.npy;sumetal_0013.npy,3
sumetal,sumetal_0013.npy,sumetal_0016.npy;sumetal_0012.npy;sumetal_0047.npy,3
sumetal,sumetal_0016.npy,sumetal_0055.npy;sumetal_0010.npy;sumetal_0054.npy,3
sumetal,sumetal_0028.npy,sumetal_0013.npy;sumetal_0047.npy;sumetal_0016.npy,3
sumetal,sumetal_0033.npy,sumetal_0028.npy;sumetal_0012.npy;sumetal_0054.npy,3
sumetal,sumetal_0040.npy,sumetal_0054.npy;sumetal_0010.npy;sumetal_0012.npy,3
sumetal,sumetal_0047.npy,sumetal_0016.npy;sumetal_0010.npy;sumetal_0054.npy,3
sumetal,sumetal_0051.npy,sumetal_0001.npy;sumetal_0016.npy;sumetal_0054.npy,3
sumetal,sumetal_0054.npy,sumetal_0055.npy;sumetal_0033.npy;sumetal_0056.npy,3
sumetal,sumetal_0055.npy,sumetal_0056.npy;sumetal_0013.npy;sumetal_0010.npy,3
sumetal,sumetal_0056.npy,sumetal_0051.npy;sumetal_0054.npy;sumetal_0013.npy,3
tila_tequila,tila_tequila_0909.npy,tila_tequila_0915.npy;tila_tequila_0955.npy;tila_tequila_0958.npy,3
tila_tequila,tila_tequila_0911.npy,tila_tequila_0926.npy;tila_tequila_0959.npy;tila_tequila_0951.npy,3
tila_tequila,tila_tequila_0915.npy,tila_tequila_0950.npy;tila_tequila_0958.npy;tila_tequila_0911.npy,3
tila_tequila,tila_tequila_0918.npy,tila_tequila_0958.npy;tila_tequila_0950.npy;tila_tequila_0964.npy,3
tila_tequila,tila_tequila_0924.npy,tila_tequila_0909.npy;tila_tequila_0932.npy;tila_tequila_0946.npy,3
tila_tequila,tila_tequila_0926.npy,tila_tequila_0935.npy;tila_tequila_0951.npy;tila_tequila_0932.npy,3
tila_tequila,tila_tequila_0932.npy,tila_tequila_0911.npy;tila_tequila_0946.npy;tila_tequila_0951.npy,3
tila_tequila,tila_tequila_0935.npy,tila_tequila_0926.npy;tila_tequila_0909.npy;tila_tequila_0932.npy,3
tila_tequila,tila_tequila_0939.npy,tila_tequila_0959.npy;tila_tequila_0935.npy;tila_tequila_0911.npy,3
tila_tequila,tila_tequila_0946.npy,tila_tequila_0932.npy;tila_tequila_0926.npy;tila_tequila_0951.npy,3
tila_tequila,tila_tequila_0950.npy,tila_tequila_0964.npy;tila_tequila_0959.npy;tila_tequila_0935.npy,3
tila_tequila,tila_tequila_0951.npy,tila_tequila_0955.npy;tila_tequila_0915.npy;tila_tequila_0932.npy,3
tila_tequila,tila_tequila_0955.npy,tila_tequila_0915.npy;tila_tequila_0951.npy;tila_tequila_0939.npy,3
tila_tequila,tila_tequila_0958.npy,tila_tequila_0950.npy;tila_tequila_0924.npy;tila_tequila_0946.npy,3
tila_tequila,tila_tequila_0959.npy,tila_tequila_0955.npy;tila_tequila_0939.npy;tila_tequila_0964.npy,3
tila_tequila,tila_tequila_0964.npy,tila_tequila_0935.npy;tila_tequila_0959.npy;tila_tequila_0932.npy,3
xu_jinglei,xu_jinglei_0001.npy,xu_jinglei_0058.npy;xu_jinglei_0030.npy;xu_jinglei_0034.npy,3
xu_jinglei,xu_jinglei_0011.npy,xu_jinglei_0016.npy;xu_jinglei_0012.npy;xu_jinglei_0030.npy,3
xu_jinglei,xu_jinglei_0012.npy,xu_jinglei_0037.npy;xu_jinglei_0016.npy;xu_jinglei_0061.npy,3
xu_jinglei,xu_jinglei_0015.npy,xu_jinglei_0058.npy;xu_jinglei_0061.npy;xu_jinglei_0036.npy,3
xu_jinglei,xu_jinglei_0016.npy,xu_jinglei_0034.npy;xu_jinglei_0001.npy;xu_jinglei_0037.npy,3
xu_jinglei,xu_jinglei_0030.npy,xu_jinglei_0034.npy;xu_jinglei_0012.npy;xu_jinglei_0037.npy,3
xu_jinglei,xu_jinglei_0034.npy,xu_jinglei_0015.npy;xu_jinglei_0030.npy;xu_jinglei_0016.npy,3
xu_jinglei,xu_jinglei_0036.npy,xu_jinglei_0030.npy;xu_jinglei_0016.npy;xu_jinglei_0058.npy,3
xu_jinglei,xu_jinglei_0037.npy,xu_jinglei_0041.npy;xu_jinglei_0001.npy;xu_jinglei_0061.npy,3
xu_jinglei,xu_jinglei_0041.npy,xu_jinglei_0015.npy;xu_jinglei_0011.npy;xu_jinglei_0061.npy,3
xu_jinglei,xu_jinglei_0058.npy,xu_jinglei_0034.npy;xu_jinglei_0036.npy;xu_jinglei_0037.npy,3
xu_jinglei,xu_jinglei_0061.npy,xu_jinglei_0015.npy;xu_jinglei_0036.npy;xu_jinglei_0041.npy,3
zhou_xun,zhou_xun_0000.npy,zhou_xun_0029.npy;zhou_xun_0053.npy;zhou_xun_0001.npy,3
zhou_xun,zhou_xun_0001.npy,zhou_xun_0003.npy;zhou_xun_0013.npy;zhou_xun_0011.npy,3
zhou_xun,zhou_xun_0003.npy,zhou_xun_0022.npy;zhou_xun_0044.npy;zhou_xun_0011.npy,3
zhou_xun,zhou_xun_0010.npy,zhou_xun_0013.npy;zhou_xun_0038.npy;zhou_xun_0036.npy,3
zhou_xun,zhou_xun_0011.npy,zhou_xun_0021.npy;zhou_xun_0029.npy;zhou_xun_0031.npy,3
zhou_xun,zhou_xun_0013.npy,zhou_xun_0031.npy;zhou_xun_0021.npy;zhou_xun_0022.npy,3
zhou_xun,zhou_xun_0021.npy,zhou_xun_0044.npy;zhou_xun_0031.npy;zhou_xun_0013.npy,3
zhou_xun,zhou_xun_0022.npy,zhou_xun_0013.npy;zhou_xun_0044.npy;zhou_xun_0029.npy,3
zhou_xun,zhou_xun_0029.npy,zhou_xun_0011.npy;zhou_xun_0057.npy;zhou_xun_0053.npy,3
zhou_xun,zhou_xun_0031.npy,zhou_xun_0010.npy;zhou_xun_0001.npy;zhou_xun_0044.npy,3
zhou_xun,zhou_xun_0036.npy,zhou_xun_0010.npy;zhou_xun_0013.npy;zhou_xun_0001.npy,3
zhou_xun,zhou_xun_0038.npy,zhou_xun_0044.npy;zhou_xun_0029.npy;zhou_xun_0057.npy,3
zhou_xun,zhou_xun_0044.npy,zhou_xun_0003.npy;zhou_xun_0010.npy;zhou_xun_0053.npy,3
zhou_xun,zhou_xun_0053.npy,zhou_xun_0038.npy;zhou_xun_0022.npy;zhou_xun_0011.npy,3
zhou_xun,zhou_xun_0057.npy,zhou_xun_0038.npy;zhou_xun_0031.npy;zhou_xun_0029.npy,3
aaron_yoo,aaron_yoo_0017.npy,aaron_yoo_0045.npy;aaron_yoo_0106.npy;aaron_yoo_0371.npy,3
aaron_yoo,aaron_yoo_0045.npy,aaron_yoo_0017.npy;aaron_yoo_0106.npy;aaron_yoo_0371.npy,3
aaron_yoo,aaron_yoo_0106.npy,aaron_yoo_0017.npy;aaron_yoo_0045.npy;aaron_yoo_0371.npy,3
aaron_yoo,aaron_yoo_0371.npy,aaron_yoo_0017.npy;aaron_yoo_0045.npy;aaron_yoo_0106.npy,3
bang_yong_guk,bang_yong_guk_0001.npy,bang_yong_guk_0042.npy;bang_yong_guk_0004.npy;bang_yong_guk_0010.npy,3
bang_yong_guk,bang_yong_guk_0004.npy,bang_yong_guk_0042.npy;bang_yong_guk_0010.npy;bang_yong_guk_0020.npy,3
bang_yong_guk,bang_yong_guk_0010.npy,bang_yong_guk_0020.npy;bang_yong_guk_0046.npy;bang_yong_guk_0001.npy,3
bang_yong_guk,bang_yong_guk_0020.npy,bang_yong_guk_0010.npy;bang_yong_guk_0046.npy;bang_yong_guk_0001.npy,3
bang_yong_guk,bang_yong_guk_0037.npy,bang_yong_guk_0001.npy;bang_yong_guk_0042.npy;bang_yong_guk_0010.npy,3
bang_yong_guk,bang_yong_guk_0042.npy,bang_yong_guk_0010.npy;bang_yong_guk_0043.npy;bang_yong_guk_0020.npy,3
bang_yong_guk,bang_yong_guk_0043.npy,bang_yong_guk_0004.npy;bang_yong_guk_0044.npy;bang_yong_guk_0001.npy,3
bang_yong_guk,bang_yong_guk_0044.npy,bang_yong_guk_0037.npy;bang_yong_guk_0020.npy;bang_yong_guk_0043.npy,3
bang_yong_guk,bang_yong_guk_0046.npy,bang_yong_guk_0044.npy;bang_yong_guk_0010.npy;bang_yong_guk_0004.npy,3
big_bang_g-dragon,big_bang_g-dragon_0001.npy,big_bang_g-dragon_0006.npy;big_bang_g-dragon_0017.npy;big_bang_g-dragon_0037.npy,3
big_bang_g-dragon,big_bang_g-dragon_0006.npy,big_bang_g-dragon_0007.npy;big_bang_g-dragon_0051.npy;big_bang_g-dragon_0035.npy,3
big_bang_g-dragon,big_bang_g-dragon_0007.npy,big_bang_g-dragon_0037.npy;big_bang_g-dragon_0006.npy;big_bang_g-dragon_0048.npy,3
big_bang_g-dragon,big_bang_g-dragon_0012.npy,big_bang_g-dragon_0049.npy;big_bang_g-dragon_0051.npy;big_bang_g-dragon_0001.npy,3
big_bang_g-dragon,big_bang_g-dragon_0013.npy,big_bang_g-dragon_0007.npy;big_bang_g-dragon_0051.npy;big_bang_g-dragon_0048.npy,3
big_bang_g-dragon,big_bang_g-dragon_0017.npy,big_bang_g-dragon_0013.npy;big_bang_g-dragon_0006.npy;big_bang_g-dragon_0012.npy,3
big_bang_g-dragon,big_bang_g-dragon_0028.npy,big_bang_g-dragon_0006.npy;big_bang_g-dragon_0046.npy;big_bang_g-dragon_0035.npy,3
big_bang_g-dragon,big_bang_g-dragon_0035.npy,big_bang_g-dragon_0048.npy;big_bang_g-dragon_0051.npy;big_bang_g-dragon_0050.npy,3
big_bang_g-dragon,big_bang_g-dragon_0037.npy,big_bang_g-dragon_0012.npy;big_bang_g-dragon_0046.npy;big_bang_g-dragon_0028.npy,3
big_bang_g-dragon,big_bang_g-dragon_0046.npy,big_bang_g-dragon_0035.npy;big_bang_g-dragon_0051.npy;big_bang_g-dragon_0013.npy,3
big_bang_g-dragon,big_bang_g-dragon_0048.npy,big_bang_g-dragon_0046.npy;big_bang_g-dragon_0028.npy;big_bang_g-dragon_0013.npy,3
big_bang_g-dragon,big_bang_g-dragon_0049.npy,big_bang_g-dragon_0046.npy;big_bang_g-dragon_0051.npy;big_bang_g-dragon_0001.npy,3
big_bang_g-dragon,big_bang_g-dragon_0050.npy,big_bang_g-dragon_0046.npy;big_bang_g-dragon_0049.npy;big_bang_g-dragon_0006.npy,3
big_bang_g-dragon,big_bang_g-dragon_0051.npy,big_bang_g-dragon_0050.npy;big_bang_g-dragon_0012.npy;big_bang_g-dragon_0048.npy,3
brandon_soo_hoo,brandon_soo_hoo_0016.npy,brandon_soo_hoo_0017.npy;brandon_soo_hoo_0022.npy;brandon_soo_hoo_0023.npy,3
brandon_soo_hoo,brandon_soo_hoo_0017.npy,brandon_soo_hoo_0016.npy;brandon_soo_hoo_0022.npy;brandon_soo_hoo_0023.npy,3
brandon_soo_hoo,brandon_soo_hoo_0022.npy,brandon_soo_hoo_0016.npy;brandon_soo_hoo_0017.npy;brandon_soo_hoo_0023.npy,3
brandon_soo_hoo,brandon_soo_hoo_0023.npy,brandon_soo_hoo_0016.npy;brandon_soo_hoo_0017.npy;brandon_soo_hoo_0022.npy,3
cha_seung_won,cha_seung_won_0006.npy,cha_seung_won_0021.npy;cha_seung_won_0023.npy;cha_seung_won_0013.npy,3
cha_seung_won,cha_seung_won_0008.npy,cha_seung_won_0019.npy;cha_seung_won_0021.npy;cha_seung_won_0053.npy,3
cha_seung_won,cha_seung_won_0013.npy,cha_seung_won_0040.npy;cha_seung_won_0008.npy;cha_seung_won_0019.npy,3
cha_seung_won,cha_seung_won_0019.npy,cha_seung_won_0006.npy;cha_seung_won_0029.npy;cha_seung_won_0033.npy,3
cha_seung_won,cha_seung_won_0021.npy,cha_seung_won_0053.npy;cha_seung_won_0044.npy;cha_seung_won_0033.npy,3
cha_seung_won,cha_seung_won_0023.npy,cha_seung_won_0021.npy;cha_seung_won_0006.npy;cha_seung_won_0019.npy,3
cha_seung_won,cha_seung_won_0028.npy,cha_seung_won_0021.npy;cha_seung_won_0053.npy;cha_seung_won_0033.npy,3
cha_seung_won,cha_seung_won_0029.npy,cha_seung_won_0008.npy;cha_seung_won_0052.npy;cha_seung_won_0019.npy,3
cha_seung_won,cha_seung_won_0033.npy,cha_seung_won_0021.npy;cha_seung_won_0052.npy;cha_seung_won_0044.npy,3
cha_seung_won,cha_seung_won_0040.npy,cha_seung_won_0052.npy;cha_seung_won_0019.npy;cha_seung_won_0028.npy,3
cha_seung_won,cha_seung_won_0044.npy,cha_seung_won_0008.npy;cha_seung_won_0033.npy;cha_seung_won_0019.npy,3
cha_seung_won,cha_seung_won_0052.npy,cha_seung_won_0044.npy;cha_seung_won_0013.npy;cha_seung_won_0021.npy,3
cha_seung_won,cha_seung_won_0053.npy,cha_seung_won_0013.npy;cha_seung_won_0008.npy;cha_seung_won_0006.npy,3
chanyeol,chanyeol_0003.npy,chanyeol_0028.npy;chanyeol_0030.npy;chanyeol_0058.npy,3
chanyeol,chanyeol_0004.npy,chanyeol_0060.npy;chanyeol_0058.npy;chanyeol_0030.npy,3
chanyeol,chanyeol_0015.npy,chanyeol_0038.npy;chanyeol_0004.npy;chanyeol_0070.npy,3
chanyeol,chanyeol_0028.npy,chanyeol_0060.npy;chanyeol_0030.npy;chanyeol_0037.npy,3
chanyeol,chanyeol_0029.npy,chanyeol_0030.npy;chanyeol_0049.npy;chanyeol_0060.npy,3
chanyeol,chanyeol_0030.npy,chanyeol_0038.npy;chanyeol_0070.npy;chanyeol_0004.npy,3
chanyeol,chanyeol_0036.npy,chanyeol_0058.npy;chanyeol_0003.npy;chanyeol_0037.npy,3
chanyeol,chanyeol_0037.npy,chanyeol_0060.npy;chanyeol_0030.npy;chanyeol_0058.npy,3
chanyeol,chanyeol_0038.npy,chanyeol_0029.npy;chanyeol_0003.npy;chanyeol_0004.npy,3
chanyeol,chanyeol_0049.npy,chanyeol_0028.npy;chanyeol_0059.npy;chanyeol_0058.npy,3
chanyeol,chanyeol_0058.npy,chanyeol_0049.npy;chanyeol_0003.npy;chanyeol_0059.npy,3
chanyeol,chanyeol_0059.npy,chanyeol_0029.npy;chanyeol_0049.npy;chanyeol_0003.npy,3
chanyeol,chanyeol_0060.npy,chanyeol_0070.npy;chanyeol_0015.npy;chanyeol_0037.npy,3
chanyeol,chanyeol_0070.npy,chanyeol_0038.npy;chanyeol_0058.npy;chanyeol_0037.npy,3
chin_han,chin_han_0006.npy,chin_han_0044.npy;chin_han_0003.npy;chin_han_0058.npy,3
chin_han,chin_han_0025.npy,chin_han_0298.npy;chin_han_0058.npy;chin_han_0006.npy,3
chin_han,chin_han_0003.npy,chin_han_0058.npy;chin_han_0044.npy;chin_han_0298.npy,3
chin_han,chin_han_0044.npy,chin_han_0003.npy;chin_han_0298.npy;chin_han_0006.npy,3
chin_han,chin_han_0058.npy,chin_han_0025.npy;chin_han_0003.npy;chin_han_0044.npy,3
chin_han,chin_han_0069.npy,chin_han_0298.npy;chin_han_0044.npy;chin_han_0003.npy,3
chin_han,chin_han_0298.npy,chin_han_0069.npy;chin_han_0044.npy;chin_han_0006.npy,3
craig_fong,craig_fong_0007.npy,craig_fong_0078.npy;craig_fong_0019.npy;craig_fong_0031.npy,3
craig_fong,craig_fong_0019.npy,craig_fong_0058.npy;craig_fong_0031.npy;craig_fong_0007.npy,3
craig_fong,craig_fong_0024.npy,craig_fong_0075.npy;craig_fong_0078.npy;craig_fong_0058.npy,3
craig_fong,craig_fong_0031.npy,craig_fong_0007.npy;craig_fong_0060.npy;craig_fong_0058.npy,3
craig_fong,craig_fong_0042.npy,craig_fong_0078.npy;craig_fong_0031.npy;craig_fong_0007.npy,3
craig_fong,craig_fong_0058.npy,craig_fong_0031.npy;craig_fong_0042.npy;craig_fong_0024.npy,3
craig_fong,craig_fong_0060.npy,craig_fong_0078.npy;craig_fong_0058.npy;craig_fong_0031.npy,3
craig_fong,craig_fong_0075.npy,craig_fong_0007.npy;craig_fong_0019.npy;craig_fong_0024.npy,3
craig_fong,craig_fong_0078.npy,craig_fong_0024.npy;craig_fong_0075.npy;craig_fong_0031.npy,3
daniel_henney,daniel_henney_0000.npy,daniel_henney_0056.npy;daniel_henney_0007.npy;daniel_henney_0006.npy,3
daniel_henney,daniel_henney_0006.npy,daniel_henney_0029.npy;daniel_henney_0048.npy;daniel_henney_0008.npy,3
daniel_henney,daniel_henney_0007.npy,daniel_henney_0037.npy;daniel_henney_0036.npy;daniel_henney_0000.npy,3
daniel_henney,daniel_henney_0008.npy,daniel_henney_0054.npy;daniel_henney_0006.npy;daniel_henney_0009.npy,3
daniel_henney,daniel_henney_0009.npy,daniel_henney_0008.npy;daniel_henney_0029.npy;daniel_henney_0006.npy,3
daniel_henney,daniel_henney_0011.npy,daniel_henney_0009.npy;daniel_henney_0029.npy;daniel_henney_0048.npy,3
daniel_henney,daniel_henney_0013.npy,daniel_henney_0037.npy;daniel_henney_0036.npy;daniel_henney_0048.npy,3
daniel_henney,daniel_henney_0015.npy,daniel_henney_0036.npy;daniel_henney_0013.npy;daniel_henney_0054.npy,3
daniel_henney,daniel_henney_0029.npy,daniel_henney_0056.npy;daniel_henney_0015.npy;daniel_henney_0008.npy,3
daniel_henney,daniel_henney_0036.npy,daniel_henney_0055.npy;daniel_henney_0029.npy;daniel_henney_0007.npy,3
daniel_henney,daniel_henney_0037.npy,daniel_henney_0053.npy;daniel_henney_0008.npy;daniel_henney_0036.npy,3
daniel_henney,daniel_henney_0042.npy,daniel_henney_0009.npy;daniel_henney_0054.npy;daniel_henney_0006.npy,3
daniel_henney,daniel_henney_0048.npy,daniel_henney_0029.npy;daniel_henney_0053.npy;daniel_henney_0055.npy,3
daniel_henney,daniel_henney_0053.npy,daniel_henney_0054.npy;daniel_henney_0011.npy;daniel_henney_0048.npy,3
daniel_henney,daniel_henney_0054.npy,daniel_henney_0029.npy;daniel_henney_0053.npy;daniel_henney_0000.npy,3
daniel_henney,daniel_henney_0055.npy,daniel_henney_0036.npy;daniel_henney_0042.npy;daniel_henney_0009.npy,3
daniel_henney,daniel_henney_0056.npy,daniel_henney_0055.npy;daniel_henney_0053.npy;daniel_henney_0007.npy,3
godfrey_gao,godfrey_gao_0002.npy,godfrey_gao_0033.npy;godfrey_gao_0034.npy;godfrey_gao_0046.npy,3
godfrey_gao,godfrey_gao_0004.npy,godfrey_gao_0023.npy;godfrey_gao_0046.npy;godfrey_gao_0034.npy,3
godfrey_gao,godfrey_gao_0007.npy,godfrey_gao_0046.npy;godfrey_gao_0034.npy;godfrey_gao_0030.npy,3
godfrey_gao,godfrey_gao_0010.npy,godfrey_gao_0033.npy;godfrey_gao_0023.npy;godfrey_gao_0011.npy,3
godfrey_gao,godfrey_gao_0011.npy,godfrey_gao_0041.npy;godfrey_gao_0010.npy;godfrey_gao_0038.npy,3
godfrey_gao,godfrey_gao_0012.npy,godfrey_gao_0030.npy;godfrey_gao_0010.npy;godfrey_gao_0046.npy,3
godfrey_gao,godfrey_gao_0023.npy,godfrey_gao_0002.npy;godfrey_gao_0012.npy;godfrey_gao_0033.npy,3
godfrey_gao,godfrey_gao_0030.npy,godfrey_gao_0041.npy;godfrey_gao_0023.npy;godfrey_gao_0046.npy,3
godfrey_gao,godfrey_gao_0033.npy,godfrey_gao_0039.npy;godfrey_gao_0046.npy;godfrey_gao_0007.npy,3
godfrey_gao,godfrey_gao_0034.npy,godfrey_gao_0030.npy;godfrey_gao_0002.npy;godfrey_gao_0007.npy,3
godfrey_gao,godfrey_gao_0038.npy,godfrey_gao_0033.npy;godfrey_gao_0034.npy;godfrey_gao_0012.npy,3
godfrey_gao,godfrey_gao_0039.npy,godfrey_gao_0004.npy;godfrey_gao_0030.npy;godfrey_gao_0046.npy,3
godfrey_gao,godfrey_gao_0041.npy,godfrey_gao_0033.npy;godfrey_gao_0030.npy;godfrey_gao_0002.npy,3
godfrey_gao,godfrey_gao_0046.npy,godfrey_gao_0039.npy;godfrey_gao_0007.npy;godfrey_gao_0023.npy,3
hiroki_narimiya,hiroki_narimiya_0005.npy,hiroki_narimiya_0074.npy;hiroki_narimiya_0024.npy;hiroki_narimiya_0017.npy,3
hiroki_narimiya,hiroki_narimiya_0009.npy,hiroki_narimiya_0053.npy;hiroki_narimiya_0031.npy;hiroki_narimiya_0039.npy,3
hiroki_narimiya,hiroki_narimiya_0017.npy,hiroki_narimiya_0058.npy;hiroki_narimiya_0076.npy;hiroki_narimiya_0051.npy,3
hiroki_narimiya,hiroki_narimiya_0024.npy,hiroki_narimiya_0074.npy;hiroki_narimiya_0009.npy;hiroki_narimiya_0039.npy,3
hiroki_narimiya,hiroki_narimiya_0026.npy,hiroki_narimiya_0074.npy;hiroki_narimiya_0055.npy;hiroki_narimiya_0051.npy,3
hiroki_narimiya,hiroki_narimiya_0031.npy,hiroki_narimiya_0039.npy;hiroki_narimiya_0074.npy;hiroki_narimiya_0053.npy,3
hiroki_narimiya,hiroki_narimiya_0039.npy,hiroki_narimiya_0055.npy;hiroki_narimiya_0005.npy;hiroki_narimiya_0058.npy,3
hiroki_narimiya,hiroki_narimiya_0051.npy,hiroki_narimiya_0009.npy;hiroki_narimiya_0024.npy;hiroki_narimiya_0074.npy,3
hiroki_narimiya,hiroki_narimiya_0053.npy,hiroki_narimiya_0074.npy;hiroki_narimiya_0026.npy;hiroki_narimiya_0024.npy,3
hiroki_narimiya,hiroki_narimiya_0055.npy,hiroki_narimiya_0076.npy;hiroki_narimiya_0009.npy;hiroki_narimiya_0039.npy,3
hiroki_narimiya,hiroki_narimiya_0058.npy,hiroki_narimiya_0009.npy;hiroki_narimiya_0074.npy;hiroki_narimiya_0077.npy,3
hiroki_narimiya,hiroki_narimiya_0074.npy,hiroki_narimiya_0051.npy;hiroki_narimiya_0017.npy;hiroki_narimiya_0026.npy,3
hiroki_narimiya,hiroki_narimiya_0076.npy,hiroki_narimiya_0005.npy;hiroki_narimiya_0077.npy;hiroki_narimiya_0031.npy,3
hiroki_narimiya,hiroki_narimiya_0077.npy,hiroki_narimiya_0076.npy;hiroki_narimiya_0005.npy;hiroki_narimiya_0026.npy,3
hua_chenyu,hua_chenyu_0009.npy,hua_chenyu_0031.npy;hua_chenyu_0049.npy;hua_chenyu_0034.npy,3
hua_chenyu,hua_chenyu_0010.npy,hua_chenyu_0026.npy;hua_chenyu_0029.npy;hua_chenyu_0040.npy,3
hua_chenyu,hua_chenyu_0018.npy,hua_chenyu_0034.npy;hua_chenyu_0042.npy;hua_chenyu_0026.npy,3
hua_chenyu,hua_chenyu_0026.npy,hua_chenyu_0018.npy;hua_chenyu_0049.npy;hua_chenyu_0010.npy,3
hua_chenyu,hua_chenyu_0029.npy,hua_chenyu_0042.npy;hua_chenyu_0034.npy;hua_chenyu_0049.npy,3
hua_chenyu,hua_chenyu_0030.npy,hua_chenyu_0043.npy;hua_chenyu_0026.npy;hua_chenyu_0036.npy,3
hua_chenyu,hua_chenyu_0031.npy,hua_chenyu_0042.npy;hua_chenyu_0018.npy;hua_chenyu_0026.npy,3
hua_chenyu,hua_chenyu_0034.npy,hua_chenyu_0036.npy;hua_chenyu_0043.npy;hua_chenyu_0029.npy,3
hua_chenyu,hua_chenyu_0036.npy,hua_chenyu_0034.npy;hua_chenyu_0029.npy;hua_chenyu_0009.npy,3
hua_chenyu,hua_chenyu_0040.npy,hua_chenyu_0034.npy;hua_chenyu_0029.npy;hua_chenyu_0036.npy,3
hua_chenyu,hua_chenyu_0042.npy,hua_chenyu_0018.npy;hua_chenyu_0010.npy;hua_chenyu_0034.npy,3
hua_chenyu,hua_chenyu_0043.npy,hua_chenyu_0030.npy;hua_chenyu_0040.npy;hua_chenyu_0029.npy,3
hua_chenyu,hua_chenyu_0049.npy,hua_chenyu_0042.npy;hua_chenyu_0031.npy;hua_chenyu_0029.npy,3
huang_xiaoming,huang_xiaoming_0001.npy,huang_xiaoming_0020.npy;huang_xiaoming_0011.npy;huang_xiaoming_0009.npy,3
huang_xiaoming,huang_xiaoming_0003.npy,huang_xiaoming_0017.npy;huang_xiaoming_0020.npy;huang_xiaoming_0004.npy,3
huang_xiaoming,huang_xiaoming_0004.npy,huang_xiaoming_0009.npy;huang_xiaoming_0017.npy;huang_xiaoming_0025.npy,3
huang_xiaoming,huang_xiaoming_0006.npy,huang_xiaoming_0012.npy;huang_xiaoming_0025.npy;huang_xiaoming_0011.npy,3
huang_xiaoming,huang_xiaoming_0009.npy,huang_xiaoming_0032.npy;huang_xiaoming_0011.npy;huang_xiaoming_0001.npy,3
huang_xiaoming,huang_xiaoming_0011.npy,huang_xiaoming_0068.npy;huang_xiaoming_0026.npy;huang_xiaoming_0017.npy,3
huang_xiaoming,huang_xiaoming_0012.npy,huang_xiaoming_0009.npy;huang_xiaoming_0001.npy;huang_xiaoming_0025.npy,3
huang_xiaoming,huang_xiaoming_0017.npy,huang_xiaoming_0068.npy;huang_xiaoming_0026.npy;huang_xiaoming_0032.npy,3
huang_xiaoming,huang_xiaoming_0020.npy,huang_xiaoming_0001.npy;huang_xiaoming_0025.npy;huang_xiaoming_0032.npy,3
huang_xiaoming,huang_xiaoming_0022.npy,huang_xiaoming_0017.npy;huang_xiaoming_0009.npy;huang_xiaoming_0006.npy,3
huang_xiaoming,huang_xiaoming_0025.npy,huang_xiaoming_0022.npy;huang_xiaoming_0037.npy;huang_xiaoming_0011.npy,3
huang_xiaoming,huang_xiaoming_0026.npy,huang_xiaoming_0006.npy;huang_xiaoming_0025.npy;huang_xiaoming_0068.npy,3
huang_xiaoming,huang_xiaoming_0032.npy,huang_xiaoming_0022.npy;huang_xiaoming_0009.npy;huang_xiaoming_0025.npy,3
huang_xiaoming,huang_xiaoming_0037.npy,huang_xiaoming_0032.npy;huang_xiaoming_0026.npy;huang_xiaoming_0025.npy,3
huang_xiaoming,huang_xiaoming_0068.npy,huang_xiaoming_0025.npy;huang_xiaoming_0004.npy;huang_xiaoming_0037.npy,3
jack_ma,jack_ma_0207.npy,jack_ma_0223.npy;jack_ma_0328.npy;jack_ma_0422.npy,3
jack_ma,jack_ma_0223.npy,jack_ma_0328.npy;jack_ma_0289.npy;jack_ma_0207.npy,3
jack_ma,jack_ma_0289.npy,jack_ma_0328.npy;jack_ma_0422.npy;jack_ma_0207.npy,3
jack_ma,jack_ma_0328.npy,jack_ma_0207.npy;jack_ma_0223.npy;jack_ma_0289.npy,3
jack_ma,jack_ma_0422.npy,jack_ma_0328.npy;jack_ma_0207.npy;jack_ma_0289.npy,3
jaejoong,jaejoong_0000.npy,jaejoong_0011.npy;jaejoong_0057.npy;jaejoong_0047.npy,3
jaejoong,jaejoong_0006.npy,jaejoong_0063.npy;jaejoong_0040.npy;jaejoong_0047.npy,3
jaejoong,jaejoong_0009.npy,jaejoong_0047.npy;jaejoong_0032.npy;jaejoong_0011.npy,3
jaejoong,jaejoong_0011.npy,jaejoong_0032.npy;jaejoong_0061.npy;jaejoong_0046.npy,3
jaejoong,jaejoong_0021.npy,jaejoong_0057.npy;jaejoong_0032.npy;jaejoong_0056.npy,3
jaejoong,jaejoong_0032.npy,jaejoong_0061.npy;jaejoong_0040.npy;jaejoong_0057.npy,3
jaejoong,jaejoong_0040.npy,jaejoong_0006.npy;jaejoong_0046.npy;jaejoong_0063.npy,3
jaejoong,jaejoong_0043.npy,jaejoong_0009.npy;jaejoong_0057.npy;jaejoong_0011.npy,3
jaejoong,jaejoong_0046.npy,jaejoong_0061.npy;jaejoong_0054.npy;jaejoong_0056.npy,3
jaejoong,jaejoong_0047.npy,jaejoong_0054.npy;jaejoong_0040.npy;jaejoong_0057.npy,3
jaejoong,jaejoong_0051.npy,jaejoong_0046.npy;jaejoong_0032.npy;jaejoong_0006.npy,3
jaejoong,jaejoong_0054.npy,jaejoong_0057.npy;jaejoong_0040.npy;jaejoong_0000.npy,3
jaejoong,jaejoong_0056.npy,jaejoong_0021.npy;jaejoong_0046.npy;jaejoong_0006.npy,3
jaejoong,jaejoong_0057.npy,jaejoong_0043.npy;jaejoong_0032.npy;jaejoong_0051.npy,3
jaejoong,jaejoong_0061.npy,jaejoong_0054.npy;jaejoong_0051.npy;jaejoong_0021.npy,3
jaejoong,jaejoong_0063.npy,jaejoong_0047.npy;jaejoong_0040.npy;jaejoong_0051.npy,3
jang_keun_suk,jang_keun_suk_0006.npy,jang_keun_suk_0028.npy;jang_keun_suk_0012.npy;jang_keun_suk_0052.npy,3
jang_keun_suk,jang_keun_suk_0007.npy,jang_keun_suk_0015.npy;jang_keun_suk_0046.npy;jang_keun_suk_0006.npy,3
jang_keun_suk,jang_keun_suk_0012.npy,jang_keun_suk_0051.npy;jang_keun_suk_0049.npy;jang_keun_suk_0028.npy,3
jang_keun_suk,jang_keun_suk_0013.npy,jang_keun_suk_0051.npy;jang_keun_suk_0015.npy;jang_keun_suk_0052.npy,3
jang_keun_suk,jang_keun_suk_0015.npy,jang_keun_suk_0007.npy;jang_keun_suk_0052.npy;jang_keun_suk_0046.npy,3
jang_keun_suk,jang_keun_suk_0026.npy,jang_keun_suk_0058.npy;jang_keun_suk_0015.npy;jang_keun_suk_0052.npy,3
jang_keun_suk,jang_keun_suk_0028.npy,jang_keun_suk_0045.npy;jang_keun_suk_0007.npy;jang_keun_suk_0012.npy,3
jang_keun_suk,jang_keun_suk_0045.npy,jang_keun_suk_0006.npy;jang_keun_suk_0060.npy;jang_keun_suk_0015.npy,3
jang_keun_suk,jang_keun_suk_0046.npy,jang_keun_suk_0045.npy;jang_keun_suk_0007.npy;jang_keun_suk_0058.npy,3
jang_keun_suk,jang_keun_suk_0049.npy,jang_keun_suk_0013.npy;jang_keun_suk_0046.npy;jang_keun_suk_0012.npy,3
jang_keun_suk,jang_keun_suk_0051.npy,jang_keun_suk_0028.npy;jang_keun_suk_0045.npy;jang_keun_suk_0026.npy,3
jang_keun_suk,jang_keun_suk_0052.npy,jang_keun_suk_0051.npy;jang_keun_suk_0058.npy;jang_keun_suk_0046.npy,3
jang_keun_suk,jang_keun_suk_0058.npy,jang_keun_suk_0028.npy;jang_keun_suk_0049.npy;jang_keun_suk_0012.npy,3
jang_keun_suk,jang_keun_suk_0060.npy,jang_keun_suk_0028.npy;jang_keun_suk_0051.npy;jang_keun_suk_0007.npy,3
jet_li,jet_li_0004.npy,jet_li_0056.npy;jet_li_0125.npy;jet_li_0127.npy,3
jet_li,jet_li_0056.npy,jet_li_0004.npy;jet_li_0125.npy;jet_li_0127.npy,3
jet_li,jet_li_0125.npy,jet_li_0004.npy;jet_li_0056.npy;jet_li_0127.npy,3
jet_li,jet_li_0127.npy,jet_li_0004.npy;jet_li_0056.npy;jet_li_0125.npy,3
ji_chang_wook,ji_chang_wook_0002.npy,ji_chang_wook_0042.npy;ji_chang_wook_0047.npy;ji_chang_wook_0038.npy,3
ji_chang_wook,ji_chang_wook_0005.npy,ji_chang_wook_0030.npy;ji_chang_wook_0002.npy;ji_chang_wook_0037.npy,3
ji_chang_wook,ji_chang_wook_0007.npy,ji_chang_wook_0024.npy;ji_chang_wook_0042.npy;ji_chang_wook_0050.npy,3
ji_chang_wook,ji_chang_wook_0016.npy,ji_chang_wook_0024.npy;ji_chang_wook_0037.npy;ji_chang_wook_0005.npy,3
ji_chang_wook,ji_chang_wook_0024.npy,ji_chang_wook_0050.npy;ji_chang_wook_0037.npy;ji_chang_wook_0046.npy,3
ji_chang_wook,ji_chang_wook_0030.npy,ji_chang_wook_0050.npy;ji_chang_wook_0037.npy;ji_chang_wook_0002.npy,3
ji_chang_wook,ji_chang_wook_0037.npy,ji_chang_wook_0038.npy;ji_chang_wook_0024.npy;ji_chang_wook_0016.npy,3
ji_chang_wook,ji_chang_wook_0038.npy,ji_chang_wook_0005.npy;ji_chang_wook_0042.npy;ji_chang_wook_0059.npy,3
ji_chang_wook,ji_chang_wook_0042.npy,ji_chang_wook_0050.npy;ji_chang_wook_0016.npy;ji_chang_wook_0047.npy,3
ji_chang_wook,ji_chang_wook_0046.npy,ji_chang_wook_0002.npy;ji_chang_wook_0059.npy;ji_chang_wook_0030.npy,3
ji_chang_wook,ji_chang_wook_0047.npy,ji_chang_wook_0016.npy;ji_chang_wook_0007.npy;ji_chang_wook_0046.npy,3
ji_chang_wook,ji_chang_wook_0050.npy,ji_chang_wook_0016.npy;ji_chang_wook_0005.npy;ji_chang_wook_0042.npy,3
ji_chang_wook,ji_chang_wook_0059.npy,ji_chang_wook_0016.npy;ji_chang_wook_0046.npy;ji_chang_wook_0050.npy,3
jian,jian_0006.npy,jian_0025.npy;jian_0028.npy;jian_0037.npy,3
jian,jian_0010.npy,jian_0013.npy;jian_0006.npy;jian_0053.npy,3
jian,jian_0011.npy,jian_0013.npy;jian_0053.npy;jian_0027.npy,3
jian,jian_0013.npy,jian_0027.npy;jian_0011.npy;jian_0006.npy,3
jian,jian_0025.npy,jian_0006.npy;jian_0011.npy;jian_0053.npy,3
jian,jian_0027.npy,jian_0028.npy;jian_0013.npy;jian_0025.npy,3
jian,jian_0028.npy,jian_0027.npy;jian_0006.npy;jian_0010.npy,3
jian,jian_0037.npy,jian_0025.npy;jian_0006.npy;jian_0010.npy,3
jian,jian_0047.npy,jian_0028.npy;jian_0010.npy;jian_0027.npy,3
jian,jian_0053.npy,jian_0010.npy;jian_0037.npy;jian_0013.npy,3
john_woo,john_woo_0001.npy,john_woo_0017.npy;john_woo_0019.npy;john_woo_0009.npy,3
john_woo,john_woo_0009.npy,john_woo_0019.npy;john_woo_0017.npy;john_woo_0001.npy,3
john_woo,john_woo_0016.npy,john_woo_0001.npy;john_woo_0017.npy;john_woo_0009.npy,3
john_woo,john_woo_0017.npy,john_woo_0019.npy;john_woo_0016.npy;john_woo_0001.npy,3
john_woo,john_woo_0019.npy,john_woo_0001.npy;john_woo_0009.npy;john_woo_0016.npy,3
joo_jin_mo,joo_jin_mo_0000.npy,joo_jin_mo_0032.npy;joo_jin_mo_0042.npy;joo_jin_mo_0016.npy,3
joo_jin_mo,joo_jin_mo_0008.npy,joo_jin_mo_0036.npy;joo_jin_mo_0044.npy;joo_jin_mo_0058.npy,3
joo_jin_mo,joo_jin_mo_0016.npy,joo_jin_mo_0008.npy;joo_jin_mo_0058.npy;joo_jin_mo_0029.npy,3
joo_jin_mo,joo_jin_mo_0020.npy,joo_jin_mo_0039.npy;joo_jin_mo_0016.npy;joo_jin_mo_0008.npy,3
joo_jin_mo,joo_jin_mo_0024.npy,joo_jin_mo_0016.npy;joo_jin_mo_0028.npy;joo_jin_mo_0039.npy,3
joo_jin_mo,joo_jin_mo_0028.npy,joo_jin_mo_0042.npy;joo_jin_mo_0039.npy;joo_jin_mo_0038.npy,3
joo_jin_mo,joo_jin_mo_0029.npy,joo_jin_mo_0044.npy;joo_jin_mo_0028.npy;joo_jin_mo_0032.npy,3
joo_jin_mo,joo_jin_mo_0032.npy,joo_jin_mo_0039.npy;joo_jin_mo_0038.npy;joo_jin_mo_0024.npy,3
joo_jin_mo,joo_jin_mo_0036.npy,joo_jin_mo_0032.npy;joo_jin_mo_0038.npy;joo_jin_mo_0039.npy,3
joo_jin_mo,joo_jin_mo_0038.npy,joo_jin_mo_0029.npy;joo_jin_mo_0008.npy;joo_jin_mo_0045.npy,3
joo_jin_mo,joo_jin_mo_0039.npy,joo_jin_mo_0044.npy;joo_jin_mo_0008.npy;joo_jin_mo_0042.npy,3
joo_jin_mo,joo_jin_mo_0042.npy,joo_jin_mo_0039.npy;joo_jin_mo_0045.npy;joo_jin_mo_0036.npy,3
joo_jin_mo,joo_jin_mo_0044.npy,joo_jin_mo_0042.npy;joo_jin_mo_0055.npy;joo_jin_mo_0020.npy,3
joo_jin_mo,joo_jin_mo_0045.npy,joo_jin_mo_0029.npy;joo_jin_mo_0032.npy;joo_jin_mo_0020.npy,3
joo_jin_mo,joo_jin_mo_0055.npy,joo_jin_mo_0029.npy;joo_jin_mo_0028.npy;joo_jin_mo_0032.npy,3
joo_jin_mo,joo_jin_mo_0058.npy,joo_jin_mo_0029.npy;joo_jin_mo_0055.npy;joo_jin_mo_0042.npy,3
jung_woo_sung,jung_woo_sung_0000.npy,jung_woo_sung_0017.npy;jung_woo_sung_0022.npy;jung_woo_sung_0025.npy,3
jung_woo_sung,jung_woo_sung_0006.npy,jung_woo_sung_0034.npy;jung_woo_sung_0054.npy;jung_woo_sung_0020.npy,3
jung_woo_sung,jung_woo_sung_0011.npy,jung_woo_sung_0036.npy;jung_woo_sung_0015.npy;jung_woo_sung_0034.npy,3
jung_woo_sung,jung_woo_sung_0015.npy,jung_woo_sung_0054.npy;jung_woo_sung_0006.npy;jung_woo_sung_0049.npy,3
jung_woo_sung,jung_woo_sung_0017.npy,jung_woo_sung_0011.npy;jung_woo_sung_0006.npy;jung_woo_sung_0025.npy,3
jung_woo_sung,jung_woo_sung_0020.npy,jung_woo_sung_0015.npy;jung_woo_sung_0036.npy;jung_woo_sung_0049.npy,3
jung_woo_sung,jung_woo_sung_0022.npy,jung_woo_sung_0036.npy;jung_woo_sung_0041.npy;jung_woo_sung_0011.npy,3
jung_woo_sung,jung_woo_sung_0025.npy,jung_woo_sung_0006.npy;jung_woo_sung_0033.npy;jung_woo_sung_0032.npy,3
jung_woo_sung,jung_woo_sung_0026.npy,jung_woo_sung_0034.npy;jung_woo_sung_0054.npy;jung_woo_sung_0006.npy,3
jung_woo_sung,jung_woo_sung_0032.npy,jung_woo_sung_0043.npy;jung_woo_sung_0020.npy;jung_woo_sung_0054.npy,3
jung_woo_sung,jung_woo_sung_0033.npy,jung_woo_sung_0043.npy;jung_woo_sung_0054.npy;jung_woo_sung_0036.npy,3
jung_woo_sung,jung_woo_sung_0034.npy,jung_woo_sung_0006.npy;jung_woo_sung_0017.npy;jung_woo_sung_0032.npy,3
jung_woo_sung,jung_woo_sung_0036.npy,jung_woo_sung_0032.npy;jung_woo_sung_0020.npy;jung_woo_sung_0006.npy,3
jung_woo_sung,jung_woo_sung_0041.npy,jung_woo_sung_0022.npy;jung_woo_sung_0011.npy;jung_woo_sung_0033.npy,3
jung_woo_sung,jung_woo_sung_0043.npy,jung_woo_sung_0054.npy;jung_woo_sung_0015.npy;jung_woo_sung_0041.npy,3
jung_woo_sung,jung_woo_sung_0049.npy,jung_woo_sung_0015.npy;jung_woo_sung_0020.npy;jung_woo_sung_0041.npy,3
jung_woo_sung,jung_woo_sung_0054.npy,jung_woo_sung_0034.npy;jung_woo_sung_0006.npy;jung_woo_sung_0036.npy,3
jung_yong_hwa,jung_yong_hwa_0001.npy,jung_yong_hwa_0029.npy;jung_yong_hwa_0042.npy;jung_yong_hwa_0028.npy,3
jung_yong_hwa,jung_yong_hwa_0004.npy,jung_yong_hwa_0033.npy;jung_yong_hwa_0038.npy;jung_yong_hwa_0042.npy,3
jung_yong_hwa,jung_yong_hwa_0013.npy,jung_yong_hwa_0001.npy;jung_yong_hwa_0042.npy;jung_yong_hwa_0029.npy,3
jung_yong_hwa,jung_yong_hwa_0027.npy,jung_yong_hwa_0001.npy;jung_yong_hwa_0013.npy;jung_yong_hwa_0029.npy,3
jung_yong_hwa,jung_yong_hwa_0028.npy,jung_yong_hwa_0029.npy;jung_yong_hwa_0030.npy;jung_yong_hwa_0042.npy,3
jung_yong_hwa,jung_yong_hwa_0029.npy,jung_yong_hwa_0001.npy;jung_yong_hwa_0013.npy;jung_yong_hwa_0042.npy,3
jung_yong_hwa,jung_yong_hwa_0030.npy,jung_yong_hwa_0042.npy;jung_yong_hwa_0033.npy;jung_yong_hwa_0004.npy,3
jung_yong_hwa,jung_yong_hwa_0033.npy,jung_yong_hwa_0013.npy;jung_yong_hwa_0001.npy;jung_yong_hwa_0004.npy,3
jung_yong_hwa,jung_yong_hwa_0037.npy,jung_yong_hwa_0038.npy;jung_yong_hwa_0027.npy;jung_yong_hwa_0030.npy,3
jung_yong_hwa,jung_yong_hwa_0038.npy,jung_yong_hwa_0030.npy;jung_yong_hwa_0033.npy;jung_yong_hwa_0029.npy,3
jung_yong_hwa,jung_yong_hwa_0042.npy,jung_yong_hwa_0013.npy;jung_yong_hwa_0029.npy;jung_yong_hwa_0028.npy,3
jung_yong_hwa,jung_yong_hwa_0045.npy,jung_yong_hwa_0029.npy;jung_yong_hwa_0038.npy;jung_yong_hwa_0004.npy,3
kanata_hongo,kanata_hongo_0008.npy,kanata_hongo_0010.npy;kanata_hongo_0022.npy;kanata_hongo_0049.npy,3
kanata_hongo,kanata_hongo_0010.npy,kanata_hongo_0053.npy;kanata_hongo_0008.npy;kanata_hongo_0018.npy,3
kanata_hongo,kanata_hongo_0018.npy,kanata_hongo_0032.npy;kanata_hongo_0045.npy;kanata_hongo_0043.npy,3
kanata_hongo,kanata_hongo_0022.npy,kanata_hongo_0045.npy;kanata_hongo_0053.npy;kanata_hongo_0043.npy,3
kanata_hongo,kanata_hongo_0028.npy,kanata_hongo_0032.npy;kanata_hongo_0022.npy;kanata_hongo_0010.npy,3
kanata_hongo,kanata_hongo_0032.npy,kanata_hongo_0039.npy;kanata_hongo_0043.npy;kanata_hongo_0010.npy,3
kanata_hongo,kanata_hongo_0039.npy,kanata_hongo_0028.npy;kanata_hongo_0045.npy;kanata_hongo_0053.npy,3
kanata_hongo,kanata_hongo_0043.npy,kanata_hongo_0008.npy;kanata_hongo_0022.npy;kanata_hongo_0039.npy,3
kanata_hongo,kanata_hongo_0045.npy,kanata_hongo_0053.npy;kanata_hongo_0008.npy;kanata_hongo_0049.npy,3
kanata_hongo,kanata_hongo_0049.npy,kanata_hongo_0022.npy;kanata_hongo_0028.npy;kanata_hongo_0053.npy,3
kanata_hongo,kanata_hongo_0053.npy,kanata_hongo_0018.npy;kanata_hongo_0028.npy;kanata_hongo_0045.npy,3
kazuya_kamenashi,kazuya_kamenashi_0005.npy,kazuya_kamenashi_0031.npy;kazuya_kamenashi_0007.npy;kazuya_kamenashi_0006.npy,3
kazuya_kamenashi,kazuya_kamenashi_0006.npy,kazuya_kamenashi_0047.npy;kazuya_kamenashi_0042.npy;kazuya_kamenashi_0009.npy,3
kazuya_kamenashi,kazuya_kamenashi_0007.npy,kazuya_kamenashi_0009.npy;kazuya_kamenashi_0042.npy;kazuya_kamenashi_0050.npy,3
kazuya_kamenashi,kazuya_kamenashi_0009.npy,kazuya_kamenashi_0061.npy;kazuya_kamenashi_0015.npy;kazuya_kamenashi_0050.npy,3
kazuya_kamenashi,kazuya_kamenashi_0015.npy,kazuya_kamenashi_0050.npy;kazuya_kamenashi_0054.npy;kazuya_kamenashi_0031.npy,3
kazuya_kamenashi,kazuya_kamenashi_0025.npy,kazuya_kamenashi_0006.npy;kazuya_kamenashi_0042.npy;kazuya_kamenashi_0005.npy,3
kazuya_kamenashi,kazuya_kamenashi_0031.npy,kazuya_kamenashi_0042.npy;kazuya_kamenashi_0005.npy;kazuya_kamenashi_0047.npy,3
kazuya_kamenashi,kazuya_kamenashi_0042.npy,kazuya_kamenashi_0006.npy;kazuya_kamenashi_0025.npy;kazuya_kamenashi_0052.npy,3
kazuya_kamenashi,kazuya_kamenashi_0047.npy,kazuya_kamenashi_0031.npy;kazuya_kamenashi_0052.npy;kazuya_kamenashi_0061.npy,3
kazuya_kamenashi,kazuya_kamenashi_0050.npy,kazuya_kamenashi_0061.npy;kazuya_kamenashi_0054.npy;kazuya_kamenashi_0031.npy,3
kazuya_kamenashi,kazuya_kamenashi_0052.npy,kazuya_kamenashi_0015.npy;kazuya_kamenashi_0006.npy;kazuya_kamenashi_0031.npy,3
kazuya_kamenashi,kazuya_kamenashi_0054.npy,kazuya_kamenashi_0005.npy;kazuya_kamenashi_0025.npy;kazuya_kamenashi_0007.npy,3
kazuya_kamenashi,kazuya_kamenashi_0061.npy,kazuya_kamenashi_0050.npy;kazuya_kamenashi_0042.npy;kazuya_kamenashi_0025.npy,3
kris_wu,kris_wu_0007.npy,kris_wu_0022.npy;kris_wu_0047.npy;kris_wu_0056.npy,3
kris_wu,kris_wu_0014.npy,kris_wu_0028.npy;kris_wu_0047.npy;kris_wu_0054.npy,3
kris_wu,kris_wu_0022.npy,kris_wu_0047.npy;kris_wu_0052.npy;kris_wu_0014.npy,3
kris_wu,kris_wu_0023.npy,kris_wu_0047.npy;kris_wu_0031.npy;kris_wu_0038.npy,3
kris_wu,kris_wu_0028.npy,kris_wu_0023.npy;kris_wu_0038.npy;kris_wu_0022.npy,3
kris_wu,kris_wu_0031.npy,kris_wu_0014.npy;kris_wu_0052.npy;kris_wu_0056.npy,3
kris_wu,kris_wu_0038.npy,kris_wu_0052.npy;kris_wu_0056.npy;kris_wu_0023.npy,3
kris_wu,kris_wu_0047.npy,kris_wu_0031.npy;kris_wu_0056.npy;kris_wu_0022.npy,3
kris_wu,kris_wu_0048.npy,kris_wu_0023.npy;kris_wu_0014.npy;kris_wu_0022.npy,3
kris_wu,kris_wu_0052.npy,kris_wu_0028.npy;kris_wu_0023.npy;kris_wu_0022.npy,3
kris_wu,kris_wu_0054.npy,kris_wu_0052.npy;kris_wu_0022.npy;kris_wu_0014.npy,3
kris_wu,kris_wu_0055.npy,kris_wu_0022.npy;kris_wu_0054.npy;kris_wu_0047.npy,3
kris_wu,kris_wu_0056.npy,kris_wu_0047.npy;kris_wu_0052.npy;kris_wu_0054.npy,3
lee_dong_hae,lee_dong_hae_0017.npy,lee_dong_hae_0034.npy;lee_dong_hae_0059.npy;lee_dong_hae_0057.npy,3
lee_dong_hae,lee_dong_hae_0020.npy,lee_dong_hae_0059.npy;lee_dong_hae_0067.npy;lee_dong_hae_0057.npy,3
lee_dong_hae,lee_dong_hae_0024.npy,lee_dong_hae_0032.npy;lee_dong_hae_0059.npy;lee_dong_hae_0067.npy,3
lee_dong_hae,lee_dong_hae_0025.npy,lee_dong_hae_0024.npy;lee_dong_hae_0034.npy;lee_dong_hae_0020.npy,3
lee_dong_hae,lee_dong_hae_0027.npy,lee_dong_hae_0034.npy;lee_dong_hae_0067.npy;lee_dong_hae_0059.npy,3
lee_dong_hae,lee_dong_hae_0029.npy,lee_dong_hae_0027.npy;lee_dong_hae_0067.npy;lee_dong_hae_0057.npy,3
lee_dong_hae,lee_dong_hae_0032.npy,lee_dong_hae_0017.npy;lee_dong_hae_0029.npy;lee_dong_hae_0053.npy,3
lee_dong_hae,lee_dong_hae_0033.npy,lee_dong_hae_0020.npy;lee_dong_hae_0027.npy;lee_dong_hae_0034.npy,3
lee_dong_hae,lee_dong_hae_0034.npy,lee_dong_hae_0033.npy;lee_dong_hae_0017.npy;lee_dong_hae_0063.npy,3
lee_dong_hae,lee_dong_hae_0053.npy,lee_dong_hae_0029.npy;lee_dong_hae_0027.npy;lee_dong_hae_0020.npy,3
lee_dong_hae,lee_dong_hae_0057.npy,lee_dong_hae_0059.npy;lee_dong_hae_0020.npy;lee_dong_hae_0053.npy,3
lee_dong_hae,lee_dong_hae_0059.npy,lee_dong_hae_0053.npy;lee_dong_hae_0034.npy;lee_dong_hae_0032.npy,3
lee_dong_hae,lee_dong_hae_0063.npy,lee_dong_hae_0033.npy;lee_dong_hae_0053.npy;lee_dong_hae_0034.npy,3
lee_dong_hae,lee_dong_hae_0067.npy,lee_dong_hae_0063.npy;lee_dong_hae_0059.npy;lee_dong_hae_0017.npy,3
mark_dacascos,mark_dacascos_0022.npy,mark_dacascos_0960.npy;mark_dacascos_0920.npy;mark_dacascos_0915.npy,3
mark_dacascos,mark_dacascos_0902.npy,mark_dacascos_0960.npy;mark_dacascos_0915.npy;mark_dacascos_0022.npy,3
mark_dacascos,mark_dacascos_0909.npy,mark_dacascos_0960.npy;mark_dacascos_0902.npy;mark_dacascos_0954.npy,3
mark_dacascos,mark_dacascos_0915.npy,mark_dacascos_0944.npy;mark_dacascos_0902.npy;mark_dacascos_0928.npy,3
mark_dacascos,mark_dacascos_0920.npy,mark_dacascos_0909.npy;mark_dacascos_0022.npy;mark_dacascos_0902.npy,3
mark_dacascos,mark_dacascos_0928.npy,mark_dacascos_0960.npy;mark_dacascos_0961.npy;mark_dacascos_0920.npy,3
mark_dacascos,mark_dacascos_0944.npy,mark_dacascos_0961.npy;mark_dacascos_0909.npy;mark_dacascos_0960.npy,3
mark_dacascos,mark_dacascos_0954.npy,mark_dacascos_0928.npy;mark_dacascos_0920.npy;mark_dacascos_0915.npy,3
mark_dacascos,mark_dacascos_0960.npy,mark_dacascos_0944.npy;mark_dacascos_0928.npy;mark_dacascos_0954.npy,3
mark_dacascos,mark_dacascos_0961.npy,mark_dacascos_0022.npy;mark_dacascos_0928.npy;mark_dacascos_0960.npy,3
park_ji_sung,park_ji_sung_0005.npy,park_ji_sung_0017.npy;park_ji_sung_0009.npy;park_ji_sung_0032.npy,3
park_ji_sung,park_ji_sung_0008.npy,park_ji_sung_0048.npy;park_ji_sung_0018.npy;park_ji_sung_0016.npy,3
park_ji_sung,park_ji_sung_0009.npy,park_ji_sung_0016.npy;park_ji_sung_0050.npy;park_ji_sung_0048.npy,3
park_ji_sung,park_ji_sung_0011.npy,park_ji_sung_0040.npy;park_ji_sung_0009.npy;park_ji_sung_0017.npy,3
park_ji_sung,park_ji_sung_0014.npy,park_ji_sung_0008.npy;park_ji_sung_0040.npy;park_ji_sung_0048.npy,3
park_ji_sung,park_ji_sung_0016.npy,park_ji_sung_0009.npy;park_ji_sung_0017.npy;park_ji_sung_0014.npy,3
park_ji_sung,park_ji_sung_0017.npy,park_ji_sung_0048.npy;park_ji_sung_0050.npy;park_ji_sung_0058.npy,3
park_ji_sung,park_ji_sung_0018.npy,park_ji_sung_0017.npy;park_ji_sung_0009.npy;park_ji_sung_0040.npy,3
park_ji_sung,park_ji_sung_0026.npy,park_ji_sung_0050.npy;park_ji_sung_0008.npy;park_ji_sung_0014.npy,3
park_ji_sung,park_ji_sung_0032.npy,park_ji_sung_0026.npy;park_ji_sung_0017.npy;park_ji_sung_0048.npy,3
park_ji_sung,park_ji_sung_0040.npy,park_ji_sung_0058.npy;park_ji_sung_0016.npy;park_ji_sung_0009.npy,3
park_ji_sung,park_ji_sung_0048.npy,park_ji_sung_0040.npy;park_ji_sung_0050.npy;park_ji_sung_0058.npy,3
park_ji_sung,park_ji_sung_0050.npy,park_ji_sung_0026.npy;park_ji_sung_0008.npy;park_ji_sung_0040.npy,3
park_ji_sung,park_ji_sung_0058.npy,park_ji_sung_0040.npy;park_ji_sung_0017.npy;park_ji_sung_0026.npy,3
reggie_lee,reggie_lee_0041.npy,reggie_lee_0062.npy;reggie_lee_0245.npy;reggie_lee_0528.npy,3
reggie_lee,reggie_lee_0062.npy,reggie_lee_0041.npy;reggie_lee_0245.npy;reggie_lee_0528.npy,3
reggie_lee,reggie_lee_0245.npy,reggie_lee_0041.npy;reggie_lee_0062.npy;reggie_lee_0528.npy,3
reggie_lee,reggie_lee_0528.npy,reggie_lee_0041.npy;reggie_lee_0062.npy;reggie_lee_0245.npy,3
ron_yuan,ron_yuan_0031.npy,ron_yuan_0058.npy;ron_yuan_0053.npy;ron_yuan_0056.npy,3
ron_yuan,ron_yuan_0053.npy,ron_yuan_0058.npy;ron_yuan_0031.npy;ron_yuan_0062.npy,3
ron_yuan,ron_yuan_0056.npy,ron_yuan_0058.npy;ron_yuan_0053.npy;ron_yuan_0031.npy,3
ron_yuan,ron_yuan_0058.npy,ron_yuan_0053.npy;ron_yuan_0031.npy;ron_yuan_0056.npy,3
ron_yuan,ron_yuan_0062.npy,ron_yuan_0031.npy;ron_yuan_0053.npy;ron_yuan_0058.npy,3
scott_takeda,scott_takeda_0006.npy,scott_takeda_0918.npy;scott_takeda_0925.npy;scott_takeda_0923.npy,3
scott_takeda,scott_takeda_0011.npy,scott_takeda_0006.npy;scott_takeda_0923.npy;scott_takeda_0910.npy,3
scott_takeda,scott_takeda_0014.npy,scott_takeda_0922.npy;scott_takeda_0017.npy;scott_takeda_0925.npy,3
scott_takeda,scott_takeda_0017.npy,scott_takeda_0915.npy;scott_takeda_0014.npy;scott_takeda_0923.npy,3
scott_takeda,scott_takeda_0904.npy,scott_takeda_0014.npy;scott_takeda_0922.npy;scott_takeda_0925.npy,3
scott_takeda,scott_takeda_0909.npy,scott_takeda_0925.npy;scott_takeda_0916.npy;scott_takeda_0006.npy,3
scott_takeda,scott_takeda_0910.npy,scott_takeda_0915.npy;scott_takeda_0909.npy;scott_takeda_0017.npy,3
scott_takeda,scott_takeda_0915.npy,scott_takeda_0916.npy;scott_takeda_0922.npy;scott_takeda_0904.npy,3
scott_takeda,scott_takeda_0916.npy,scott_takeda_0925.npy;scott_takeda_0915.npy;scott_takeda_0017.npy,3
scott_takeda,scott_takeda_0918.npy,scott_takeda_0916.npy;scott_takeda_0017.npy;scott_takeda_0904.npy,3
scott_takeda,scott_takeda_0922.npy,scott_takeda_0915.npy;scott_takeda_0017.npy;scott_takeda_0909.npy,3
scott_takeda,scott_takeda_0923.npy,scott_takeda_0922.npy;scott_takeda_0918.npy;scott_takeda_0915.npy,3
scott_takeda,scott_takeda_0925.npy,scott_takeda_0915.npy;scott_takeda_0904.npy;scott_takeda_0910.npy,3
shun_oguri,shun_oguri_0001.npy,shun_oguri_0051.npy;shun_oguri_0079.npy;shun_oguri_0041.npy,3
shun_oguri,shun_oguri_0005.npy,shun_oguri_0010.npy;shun_oguri_0012.npy;shun_oguri_0059.npy,3
shun_oguri,shun_oguri_0006.npy,shun_oguri_0010.npy;shun_oguri_0033.npy;shun_oguri_0001.npy,3
shun_oguri,shun_oguri_0010.npy,shun_oguri_0064.npy;shun_oguri_0046.npy;shun_oguri_0035.npy,3
shun_oguri,shun_oguri_0012.npy,shun_oguri_0051.npy;shun_oguri_0005.npy;shun_oguri_0079.npy,3
shun_oguri,shun_oguri_0033.npy,shun_oguri_0005.npy;shun_oguri_0012.npy;shun_oguri_0079.npy,3
shun_oguri,shun_oguri_0035.npy,shun_oguri_0079.npy;shun_oguri_0006.npy;shun_oguri_0012.npy,3
shun_oguri,shun_oguri_0041.npy,shun_oguri_0046.npy;shun_oguri_0051.npy;shun_oguri_0006.npy,3
shun_oguri,shun_oguri_0046.npy,shun_oguri_0035.npy;shun_oguri_0005.npy;shun_oguri_0010.npy,3
shun_oguri,shun_oguri_0051.npy,shun_oguri_0041.npy;shun_oguri_0033.npy;shun_oguri_0001.npy,3
shun_oguri,shun_oguri_0059.npy,shun_oguri_0035.npy;shun_oguri_0001.npy;shun_oguri_0079.npy,3
shun_oguri,shun_oguri_0064.npy,shun_oguri_0046.npy;shun_oguri_0033.npy;shun_oguri_0010.npy,3
shun_oguri,shun_oguri_0070.npy,shun_oguri_0035.npy;shun_oguri_0005.npy;shun_oguri_0033.npy,3
shun_oguri,shun_oguri_0079.npy,shun_oguri_0010.npy;shun_oguri_0001.npy;shun_oguri_0033.npy,3
song_joong_ki,song_joong_ki_0005.npy,song_joong_ki_0056.npy;song_joong_ki_0011.npy;song_joong_ki_0041.npy,3
song_joong_ki,song_joong_ki_0008.npy,song_joong_ki_0039.npy;song_joong_ki_0026.npy;song_joong_ki_0042.npy,3
song_joong_ki,song_joong_ki_0011.npy,song_joong_ki_0013.npy;song_joong_ki_0056.npy;song_joong_ki_0005.npy,3
song_joong_ki,song_joong_ki_0013.npy,song_joong_ki_0019.npy;song_joong_ki_0052.npy;song_joong_ki_0029.npy,3
song_joong_ki,song_joong_ki_0018.npy,song_joong_ki_0041.npy;song_joong_ki_0052.npy;song_joong_ki_0011.npy,3
song_joong_ki,song_joong_ki_0019.npy,song_joong_ki_0042.npy;song_joong_ki_0041.npy;song_joong_ki_0029.npy,3
song_joong_ki,song_joong_ki_0026.npy,song_joong_ki_0029.npy;song_joong_ki_0033.npy;song_joong_ki_0005.npy,3
song_joong_ki,song_joong_ki_0028.npy,song_joong_ki_0056.npy;song_joong_ki_0008.npy;song_joong_ki_0005.npy,3
song_joong_ki,song_joong_ki_0029.npy,song_joong_ki_0018.npy;song_joong_ki_0013.npy;song_joong_ki_0011.npy,3
song_joong_ki,song_joong_ki_0030.npy,song_joong_ki_0029.npy;song_joong_ki_0041.npy;song_joong_ki_0033.npy,3
song_joong_ki,song_joong_ki_0033.npy,song_joong_ki_0029.npy;song_joong_ki_0026.npy;song_joong_ki_0008.npy,3
song_joong_ki,song_joong_ki_0039.npy,song_joong_ki_0042.npy;song_joong_ki_0018.npy;song_joong_ki_0013.npy,3
song_joong_ki,song_joong_ki_0041.npy,song_joong_ki_0018.npy;song_joong_ki_0008.npy;song_joong_ki_0005.npy,3
song_joong_ki,song_joong_ki_0042.npy,song_joong_ki_0013.npy;song_joong_ki_0026.npy;song_joong_ki_0033.npy,3
song_joong_ki,song_joong_ki_0052.npy,song_joong_ki_0041.npy;song_joong_ki_0030.npy;song_joong_ki_0028.npy,3
song_joong_ki,song_joong_ki_0056.npy,song_joong_ki_0008.npy;song_joong_ki_0052.npy;song_joong_ki_0028.npy,3
teppei_koike,teppei_koike_0006.npy,teppei_koike_0048.npy;teppei_koike_0047.npy;teppei_koike_0007.npy,3
teppei_koike,teppei_koike_0007.npy,teppei_koike_0049.npy;teppei_koike_0047.npy;teppei_koike_0048.npy,3
teppei_koike,teppei_koike_0016.npy,teppei_koike_0028.npy;teppei_koike_0053.npy;teppei_koike_0025.npy,3
teppei_koike,teppei_koike_0025.npy,teppei_koike_0030.npy;teppei_koike_0042.npy;teppei_koike_0006.npy,3
teppei_koike,teppei_koike_0028.npy,teppei_koike_0048.npy;teppei_koike_0032.npy;teppei_koike_0025.npy,3
teppei_koike,teppei_koike_0030.npy,teppei_koike_0048.npy;teppei_koike_0042.npy;teppei_koike_0016.npy,3
teppei_koike,teppei_koike_0032.npy,teppei_koike_0049.npy;teppei_koike_0063.npy;teppei_koike_0007.npy,3
teppei_koike,teppei_koike_0042.npy,teppei_koike_0047.npy;teppei_koike_0030.npy;teppei_koike_0007.npy,3
teppei_koike,teppei_koike_0045.npy,teppei_koike_0047.npy;teppei_koike_0063.npy;teppei_koike_0053.npy,3
teppei_koike,teppei_koike_0047.npy,teppei_koike_0063.npy;teppei_koike_0045.npy;teppei_koike_0053.npy,3
teppei_koike,teppei_koike_0048.npy,teppei_koike_0006.npy;teppei_koike_0032.npy;teppei_koike_0042.npy,3
teppei_koike,teppei_koike_0049.npy,teppei_koike_0006.npy;teppei_koike_0048.npy;teppei_koike_0032.npy,3
teppei_koike,teppei_koike_0053.npy,teppei_koike_0030.npy;teppei_koike_0028.npy;teppei_koike_0006.npy,3
teppei_koike,teppei_koike_0063.npy,teppei_koike_0030.npy;teppei_koike_0007.npy;teppei_koike_0053.npy,3
toma_ikuta,toma_ikuta_0007.npy,toma_ikuta_0048.npy;toma_ikuta_0074.npy;toma_ikuta_0075.npy,3
toma_ikuta,toma_ikuta_0010.npy,toma_ikuta_0022.npy;toma_ikuta_0075.npy;toma_ikuta_0064.npy,3
toma_ikuta,toma_ikuta_0022.npy,toma_ikuta_0074.npy;toma_ikuta_0010.npy;toma_ikuta_0007.npy,3
toma_ikuta,toma_ikuta_0039.npy,toma_ikuta_0074.npy;toma_ikuta_0064.npy;toma_ikuta_0022.npy,3
toma_ikuta,toma_ikuta_0048.npy,toma_ikuta_0022.npy;toma_ikuta_0075.npy;toma_ikuta_0074.npy,3
toma_ikuta,toma_ikuta_0064.npy,toma_ikuta_0081.npy;toma_ikuta_0074.npy;toma_ikuta_0039.npy,3
toma_ikuta,toma_ikuta_0074.npy,toma_ikuta_0022.npy;toma_ikuta_0075.npy;toma_ikuta_0010.npy,3
toma_ikuta,toma_ikuta_0075.npy,toma_ikuta_0010.npy;toma_ikuta_0064.npy;toma_ikuta_0039.npy,3
toma_ikuta,toma_ikuta_0081.npy,toma_ikuta_0007.npy;toma_ikuta_0022.npy;toma_ikuta_0010.npy,3
tony_chiu_wai_leung,tony_chiu_wai_leung_0004.npy,tony_chiu_wai_leung_0006.npy;tony_chiu_wai_leung_0017.npy;tony_chiu_wai_leung_0028.npy,3
tony_chiu_wai_leung,tony_chiu_wai_leung_0006.npy,tony_chiu_wai_leung_0021.npy;tony_chiu_wai_leung_0020.npy;tony_chiu_wai_leung_0025.npy,3
tony_chiu_wai_leung,tony_chiu_wai_leung_0007.npy,tony_chiu_wai_leung_0023.npy;tony_chiu_wai_leung_0025.npy;tony_chiu_wai_leung_0012.npy,3
tony_chiu_wai_leung,tony_chiu_wai_leung_0012.npy,tony_chiu_wai_leung_0004.npy;tony_chiu_wai_leung_0017.npy;tony_chiu_wai_leung_0007.npy,3
tony_chiu_wai_leung,tony_chiu_wai_leung_0017.npy,tony_chiu_wai_leung_0021.npy;tony_chiu_wai_leung_0004.npy;tony_chiu_wai_leung_0023.npy,3
tony_chiu_wai_leung,tony_chiu_wai_leung_0020.npy,tony_chiu_wai_leung_0021.npy;tony_chiu_wai_leung_0017.npy;tony_chiu_wai_leung_0004.npy,3
tony_chiu_wai_leung,tony_chiu_wai_leung_0021.npy,tony_chiu_wai_leung_0020.npy;tony_chiu_wai_leung_0023.npy;tony_chiu_wai_leung_0012.npy,3
tony_chiu_wai_leung,tony_chiu_wai_leung_0023.npy,tony_chiu_wai_leung_0025.npy;tony_chiu_wai_leung_0021.npy;tony_chiu_wai_leung_0007.npy,3
tony_chiu_wai_leung,tony_chiu_wai_leung_0025.npy,tony_chiu_wai_leung_0007.npy;tony_chiu_wai_leung_0023.npy;tony_chiu_wai_leung_0020.npy,3
tony_chiu_wai_leung,tony_chiu_wai_leung_0028.npy,tony_chiu_wai_leung_0023.npy;tony_chiu_wai_leung_0020.npy;tony_chiu_wai_leung_0021.npy,3
tony_jaa,tony_jaa_0004.npy,tony_jaa_0031.npy;tony_jaa_0020.npy;tony_jaa_0011.npy,3
tony_jaa,tony_jaa_0008.npy,tony_jaa_0045.npy;tony_jaa_0023.npy;tony_jaa_0011.npy,3
tony_jaa,tony_jaa_0011.npy,tony_jaa_0023.npy;tony_jaa_0033.npy;tony_jaa_0012.npy,3
tony_jaa,tony_jaa_0012.npy,tony_jaa_0031.npy;tony_jaa_0020.npy;tony_jaa_0022.npy,3
tony_jaa,tony_jaa_0017.npy,tony_jaa_0008.npy;tony_jaa_0054.npy;tony_jaa_0022.npy,3
tony_jaa,tony_jaa_0020.npy,tony_jaa_0043.npy;tony_jaa_0017.npy;tony_jaa_0045.npy,3
tony_jaa,tony_jaa_0022.npy,tony_jaa_0024.npy;tony_jaa_0033.npy;tony_jaa_0023.npy,3
tony_jaa,tony_jaa_0023.npy,tony_jaa_0011.npy;tony_jaa_0045.npy;tony_jaa_0024.npy,3
tony_jaa,tony_jaa_0024.npy,tony_jaa_0020.npy;tony_jaa_0023.npy;tony_jaa_0004.npy,3
tony_jaa,tony_jaa_0031.npy,tony_jaa_0045.npy;tony_jaa_0020.npy;tony_jaa_0033.npy,3
tony_jaa,tony_jaa_0033.npy,tony_jaa_0022.npy;tony_jaa_0017.npy;tony_jaa_0043.npy,3
tony_jaa,tony_jaa_0043.npy,tony_jaa_0054.npy;tony_jaa_0004.npy;tony_jaa_0008.npy,3
tony_jaa,tony_jaa_0045.npy,tony_jaa_0033.npy;tony_jaa_0054.npy;tony_jaa_0022.npy,3
tony_jaa,tony_jaa_0054.npy,tony_jaa_0020.npy;tony_jaa_0024.npy;tony_jaa_0033.npy,3
will_yun_lee,will_yun_lee_0079.npy,will_yun_lee_0510.npy;will_yun_lee_0490.npy;will_yun_lee_0669.npy,3
will_yun_lee,will_yun_lee_0490.npy,will_yun_lee_0920.npy;will_yun_lee_0669.npy;will_yun_lee_0079.npy,3
will_yun_lee,will_yun_lee_0510.npy,will_yun_lee_0490.npy;will_yun_lee_0079.npy;will_yun_lee_0669.npy,3
will_yun_lee,will_yun_lee_0570.npy,will_yun_lee_0510.npy;will_yun_lee_0920.npy;will_yun_lee_0490.npy,3
will_yun_lee,will_yun_lee_0669.npy,will_yun_lee_0920.npy;will_yun_lee_0079.npy;will_yun_lee_0510.npy,3
will_yun_lee,will_yun_lee_0920.npy,will_yun_lee_0490.npy;will_yun_lee_0570.npy;will_yun_lee_0669.npy,3
yao_ming,yao_ming_0001.npy,yao_ming_0011.npy;yao_ming_0017.npy;yao_ming_0004.npy,3
yao_ming,yao_ming_0003.npy,yao_ming_0022.npy;yao_ming_0005.npy;yao_ming_0019.npy,3
yao_ming,yao_ming_0004.npy,yao_ming_0011.npy;yao_ming_0012.npy;yao_ming_0038.npy,3
yao_ming,yao_ming_0005.npy,yao_ming_0023.npy;yao_ming_0009.npy;yao_ming_0007.npy,3
yao_ming,yao_ming_0007.npy,yao_ming_0003.npy;yao_ming_0001.npy;yao_ming_0033.npy,3
yao_ming,yao_ming_0009.npy,yao_ming_0004.npy;yao_ming_0017.npy;yao_ming_0019.npy,3
yao_ming,yao_ming_0011.npy,yao_ming_0012.npy;yao_ming_0019.npy;yao_ming_0003.npy,3
yao_ming,yao_ming_0012.npy,yao_ming_0007.npy;yao_ming_0036.npy;yao_ming_0038.npy,3
yao_ming,yao_ming_0017.npy,yao_ming_0033.npy;yao_ming_0012.npy;yao_ming_0005.npy,3
yao_ming,yao_ming_0019.npy,yao_ming_0022.npy;yao_ming_0007.npy;yao_ming_0033.npy,3
yao_ming,yao_ming_0022.npy,yao_ming_0012.npy;yao_ming_0005.npy;yao_ming_0003.npy,3
yao_ming,yao_ming_0023.npy,yao_ming_0004.npy;yao_ming_0003.npy;yao_ming_0012.npy,3
yao_ming,yao_ming_0033.npy,yao_ming_0004.npy;yao_ming_0023.npy;yao_ming_0012.npy,3
yao_ming,yao_ming_0036.npy,yao_ming_0003.npy;yao_ming_0033.npy;yao_ming_0022.npy,3
yao_ming,yao_ming_0038.npy,yao_ming_0036.npy;yao_ming_0009.npy;yao_ming_0022.npy,3
ye_liu,ye_liu_0001.npy,ye_liu_0007.npy;ye_liu_0024.npy;ye_liu_0002.npy,3
ye_liu,ye_liu_0002.npy,ye_liu_0018.npy;ye_liu_0029.npy;ye_liu_0007.npy,3
ye_liu,ye_liu_0006.npy,ye_liu_0007.npy;ye_liu_0002.npy;ye_liu_0024.npy,3
ye_liu,ye_liu_0007.npy,ye_liu_0029.npy;ye_liu_0006.npy;ye_liu_0018.npy,3
ye_liu,ye_liu_0012.npy,ye_liu_0002.npy;ye_liu_0001.npy;ye_liu_0029.npy,3
ye_liu,ye_liu_0018.npy,ye_liu_0029.npy;ye_liu_0002.npy;ye_liu_0024.npy,3
ye_liu,ye_liu_0024.npy,ye_liu_0029.npy;ye_liu_0007.npy;ye_liu_0001.npy,3
ye_liu,ye_liu_0029.npy,ye_liu_0006.npy;ye_liu_0012.npy;ye_liu_0018.npy,3
yoo_ah_in,yoo_ah_in_0001.npy,yoo_ah_in_0022.npy;yoo_ah_in_0028.npy;yoo_ah_in_0031.npy,3
yoo_ah_in,yoo_ah_in_0003.npy,yoo_ah_in_0015.npy;yoo_ah_in_0038.npy;yoo_ah_in_0008.npy,3
yoo_ah_in,yoo_ah_in_0008.npy,yoo_ah_in_0003.npy;yoo_ah_in_0021.npy;yoo_ah_in_0027.npy,3
yoo_ah_in,yoo_ah_in_0015.npy,yoo_ah_in_0048.npy;yoo_ah_in_0050.npy;yoo_ah_in_0028.npy,3
yoo_ah_in,yoo_ah_in_0018.npy,yoo_ah_in_0031.npy;yoo_ah_in_0027.npy;yoo_ah_in_0048.npy,3
yoo_ah_in,yoo_ah_in_0021.npy,yoo_ah_in_0038.npy;yoo_ah_in_0003.npy;yoo_ah_in_0008.npy,3
yoo_ah_in,yoo_ah_in_0022.npy,yoo_ah_in_0021.npy;yoo_ah_in_0044.npy;yoo_ah_in_0003.npy,3
yoo_ah_in,yoo_ah_in_0027.npy,yoo_ah_in_0028.npy;yoo_ah_in_0050.npy;yoo_ah_in_0044.npy,3
yoo_ah_in,yoo_ah_in_0028.npy,yoo_ah_in_0031.npy;yoo_ah_in_0021.npy;yoo_ah_in_0008.npy,3
yoo_ah_in,yoo_ah_in_0031.npy,yoo_ah_in_0050.npy;yoo_ah_in_0028.npy;yoo_ah_in_0044.npy,3
yoo_ah_in,yoo_ah_in_0038.npy,yoo_ah_in_0031.npy;yoo_ah_in_0008.npy;yoo_ah_in_0048.npy,3
yoo_ah_in,yoo_ah_in_0044.npy,yoo_ah_in_0022.npy;yoo_ah_in_0028.npy;yoo_ah_in_0001.npy,3
yoo_ah_in,yoo_ah_in_0048.npy,yoo_ah_in_0003.npy;yoo_ah_in_0028.npy;yoo_ah_in_0008.npy,3
yoo_ah_in,yoo_ah_in_0050.npy,yoo_ah_in_0018.npy;yoo_ah_in_0008.npy;yoo_ah_in_0044.npy,3
young_man_kang,young_man_kang_0009.npy,young_man_kang_0030.npy;young_man_kang_0024.npy;young_man_kang_0022.npy,3
young_man_kang,young_man_kang_0010.npy,young_man_kang_0066.npy;young_man_kang_0027.npy;young_man_kang_0049.npy,3
young_man_kang,young_man_kang_0012.npy,young_man_kang_0010.npy;young_man_kang_0027.npy;young_man_kang_0066.npy,3
young_man_kang,young_man_kang_0022.npy,young_man_kang_0066.npy;young_man_kang_0027.npy;young_man_kang_0010.npy,3
young_man_kang,young_man_kang_0024.npy,young_man_kang_0027.npy;young_man_kang_0010.npy;young_man_kang_0066.npy,3
young_man_kang,young_man_kang_0027.npy,young_man_kang_0012.npy;young_man_kang_0066.npy;young_man_kang_0010.npy,3
young_man_kang,young_man_kang_0030.npy,young_man_kang_0027.npy;young_man_kang_0009.npy;young_man_kang_0049.npy,3
young_man_kang,young_man_kang_0049.npy,young_man_kang_0009.npy;young_man_kang_0010.npy;young_man_kang_0066.npy,3
young_man_kang,young_man_kang_0055.npy,young_man_kang_0024.npy;young_man_kang_0022.npy;young_man_kang_0030.npy,3
young_man_kang,young_man_kang_0066.npy,young_man_kang_0030.npy;young_man_kang_0009.npy;young_man_kang_0022.npy,3
yun-fat_chow,yun-fat_chow_0008.npy,yun-fat_chow_0200.npy;yun-fat_chow_0358.npy;yun-fat_chow_0050.npy,3
yun-fat_chow,yun-fat_chow_0016.npy,yun-fat_chow_0358.npy;yun-fat_chow_0008.npy;yun-fat_chow_0050.npy,3
yun-fat_chow,yun-fat_chow_0050.npy,yun-fat_chow_0200.npy;yun-fat_chow_0016.npy;yun-fat_chow_0008.npy,3
yun-fat_chow,yun-fat_chow_0200.npy,yun-fat_chow_0008.npy;yun-fat_chow_0358.npy;yun-fat_chow_0016.npy,3
yun-fat_chow,yun-fat_chow_0358.npy,yun-fat_chow_0200.npy;yun-fat_chow_0016.npy;yun-fat_chow_0050.npy,3
aisha_tyler,aisha_tyler_0025.npy,aisha_tyler_0044.npy;aisha_tyler_0049.npy;aisha_tyler_0092.npy,3
aisha_tyler,aisha_tyler_0029.npy,aisha_tyler_0044.npy;aisha_tyler_0049.npy;aisha_tyler_0128.npy,3
aisha_tyler,aisha_tyler_0044.npy,aisha_tyler_0128.npy;aisha_tyler_0049.npy;aisha_tyler_0061.npy,3
aisha_tyler,aisha_tyler_0049.npy,aisha_tyler_0029.npy;aisha_tyler_0044.npy;aisha_tyler_0092.npy,3
aisha_tyler,aisha_tyler_0061.npy,aisha_tyler_0092.npy;aisha_tyler_0025.npy;aisha_tyler_0044.npy,3
aisha_tyler,aisha_tyler_0092.npy,aisha_tyler_0029.npy;aisha_tyler_0049.npy;aisha_tyler_0025.npy,3
aisha_tyler,aisha_tyler_0128.npy,aisha_tyler_0044.npy;aisha_tyler_0049.npy;aisha_tyler_0029.npy,3
aisha_tyler,aisha_tyler_0159.npy,aisha_tyler_0029.npy;aisha_tyler_0025.npy;aisha_tyler_0092.npy,3
alfre_woodard,alfre_woodard_0094.npy,alfre_woodard_0113.npy;alfre_woodard_0132.npy;alfre_woodard_0154.npy,3
alfre_woodard,alfre_woodard_0103.npy,alfre_woodard_0132.npy;alfre_woodard_0105.npy;alfre_woodard_0094.npy,3
alfre_woodard,alfre_woodard_0105.npy,alfre_woodard_0113.npy;alfre_woodard_0154.npy;alfre_woodard_0094.npy,3
alfre_woodard,alfre_woodard_0113.npy,alfre_woodard_0103.npy;alfre_woodard_0132.npy;alfre_woodard_0105.npy,3
alfre_woodard,alfre_woodard_0132.npy,alfre_woodard_0113.npy;alfre_woodard_0154.npy;alfre_woodard_0103.npy,3
alfre_woodard,alfre_woodard_0154.npy,alfre_woodard_0113.npy;alfre_woodard_0094.npy;alfre_woodard_0132.npy,3
amber_riley,amber_riley_0080.npy,amber_riley_0091.npy;amber_riley_0102.npy;amber_riley_0118.npy,3
amber_riley,amber_riley_0091.npy,amber_riley_0080.npy;amber_riley_0102.npy;amber_riley_0118.npy,3
amber_riley,amber_riley_0102.npy,amber_riley_0080.npy;amber_riley_0091.npy;amber_riley_0118.npy,3
amber_riley,amber_riley_0118.npy,amber_riley_0080.npy;amber_riley_0091.npy;amber_riley_0102.npy,3
audra_mcdonald,audra_mcdonald_0022.npy,audra_mcdonald_0055.npy;audra_mcdonald_0060.npy;audra_mcdonald_0027.npy,3
audra_mcdonald,audra_mcdonald_0027.npy,audra_mcdonald_0038.npy;audra_mcdonald_0044.npy;audra_mcdonald_0022.npy,3
audra_mcdonald,audra_mcdonald_0038.npy,audra_mcdonald_0022.npy;audra_mcdonald_0044.npy;audra_mcdonald_0027.npy,3
audra_mcdonald,audra_mcdonald_0044.npy,audra_mcdonald_0060.npy;audra_mcdonald_0055.npy;audra_mcdonald_0027.npy,3
audra_mcdonald,audra_mcdonald_0055.npy,audra_mcdonald_0060.npy;audra_mcdonald_0022.npy;audra_mcdonald_0044.npy,3
audra_mcdonald,audra_mcdonald_0060.npy,audra_mcdonald_0044.npy;audra_mcdonald_0027.npy;audra_mcdonald_0055.npy,3
chandra_wilson,chandra_wilson_0008.npy,chandra_wilson_0108.npy;chandra_wilson_0109.npy;chandra_wilson_0070.npy,3
chandra_wilson,chandra_wilson_0018.npy,chandra_wilson_0008.npy;chandra_wilson_0109.npy;chandra_wilson_0130.npy,3
chandra_wilson,chandra_wilson_0070.npy,chandra_wilson_0130.npy;chandra_wilson_0018.npy;chandra_wilson_0109.npy,3
chandra_wilson,chandra_wilson_0108.npy,chandra_wilson_0130.npy;chandra_wilson_0070.npy;chandra_wilson_0008.npy,3
chandra_wilson,chandra_wilson_0109.npy,chandra_wilson_0108.npy;chandra_wilson_0130.npy;chandra_wilson_0070.npy,3
chandra_wilson,chandra_wilson_0130.npy,chandra_wilson_0070.npy;chandra_wilson_0008.npy;chandra_wilson_0108.npy,3
claudia_jordan,claudia_jordan_0001.npy,claudia_jordan_0005.npy;claudia_jordan_0032.npy;claudia_jordan_0029.npy,3
claudia_jordan,claudia_jordan_0005.npy,claudia_jordan_0029.npy;claudia_jordan_0039.npy;claudia_jordan_0047.npy,3
claudia_jordan,claudia_jordan_0023.npy,claudia_jordan_0005.npy;claudia_jordan_0047.npy;claudia_jordan_0032.npy,3
claudia_jordan,claudia_jordan_0029.npy,claudia_jordan_0039.npy;claudia_jordan_0001.npy;claudia_jordan_0047.npy,3
claudia_jordan,claudia_jordan_0032.npy,claudia_jordan_0001.npy;claudia_jordan_0005.npy;claudia_jordan_0023.npy,3
claudia_jordan,claudia_jordan_0039.npy,claudia_jordan_0029.npy;claudia_jordan_0032.npy;claudia_jordan_0047.npy,3
claudia_jordan,claudia_jordan_0047.npy,claudia_jordan_0005.npy;claudia_jordan_0032.npy;claudia_jordan_0039.npy,3
denyce_lawton,denyce_lawton_0002.npy,denyce_lawton_0058.npy;denyce_lawton_0095.npy;denyce_lawton_0034.npy,3
denyce_lawton,denyce_lawton_0013.npy,denyce_lawton_0034.npy;denyce_lawton_0095.npy;denyce_lawton_0058.npy,3
denyce_lawton,denyce_lawton_0034.npy,denyce_lawton_0058.npy;denyce_lawton_0095.npy;denyce_lawton_0013.npy,3
denyce_lawton,denyce_lawton_0058.npy,denyce_lawton_0034.npy;denyce_lawton_0013.npy;denyce_lawton_0002.npy,3
denyce_lawton,denyce_lawton_0095.npy,denyce_lawton_0034.npy;denyce_lawton_0013.npy;denyce_lawton_0002.npy,3
eva_marcille,eva_marcille_0011.npy,eva_marcille_0045.npy;eva_marcille_0029.npy;eva_marcille_0025.npy,3
eva_marcille,eva_marcille_0014.npy,eva_marcille_0011.npy;eva_marcille_0029.npy;eva_marcille_0025.npy,3
eva_marcille,eva_marcille_0025.npy,eva_marcille_0029.npy;eva_marcille_0045.npy;eva_marcille_0011.npy,3
eva_marcille,eva_marcille_0029.npy,eva_marcille_0011.npy;eva_marcille_0025.npy;eva_marcille_0014.npy,3
eva_marcille,eva_marcille_0045.npy,eva_marcille_0014.npy;eva_marcille_0025.npy;eva_marcille_0029.npy,3
gabourey_sidibe,gabourey_sidibe_0037.npy,gabourey_sidibe_0091.npy;gabourey_sidibe_0129.npy;gabourey_sidibe_0152.npy,3
gabourey_sidibe,gabourey_sidibe_0091.npy,gabourey_sidibe_0037.npy;gabourey_sidibe_0129.npy;gabourey_sidibe_0152.npy,3
gabourey_sidibe,gabourey_sidibe_0129.npy,gabourey_sidibe_0037.npy;gabourey_sidibe_0091.npy;gabourey_sidibe_0152.npy,3
gabourey_sidibe,gabourey_sidibe_0152.npy,gabourey_sidibe_0037.npy;gabourey_sidibe_0091.npy;gabourey_sidibe_0129.npy,3
gloria_reuben,gloria_reuben_0002.npy,gloria_reuben_0021.npy;gloria_reuben_0053.npy;gloria_reuben_0048.npy,3
gloria_reuben,gloria_reuben_0017.npy,gloria_reuben_0027.npy;gloria_reuben_0002.npy;gloria_reuben_0039.npy,3
gloria_reuben,gloria_reuben_0019.npy,gloria_reuben_0017.npy;gloria_reuben_0057.npy;gloria_reuben_0002.npy,3
gloria_reuben,gloria_reuben_0021.npy,gloria_reuben_0057.npy;gloria_reuben_0019.npy;gloria_reuben_0027.npy,3
gloria_reuben,gloria_reuben_0027.npy,gloria_reuben_0019.npy;gloria_reuben_0021.npy;gloria_reuben_0048.npy,3
gloria_reuben,gloria_reuben_0039.npy,gloria_reuben_0021.npy;gloria_reuben_0057.npy;gloria_reuben_0027.npy,3
gloria_reuben,gloria_reuben_0048.npy,gloria_reuben_0057.npy;gloria_reuben_0053.npy;gloria_reuben_0039.npy,3
gloria_reuben,gloria_reuben_0053.npy,gloria_reuben_0002.npy;gloria_reuben_0039.npy;gloria_reuben_0017.npy,3
gloria_reuben,gloria_reuben_0057.npy,gloria_reuben_0021.npy;gloria_reuben_0027.npy;gloria_reuben_0019.npy,3
jordin_sparks,jordin_sparks_0008.npy,jordin_sparks_0155.npy;jordin_sparks_0107.npy;jordin_sparks_0097.npy,3
jordin_sparks,jordin_sparks_0027.npy,jordin_sparks_0120.npy;jordin_sparks_0038.npy;jordin_sparks_0097.npy,3
jordin_sparks,jordin_sparks_0038.npy,jordin_sparks_0120.npy;jordin_sparks_0107.npy;jordin_sparks_0058.npy,3
jordin_sparks,jordin_sparks_0058.npy,jordin_sparks_0107.npy;jordin_sparks_0155.npy;jordin_sparks_0097.npy,3
jordin_sparks,jordin_sparks_0097.npy,jordin_sparks_0058.npy;jordin_sparks_0027.npy;jordin_sparks_0038.npy,3
jordin_sparks,jordin_sparks_0107.npy,jordin_sparks_0097.npy;jordin_sparks_0027.npy;jordin_sparks_0038.npy,3
jordin_sparks,jordin_sparks_0120.npy,jordin_sparks_0097.npy;jordin_sparks_0107.npy;jordin_sparks_0027.npy,3
jordin_sparks,jordin_sparks_0131.npy,jordin_sparks_0155.npy;jordin_sparks_0038.npy;jordin_sparks_0058.npy,3
jordin_sparks,jordin_sparks_0155.npy,jordin_sparks_0107.npy;jordin_sparks_0097.npy;jordin_sparks_0131.npy,3
jurnee_smollett-bell,jurnee_smollett-bell_0003.npy,jurnee_smollett-bell_0047.npy;jurnee_smollett-bell_0046.npy;jurnee_smollett-bell_0041.npy,3
jurnee_smollett-bell,jurnee_smollett-bell_0041.npy,jurnee_smollett-bell_0051.npy;jurnee_smollett-bell_0046.npy;jurnee_smollett-bell_0047.npy,3
jurnee_smollett-bell,jurnee_smollett-bell_0046.npy,jurnee_smollett-bell_0041.npy;jurnee_smollett-bell_0051.npy;jurnee_smollett-bell_0003.npy,3
jurnee_smollett-bell,jurnee_smollett-bell_0047.npy,jurnee_smollett-bell_0046.npy;jurnee_smollett-bell_0051.npy;jurnee_smollett-bell_0003.npy,3
jurnee_smollett-bell,jurnee_smollett-bell_0051.npy,jurnee_smollett-bell_0046.npy;jurnee_smollett-bell_0041.npy;jurnee_smollett-bell_0047.npy,3
kat_graham,kat_graham_0036.npy,kat_graham_0037.npy;kat_graham_0042.npy;kat_graham_0108.npy,3
kat_graham,kat_graham_0037.npy,kat_graham_0036.npy;kat_graham_0042.npy;kat_graham_0108.npy,3
kat_graham,kat_graham_0042.npy,kat_graham_0036.npy;kat_graham_0037.npy;kat_graham_0108.npy,3
kat_graham,kat_graham_0108.npy,kat_graham_0036.npy;kat_graham_0037.npy;kat_graham_0042.npy,3
kim_fields,kim_fields_0007.npy,kim_fields_0019.npy;kim_fields_0037.npy;kim_fields_0051.npy,3
kim_fields,kim_fields_0019.npy,kim_fields_0007.npy;kim_fields_0037.npy;kim_fields_0051.npy,3
kim_fields,kim_fields_0037.npy,kim_fields_0007.npy;kim_fields_0019.npy;kim_fields_0051.npy,3
kim_fields,kim_fields_0051.npy,kim_fields_0007.npy;kim_fields_0019.npy;kim_fields_0037.npy,3
la_la_anthony,la_la_anthony_0017.npy,la_la_anthony_0068.npy;la_la_anthony_0055.npy;la_la_anthony_0031.npy,3
la_la_anthony,la_la_anthony_0019.npy,la_la_anthony_0031.npy;la_la_anthony_0058.npy;la_la_anthony_0033.npy,3
la_la_anthony,la_la_anthony_0031.npy,la_la_anthony_0058.npy;la_la_anthony_0033.npy;la_la_anthony_0019.npy,3
la_la_anthony,la_la_anthony_0033.npy,la_la_anthony_0017.npy;la_la_anthony_0058.npy;la_la_anthony_0019.npy,3
la_la_anthony,la_la_anthony_0055.npy,la_la_anthony_0019.npy;la_la_anthony_0017.npy;la_la_anthony_0068.npy,3
la_la_anthony,la_la_anthony_0058.npy,la_la_anthony_0068.npy;la_la_anthony_0019.npy;la_la_anthony_0017.npy,3
la_la_anthony,la_la_anthony_0068.npy,la_la_anthony_0017.npy;la_la_anthony_0033.npy;la_la_anthony_0031.npy,3
lupita_nyong'o,lupita_nyong'o_0021.npy,lupita_nyong'o_0082.npy;lupita_nyong'o_0035.npy;lupita_nyong'o_0061.npy,3
lupita_nyong'o,lupita_nyong'o_0035.npy,lupita_nyong'o_0042.npy;lupita_nyong'o_0021.npy;lupita_nyong'o_0061.npy,3
lupita_nyong'o,lupita_nyong'o_0042.npy,lupita_nyong'o_0035.npy;lupita_nyong'o_0082.npy;lupita_nyong'o_0061.npy,3
lupita_nyong'o,lupita_nyong'o_0061.npy,lupita_nyong'o_0082.npy;lupita_nyong'o_0122.npy;lupita_nyong'o_0042.npy,3
lupita_nyong'o,lupita_nyong'o_0082.npy,lupita_nyong'o_0035.npy;lupita_nyong'o_0042.npy;lupita_nyong'o_0122.npy,3
lupita_nyong'o,lupita_nyong'o_0122.npy,lupita_nyong'o_0042.npy;lupita_nyong'o_0021.npy;lupita_nyong'o_0061.npy,3
megalyn_echikunwoke,megalyn_echikunwoke_0002.npy,megalyn_echikunwoke_0048.npy;megalyn_echikunwoke_0043.npy;megalyn_echikunwoke_0008.npy,3
megalyn_echikunwoke,megalyn_echikunwoke_0006.npy,megalyn_echikunwoke_0043.npy;megalyn_echikunwoke_0002.npy;megalyn_echikunwoke_0008.npy,3
megalyn_echikunwoke,megalyn_echikunwoke_0008.npy,megalyn_echikunwoke_0032.npy;megalyn_echikunwoke_0006.npy;megalyn_echikunwoke_0002.npy,3
megalyn_echikunwoke,megalyn_echikunwoke_0021.npy,megalyn_echikunwoke_0032.npy;megalyn_echikunwoke_0048.npy;megalyn_echikunwoke_0006.npy,3
megalyn_echikunwoke,megalyn_echikunwoke_0032.npy,megalyn_echikunwoke_0048.npy;megalyn_echikunwoke_0008.npy;megalyn_echikunwoke_0002.npy,3
megalyn_echikunwoke,megalyn_echikunwoke_0043.npy,megalyn_echikunwoke_0002.npy;megalyn_echikunwoke_0008.npy;megalyn_echikunwoke_0048.npy,3
megalyn_echikunwoke,megalyn_echikunwoke_0048.npy,megalyn_echikunwoke_0008.npy;megalyn_echikunwoke_0043.npy;megalyn_echikunwoke_0021.npy,3
mo'nique,mo'nique_0023.npy,mo'nique_0103.npy;mo'nique_0093.npy;mo'nique_0025.npy,3
mo'nique,mo'nique_0025.npy,mo'nique_0103.npy;mo'nique_0093.npy;mo'nique_0038.npy,3
mo'nique,mo'nique_0038.npy,mo'nique_0025.npy;mo'nique_0023.npy;mo'nique_0103.npy,3
mo'nique,mo'nique_0080.npy,mo'nique_0025.npy;mo'nique_0093.npy;mo'nique_0038.npy,3
mo'nique,mo'nique_0093.npy,mo'nique_0038.npy;mo'nique_0025.npy;mo'nique_0023.npy,3
mo'nique,mo'nique_0103.npy,mo'nique_0038.npy;mo'nique_0093.npy;mo'nique_0080.npy,3
monique_coleman,monique_coleman_0015.npy,monique_coleman_0040.npy;monique_coleman_0023.npy;monique_coleman_0048.npy,3
monique_coleman,monique_coleman_0023.npy,monique_coleman_0048.npy;monique_coleman_0045.npy;monique_coleman_0040.npy,3
monique_coleman,monique_coleman_0040.npy,monique_coleman_0015.npy;monique_coleman_0023.npy;monique_coleman_0048.npy,3
monique_coleman,monique_coleman_0045.npy,monique_coleman_0023.npy;monique_coleman_0015.npy;monique_coleman_0048.npy,3
monique_coleman,monique_coleman_0048.npy,monique_coleman_0040.npy;monique_coleman_0015.npy;monique_coleman_0045.npy,3
namaiya_cunningham,namaiya_cunningham_0012.npy,namaiya_cunningham_0044.npy;namaiya_cunningham_0029.npy;namaiya_cunningham_0021.npy,3
namaiya_cunningham,namaiya_cunningham_0021.npy,namaiya_cunningham_0051.npy;namaiya_cunningham_0029.npy;namaiya_cunningham_0044.npy,3
namaiya_cunningham,namaiya_cunningham_0029.npy,namaiya_cunningham_0044.npy;namaiya_cunningham_0051.npy;namaiya_cunningham_0012.npy,3
namaiya_cunningham,namaiya_cunningham_0044.npy,namaiya_cunningham_0029.npy;namaiya_cunningham_0051.npy;namaiya_cunningham_0021.npy,3
namaiya_cunningham,namaiya_cunningham_0051.npy,namaiya_cunningham_0021.npy;namaiya_cunningham_0012.npy;namaiya_cunningham_0029.npy,3
pam_grier,pam_grier_0055.npy,pam_grier_0062.npy;pam_grier_0065.npy;pam_grier_0078.npy,3
pam_grier,pam_grier_0062.npy,pam_grier_0055.npy;pam_grier_0065.npy;pam_grier_0078.npy,3
pam_grier,pam_grier_0065.npy,pam_grier_0055.npy;pam_grier_0062.npy;pam_grier_0078.npy,3
pam_grier,pam_grier_0078.npy,pam_grier_0055.npy;pam_grier_0062.npy;pam_grier_0065.npy,3
pamella_d'pella,pamella_d'pella_0015.npy,pamella_d'pella_0099.npy;pamella_d'pella_0076.npy;pamella_d'pella_0052.npy,3
pamella_d'pella,pamella_d'pella_0052.npy,pamella_d'pella_0099.npy;pamella_d'pella_0096.npy;pamella_d'pella_0076.npy,3
pamella_d'pella,pamella_d'pella_0076.npy,pamella_d'pella_0015.npy;pamella_d'pella_0096.npy;pamella_d'pella_0052.npy,3
pamella_d'pella,pamella_d'pella_0096.npy,pamella_d'pella_0076.npy;pamella_d'pella_0099.npy;pamella_d'pella_0015.npy,3
pamella_d'pella,pamella_d'pella_0099.npy,pamella_d'pella_0052.npy;pamella_d'pella_0015.npy;pamella_d'pella_0096.npy,3
regina_hall,regina_hall_0002.npy,regina_hall_0024.npy;regina_hall_0032.npy;regina_hall_0037.npy,3
regina_hall,regina_hall_0005.npy,regina_hall_0037.npy;regina_hall_0032.npy;regina_hall_0050.npy,3
regina_hall,regina_hall_0007.npy,regina_hall_0050.npy;regina_hall_0046.npy;regina_hall_0036.npy,3
regina_hall,regina_hall_0024.npy,regina_hall_0032.npy;regina_hall_0046.npy;regina_hall_0005.npy,3
regina_hall,regina_hall_0032.npy,regina_hall_0005.npy;regina_hall_0036.npy;regina_hall_0024.npy,3
regina_hall,regina_hall_0036.npy,regina_hall_0037.npy;regina_hall_0002.npy;regina_hall_0032.npy,3
regina_hall,regina_hall_0037.npy,regina_hall_0005.npy;regina_hall_0002.npy;regina_hall_0032.npy,3
regina_hall,regina_hall_0046.npy,regina_hall_0024.npy;regina_hall_0032.npy;regina_hall_0037.npy,3
regina_hall,regina_hall_0050.npy,regina_hall_0007.npy;regina_hall_0005.npy;regina_hall_0046.npy,3
rihanna,rihanna_0109.npy,rihanna_0170.npy;rihanna_0173.npy;rihanna_0330.npy,3
rihanna,rihanna_0170.npy,rihanna_0109.npy;rihanna_0173.npy;rihanna_0330.npy,3
rihanna,rihanna_0173.npy,rihanna_0109.npy;rihanna_0170.npy;rihanna_0330.npy,3
rihanna,rihanna_0330.npy,rihanna_0109.npy;rihanna_0170.npy;rihanna_0173.npy,3
s_epatha_merkerson,s_epatha_merkerson_0003.npy,s_epatha_merkerson_0028.npy;s_epatha_merkerson_0030.npy;s_epatha_merkerson_0054.npy,3
s_epatha_merkerson,s_epatha_merkerson_0028.npy,s_epatha_merkerson_0003.npy;s_epatha_merkerson_0030.npy;s_epatha_merkerson_0054.npy,3
s_epatha_merkerson,s_epatha_merkerson_0030.npy,s_epatha_merkerson_0003.npy;s_epatha_merkerson_0028.npy;s_epatha_merkerson_0054.npy,3
s_epatha_merkerson,s_epatha_merkerson_0054.npy,s_epatha_merkerson_0003.npy;s_epatha_merkerson_0028.npy;s_epatha_merkerson_0030.npy,3
sanaa_lathan,sanaa_lathan_0020.npy,sanaa_lathan_0118.npy;sanaa_lathan_0109.npy;sanaa_lathan_0062.npy,3
sanaa_lathan,sanaa_lathan_0049.npy,sanaa_lathan_0020.npy;sanaa_lathan_0116.npy;sanaa_lathan_0052.npy,3
sanaa_lathan,sanaa_lathan_0052.npy,sanaa_lathan_0116.npy;sanaa_lathan_0109.npy;sanaa_lathan_0062.npy,3
sanaa_lathan,sanaa_lathan_0054.npy,sanaa_lathan_0020.npy;sanaa_lathan_0109.npy;sanaa_lathan_0062.npy,3
sanaa_lathan,sanaa_lathan_0062.npy,sanaa_lathan_0118.npy;sanaa_lathan_0020.npy;sanaa_lathan_0054.npy,3
sanaa_lathan,sanaa_lathan_0109.npy,sanaa_lathan_0049.npy;sanaa_lathan_0062.npy;sanaa_lathan_0054.npy,3
sanaa_lathan,sanaa_lathan_0116.npy,sanaa_lathan_0054.npy;sanaa_lathan_0062.npy;sanaa_lathan_0020.npy,3
sanaa_lathan,sanaa_lathan_0118.npy,sanaa_lathan_0062.npy;sanaa_lathan_0054.npy;sanaa_lathan_0052.npy,3
selita_ebanks,selita_ebanks_0012.npy,selita_ebanks_0056.npy;selita_ebanks_0014.npy;selita_ebanks_0051.npy,3
selita_ebanks,selita_ebanks_0014.npy,selita_ebanks_0029.npy;selita_ebanks_0012.npy;selita_ebanks_0026.npy,3
selita_ebanks,selita_ebanks_0026.npy,selita_ebanks_0052.npy;selita_ebanks_0012.npy;selita_ebanks_0056.npy,3
selita_ebanks,selita_ebanks_0029.npy,selita_ebanks_0051.npy;selita_ebanks_0026.npy;selita_ebanks_0012.npy,3
selita_ebanks,selita_ebanks_0051.npy,selita_ebanks_0052.npy;selita_ebanks_0012.npy;selita_ebanks_0056.npy,3
selita_ebanks,selita_ebanks_0052.npy,selita_ebanks_0029.npy;selita_ebanks_0012.npy;selita_ebanks_0026.npy,3
selita_ebanks,selita_ebanks_0056.npy,selita_ebanks_0029.npy;selita_ebanks_0014.npy;selita_ebanks_0052.npy,3
selita_ebanks,selita_ebanks_0062.npy,selita_ebanks_0056.npy;selita_ebanks_0052.npy;selita_ebanks_0029.npy,3
shauna_chin,shauna_chin_0004.npy,shauna_chin_0021.npy;shauna_chin_0030.npy;shauna_chin_0036.npy,3
shauna_chin,shauna_chin_0007.npy,shauna_chin_0030.npy;shauna_chin_0053.npy;shauna_chin_0004.npy,3
shauna_chin,shauna_chin_0018.npy,shauna_chin_0053.npy;shauna_chin_0036.npy;shauna_chin_0007.npy,3
shauna_chin,shauna_chin_0021.npy,shauna_chin_0053.npy;shauna_chin_0018.npy;shauna_chin_0004.npy,3
shauna_chin,shauna_chin_0030.npy,shauna_chin_0007.npy;shauna_chin_0036.npy;shauna_chin_0021.npy,3
shauna_chin,shauna_chin_0036.npy,shauna_chin_0030.npy;shauna_chin_0007.npy;shauna_chin_0053.npy,3
shauna_chin,shauna_chin_0053.npy,shauna_chin_0004.npy;shauna_chin_0036.npy;shauna_chin_0018.npy,3
tamala_jones,tamala_jones_0014.npy,tamala_jones_0050.npy;tamala_jones_0060.npy;tamala_jones_0059.npy,3
tamala_jones,tamala_jones_0016.npy,tamala_jones_0050.npy;tamala_jones_0059.npy;tamala_jones_0067.npy,3
tamala_jones,tamala_jones_0034.npy,tamala_jones_0067.npy;tamala_jones_0016.npy;tamala_jones_0060.npy,3
tamala_jones,tamala_jones_0043.npy,tamala_jones_0050.npy;tamala_jones_0034.npy;tamala_jones_0016.npy,3
tamala_jones,tamala_jones_0050.npy,tamala_jones_0034.npy;tamala_jones_0016.npy;tamala_jones_0014.npy,3
tamala_jones,tamala_jones_0059.npy,tamala_jones_0014.npy;tamala_jones_0060.npy;tamala_jones_0043.npy,3
tamala_jones,tamala_jones_0060.npy,tamala_jones_0050.npy;tamala_jones_0014.npy;tamala_jones_0016.npy,3
tamala_jones,tamala_jones_0067.npy,tamala_jones_0016.npy;tamala_jones_0014.npy;tamala_jones_0059.npy,3
tatyana_ali,tatyana_ali_0013.npy,tatyana_ali_0035.npy;tatyana_ali_0015.npy;tatyana_ali_0028.npy,3
tatyana_ali,tatyana_ali_0015.npy,tatyana_ali_0035.npy;tatyana_ali_0041.npy;tatyana_ali_0013.npy,3
tatyana_ali,tatyana_ali_0020.npy,tatyana_ali_0015.npy;tatyana_ali_0041.npy;tatyana_ali_0013.npy,3
tatyana_ali,tatyana_ali_0021.npy,tatyana_ali_0028.npy;tatyana_ali_0049.npy;tatyana_ali_0015.npy,3
tatyana_ali,tatyana_ali_0028.npy,tatyana_ali_0035.npy;tatyana_ali_0015.npy;tatyana_ali_0013.npy,3
tatyana_ali,tatyana_ali_0035.npy,tatyana_ali_0015.npy;tatyana_ali_0028.npy;tatyana_ali_0020.npy,3
tatyana_ali,tatyana_ali_0041.npy,tatyana_ali_0015.npy;tatyana_ali_0035.npy;tatyana_ali_0028.npy,3
tatyana_ali,tatyana_ali_0049.npy,tatyana_ali_0020.npy;tatyana_ali_0028.npy;tatyana_ali_0035.npy,3
thandie_newton,thandie_newton_0026.npy,thandie_newton_0166.npy;thandie_newton_0066.npy;thandie_newton_0051.npy,3
thandie_newton,thandie_newton_0031.npy,thandie_newton_0066.npy;thandie_newton_0051.npy;thandie_newton_0146.npy,3
thandie_newton,thandie_newton_0051.npy,thandie_newton_0103.npy;thandie_newton_0066.npy;thandie_newton_0146.npy,3
thandie_newton,thandie_newton_0066.npy,thandie_newton_0026.npy;thandie_newton_0146.npy;thandie_newton_0031.npy,3
thandie_newton,thandie_newton_0103.npy,thandie_newton_0166.npy;thandie_newton_0066.npy;thandie_newton_0146.npy,3
thandie_newton,thandie_newton_0146.npy,thandie_newton_0026.npy;thandie_newton_0051.npy;thandie_newton_0066.npy,3
thandie_newton,thandie_newton_0166.npy,thandie_newton_0103.npy;thandie_newton_0051.npy;thandie_newton_0066.npy,3
tichina_arnold,tichina_arnold_0010.npy,tichina_arnold_0038.npy;tichina_arnold_0047.npy;tichina_arnold_0061.npy,3
tichina_arnold,tichina_arnold_0038.npy,tichina_arnold_0010.npy;tichina_arnold_0047.npy;tichina_arnold_0061.npy,3
tichina_arnold,tichina_arnold_0047.npy,tichina_arnold_0010.npy;tichina_arnold_0038.npy;tichina_arnold_0061.npy,3
tichina_arnold,tichina_arnold_0061.npy,tichina_arnold_0010.npy;tichina_arnold_0038.npy;tichina_arnold_0047.npy,3
veronica_webb,veronica_webb_0001.npy,veronica_webb_0043.npy;veronica_webb_0010.npy;veronica_webb_0022.npy,3
veronica_webb,veronica_webb_0010.npy,veronica_webb_0043.npy;veronica_webb_0001.npy;veronica_webb_0022.npy,3
veronica_webb,veronica_webb_0022.npy,veronica_webb_0010.npy;veronica_webb_0001.npy;veronica_webb_0043.npy,3
veronica_webb,veronica_webb_0036.npy,veronica_webb_0010.npy;veronica_webb_0043.npy;veronica_webb_0001.npy,3
veronica_webb,veronica_webb_0043.npy,veronica_webb_0036.npy;veronica_webb_0010.npy;veronica_webb_0001.npy,3
wanda_sykes,wanda_sykes_0001.npy,wanda_sykes_0056.npy;wanda_sykes_0031.npy;wanda_sykes_0059.npy,3
wanda_sykes,wanda_sykes_0005.npy,wanda_sykes_0031.npy;wanda_sykes_0046.npy;wanda_sykes_0056.npy,3
wanda_sykes,wanda_sykes_0031.npy,wanda_sykes_0001.npy;wanda_sykes_0056.npy;wanda_sykes_0005.npy,3
wanda_sykes,wanda_sykes_0046.npy,wanda_sykes_0001.npy;wanda_sykes_0005.npy;wanda_sykes_0059.npy,3
wanda_sykes,wanda_sykes_0056.npy,wanda_sykes_0031.npy;wanda_sykes_0046.npy;wanda_sykes_0059.npy,3
wanda_sykes,wanda_sykes_0059.npy,wanda_sykes_0056.npy;wanda_sykes_0001.npy;wanda_sykes_0046.npy,3
yvette_nicole_brown,yvette_nicole_brown_0015.npy,yvette_nicole_brown_0045.npy;yvette_nicole_brown_0099.npy;yvette_nicole_brown_0096.npy,3
yvette_nicole_brown,yvette_nicole_brown_0020.npy,yvette_nicole_brown_0045.npy;yvette_nicole_brown_0088.npy;yvette_nicole_brown_0122.npy,3
yvette_nicole_brown,yvette_nicole_brown_0041.npy,yvette_nicole_brown_0074.npy;yvette_nicole_brown_0055.npy;yvette_nicole_brown_0015.npy,3
yvette_nicole_brown,yvette_nicole_brown_0044.npy,yvette_nicole_brown_0045.npy;yvette_nicole_brown_0122.npy;yvette_nicole_brown_0020.npy,3
yvette_nicole_brown,yvette_nicole_brown_0045.npy,yvette_nicole_brown_0088.npy;yvette_nicole_brown_0044.npy;yvette_nicole_brown_0099.npy,3
yvette_nicole_brown,yvette_nicole_brown_0055.npy,yvette_nicole_brown_0082.npy;yvette_nicole_brown_0044.npy;yvette_nicole_brown_0096.npy,3
yvette_nicole_brown,yvette_nicole_brown_0074.npy,yvette_nicole_brown_0055.npy;yvette_nicole_brown_0045.npy;yvette_nicole_brown_0082.npy,3
yvette_nicole_brown,yvette_nicole_brown_0082.npy,yvette_nicole_brown_0088.npy;yvette_nicole_brown_0096.npy;yvette_nicole_brown_0055.npy,3
yvette_nicole_brown,yvette_nicole_brown_0088.npy,yvette_nicole_brown_0045.npy;yvette_nicole_brown_0122.npy;yvette_nicole_brown_0055.npy,3
yvette_nicole_brown,yvette_nicole_brown_0096.npy,yvette_nicole_brown_0088.npy;yvette_nicole_brown_0082.npy;yvette_nicole_brown_0099.npy,3
yvette_nicole_brown,yvette_nicole_brown_0099.npy,yvette_nicole_brown_0020.npy;yvette_nicole_brown_0082.npy;yvette_nicole_brown_0055.npy,3
yvette_nicole_brown,yvette_nicole_brown_0122.npy,yvette_nicole_brown_0044.npy;yvette_nicole_brown_0055.npy;yvette_nicole_brown_0096.npy,3
zoe_kravitz,zoe_kravitz_0050.npy,zoe_kravitz_0083.npy;zoe_kravitz_0061.npy;zoe_kravitz_0077.npy,3
zoe_kravitz,zoe_kravitz_0061.npy,zoe_kravitz_0064.npy;zoe_kravitz_0103.npy;zoe_kravitz_0050.npy,3
zoe_kravitz,zoe_kravitz_0064.npy,zoe_kravitz_0077.npy;zoe_kravitz_0083.npy;zoe_kravitz_0061.npy,3
zoe_kravitz,zoe_kravitz_0077.npy,zoe_kravitz_0061.npy;zoe_kravitz_0103.npy;zoe_kravitz_0083.npy,3
zoe_kravitz,zoe_kravitz_0083.npy,zoe_kravitz_0061.npy;zoe_kravitz_0077.npy;zoe_kravitz_0064.npy,3
zoe_kravitz,zoe_kravitz_0103.npy,zoe_kravitz_0061.npy;zoe_kravitz_0077.npy;zoe_kravitz_0064.npy,3
50_cent,50_cent_0020.npy,50_cent_0067.npy;50_cent_0104.npy;50_cent_0055.npy,3
50_cent,50_cent_0025.npy,50_cent_0073.npy;50_cent_0104.npy;50_cent_0020.npy,3
50_cent,50_cent_0055.npy,50_cent_0067.npy;50_cent_0025.npy;50_cent_0020.npy,3
50_cent,50_cent_0067.npy,50_cent_0104.npy;50_cent_0073.npy;50_cent_0020.npy,3
50_cent,50_cent_0073.npy,50_cent_0104.npy;50_cent_0020.npy;50_cent_0055.npy,3
50_cent,50_cent_0104.npy,50_cent_0020.npy;50_cent_0073.npy;50_cent_0055.npy,3
aldis_hodge,aldis_hodge_0004.npy,aldis_hodge_0016.npy;aldis_hodge_0031.npy;aldis_hodge_0032.npy,3
aldis_hodge,aldis_hodge_0016.npy,aldis_hodge_0031.npy;aldis_hodge_0040.npy;aldis_hodge_0028.npy,3
aldis_hodge,aldis_hodge_0040.npy,aldis_hodge_0025.npy;aldis_hodge_0004.npy;aldis_hodge_0028.npy,3
aldis_hodge,aldis_hodge_0021.npy,aldis_hodge_0040.npy;aldis_hodge_0004.npy;aldis_hodge_0016.npy,3
aldis_hodge,aldis_hodge_0025.npy,aldis_hodge_0032.npy;aldis_hodge_0040.npy;aldis_hodge_0004.npy,3
aldis_hodge,aldis_hodge_0026.npy,aldis_hodge_0032.npy;aldis_hodge_0028.npy;aldis_hodge_0021.npy,3
aldis_hodge,aldis_hodge_0028.npy,aldis_hodge_0004.npy;aldis_hodge_0032.npy;aldis_hodge_0025.npy,3
aldis_hodge,aldis_hodge_0031.npy,aldis_hodge_0028.npy;aldis_hodge_0004.npy;aldis_hodge_0032.npy,3
aldis_hodge,aldis_hodge_0032.npy,aldis_hodge_0025.npy;aldis_hodge_0031.npy;aldis_hodge_0040.npy,3
andre_braugher,andre_braugher_0001.npy,andre_braugher_0013.npy;andre_braugher_0066.npy;andre_braugher_0085.npy,3
andre_braugher,andre_braugher_0013.npy,andre_braugher_0001.npy;andre_braugher_0085.npy;andre_braugher_0031.npy,3
andre_braugher,andre_braugher_0021.npy,andre_braugher_0013.npy;andre_braugher_0085.npy;andre_braugher_0001.npy,3
andre_braugher,andre_braugher_0031.npy,andre_braugher_0085.npy;andre_braugher_0021.npy;andre_braugher_0013.npy,3
andre_braugher,andre_braugher_0066.npy,andre_braugher_0021.npy;andre_braugher_0031.npy;andre_braugher_0001.npy,3
andre_braugher,andre_braugher_0085.npy,andre_braugher_0021.npy;andre_braugher_0031.npy;andre_braugher_0013.npy,3
anthony_anderson,anthony_anderson_0005.npy,anthony_anderson_0067.npy;anthony_anderson_0017.npy;anthony_anderson_0098.npy,3
anthony_anderson,anthony_anderson_0009.npy,anthony_anderson_0033.npy;anthony_anderson_0005.npy;anthony_anderson_0067.npy,3
anthony_anderson,anthony_anderson_0017.npy,anthony_anderson_0005.npy;anthony_anderson_0055.npy;anthony_anderson_0067.npy,3
anthony_anderson,anthony_anderson_0033.npy,anthony_anderson_0055.npy;anthony_anderson_0067.npy;anthony_anderson_0098.npy,3
anthony_anderson,anthony_anderson_0055.npy,anthony_anderson_0005.npy;anthony_anderson_0098.npy;anthony_anderson_0009.npy,3
anthony_anderson,anthony_anderson_0067.npy,anthony_anderson_0005.npy;anthony_anderson_0033.npy;anthony_anderson_0055.npy,3
anthony_anderson,anthony_anderson_0098.npy,anthony_anderson_0067.npy;anthony_anderson_0017.npy;anthony_anderson_0005.npy,3
david_alan_grier,david_alan_grier_0020.npy,david_alan_grier_0105.npy;david_alan_grier_0038.npy;david_alan_grier_0066.npy,3
david_alan_grier,david_alan_grier_0038.npy,david_alan_grier_0050.npy;david_alan_grier_0066.npy;david_alan_grier_0105.npy,3
david_alan_grier,david_alan_grier_0050.npy,david_alan_grier_0020.npy;david_alan_grier_0105.npy;david_alan_grier_0065.npy,3
david_alan_grier,david_alan_grier_0065.npy,david_alan_grier_0050.npy;david_alan_grier_0020.npy;david_alan_grier_0066.npy,3
david_alan_grier,david_alan_grier_0066.npy,david_alan_grier_0050.npy;david_alan_grier_0020.npy;david_alan_grier_0065.npy,3
david_alan_grier,david_alan_grier_0105.npy,david_alan_grier_0066.npy;david_alan_grier_0038.npy;david_alan_grier_0050.npy,3
david_gyasi,david_gyasi_0013.npy,david_gyasi_0033.npy;david_gyasi_0042.npy;david_gyasi_0045.npy,3
david_gyasi,david_gyasi_0033.npy,david_gyasi_0013.npy;david_gyasi_0042.npy;david_gyasi_0045.npy,3
david_gyasi,david_gyasi_0042.npy,david_gyasi_0013.npy;david_gyasi_0033.npy;david_gyasi_0045.npy,3
david_gyasi,david_gyasi_0045.npy,david_gyasi_0013.npy;david_gyasi_0033.npy;david_gyasi_0042.npy,3
donald_glover,donald_glover_0008.npy,donald_glover_0118.npy;donald_glover_0010.npy;donald_glover_0095.npy,3
donald_glover,donald_glover_0010.npy,donald_glover_0095.npy;donald_glover_0106.npy;donald_glover_0080.npy,3
donald_glover,donald_glover_0080.npy,donald_glover_0118.npy;donald_glover_0114.npy;donald_glover_0106.npy,3
donald_glover,donald_glover_0095.npy,donald_glover_0114.npy;donald_glover_0102.npy;donald_glover_0122.npy,3
donald_glover,donald_glover_0102.npy,donald_glover_0080.npy;donald_glover_0118.npy;donald_glover_0114.npy,3
donald_glover,donald_glover_0106.npy,donald_glover_0010.npy;donald_glover_0102.npy;donald_glover_0114.npy,3
donald_glover,donald_glover_0114.npy,donald_glover_0106.npy;donald_glover_0008.npy;donald_glover_0118.npy,3
donald_glover,donald_glover_0118.npy,donald_glover_0114.npy;donald_glover_0010.npy;donald_glover_0008.npy,3
donald_glover,donald_glover_0122.npy,donald_glover_0106.npy;donald_glover_0102.npy;donald_glover_0114.npy,3
dwayne_boyd,dwayne_boyd_0025.npy,dwayne_boyd_0059.npy;dwayne_boyd_0060.npy;dwayne_boyd_0030.npy,3
dwayne_boyd,dwayne_boyd_0027.npy,dwayne_boyd_0025.npy;dwayne_boyd_0055.npy;dwayne_boyd_0030.npy,3
dwayne_boyd,dwayne_boyd_0028.npy,dwayne_boyd_0060.npy;dwayne_boyd_0032.npy;dwayne_boyd_0027.npy,3
dwayne_boyd,dwayne_boyd_0030.npy,dwayne_boyd_0055.npy;dwayne_boyd_0054.npy;dwayne_boyd_0032.npy,3
dwayne_boyd,dwayne_boyd_0032.npy,dwayne_boyd_0059.npy;dwayne_boyd_0027.npy;dwayne_boyd_0055.npy,3
dwayne_boyd,dwayne_boyd_0054.npy,dwayne_boyd_0059.npy;dwayne_boyd_0025.npy;dwayne_boyd_0032.npy,3
dwayne_boyd,dwayne_boyd_0055.npy,dwayne_boyd_0032.npy;dwayne_boyd_0059.npy;dwayne_boyd_0027.npy,3
dwayne_boyd,dwayne_boyd_0059.npy,dwayne_boyd_0027.npy;dwayne_boyd_0025.npy;dwayne_boyd_0028.npy,3
dwayne_boyd,dwayne_boyd_0060.npy,dwayne_boyd_0028.npy;dwayne_boyd_0030.npy;dwayne_boyd_0054.npy,3
fabrice_eboue,fabrice_eboue_0901.npy,fabrice_eboue_0954.npy;fabrice_eboue_0941.npy;fabrice_eboue_0904.npy,3
fabrice_eboue,fabrice_eboue_0902.npy,fabrice_eboue_0942.npy;fabrice_eboue_0922.npy;fabrice_eboue_0913.npy,3
fabrice_eboue,fabrice_eboue_0903.npy,fabrice_eboue_0913.npy;fabrice_eboue_0902.npy;fabrice_eboue_0957.npy,3
fabrice_eboue,fabrice_eboue_0904.npy,fabrice_eboue_0901.npy;fabrice_eboue_0906.npy;fabrice_eboue_0929.npy,3
fabrice_eboue,fabrice_eboue_0905.npy,fabrice_eboue_0913.npy;fabrice_eboue_0954.npy;fabrice_eboue_0906.npy,3
fabrice_eboue,fabrice_eboue_0906.npy,fabrice_eboue_0902.npy;fabrice_eboue_0903.npy;fabrice_eboue_0960.npy,3
fabrice_eboue,fabrice_eboue_0913.npy,fabrice_eboue_0903.npy;fabrice_eboue_0922.npy;fabrice_eboue_0929.npy,3
fabrice_eboue,fabrice_eboue_0922.npy,fabrice_eboue_0930.npy;fabrice_eboue_0960.npy;fabrice_eboue_0957.npy,3
fabrice_eboue,fabrice_eboue_0929.npy,fabrice_eboue_0913.npy;fabrice_eboue_0902.npy;fabrice_eboue_0901.npy,3
fabrice_eboue,fabrice_eboue_0930.npy,fabrice_eboue_0902.npy;fabrice_eboue_0906.npy;fabrice_eboue_0929.npy,3
fabrice_eboue,fabrice_eboue_0940.npy,fabrice_eboue_0902.npy;fabrice_eboue_0930.npy;fabrice_eboue_0957.npy,3
fabrice_eboue,fabrice_eboue_0941.npy,fabrice_eboue_0954.npy;fabrice_eboue_0906.npy;fabrice_eboue_0913.npy,3
fabrice_eboue,fabrice_eboue_0942.npy,fabrice_eboue_0901.npy;fabrice_eboue_0905.npy;fabrice_eboue_0913.npy,3
fabrice_eboue,fabrice_eboue_0954.npy,fabrice_eboue_0913.npy;fabrice_eboue_0942.npy;fabrice_eboue_0902.npy,3
fabrice_eboue,fabrice_eboue_0957.npy,fabrice_eboue_0941.npy;fabrice_eboue_0929.npy;fabrice_eboue_0904.npy,3
fabrice_eboue,fabrice_eboue_0960.npy,fabrice_eboue_0930.npy;fabrice_eboue_0929.npy;fabrice_eboue_0903.npy,3
kyle_massey,kyle_massey_0008.npy,kyle_massey_0046.npy;kyle_massey_0024.npy;kyle_massey_0012.npy,3
kyle_massey,kyle_massey_0012.npy,kyle_massey_0025.npy;kyle_massey_0051.npy;kyle_massey_0024.npy,3
kyle_massey,kyle_massey_0024.npy,kyle_massey_0046.npy;kyle_massey_0012.npy;kyle_massey_0008.npy,3
kyle_massey,kyle_massey_0025.npy,kyle_massey_0012.npy;kyle_massey_0046.npy;kyle_massey_0051.npy,3
kyle_massey,kyle_massey_0046.npy,kyle_massey_0025.npy;kyle_massey_0024.npy;kyle_massey_0012.npy,3
kyle_massey,kyle_massey_0051.npy,kyle_massey_0008.npy;kyle_massey_0024.npy;kyle_massey_0012.npy,3
larry_flash_jenkins,larry_flash_jenkins_0021.npy,larry_flash_jenkins_0037.npy;larry_flash_jenkins_0042.npy;larry_flash_jenkins_0046.npy,3
larry_flash_jenkins,larry_flash_jenkins_0037.npy,larry_flash_jenkins_0021.npy;larry_flash_jenkins_0042.npy;larry_flash_jenkins_0046.npy,3
larry_flash_jenkins,larry_flash_jenkins_0042.npy,larry_flash_jenkins_0021.npy;larry_flash_jenkins_0037.npy;larry_flash_jenkins_0046.npy,3
larry_flash_jenkins,larry_flash_jenkins_0046.npy,larry_flash_jenkins_0021.npy;larry_flash_jenkins_0037.npy;larry_flash_jenkins_0042.npy,3
marlon_wayans,marlon_wayans_0042.npy,marlon_wayans_0063.npy;marlon_wayans_0066.npy;marlon_wayans_0079.npy,3
marlon_wayans,marlon_wayans_0063.npy,marlon_wayans_0042.npy;marlon_wayans_0066.npy;marlon_wayans_0079.npy,3
marlon_wayans,marlon_wayans_0066.npy,marlon_wayans_0042.npy;marlon_wayans_0063.npy;marlon_wayans_0079.npy,3
marlon_wayans,marlon_wayans_0079.npy,marlon_wayans_0042.npy;marlon_wayans_0063.npy;marlon_wayans_0066.npy,3
michael_ealy,michael_ealy_0037.npy,michael_ealy_0086.npy;michael_ealy_0165.npy;michael_ealy_0121.npy,3
michael_ealy,michael_ealy_0048.npy,michael_ealy_0155.npy;michael_ealy_0170.npy;michael_ealy_0086.npy,3
michael_ealy,michael_ealy_0086.npy,michael_ealy_0121.npy;michael_ealy_0037.npy;michael_ealy_0048.npy,3
michael_ealy,michael_ealy_0087.npy,michael_ealy_0086.npy;michael_ealy_0037.npy;michael_ealy_0121.npy,3
michael_ealy,michael_ealy_0121.npy,michael_ealy_0086.npy;michael_ealy_0155.npy;michael_ealy_0087.npy,3
michael_ealy,michael_ealy_0155.npy,michael_ealy_0170.npy;michael_ealy_0086.npy;michael_ealy_0087.npy,3
michael_ealy,michael_ealy_0165.npy,michael_ealy_0086.npy;michael_ealy_0087.npy;michael_ealy_0121.npy,3
michael_ealy,michael_ealy_0170.npy,michael_ealy_0048.npy;michael_ealy_0086.npy;michael_ealy_0155.npy,3
michael_wayne_thomas,michael_wayne_thomas_0012.npy,michael_wayne_thomas_0025.npy;michael_wayne_thomas_0050.npy;michael_wayne_thomas_0029.npy,3
michael_wayne_thomas,michael_wayne_thomas_0023.npy,michael_wayne_thomas_0025.npy;michael_wayne_thomas_0050.npy;michael_wayne_thomas_0029.npy,3
michael_wayne_thomas,michael_wayne_thomas_0025.npy,michael_wayne_thomas_0029.npy;michael_wayne_thomas_0050.npy;michael_wayne_thomas_0023.npy,3
michael_wayne_thomas,michael_wayne_thomas_0029.npy,michael_wayne_thomas_0023.npy;michael_wayne_thomas_0050.npy;michael_wayne_thomas_0025.npy,3
michael_wayne_thomas,michael_wayne_thomas_0050.npy,michael_wayne_thomas_0025.npy;michael_wayne_thomas_0023.npy;michael_wayne_thomas_0029.npy,3
mos_def,mos_def_0011.npy,mos_def_0029.npy;mos_def_0041.npy;mos_def_0031.npy,3
mos_def,mos_def_0029.npy,mos_def_0041.npy;mos_def_0046.npy;mos_def_0031.npy,3
mos_def,mos_def_0031.npy,mos_def_0046.npy;mos_def_0041.npy;mos_def_0011.npy,3
mos_def,mos_def_0035.npy,mos_def_0046.npy;mos_def_0038.npy;mos_def_0029.npy,3
mos_def,mos_def_0038.npy,mos_def_0035.npy;mos_def_0031.npy;mos_def_0011.npy,3
mos_def,mos_def_0041.npy,mos_def_0035.npy;mos_def_0046.npy;mos_def_0029.npy,3
mos_def,mos_def_0046.npy,mos_def_0041.npy;mos_def_0031.npy;mos_def_0029.npy,3
patrick_j_nicolas,patrick_j_nicolas_0011.npy,patrick_j_nicolas_0040.npy;patrick_j_nicolas_0054.npy;patrick_j_nicolas_0012.npy,3
patrick_j_nicolas,patrick_j_nicolas_0012.npy,patrick_j_nicolas_0054.npy;patrick_j_nicolas_0015.npy;patrick_j_nicolas_0011.npy,3
patrick_j_nicolas,patrick_j_nicolas_0015.npy,patrick_j_nicolas_0054.npy;patrick_j_nicolas_0040.npy;patrick_j_nicolas_0012.npy,3
patrick_j_nicolas,patrick_j_nicolas_0040.npy,patrick_j_nicolas_0054.npy;patrick_j_nicolas_0015.npy;patrick_j_nicolas_0012.npy,3
patrick_j_nicolas,patrick_j_nicolas_0054.npy,patrick_j_nicolas_0011.npy;patrick_j_nicolas_0012.npy;patrick_j_nicolas_0040.npy,3
randy_jackson,randy_jackson_0085.npy,randy_jackson_0119.npy;randy_jackson_0161.npy;randy_jackson_0168.npy,3
randy_jackson,randy_jackson_0116.npy,randy_jackson_0146.npy;randy_jackson_0119.npy;randy_jackson_0168.npy,3
randy_jackson,randy_jackson_0119.npy,randy_jackson_0085.npy;randy_jackson_0143.npy;randy_jackson_0146.npy,3
randy_jackson,randy_jackson_0139.npy,randy_jackson_0161.npy;randy_jackson_0168.npy;randy_jackson_0119.npy,3
randy_jackson,randy_jackson_0142.npy,randy_jackson_0161.npy;randy_jackson_0085.npy;randy_jackson_0168.npy,3
randy_jackson,randy_jackson_0143.npy,randy_jackson_0116.npy;randy_jackson_0119.npy;randy_jackson_0168.npy,3
randy_jackson,randy_jackson_0146.npy,randy_jackson_0139.npy;randy_jackson_0168.npy;randy_jackson_0119.npy,3
randy_jackson,randy_jackson_0161.npy,randy_jackson_0146.npy;randy_jackson_0139.npy;randy_jackson_0143.npy,3
randy_jackson,randy_jackson_0168.npy,randy_jackson_0119.npy;randy_jackson_0161.npy;randy_jackson_0085.npy,3
romany_malco,romany_malco_0006.npy,romany_malco_0079.npy;romany_malco_0020.npy;romany_malco_0046.npy,3
romany_malco,romany_malco_0016.npy,romany_malco_0077.npy;romany_malco_0020.npy;romany_malco_0006.npy,3
romany_malco,romany_malco_0020.npy,romany_malco_0046.npy;romany_malco_0058.npy;romany_malco_0084.npy,3
romany_malco,romany_malco_0046.npy,romany_malco_0058.npy;romany_malco_0079.npy;romany_malco_0077.npy,3
romany_malco,romany_malco_0055.npy,romany_malco_0046.npy;romany_malco_0079.npy;romany_malco_0020.npy,3
romany_malco,romany_malco_0057.npy,romany_malco_0079.npy;romany_malco_0016.npy;romany_malco_0046.npy,3
romany_malco,romany_malco_0058.npy,romany_malco_0079.npy;romany_malco_0057.npy;romany_malco_0006.npy,3
romany_malco,romany_malco_0077.npy,romany_malco_0055.npy;romany_malco_0006.npy;romany_malco_0058.npy,3
romany_malco,romany_malco_0079.npy,romany_malco_0016.npy;romany_malco_0006.npy;romany_malco_0058.npy,3
romany_malco,romany_malco_0084.npy,romany_malco_0057.npy;romany_malco_0016.npy;romany_malco_0079.npy,3
shemar_moore,shemar_moore_0015.npy,shemar_moore_0026.npy;shemar_moore_0051.npy;shemar_moore_0020.npy,3
shemar_moore,shemar_moore_0020.npy,shemar_moore_0026.npy;shemar_moore_0051.npy;shemar_moore_0015.npy,3
shemar_moore,shemar_moore_0026.npy,shemar_moore_0051.npy;shemar_moore_0063.npy;shemar_moore_0020.npy,3
shemar_moore,shemar_moore_0051.npy,shemar_moore_0063.npy;shemar_moore_0015.npy;shemar_moore_0020.npy,3
shemar_moore,shemar_moore_0063.npy,shemar_moore_0020.npy;shemar_moore_0015.npy;shemar_moore_0051.npy,3
snoop_dogg,snoop_dogg_0056.npy,snoop_dogg_0158.npy;snoop_dogg_0083.npy;snoop_dogg_0127.npy,3
snoop_dogg,snoop_dogg_0083.npy,snoop_dogg_0158.npy;snoop_dogg_0127.npy;snoop_dogg_0086.npy,3
snoop_dogg,snoop_dogg_0086.npy,snoop_dogg_0158.npy;snoop_dogg_0056.npy;snoop_dogg_0127.npy,3
snoop_dogg,snoop_dogg_0127.npy,snoop_dogg_0083.npy;snoop_dogg_0158.npy;snoop_dogg_0056.npy,3
snoop_dogg,snoop_dogg_0158.npy,snoop_dogg_0056.npy;snoop_dogg_0086.npy;snoop_dogg_0127.npy,3
steve_mcqueen,steve_mcqueen_0004.npy,steve_mcqueen_0095.npy;steve_mcqueen_0016.npy;steve_mcqueen_0014.npy,3
steve_mcqueen,steve_mcqueen_0006.npy,steve_mcqueen_0100.npy;steve_mcqueen_0004.npy;steve_mcqueen_0016.npy,3
steve_mcqueen,steve_mcqueen_0014.npy,steve_mcqueen_0100.npy;steve_mcqueen_0073.npy;steve_mcqueen_0095.npy,3
steve_mcqueen,steve_mcqueen_0016.npy,steve_mcqueen_0095.npy;steve_mcqueen_0073.npy;steve_mcqueen_0036.npy,3
steve_mcqueen,steve_mcqueen_0036.npy,steve_mcqueen_0097.npy;steve_mcqueen_0073.npy;steve_mcqueen_0004.npy,3
steve_mcqueen,steve_mcqueen_0073.npy,steve_mcqueen_0095.npy;steve_mcqueen_0014.npy;steve_mcqueen_0016.npy,3
steve_mcqueen,steve_mcqueen_0095.npy,steve_mcqueen_0014.npy;steve_mcqueen_0097.npy;steve_mcqueen_0073.npy,3
steve_mcqueen,steve_mcqueen_0097.npy,steve_mcqueen_0036.npy;steve_mcqueen_0100.npy;steve_mcqueen_0095.npy,3
steve_mcqueen,steve_mcqueen_0100.npy,steve_mcqueen_0006.npy;steve_mcqueen_0073.npy;steve_mcqueen_0097.npy,3
todd_bridges,todd_bridges_0009.npy,todd_bridges_0010.npy;todd_bridges_0015.npy;todd_bridges_0043.npy,3
todd_bridges,todd_bridges_0010.npy,todd_bridges_0009.npy;todd_bridges_0015.npy;todd_bridges_0043.npy,3
todd_bridges,todd_bridges_0015.npy,todd_bridges_0009.npy;todd_bridges_0010.npy;todd_bridges_0043.npy,3
todd_bridges,todd_bridges_0043.npy,todd_bridges_0009.npy;todd_bridges_0010.npy;todd_bridges_0015.npy,3
tracy_morgan,tracy_morgan_0011.npy,tracy_morgan_0054.npy;tracy_morgan_0022.npy;tracy_morgan_0030.npy,3
tracy_morgan,tracy_morgan_0013.npy,tracy_morgan_0053.npy;tracy_morgan_0022.npy;tracy_morgan_0029.npy,3
tracy_morgan,tracy_morgan_0022.npy,tracy_morgan_0054.npy;tracy_morgan_0029.npy;tracy_morgan_0107.npy,3
tracy_morgan,tracy_morgan_0029.npy,tracy_morgan_0059.npy;tracy_morgan_0190.npy;tracy_morgan_0130.npy,3
tracy_morgan,tracy_morgan_0030.npy,tracy_morgan_0022.npy;tracy_morgan_0130.npy;tracy_morgan_0059.npy,3
tracy_morgan,tracy_morgan_0053.npy,tracy_morgan_0059.npy;tracy_morgan_0022.npy;tracy_morgan_0088.npy,3
tracy_morgan,tracy_morgan_0054.npy,tracy_morgan_0131.npy;tracy_morgan_0107.npy;tracy_morgan_0022.npy,3
tracy_morgan,tracy_morgan_0059.npy,tracy_morgan_0107.npy;tracy_morgan_0022.npy;tracy_morgan_0088.npy,3
tracy_morgan,tracy_morgan_0088.npy,tracy_morgan_0030.npy;tracy_morgan_0022.npy;tracy_morgan_0131.npy,3
tracy_morgan,tracy_morgan_0107.npy,tracy_morgan_0053.npy;tracy_morgan_0059.npy;tracy_morgan_0130.npy,3
tracy_morgan,tracy_morgan_0130.npy,tracy_morgan_0011.npy;tracy_morgan_0053.npy;tracy_morgan_0190.npy,3
tracy_morgan,tracy_morgan_0131.npy,tracy_morgan_0059.npy;tracy_morgan_0022.npy;tracy_morgan_0029.npy,3
tracy_morgan,tracy_morgan_0190.npy,tracy_morgan_0054.npy;tracy_morgan_0088.npy;tracy_morgan_0130.npy,3
tyler_perry,tyler_perry_0044.npy,tyler_perry_0094.npy;tyler_perry_0103.npy;tyler_perry_0079.npy,3
tyler_perry,tyler_perry_0053.npy,tyler_perry_0094.npy;tyler_perry_0103.npy;tyler_perry_0079.npy,3
tyler_perry,tyler_perry_0070.npy,tyler_perry_0094.npy;tyler_perry_0103.npy;tyler_perry_0044.npy,3
tyler_perry,tyler_perry_0079.npy,tyler_perry_0044.npy;tyler_perry_0103.npy;tyler_perry_0094.npy,3
tyler_perry,tyler_perry_0094.npy,tyler_perry_0070.npy;tyler_perry_0044.npy;tyler_perry_0053.npy,3
tyler_perry,tyler_perry_0103.npy,tyler_perry_0053.npy;tyler_perry_0070.npy;tyler_perry_0044.npy,3
wyclef_jean,wyclef_jean_0051.npy,wyclef_jean_0081.npy;wyclef_jean_0068.npy;wyclef_jean_0058.npy,3
wyclef_jean,wyclef_jean_0056.npy,wyclef_jean_0051.npy;wyclef_jean_0068.npy;wyclef_jean_0081.npy,3
wyclef_jean,wyclef_jean_0058.npy,wyclef_jean_0068.npy;wyclef_jean_0081.npy;wyclef_jean_0056.npy,3
wyclef_jean,wyclef_jean_0068.npy,wyclef_jean_0051.npy;wyclef_jean_0058.npy;wyclef_jean_0056.npy,3
wyclef_jean,wyclef_jean_0081.npy,wyclef_jean_0056.npy;wyclef_jean_0068.npy;wyclef_jean_0051.npy,3
alison_brie,alison_brie_0018.npy,alison_brie_0198.npy;alison_brie_0195.npy;alison_brie_0072.npy,3
alison_brie,alison_brie_0039.npy,alison_brie_0093.npy;alison_brie_0018.npy;alison_brie_0130.npy,3
alison_brie,alison_brie_0042.npy,alison_brie_0093.npy;alison_brie_0126.npy;alison_brie_0039.npy,3
alison_brie,alison_brie_0071.npy,alison_brie_0130.npy;alison_brie_0039.npy;alison_brie_0072.npy,3
alison_brie,alison_brie_0072.npy,alison_brie_0071.npy;alison_brie_0142.npy;alison_brie_0126.npy,3
alison_brie,alison_brie_0093.npy,alison_brie_0198.npy;alison_brie_0142.npy;alison_brie_0129.npy,3
alison_brie,alison_brie_0126.npy,alison_brie_0042.npy;alison_brie_0142.npy;alison_brie_0198.npy,3
alison_brie,alison_brie_0129.npy,alison_brie_0071.npy;alison_brie_0198.npy;alison_brie_0018.npy,3
alison_brie,alison_brie_0130.npy,alison_brie_0142.npy;alison_brie_0093.npy;alison_brie_0136.npy,3
alison_brie,alison_brie_0136.npy,alison_brie_0072.npy;alison_brie_0142.npy;alison_brie_0130.npy,3
alison_brie,alison_brie_0142.npy,alison_brie_0042.npy;alison_brie_0093.npy;alison_brie_0072.npy,3
alison_brie,alison_brie_0195.npy,alison_brie_0072.npy;alison_brie_0136.npy;alison_brie_0198.npy,3
alison_brie,alison_brie_0198.npy,alison_brie_0130.npy;alison_brie_0142.npy;alison_brie_0039.npy,3
annasophia_robb,annasophia_robb_0055.npy,annasophia_robb_0076.npy;annasophia_robb_0094.npy;annasophia_robb_0063.npy,3
annasophia_robb,annasophia_robb_0063.npy,annasophia_robb_0079.npy;annasophia_robb_0094.npy;annasophia_robb_0055.npy,3
annasophia_robb,annasophia_robb_0076.npy,annasophia_robb_0063.npy;annasophia_robb_0055.npy;annasophia_robb_0079.npy,3
annasophia_robb,annasophia_robb_0079.npy,annasophia_robb_0076.npy;annasophia_robb_0055.npy;annasophia_robb_0063.npy,3
annasophia_robb,annasophia_robb_0094.npy,annasophia_robb_0079.npy;annasophia_robb_0055.npy;annasophia_robb_0063.npy,3
ariel_winter,ariel_winter_0005.npy,ariel_winter_0142.npy;ariel_winter_0091.npy;ariel_winter_0167.npy,3
ariel_winter,ariel_winter_0017.npy,ariel_winter_0026.npy;ariel_winter_0108.npy;ariel_winter_0005.npy,3
ariel_winter,ariel_winter_0026.npy,ariel_winter_0142.npy;ariel_winter_0105.npy;ariel_winter_0108.npy,3
ariel_winter,ariel_winter_0080.npy,ariel_winter_0105.npy;ariel_winter_0108.npy;ariel_winter_0026.npy,3
ariel_winter,ariel_winter_0091.npy,ariel_winter_0167.npy;ariel_winter_0080.npy;ariel_winter_0026.npy,3
ariel_winter,ariel_winter_0105.npy,ariel_winter_0005.npy;ariel_winter_0142.npy;ariel_winter_0108.npy,3
ariel_winter,ariel_winter_0108.npy,ariel_winter_0017.npy;ariel_winter_0105.npy;ariel_winter_0080.npy,3
ariel_winter,ariel_winter_0142.npy,ariel_winter_0105.npy;ariel_winter_0108.npy;ariel_winter_0005.npy,3
ariel_winter,ariel_winter_0167.npy,ariel_winter_0108.npy;ariel_winter_0017.npy;ariel_winter_0080.npy,3
aubrey_plaza,aubrey_plaza_0002.npy,aubrey_plaza_0031.npy;aubrey_plaza_0121.npy;aubrey_plaza_0025.npy,3
aubrey_plaza,aubrey_plaza_0006.npy,aubrey_plaza_0079.npy;aubrey_plaza_0093.npy;aubrey_plaza_0025.npy,3
aubrey_plaza,aubrey_plaza_0007.npy,aubrey_plaza_0079.npy;aubrey_plaza_0074.npy;aubrey_plaza_0093.npy,3
aubrey_plaza,aubrey_plaza_0025.npy,aubrey_plaza_0007.npy;aubrey_plaza_0074.npy;aubrey_plaza_0031.npy,3
aubrey_plaza,aubrey_plaza_0031.npy,aubrey_plaza_0079.npy;aubrey_plaza_0121.npy;aubrey_plaza_0002.npy,3
aubrey_plaza,aubrey_plaza_0074.npy,aubrey_plaza_0002.npy;aubrey_plaza_0121.npy;aubrey_plaza_0079.npy,3
aubrey_plaza,aubrey_plaza_0079.npy,aubrey_plaza_0121.npy;aubrey_plaza_0002.npy;aubrey_plaza_0093.npy,3
aubrey_plaza,aubrey_plaza_0093.npy,aubrey_plaza_0007.npy;aubrey_plaza_0025.npy;aubrey_plaza_0079.npy,3
aubrey_plaza,aubrey_plaza_0121.npy,aubrey_plaza_0002.npy;aubrey_plaza_0025.npy;aubrey_plaza_0006.npy,3
bailee_madison,bailee_madison_0017.npy,bailee_madison_0034.npy;bailee_madison_0040.npy;bailee_madison_0033.npy,3
bailee_madison,bailee_madison_0033.npy,bailee_madison_0040.npy;bailee_madison_0017.npy;bailee_madison_0061.npy,3
bailee_madison,bailee_madison_0034.npy,bailee_madison_0040.npy;bailee_madison_0061.npy;bailee_madison_0017.npy,3
bailee_madison,bailee_madison_0040.npy,bailee_madison_0034.npy;bailee_madison_0033.npy;bailee_madison_0017.npy,3
bailee_madison,bailee_madison_0053.npy,bailee_madison_0040.npy;bailee_madison_0034.npy;bailee_madison_0061.npy,3
bailee_madison,bailee_madison_0061.npy,bailee_madison_0033.npy;bailee_madison_0040.npy;bailee_madison_0034.npy,3
bellamy_young,bellamy_young_0001.npy,bellamy_young_0010.npy;bellamy_young_0062.npy;bellamy_young_0057.npy,3
bellamy_young,bellamy_young_0010.npy,bellamy_young_0021.npy;bellamy_young_0057.npy;bellamy_young_0001.npy,3
bellamy_young,bellamy_young_0021.npy,bellamy_young_0010.npy;bellamy_young_0062.npy;bellamy_young_0023.npy,3
bellamy_young,bellamy_young_0023.npy,bellamy_young_0057.npy;bellamy_young_0001.npy;bellamy_young_0062.npy,3
bellamy_young,bellamy_young_0057.npy,bellamy_young_0021.npy;bellamy_young_0001.npy;bellamy_young_0010.npy,3
bellamy_young,bellamy_young_0062.npy,bellamy_young_0010.npy;bellamy_young_0023.npy;bellamy_young_0001.npy,3
beth_riesgraf,beth_riesgraf_0001.npy,beth_riesgraf_0049.npy;beth_riesgraf_0054.npy;beth_riesgraf_0016.npy,3
beth_riesgraf,beth_riesgraf_0016.npy,beth_riesgraf_0001.npy;beth_riesgraf_0054.npy;beth_riesgraf_0049.npy,3
beth_riesgraf,beth_riesgraf_0049.npy,beth_riesgraf_0053.npy;beth_riesgraf_0016.npy;beth_riesgraf_0001.npy,3
beth_riesgraf,beth_riesgraf_0053.npy,beth_riesgraf_0054.npy;beth_riesgraf_0001.npy;beth_riesgraf_0049.npy,3
beth_riesgraf,beth_riesgraf_0054.npy,beth_riesgraf_0001.npy;beth_riesgraf_0049.npy;beth_riesgraf_0053.npy,3
bitsie_tulloch,bitsie_tulloch_0012.npy,bitsie_tulloch_0046.npy;bitsie_tulloch_0070.npy;bitsie_tulloch_0068.npy,3
bitsie_tulloch,bitsie_tulloch_0024.npy,bitsie_tulloch_0046.npy;bitsie_tulloch_0068.npy;bitsie_tulloch_0012.npy,3
bitsie_tulloch,bitsie_tulloch_0046.npy,bitsie_tulloch_0070.npy;bitsie_tulloch_0068.npy;bitsie_tulloch_0024.npy,3
bitsie_tulloch,bitsie_tulloch_0068.npy,bitsie_tulloch_0024.npy;bitsie_tulloch_0012.npy;bitsie_tulloch_0046.npy,3
bitsie_tulloch,bitsie_tulloch_0070.npy,bitsie_tulloch_0024.npy;bitsie_tulloch_0012.npy;bitsie_tulloch_0068.npy,3
britt_robertson,britt_robertson_0009.npy,britt_robertson_0040.npy;britt_robertson_0113.npy;britt_robertson_0130.npy,3
britt_robertson,britt_robertson_0038.npy,britt_robertson_0039.npy;britt_robertson_0130.npy;britt_robertson_0040.npy,3
britt_robertson,britt_robertson_0039.npy,britt_robertson_0130.npy;britt_robertson_0009.npy;britt_robertson_0038.npy,3
britt_robertson,britt_robertson_0040.npy,britt_robertson_0120.npy;britt_robertson_0130.npy;britt_robertson_0039.npy,3
britt_robertson,britt_robertson_0113.npy,britt_robertson_0130.npy;britt_robertson_0009.npy;britt_robertson_0039.npy,3
britt_robertson,britt_robertson_0120.npy,britt_robertson_0038.npy;britt_robertson_0113.npy;britt_robertson_0130.npy,3
britt_robertson,britt_robertson_0130.npy,britt_robertson_0120.npy;britt_robertson_0040.npy;britt_robertson_0039.npy,3
brooke_elliott,brooke_elliott_0005.npy,brooke_elliott_0017.npy;brooke_elliott_0029.npy;brooke_elliott_0022.npy,3
brooke_elliott,brooke_elliott_0017.npy,brooke_elliott_0029.npy;brooke_elliott_0005.npy;brooke_elliott_0027.npy,3
brooke_elliott,brooke_elliott_0022.npy,brooke_elliott_0029.npy;brooke_elliott_0027.npy;brooke_elliott_0005.npy,3
brooke_elliott,brooke_elliott_0027.npy,brooke_elliott_0005.npy;brooke_elliott_0017.npy;brooke_elliott_0022.npy,3
brooke_elliott,brooke_elliott_0029.npy,brooke_elliott_0017.npy;brooke_elliott_0027.npy;brooke_elliott_0022.npy,3
carrie_genzel,carrie_genzel_0010.npy,carrie_genzel_0049.npy;carrie_genzel_0064.npy;carrie_genzel_0031.npy,3
carrie_genzel,carrie_genzel_0020.npy,carrie_genzel_0057.npy;carrie_genzel_0010.npy;carrie_genzel_0064.npy,3
carrie_genzel,carrie_genzel_0031.npy,carrie_genzel_0064.npy;carrie_genzel_0010.npy;carrie_genzel_0070.npy,3
carrie_genzel,carrie_genzel_0049.npy,carrie_genzel_0031.npy;carrie_genzel_0020.npy;carrie_genzel_0010.npy,3
carrie_genzel,carrie_genzel_0057.npy,carrie_genzel_0010.npy;carrie_genzel_0049.npy;carrie_genzel_0031.npy,3
carrie_genzel,carrie_genzel_0064.npy,carrie_genzel_0070.npy;carrie_genzel_0057.npy;carrie_genzel_0049.npy,3
carrie_genzel,carrie_genzel_0070.npy,carrie_genzel_0049.npy;carrie_genzel_0064.npy;carrie_genzel_0010.npy,3
christa_miller,christa_miller_0010.npy,christa_miller_0098.npy;christa_miller_0022.npy;christa_miller_0061.npy,3
christa_miller,christa_miller_0019.npy,christa_miller_0010.npy;christa_miller_0058.npy;christa_miller_0098.npy,3
christa_miller,christa_miller_0022.npy,christa_miller_0098.npy;christa_miller_0019.npy;christa_miller_0010.npy,3
christa_miller,christa_miller_0058.npy,christa_miller_0098.npy;christa_miller_0022.npy;christa_miller_0019.npy,3
christa_miller,christa_miller_0061.npy,christa_miller_0098.npy;christa_miller_0010.npy;christa_miller_0019.npy,3
christa_miller,christa_miller_0098.npy,christa_miller_0058.npy;christa_miller_0019.npy;christa_miller_0010.npy,3
claire_holt,claire_holt_0006.npy,claire_holt_0025.npy;claire_holt_0048.npy;claire_holt_0061.npy,3
claire_holt,claire_holt_0025.npy,claire_holt_0006.npy;claire_holt_0048.npy;claire_holt_0061.npy,3
claire_holt,claire_holt_0048.npy,claire_holt_0006.npy;claire_holt_0025.npy;claire_holt_0061.npy,3
claire_holt,claire_holt_0061.npy,claire_holt_0006.npy;claire_holt_0025.npy;claire_holt_0048.npy,3
clare_grant,clare_grant_0009.npy,clare_grant_0015.npy;clare_grant_0014.npy;clare_grant_0037.npy,3
clare_grant,clare_grant_0014.npy,clare_grant_0009.npy;clare_grant_0037.npy;clare_grant_0041.npy,3
clare_grant,clare_grant_0015.npy,clare_grant_0041.npy;clare_grant_0009.npy;clare_grant_0024.npy,3
clare_grant,clare_grant_0024.npy,clare_grant_0045.npy;clare_grant_0051.npy;clare_grant_0014.npy,3
clare_grant,clare_grant_0037.npy,clare_grant_0009.npy;clare_grant_0051.npy;clare_grant_0014.npy,3
clare_grant,clare_grant_0041.npy,clare_grant_0045.npy;clare_grant_0009.npy;clare_grant_0014.npy,3
clare_grant,clare_grant_0045.npy,clare_grant_0024.npy;clare_grant_0015.npy;clare_grant_0037.npy,3
clare_grant,clare_grant_0051.npy,clare_grant_0037.npy;clare_grant_0041.npy;clare_grant_0015.npy,3
deborah_ann_woll,deborah_ann_woll_0001.npy,deborah_ann_woll_0018.npy;deborah_ann_woll_0043.npy;deborah_ann_woll_0073.npy,3
deborah_ann_woll,deborah_ann_woll_0015.npy,deborah_ann_woll_0071.npy;deborah_ann_woll_0043.npy;deborah_ann_woll_0001.npy,3
deborah_ann_woll,deborah_ann_woll_0018.npy,deborah_ann_woll_0073.npy;deborah_ann_woll_0001.npy;deborah_ann_woll_0043.npy,3
deborah_ann_woll,deborah_ann_woll_0043.npy,deborah_ann_woll_0073.npy;deborah_ann_woll_0049.npy;deborah_ann_woll_0018.npy,3
deborah_ann_woll,deborah_ann_woll_0049.npy,deborah_ann_woll_0054.npy;deborah_ann_woll_0001.npy;deborah_ann_woll_0018.npy,3
deborah_ann_woll,deborah_ann_woll_0054.npy,deborah_ann_woll_0071.npy;deborah_ann_woll_0049.npy;deborah_ann_woll_0001.npy,3
deborah_ann_woll,deborah_ann_woll_0071.npy,deborah_ann_woll_0043.npy;deborah_ann_woll_0073.npy;deborah_ann_woll_0049.npy,3
deborah_ann_woll,deborah_ann_woll_0073.npy,deborah_ann_woll_0018.npy;deborah_ann_woll_0001.npy;deborah_ann_woll_0043.npy,3
deprise_brescia,deprise_brescia_0001.npy,deprise_brescia_0049.npy;deprise_brescia_0011.npy;deprise_brescia_0021.npy,3
deprise_brescia,deprise_brescia_0005.npy,deprise_brescia_0011.npy;deprise_brescia_0020.npy;deprise_brescia_0007.npy,3
deprise_brescia,deprise_brescia_0007.npy,deprise_brescia_0049.npy;deprise_brescia_0005.npy;deprise_brescia_0012.npy,3
deprise_brescia,deprise_brescia_0011.npy,deprise_brescia_0045.npy;deprise_brescia_0001.npy;deprise_brescia_0049.npy,3
deprise_brescia,deprise_brescia_0012.npy,deprise_brescia_0001.npy;deprise_brescia_0011.npy;deprise_brescia_0049.npy,3
deprise_brescia,deprise_brescia_0020.npy,deprise_brescia_0035.npy;deprise_brescia_0021.npy;deprise_brescia_0034.npy,3
deprise_brescia,deprise_brescia_0021.npy,deprise_brescia_0007.npy;deprise_brescia_0049.npy;deprise_brescia_0001.npy,3
deprise_brescia,deprise_brescia_0034.npy,deprise_brescia_0045.npy;deprise_brescia_0021.npy;deprise_brescia_0011.npy,3
deprise_brescia,deprise_brescia_0035.npy,deprise_brescia_0020.npy;deprise_brescia_0011.npy;deprise_brescia_0021.npy,3
deprise_brescia,deprise_brescia_0045.npy,deprise_brescia_0020.npy;deprise_brescia_0012.npy;deprise_brescia_0005.npy,3
deprise_brescia,deprise_brescia_0049.npy,deprise_brescia_0045.npy;deprise_brescia_0020.npy;deprise_brescia_0005.npy,3
elena_eustache,elena_eustache_0026.npy,elena_eustache_0029.npy;elena_eustache_0033.npy;elena_eustache_0045.npy,3
elena_eustache,elena_eustache_0029.npy,elena_eustache_0026.npy;elena_eustache_0033.npy;elena_eustache_0045.npy,3
elena_eustache,elena_eustache_0033.npy,elena_eustache_0026.npy;elena_eustache_0029.npy;elena_eustache_0045.npy,3
elena_eustache,elena_eustache_0045.npy,elena_eustache_0026.npy;elena_eustache_0029.npy;elena_eustache_0033.npy,3
fairuza_balk,fairuza_balk_0007.npy,fairuza_balk_0073.npy;fairuza_balk_0039.npy;fairuza_balk_0071.npy,3
fairuza_balk,fairuza_balk_0039.npy,fairuza_balk_0047.npy;fairuza_balk_0007.npy;fairuza_balk_0073.npy,3
fairuza_balk,fairuza_balk_0047.npy,fairuza_balk_0007.npy;fairuza_balk_0071.npy;fairuza_balk_0039.npy,3
fairuza_balk,fairuza_balk_0063.npy,fairuza_balk_0047.npy;fairuza_balk_0073.npy;fairuza_balk_0007.npy,3
fairuza_balk,fairuza_balk_0071.npy,fairuza_balk_0073.npy;fairuza_balk_0063.npy;fairuza_balk_0007.npy,3
fairuza_balk,fairuza_balk_0073.npy,fairuza_balk_0047.npy;fairuza_balk_0039.npy;fairuza_balk_0063.npy,3
famke_janssen,famke_janssen_0021.npy,famke_janssen_0073.npy;famke_janssen_0064.npy;famke_janssen_0123.npy,3
famke_janssen,famke_janssen_0042.npy,famke_janssen_0062.npy;famke_janssen_0069.npy;famke_janssen_0064.npy,3
famke_janssen,famke_janssen_0062.npy,famke_janssen_0073.npy;famke_janssen_0069.npy;famke_janssen_0042.npy,3
famke_janssen,famke_janssen_0064.npy,famke_janssen_0117.npy;famke_janssen_0073.npy;famke_janssen_0042.npy,3
famke_janssen,famke_janssen_0069.npy,famke_janssen_0042.npy;famke_janssen_0021.npy;famke_janssen_0064.npy,3
famke_janssen,famke_janssen_0073.npy,famke_janssen_0021.npy;famke_janssen_0042.npy;famke_janssen_0069.npy,3
famke_janssen,famke_janssen_0117.npy,famke_janssen_0062.npy;famke_janssen_0073.npy;famke_janssen_0021.npy,3
famke_janssen,famke_janssen_0123.npy,famke_janssen_0062.npy;famke_janssen_0021.npy;famke_janssen_0064.npy,3
gabrielle_anwar,gabrielle_anwar_0003.npy,gabrielle_anwar_0194.npy;gabrielle_anwar_0078.npy;gabrielle_anwar_0027.npy,3
gabrielle_anwar,gabrielle_anwar_0023.npy,gabrielle_anwar_0073.npy;gabrielle_anwar_0173.npy;gabrielle_anwar_0194.npy,3
gabrielle_anwar,gabrielle_anwar_0027.npy,gabrielle_anwar_0090.npy;gabrielle_anwar_0104.npy;gabrielle_anwar_0003.npy,3
gabrielle_anwar,gabrielle_anwar_0042.npy,gabrielle_anwar_0027.npy;gabrielle_anwar_0078.npy;gabrielle_anwar_0023.npy,3
gabrielle_anwar,gabrielle_anwar_0073.npy,gabrielle_anwar_0003.npy;gabrielle_anwar_0042.npy;gabrielle_anwar_0173.npy,3
gabrielle_anwar,gabrielle_anwar_0078.npy,gabrielle_anwar_0090.npy;gabrielle_anwar_0086.npy;gabrielle_anwar_0104.npy,3
gabrielle_anwar,gabrielle_anwar_0086.npy,gabrielle_anwar_0194.npy;gabrielle_anwar_0023.npy;gabrielle_anwar_0175.npy,3
gabrielle_anwar,gabrielle_anwar_0090.npy,gabrielle_anwar_0023.npy;gabrielle_anwar_0173.npy;gabrielle_anwar_0027.npy,3
gabrielle_anwar,gabrielle_anwar_0104.npy,gabrielle_anwar_0177.npy;gabrielle_anwar_0086.npy;gabrielle_anwar_0023.npy,3
gabrielle_anwar,gabrielle_anwar_0173.npy,gabrielle_anwar_0175.npy;gabrielle_anwar_0194.npy;gabrielle_anwar_0003.npy,3
gabrielle_anwar,gabrielle_anwar_0175.npy,gabrielle_anwar_0086.npy;gabrielle_anwar_0177.npy;gabrielle_anwar_0027.npy,3
gabrielle_anwar,gabrielle_anwar_0177.npy,gabrielle_anwar_0042.npy;gabrielle_anwar_0073.npy;gabrielle_anwar_0175.npy,3
gabrielle_anwar,gabrielle_anwar_0194.npy,gabrielle_anwar_0078.npy;gabrielle_anwar_0086.npy;gabrielle_anwar_0177.npy,3
heather_matarazzo,heather_matarazzo_0003.npy,heather_matarazzo_0038.npy;heather_matarazzo_0031.npy;heather_matarazzo_0050.npy,3
heather_matarazzo,heather_matarazzo_0026.npy,heather_matarazzo_0031.npy;heather_matarazzo_0003.npy;heather_matarazzo_0038.npy,3
heather_matarazzo,heather_matarazzo_0031.npy,heather_matarazzo_0026.npy;heather_matarazzo_0038.npy;heather_matarazzo_0003.npy,3
heather_matarazzo,heather_matarazzo_0038.npy,heather_matarazzo_0026.npy;heather_matarazzo_0003.npy;heather_matarazzo_0031.npy,3
heather_matarazzo,heather_matarazzo_0050.npy,heather_matarazzo_0038.npy;heather_matarazzo_0026.npy;heather_matarazzo_0031.npy,3
helena_christensen,helena_christensen_0018.npy,helena_christensen_0037.npy;helena_christensen_0038.npy;helena_christensen_0073.npy,3
helena_christensen,helena_christensen_0037.npy,helena_christensen_0018.npy;helena_christensen_0038.npy;helena_christensen_0073.npy,3
helena_christensen,helena_christensen_0038.npy,helena_christensen_0018.npy;helena_christensen_0037.npy;helena_christensen_0073.npy,3
helena_christensen,helena_christensen_0073.npy,helena_christensen_0018.npy;helena_christensen_0037.npy;helena_christensen_0038.npy,3
holland_taylor,holland_taylor_0008.npy,holland_taylor_0027.npy;holland_taylor_0014.npy;holland_taylor_0026.npy,3
holland_taylor,holland_taylor_0014.npy,holland_taylor_0026.npy;holland_taylor_0020.npy;holland_taylor_0027.npy,3
holland_taylor,holland_taylor_0020.npy,holland_taylor_0026.npy;holland_taylor_0027.npy;holland_taylor_0014.npy,3
holland_taylor,holland_taylor_0026.npy,holland_taylor_0008.npy;holland_taylor_0030.npy;holland_taylor_0027.npy,3
holland_taylor,holland_taylor_0027.npy,holland_taylor_0020.npy;holland_taylor_0008.npy;holland_taylor_0026.npy,3
holland_taylor,holland_taylor_0030.npy,holland_taylor_0020.npy;holland_taylor_0014.npy;holland_taylor_0008.npy,3
jenn_gotzon,jenn_gotzon_0014.npy,jenn_gotzon_0059.npy;jenn_gotzon_0029.npy;jenn_gotzon_0042.npy,3
jenn_gotzon,jenn_gotzon_0027.npy,jenn_gotzon_0049.npy;jenn_gotzon_0054.npy;jenn_gotzon_0014.npy,3
jenn_gotzon,jenn_gotzon_0029.npy,jenn_gotzon_0059.npy;jenn_gotzon_0042.npy;jenn_gotzon_0054.npy,3
jenn_gotzon,jenn_gotzon_0042.npy,jenn_gotzon_0027.npy;jenn_gotzon_0014.npy;jenn_gotzon_0049.npy,3
jenn_gotzon,jenn_gotzon_0049.npy,jenn_gotzon_0042.npy;jenn_gotzon_0054.npy;jenn_gotzon_0027.npy,3
jenn_gotzon,jenn_gotzon_0054.npy,jenn_gotzon_0014.npy;jenn_gotzon_0042.npy;jenn_gotzon_0059.npy,3
jenn_gotzon,jenn_gotzon_0059.npy,jenn_gotzon_0027.npy;jenn_gotzon_0014.npy;jenn_gotzon_0049.npy,3
jennifer_carpenter,jennifer_carpenter_0003.npy,jennifer_carpenter_0027.npy;jennifer_carpenter_0065.npy;jennifer_carpenter_0159.npy,3
jennifer_carpenter,jennifer_carpenter_0027.npy,jennifer_carpenter_0065.npy;jennifer_carpenter_0121.npy;jennifer_carpenter_0072.npy,3
jennifer_carpenter,jennifer_carpenter_0065.npy,jennifer_carpenter_0160.npy;jennifer_carpenter_0003.npy;jennifer_carpenter_0072.npy,3
jennifer_carpenter,jennifer_carpenter_0072.npy,jennifer_carpenter_0003.npy;jennifer_carpenter_0160.npy;jennifer_carpenter_0159.npy,3
jennifer_carpenter,jennifer_carpenter_0121.npy,jennifer_carpenter_0027.npy;jennifer_carpenter_0072.npy;jennifer_carpenter_0160.npy,3
jennifer_carpenter,jennifer_carpenter_0159.npy,jennifer_carpenter_0003.npy;jennifer_carpenter_0065.npy;jennifer_carpenter_0160.npy,3
jennifer_carpenter,jennifer_carpenter_0160.npy,jennifer_carpenter_0003.npy;jennifer_carpenter_0072.npy;jennifer_carpenter_0159.npy,3
jessalyn_gilsig,jessalyn_gilsig_0007.npy,jessalyn_gilsig_0014.npy;jessalyn_gilsig_0032.npy;jessalyn_gilsig_0023.npy,3
jessalyn_gilsig,jessalyn_gilsig_0009.npy,jessalyn_gilsig_0072.npy;jessalyn_gilsig_0023.npy;jessalyn_gilsig_0032.npy,3
jessalyn_gilsig,jessalyn_gilsig_0014.npy,jessalyn_gilsig_0007.npy;jessalyn_gilsig_0023.npy;jessalyn_gilsig_0032.npy,3
jessalyn_gilsig,jessalyn_gilsig_0022.npy,jessalyn_gilsig_0009.npy;jessalyn_gilsig_0014.npy;jessalyn_gilsig_0072.npy,3
jessalyn_gilsig,jessalyn_gilsig_0023.npy,jessalyn_gilsig_0009.npy;jessalyn_gilsig_0014.npy;jessalyn_gilsig_0032.npy,3
jessalyn_gilsig,jessalyn_gilsig_0032.npy,jessalyn_gilsig_0022.npy;jessalyn_gilsig_0009.npy;jessalyn_gilsig_0007.npy,3
jessalyn_gilsig,jessalyn_gilsig_0072.npy,jessalyn_gilsig_0023.npy;jessalyn_gilsig_0032.npy;jessalyn_gilsig_0009.npy,3
jill_hennessy,jill_hennessy_0001.npy,jill_hennessy_0098.npy;jill_hennessy_0054.npy;jill_hennessy_0059.npy,3
jill_hennessy,jill_hennessy_0006.npy,jill_hennessy_0059.npy;jill_hennessy_0060.npy;jill_hennessy_0116.npy,3
jill_hennessy,jill_hennessy_0025.npy,jill_hennessy_0001.npy;jill_hennessy_0116.npy;jill_hennessy_0054.npy,3
jill_hennessy,jill_hennessy_0054.npy,jill_hennessy_0059.npy;jill_hennessy_0006.npy;jill_hennessy_0116.npy,3
jill_hennessy,jill_hennessy_0059.npy,jill_hennessy_0006.npy;jill_hennessy_0098.npy;jill_hennessy_0060.npy,3
jill_hennessy,jill_hennessy_0060.npy,jill_hennessy_0006.npy;jill_hennessy_0098.npy;jill_hennessy_0059.npy,3
jill_hennessy,jill_hennessy_0098.npy,jill_hennessy_0116.npy;jill_hennessy_0001.npy;jill_hennessy_0054.npy,3
jill_hennessy,jill_hennessy_0116.npy,jill_hennessy_0098.npy;jill_hennessy_0060.npy;jill_hennessy_0025.npy,3
joey_lauren_adams,joey_lauren_adams_0013.npy,joey_lauren_adams_0043.npy;joey_lauren_adams_0026.npy;joey_lauren_adams_0025.npy,3
joey_lauren_adams,joey_lauren_adams_0015.npy,joey_lauren_adams_0026.npy;joey_lauren_adams_0043.npy;joey_lauren_adams_0025.npy,3
joey_lauren_adams,joey_lauren_adams_0025.npy,joey_lauren_adams_0043.npy;joey_lauren_adams_0015.npy;joey_lauren_adams_0013.npy,3
joey_lauren_adams,joey_lauren_adams_0026.npy,joey_lauren_adams_0013.npy;joey_lauren_adams_0015.npy;joey_lauren_adams_0043.npy,3
joey_lauren_adams,joey_lauren_adams_0043.npy,joey_lauren_adams_0013.npy;joey_lauren_adams_0015.npy;joey_lauren_adams_0026.npy,3
jordana_spiro,jordana_spiro_0007.npy,jordana_spiro_0058.npy;jordana_spiro_0057.npy;jordana_spiro_0050.npy,3
jordana_spiro,jordana_spiro_0016.npy,jordana_spiro_0050.npy;jordana_spiro_0007.npy;jordana_spiro_0057.npy,3
jordana_spiro,jordana_spiro_0050.npy,jordana_spiro_0016.npy;jordana_spiro_0057.npy;jordana_spiro_0007.npy,3
jordana_spiro,jordana_spiro_0057.npy,jordana_spiro_0050.npy;jordana_spiro_0058.npy;jordana_spiro_0007.npy,3
jordana_spiro,jordana_spiro_0058.npy,jordana_spiro_0016.npy;jordana_spiro_0050.npy;jordana_spiro_0057.npy,3
judy_davis,judy_davis_0002.npy,judy_davis_0014.npy;judy_davis_0008.npy;judy_davis_0031.npy,3
judy_davis,judy_davis_0008.npy,judy_davis_0009.npy;judy_davis_0014.npy;judy_davis_0031.npy,3
judy_davis,judy_davis_0009.npy,judy_davis_0014.npy;judy_davis_0031.npy;judy_davis_0002.npy,3
judy_davis,judy_davis_0014.npy,judy_davis_0009.npy;judy_davis_0031.npy;judy_davis_0002.npy,3
judy_davis,judy_davis_0031.npy,judy_davis_0008.npy;judy_davis_0014.npy;judy_davis_0009.npy,3
julie_christie,julie_christie_0009.npy,julie_christie_0016.npy;julie_christie_0047.npy;julie_christie_0062.npy,3
julie_christie,julie_christie_0016.npy,julie_christie_0009.npy;julie_christie_0047.npy;julie_christie_0062.npy,3
julie_christie,julie_christie_0047.npy,julie_christie_0009.npy;julie_christie_0016.npy;julie_christie_0062.npy,3
julie_christie,julie_christie_0062.npy,julie_christie_0009.npy;julie_christie_0016.npy;julie_christie_0047.npy,3
kaitlin_olson,kaitlin_olson_0025.npy,kaitlin_olson_0044.npy;kaitlin_olson_0053.npy;kaitlin_olson_0061.npy,3
kaitlin_olson,kaitlin_olson_0044.npy,kaitlin_olson_0025.npy;kaitlin_olson_0053.npy;kaitlin_olson_0061.npy,3
kaitlin_olson,kaitlin_olson_0053.npy,kaitlin_olson_0025.npy;kaitlin_olson_0044.npy;kaitlin_olson_0061.npy,3
kaitlin_olson,kaitlin_olson_0061.npy,kaitlin_olson_0025.npy;kaitlin_olson_0044.npy;kaitlin_olson_0053.npy,3
karolina_kurkova,karolina_kurkova_0002.npy,karolina_kurkova_0036.npy;karolina_kurkova_0039.npy;karolina_kurkova_0009.npy,3
karolina_kurkova,karolina_kurkova_0009.npy,karolina_kurkova_0026.npy;karolina_kurkova_0002.npy;karolina_kurkova_0091.npy,3
karolina_kurkova,karolina_kurkova_0026.npy,karolina_kurkova_0039.npy;karolina_kurkova_0002.npy;karolina_kurkova_0059.npy,3
karolina_kurkova,karolina_kurkova_0036.npy,karolina_kurkova_0091.npy;karolina_kurkova_0002.npy;karolina_kurkova_0026.npy,3
karolina_kurkova,karolina_kurkova_0039.npy,karolina_kurkova_0036.npy;karolina_kurkova_0083.npy;karolina_kurkova_0009.npy,3
karolina_kurkova,karolina_kurkova_0059.npy,karolina_kurkova_0071.npy;karolina_kurkova_0091.npy;karolina_kurkova_0009.npy,3
karolina_kurkova,karolina_kurkova_0071.npy,karolina_kurkova_0059.npy;karolina_kurkova_0002.npy;karolina_kurkova_0083.npy,3
karolina_kurkova,karolina_kurkova_0083.npy,karolina_kurkova_0026.npy;karolina_kurkova_0039.npy;karolina_kurkova_0059.npy,3
karolina_kurkova,karolina_kurkova_0091.npy,karolina_kurkova_0026.npy;karolina_kurkova_0071.npy;karolina_kurkova_0002.npy,3
kathleen_robertson,kathleen_robertson_0004.npy,kathleen_robertson_0069.npy;kathleen_robertson_0043.npy;kathleen_robertson_0006.npy,3
kathleen_robertson,kathleen_robertson_0006.npy,kathleen_robertson_0043.npy;kathleen_robertson_0045.npy;kathleen_robertson_0004.npy,3
kathleen_robertson,kathleen_robertson_0042.npy,kathleen_robertson_0043.npy;kathleen_robertson_0080.npy;kathleen_robertson_0069.npy,3
kathleen_robertson,kathleen_robertson_0043.npy,kathleen_robertson_0006.npy;kathleen_robertson_0080.npy;kathleen_robertson_0045.npy,3
kathleen_robertson,kathleen_robertson_0045.npy,kathleen_robertson_0080.npy;kathleen_robertson_0043.npy;kathleen_robertson_0042.npy,3
kathleen_robertson,kathleen_robertson_0069.npy,kathleen_robertson_0006.npy;kathleen_robertson_0045.npy;kathleen_robertson_0042.npy,3
kathleen_robertson,kathleen_robertson_0080.npy,kathleen_robertson_0006.npy;kathleen_robertson_0045.npy;kathleen_robertson_0069.npy,3
kelli_garner,kelli_garner_0024.npy,kelli_garner_0097.npy;kelli_garner_0043.npy;kelli_garner_0066.npy,3
kelli_garner,kelli_garner_0025.npy,kelli_garner_0043.npy;kelli_garner_0024.npy;kelli_garner_0066.npy,3
kelli_garner,kelli_garner_0043.npy,kelli_garner_0097.npy;kelli_garner_0066.npy;kelli_garner_0024.npy,3
kelli_garner,kelli_garner_0066.npy,kelli_garner_0025.npy;kelli_garner_0043.npy;kelli_garner_0097.npy,3
kelli_garner,kelli_garner_0097.npy,kelli_garner_0025.npy;kelli_garner_0043.npy;kelli_garner_0024.npy,3
kim_delaney,kim_delaney_0003.npy,kim_delaney_0064.npy;kim_delaney_0037.npy;kim_delaney_0068.npy,3
kim_delaney,kim_delaney_0029.npy,kim_delaney_0003.npy;kim_delaney_0037.npy;kim_delaney_0064.npy,3
kim_delaney,kim_delaney_0037.npy,kim_delaney_0039.npy;kim_delaney_0029.npy;kim_delaney_0068.npy,3
kim_delaney,kim_delaney_0039.npy,kim_delaney_0003.npy;kim_delaney_0037.npy;kim_delaney_0029.npy,3
kim_delaney,kim_delaney_0064.npy,kim_delaney_0003.npy;kim_delaney_0037.npy;kim_delaney_0068.npy,3
kim_delaney,kim_delaney_0068.npy,kim_delaney_0029.npy;kim_delaney_0003.npy;kim_delaney_0064.npy,3
kristinia_debarge,kristinia_debarge_0004.npy,kristinia_debarge_0030.npy;kristinia_debarge_0032.npy;kristinia_debarge_0060.npy,3
kristinia_debarge,kristinia_debarge_0030.npy,kristinia_debarge_0004.npy;kristinia_debarge_0032.npy;kristinia_debarge_0060.npy,3
kristinia_debarge,kristinia_debarge_0032.npy,kristinia_debarge_0004.npy;kristinia_debarge_0030.npy;kristinia_debarge_0060.npy,3
kristinia_debarge,kristinia_debarge_0060.npy,kristinia_debarge_0004.npy;kristinia_debarge_0030.npy;kristinia_debarge_0032.npy,3
laura_vandervoort,laura_vandervoort_0003.npy,laura_vandervoort_0039.npy;laura_vandervoort_0029.npy;laura_vandervoort_0119.npy,3
laura_vandervoort,laura_vandervoort_0029.npy,laura_vandervoort_0003.npy;laura_vandervoort_0059.npy;laura_vandervoort_0119.npy,3
laura_vandervoort,laura_vandervoort_0031.npy,laura_vandervoort_0119.npy;laura_vandervoort_0059.npy;laura_vandervoort_0029.npy,3
laura_vandervoort,laura_vandervoort_0039.npy,laura_vandervoort_0059.npy;laura_vandervoort_0146.npy;laura_vandervoort_0119.npy,3
laura_vandervoort,laura_vandervoort_0059.npy,laura_vandervoort_0031.npy;laura_vandervoort_0072.npy;laura_vandervoort_0039.npy,3
laura_vandervoort,laura_vandervoort_0072.npy,laura_vandervoort_0003.npy;laura_vandervoort_0039.npy;laura_vandervoort_0059.npy,3
laura_vandervoort,laura_vandervoort_0119.npy,laura_vandervoort_0072.npy;laura_vandervoort_0146.npy;laura_vandervoort_0029.npy,3
laura_vandervoort,laura_vandervoort_0146.npy,laura_vandervoort_0029.npy;laura_vandervoort_0039.npy;laura_vandervoort_0003.npy,3
linda_gray,linda_gray_0003.npy,linda_gray_0053.npy;linda_gray_0006.npy;linda_gray_0016.npy,3
linda_gray,linda_gray_0006.npy,linda_gray_0003.npy;linda_gray_0016.npy;linda_gray_0032.npy,3
linda_gray,linda_gray_0008.npy,linda_gray_0003.npy;linda_gray_0053.npy;linda_gray_0016.npy,3
linda_gray,linda_gray_0016.npy,linda_gray_0006.npy;linda_gray_0017.npy;linda_gray_0053.npy,3
linda_gray,linda_gray_0017.npy,linda_gray_0032.npy;linda_gray_0003.npy;linda_gray_0023.npy,3
linda_gray,linda_gray_0023.npy,linda_gray_0003.npy;linda_gray_0008.npy;linda_gray_0017.npy,3
linda_gray,linda_gray_0032.npy,linda_gray_0017.npy;linda_gray_0016.npy;linda_gray_0003.npy,3
linda_gray,linda_gray_0053.npy,linda_gray_0016.npy;linda_gray_0023.npy;linda_gray_0006.npy,3
marcia_cross,marcia_cross_0032.npy,marcia_cross_0121.npy;marcia_cross_0148.npy;marcia_cross_0187.npy,3
marcia_cross,marcia_cross_0121.npy,marcia_cross_0032.npy;marcia_cross_0148.npy;marcia_cross_0187.npy,3
marcia_cross,marcia_cross_0148.npy,marcia_cross_0032.npy;marcia_cross_0121.npy;marcia_cross_0187.npy,3
marcia_cross,marcia_cross_0187.npy,marcia_cross_0032.npy;marcia_cross_0121.npy;marcia_cross_0148.npy,3
marcia_gay_harden,marcia_gay_harden_0052.npy,marcia_gay_harden_0224.npy;marcia_gay_harden_0189.npy;marcia_gay_harden_0067.npy,3
marcia_gay_harden,marcia_gay_harden_0063.npy,marcia_gay_harden_0052.npy;marcia_gay_harden_0250.npy;marcia_gay_harden_0069.npy,3
marcia_gay_harden,marcia_gay_harden_0067.npy,marcia_gay_harden_0063.npy;marcia_gay_harden_0250.npy;marcia_gay_harden_0189.npy,3
marcia_gay_harden,marcia_gay_harden_0069.npy,marcia_gay_harden_0249.npy;marcia_gay_harden_0224.npy;marcia_gay_harden_0250.npy,3
marcia_gay_harden,marcia_gay_harden_0189.npy,marcia_gay_harden_0067.npy;marcia_gay_harden_0249.npy;marcia_gay_harden_0250.npy,3
marcia_gay_harden,marcia_gay_harden_0224.npy,marcia_gay_harden_0067.npy;marcia_gay_harden_0063.npy;marcia_gay_harden_0052.npy,3
marcia_gay_harden,marcia_gay_harden_0249.npy,marcia_gay_harden_0052.npy;marcia_gay_harden_0069.npy;marcia_gay_harden_0189.npy,3
marcia_gay_harden,marcia_gay_harden_0250.npy,marcia_gay_harden_0189.npy;marcia_gay_harden_0069.npy;marcia_gay_harden_0063.npy,3
maria_menounos,maria_menounos_0006.npy,maria_menounos_0018.npy;maria_menounos_0028.npy;maria_menounos_0181.npy,3
maria_menounos,maria_menounos_0018.npy,maria_menounos_0120.npy;maria_menounos_0006.npy;maria_menounos_0028.npy,3
maria_menounos,maria_menounos_0025.npy,maria_menounos_0181.npy;maria_menounos_0124.npy;maria_menounos_0120.npy,3
maria_menounos,maria_menounos_0028.npy,maria_menounos_0018.npy;maria_menounos_0006.npy;maria_menounos_0124.npy,3
maria_menounos,maria_menounos_0120.npy,maria_menounos_0018.npy;maria_menounos_0181.npy;maria_menounos_0025.npy,3
maria_menounos,maria_menounos_0124.npy,maria_menounos_0006.npy;maria_menounos_0028.npy;maria_menounos_0181.npy,3
maria_menounos,maria_menounos_0181.npy,maria_menounos_0025.npy;maria_menounos_0028.npy;maria_menounos_0120.npy,3
mary_lynn_rajskub,mary_lynn_rajskub_0069.npy,mary_lynn_rajskub_0086.npy;mary_lynn_rajskub_0095.npy;mary_lynn_rajskub_0114.npy,3
mary_lynn_rajskub,mary_lynn_rajskub_0086.npy,mary_lynn_rajskub_0069.npy;mary_lynn_rajskub_0095.npy;mary_lynn_rajskub_0114.npy,3
mary_lynn_rajskub,mary_lynn_rajskub_0095.npy,mary_lynn_rajskub_0069.npy;mary_lynn_rajskub_0086.npy;mary_lynn_rajskub_0114.npy,3
mary_lynn_rajskub,mary_lynn_rajskub_0114.npy,mary_lynn_rajskub_0069.npy;mary_lynn_rajskub_0086.npy;mary_lynn_rajskub_0095.npy,3
megan_marie_wilson,megan_marie_wilson_0004.npy,megan_marie_wilson_0048.npy;megan_marie_wilson_0024.npy;megan_marie_wilson_0014.npy,3
megan_marie_wilson,megan_marie_wilson_0008.npy,megan_marie_wilson_0055.npy;megan_marie_wilson_0051.npy;megan_marie_wilson_0043.npy,3
megan_marie_wilson,megan_marie_wilson_0014.npy,megan_marie_wilson_0016.npy;megan_marie_wilson_0036.npy;megan_marie_wilson_0043.npy,3
megan_marie_wilson,megan_marie_wilson_0016.npy,megan_marie_wilson_0036.npy;megan_marie_wilson_0014.npy;megan_marie_wilson_0048.npy,3
megan_marie_wilson,megan_marie_wilson_0018.npy,megan_marie_wilson_0004.npy;megan_marie_wilson_0024.npy;megan_marie_wilson_0048.npy,3
megan_marie_wilson,megan_marie_wilson_0024.npy,megan_marie_wilson_0048.npy;megan_marie_wilson_0018.npy;megan_marie_wilson_0016.npy,3
megan_marie_wilson,megan_marie_wilson_0036.npy,megan_marie_wilson_0018.npy;megan_marie_wilson_0052.npy;megan_marie_wilson_0004.npy,3
megan_marie_wilson,megan_marie_wilson_0043.npy,megan_marie_wilson_0014.npy;megan_marie_wilson_0008.npy;megan_marie_wilson_0052.npy,3
megan_marie_wilson,megan_marie_wilson_0048.npy,megan_marie_wilson_0055.npy;megan_marie_wilson_0024.npy;megan_marie_wilson_0051.npy,3
megan_marie_wilson,megan_marie_wilson_0051.npy,megan_marie_wilson_0036.npy;megan_marie_wilson_0052.npy;megan_marie_wilson_0016.npy,3
megan_marie_wilson,megan_marie_wilson_0052.npy,megan_marie_wilson_0048.npy;megan_marie_wilson_0004.npy;megan_marie_wilson_0036.npy,3
megan_marie_wilson,megan_marie_wilson_0055.npy,megan_marie_wilson_0048.npy;megan_marie_wilson_0036.npy;megan_marie_wilson_0052.npy,3
melanie_lynskey,melanie_lynskey_0028.npy,melanie_lynskey_0090.npy;melanie_lynskey_0054.npy;melanie_lynskey_0091.npy,3
melanie_lynskey,melanie_lynskey_0038.npy,melanie_lynskey_0088.npy;melanie_lynskey_0028.npy;melanie_lynskey_0054.npy,3
melanie_lynskey,melanie_lynskey_0054.npy,melanie_lynskey_0028.npy;melanie_lynskey_0038.npy;melanie_lynskey_0091.npy,3
melanie_lynskey,melanie_lynskey_0088.npy,melanie_lynskey_0090.npy;melanie_lynskey_0038.npy;melanie_lynskey_0028.npy,3
melanie_lynskey,melanie_lynskey_0090.npy,melanie_lynskey_0038.npy;melanie_lynskey_0091.npy;melanie_lynskey_0028.npy,3
melanie_lynskey,melanie_lynskey_0091.npy,melanie_lynskey_0028.npy;melanie_lynskey_0088.npy;melanie_lynskey_0090.npy,3
melinda_clarke,melinda_clarke_0039.npy,melinda_clarke_0083.npy;melinda_clarke_0075.npy;melinda_clarke_0076.npy,3
melinda_clarke,melinda_clarke_0041.npy,melinda_clarke_0075.npy;melinda_clarke_0076.npy;melinda_clarke_0089.npy,3
melinda_clarke,melinda_clarke_0075.npy,melinda_clarke_0039.npy;melinda_clarke_0089.npy;melinda_clarke_0041.npy,3
melinda_clarke,melinda_clarke_0076.npy,melinda_clarke_0089.npy;melinda_clarke_0083.npy;melinda_clarke_0075.npy,3
melinda_clarke,melinda_clarke_0083.npy,melinda_clarke_0075.npy;melinda_clarke_0089.npy;melinda_clarke_0076.npy,3
melinda_clarke,melinda_clarke_0089.npy,melinda_clarke_0076.npy;melinda_clarke_0039.npy;melinda_clarke_0075.npy,3
melora_walters,melora_walters_0001.npy,melora_walters_0053.npy;melora_walters_0002.npy;melora_walters_0024.npy,3
melora_walters,melora_walters_0002.npy,melora_walters_0016.npy;melora_walters_0004.npy;melora_walters_0048.npy,3
melora_walters,melora_walters_0004.npy,melora_walters_0002.npy;melora_walters_0001.npy;melora_walters_0048.npy,3
melora_walters,melora_walters_0016.npy,melora_walters_0002.npy;melora_walters_0053.npy;melora_walters_0004.npy,3
melora_walters,melora_walters_0024.npy,melora_walters_0049.npy;melora_walters_0016.npy;melora_walters_0004.npy,3
melora_walters,melora_walters_0048.npy,melora_walters_0053.npy;melora_walters_0049.npy;melora_walters_0016.npy,3
melora_walters,melora_walters_0049.npy,melora_walters_0054.npy;melora_walters_0001.npy;melora_walters_0002.npy,3
melora_walters,melora_walters_0053.npy,melora_walters_0024.npy;melora_walters_0016.npy;melora_walters_0002.npy,3
melora_walters,melora_walters_0054.npy,melora_walters_0049.npy;melora_walters_0001.npy;melora_walters_0016.npy,3
michelle_trachtenberg,michelle_trachtenberg_0031.npy,michelle_trachtenberg_0258.npy;michelle_trachtenberg_0232.npy;michelle_trachtenberg_0231.npy,3
michelle_trachtenberg,michelle_trachtenberg_0231.npy,michelle_trachtenberg_0339.npy;michelle_trachtenberg_0261.npy;michelle_trachtenberg_0258.npy,3
michelle_trachtenberg,michelle_trachtenberg_0232.npy,michelle_trachtenberg_0258.npy;michelle_trachtenberg_0031.npy;michelle_trachtenberg_0339.npy,3
michelle_trachtenberg,michelle_trachtenberg_0258.npy,michelle_trachtenberg_0232.npy;michelle_trachtenberg_0339.npy;michelle_trachtenberg_0324.npy,3
michelle_trachtenberg,michelle_trachtenberg_0261.npy,michelle_trachtenberg_0258.npy;michelle_trachtenberg_0031.npy;michelle_trachtenberg_0231.npy,3
michelle_trachtenberg,michelle_trachtenberg_0324.npy,michelle_trachtenberg_0231.npy;michelle_trachtenberg_0232.npy;michelle_trachtenberg_0258.npy,3
michelle_trachtenberg,michelle_trachtenberg_0339.npy,michelle_trachtenberg_0232.npy;michelle_trachtenberg_0324.npy;michelle_trachtenberg_0258.npy,3
miranda_richardson,miranda_richardson_0011.npy,miranda_richardson_0063.npy;miranda_richardson_0013.npy;miranda_richardson_0053.npy,3
miranda_richardson,miranda_richardson_0013.npy,miranda_richardson_0053.npy;miranda_richardson_0021.npy;miranda_richardson_0063.npy,3
miranda_richardson,miranda_richardson_0021.npy,miranda_richardson_0053.npy;miranda_richardson_0045.npy;miranda_richardson_0011.npy,3
miranda_richardson,miranda_richardson_0045.npy,miranda_richardson_0063.npy;miranda_richardson_0013.npy;miranda_richardson_0011.npy,3
miranda_richardson,miranda_richardson_0053.npy,miranda_richardson_0021.npy;miranda_richardson_0045.npy;miranda_richardson_0011.npy,3
miranda_richardson,miranda_richardson_0063.npy,miranda_richardson_0053.npy;miranda_richardson_0011.npy;miranda_richardson_0045.npy,3
mylene_dinh-robic,mylene_dinh-robic_0006.npy,mylene_dinh-robic_0917.npy;mylene_dinh-robic_0936.npy;mylene_dinh-robic_0911.npy,3
mylene_dinh-robic,mylene_dinh-robic_0904.npy,mylene_dinh-robic_0006.npy;mylene_dinh-robic_0911.npy;mylene_dinh-robic_0940.npy,3
mylene_dinh-robic,mylene_dinh-robic_0911.npy,mylene_dinh-robic_0940.npy;mylene_dinh-robic_0006.npy;mylene_dinh-robic_0916.npy,3
mylene_dinh-robic,mylene_dinh-robic_0916.npy,mylene_dinh-robic_0917.npy;mylene_dinh-robic_0911.npy;mylene_dinh-robic_0936.npy,3
mylene_dinh-robic,mylene_dinh-robic_0917.npy,mylene_dinh-robic_0940.npy;mylene_dinh-robic_0923.npy;mylene_dinh-robic_0916.npy,3
mylene_dinh-robic,mylene_dinh-robic_0923.npy,mylene_dinh-robic_0904.npy;mylene_dinh-robic_0931.npy;mylene_dinh-robic_0006.npy,3
mylene_dinh-robic,mylene_dinh-robic_0931.npy,mylene_dinh-robic_0916.npy;mylene_dinh-robic_0911.npy;mylene_dinh-robic_0940.npy,3
mylene_dinh-robic,mylene_dinh-robic_0936.npy,mylene_dinh-robic_0940.npy;mylene_dinh-robic_0904.npy;mylene_dinh-robic_0916.npy,3
mylene_dinh-robic,mylene_dinh-robic_0940.npy,mylene_dinh-robic_0923.npy;mylene_dinh-robic_0911.npy;mylene_dinh-robic_0904.npy,3
neve_campbell,neve_campbell_0012.npy,neve_campbell_0139.npy;neve_campbell_0143.npy;neve_campbell_0064.npy,3
neve_campbell,neve_campbell_0064.npy,neve_campbell_0139.npy;neve_campbell_0012.npy;neve_campbell_0114.npy,3
neve_campbell,neve_campbell_0114.npy,neve_campbell_0012.npy;neve_campbell_0143.npy;neve_campbell_0139.npy,3
neve_campbell,neve_campbell_0139.npy,neve_campbell_0064.npy;neve_campbell_0114.npy;neve_campbell_0012.npy,3
neve_campbell,neve_campbell_0143.npy,neve_campbell_0064.npy;neve_campbell_0139.npy;neve_campbell_0114.npy,3
odette_annable,odette_annable_0053.npy,odette_annable_0060.npy;odette_annable_0119.npy;odette_annable_0128.npy,3
odette_annable,odette_annable_0060.npy,odette_annable_0053.npy;odette_annable_0119.npy;odette_annable_0128.npy,3
odette_annable,odette_annable_0119.npy,odette_annable_0053.npy;odette_annable_0060.npy;odette_annable_0128.npy,3
odette_annable,odette_annable_0128.npy,odette_annable_0053.npy;odette_annable_0060.npy;odette_annable_0119.npy,3
rachel_mcadams,rachel_mcadams_0092.npy,rachel_mcadams_0204.npy;rachel_mcadams_0239.npy;rachel_mcadams_0293.npy,3
rachel_mcadams,rachel_mcadams_0204.npy,rachel_mcadams_0092.npy;rachel_mcadams_0239.npy;rachel_mcadams_0293.npy,3
rachel_mcadams,rachel_mcadams_0239.npy,rachel_mcadams_0092.npy;rachel_mcadams_0204.npy;rachel_mcadams_0293.npy,3
rachel_mcadams,rachel_mcadams_0293.npy,rachel_mcadams_0092.npy;rachel_mcadams_0204.npy;rachel_mcadams_0239.npy,3
rene_russo,rene_russo_0052.npy,rene_russo_0070.npy;rene_russo_0077.npy;rene_russo_0117.npy,3
rene_russo,rene_russo_0070.npy,rene_russo_0052.npy;rene_russo_0077.npy;rene_russo_0117.npy,3
rene_russo,rene_russo_0077.npy,rene_russo_0052.npy;rene_russo_0070.npy;rene_russo_0117.npy,3
rene_russo,rene_russo_0117.npy,rene_russo_0052.npy;rene_russo_0070.npy;rene_russo_0077.npy,3
rhona_mitra,rhona_mitra_0011.npy,rhona_mitra_0033.npy;rhona_mitra_0083.npy;rhona_mitra_0148.npy,3
rhona_mitra,rhona_mitra_0033.npy,rhona_mitra_0148.npy;rhona_mitra_0011.npy;rhona_mitra_0083.npy,3
rhona_mitra,rhona_mitra_0035.npy,rhona_mitra_0011.npy;rhona_mitra_0148.npy;rhona_mitra_0033.npy,3
rhona_mitra,rhona_mitra_0083.npy,rhona_mitra_0035.npy;rhona_mitra_0148.npy;rhona_mitra_0033.npy,3
rhona_mitra,rhona_mitra_0148.npy,rhona_mitra_0083.npy;rhona_mitra_0033.npy;rhona_mitra_0035.npy,3
romola_garai,romola_garai_0005.npy,romola_garai_0071.npy;romola_garai_0036.npy;romola_garai_0027.npy,3
romola_garai,romola_garai_0027.npy,romola_garai_0071.npy;romola_garai_0036.npy;romola_garai_0038.npy,3
romola_garai,romola_garai_0036.npy,romola_garai_0005.npy;romola_garai_0071.npy;romola_garai_0027.npy,3
romola_garai,romola_garai_0038.npy,romola_garai_0036.npy;romola_garai_0027.npy;romola_garai_0005.npy,3
romola_garai,romola_garai_0071.npy,romola_garai_0038.npy;romola_garai_0005.npy;romola_garai_0027.npy,3
rose_byrne,rose_byrne_0039.npy,rose_byrne_0078.npy;rose_byrne_0205.npy;rose_byrne_0212.npy,3
rose_byrne,rose_byrne_0051.npy,rose_byrne_0212.npy;rose_byrne_0078.npy;rose_byrne_0205.npy,3
rose_byrne,rose_byrne_0055.npy,rose_byrne_0205.npy;rose_byrne_0212.npy;rose_byrne_0078.npy,3
rose_byrne,rose_byrne_0078.npy,rose_byrne_0051.npy;rose_byrne_0212.npy;rose_byrne_0188.npy,3
rose_byrne,rose_byrne_0118.npy,rose_byrne_0212.npy;rose_byrne_0051.npy;rose_byrne_0039.npy,3
rose_byrne,rose_byrne_0188.npy,rose_byrne_0212.npy;rose_byrne_0118.npy;rose_byrne_0078.npy,3
rose_byrne,rose_byrne_0205.npy,rose_byrne_0188.npy;rose_byrne_0055.npy;rose_byrne_0051.npy,3
rose_byrne,rose_byrne_0212.npy,rose_byrne_0188.npy;rose_byrne_0039.npy;rose_byrne_0078.npy,3
sadie_calvano,sadie_calvano_0026.npy,sadie_calvano_0043.npy;sadie_calvano_0041.npy;sadie_calvano_0047.npy,3
sadie_calvano,sadie_calvano_0030.npy,sadie_calvano_0047.npy;sadie_calvano_0041.npy;sadie_calvano_0026.npy,3
sadie_calvano,sadie_calvano_0041.npy,sadie_calvano_0030.npy;sadie_calvano_0047.npy;sadie_calvano_0026.npy,3
sadie_calvano,sadie_calvano_0043.npy,sadie_calvano_0047.npy;sadie_calvano_0041.npy;sadie_calvano_0030.npy,3
sadie_calvano,sadie_calvano_0047.npy,sadie_calvano_0041.npy;sadie_calvano_0026.npy;sadie_calvano_0043.npy,3
samantha_harris,samantha_harris_0016.npy,samantha_harris_0031.npy;samantha_harris_0047.npy;samantha_harris_0088.npy,3
samantha_harris,samantha_harris_0031.npy,samantha_harris_0016.npy;samantha_harris_0047.npy;samantha_harris_0088.npy,3
samantha_harris,samantha_harris_0047.npy,samantha_harris_0016.npy;samantha_harris_0031.npy;samantha_harris_0088.npy,3
samantha_harris,samantha_harris_0088.npy,samantha_harris_0016.npy;samantha_harris_0031.npy;samantha_harris_0047.npy,3
shannon_woodward,shannon_woodward_0001.npy,shannon_woodward_0034.npy;shannon_woodward_0010.npy;shannon_woodward_0015.npy,3
shannon_woodward,shannon_woodward_0010.npy,shannon_woodward_0015.npy;shannon_woodward_0034.npy;shannon_woodward_0036.npy,3
shannon_woodward,shannon_woodward_0015.npy,shannon_woodward_0050.npy;shannon_woodward_0010.npy;shannon_woodward_0034.npy,3
shannon_woodward,shannon_woodward_0034.npy,shannon_woodward_0015.npy;shannon_woodward_0001.npy;shannon_woodward_0036.npy,3
shannon_woodward,shannon_woodward_0036.npy,shannon_woodward_0015.npy;shannon_woodward_0010.npy;shannon_woodward_0050.npy,3
shannon_woodward,shannon_woodward_0050.npy,shannon_woodward_0015.npy;shannon_woodward_0034.npy;shannon_woodward_0010.npy,3
stacy_keibler,stacy_keibler_0028.npy,stacy_keibler_0138.npy;stacy_keibler_0206.npy;stacy_keibler_0212.npy,3
stacy_keibler,stacy_keibler_0138.npy,stacy_keibler_0028.npy;stacy_keibler_0206.npy;stacy_keibler_0212.npy,3
stacy_keibler,stacy_keibler_0206.npy,stacy_keibler_0028.npy;stacy_keibler_0138.npy;stacy_keibler_0212.npy,3
stacy_keibler,stacy_keibler_0212.npy,stacy_keibler_0028.npy;stacy_keibler_0138.npy;stacy_keibler_0206.npy,3
terri_ivens,terri_ivens_0001.npy,terri_ivens_0028.npy;terri_ivens_0076.npy;terri_ivens_0039.npy,3
terri_ivens,terri_ivens_0011.npy,terri_ivens_0031.npy;terri_ivens_0001.npy;terri_ivens_0076.npy,3
terri_ivens,terri_ivens_0016.npy,terri_ivens_0001.npy;terri_ivens_0039.npy;terri_ivens_0076.npy,3
terri_ivens,terri_ivens_0028.npy,terri_ivens_0031.npy;terri_ivens_0011.npy;terri_ivens_0001.npy,3
terri_ivens,terri_ivens_0031.npy,terri_ivens_0076.npy;terri_ivens_0028.npy;terri_ivens_0016.npy,3
terri_ivens,terri_ivens_0039.npy,terri_ivens_0028.npy;terri_ivens_0001.npy;terri_ivens_0011.npy,3
terri_ivens,terri_ivens_0076.npy,terri_ivens_0011.npy;terri_ivens_0039.npy;terri_ivens_0016.npy,3
tricia_helfer,tricia_helfer_0007.npy,tricia_helfer_0050.npy;tricia_helfer_0049.npy;tricia_helfer_0041.npy,3
tricia_helfer,tricia_helfer_0019.npy,tricia_helfer_0041.npy;tricia_helfer_0050.npy;tricia_helfer_0007.npy,3
tricia_helfer,tricia_helfer_0041.npy,tricia_helfer_0007.npy;tricia_helfer_0019.npy;tricia_helfer_0049.npy,3
tricia_helfer,tricia_helfer_0049.npy,tricia_helfer_0019.npy;tricia_helfer_0050.npy;tricia_helfer_0007.npy,3
tricia_helfer,tricia_helfer_0050.npy,tricia_helfer_0007.npy;tricia_helfer_0019.npy;tricia_helfer_0041.npy,3
valeria_golino,valeria_golino_0006.npy,valeria_golino_0025.npy;valeria_golino_0049.npy;valeria_golino_0015.npy,3
valeria_golino,valeria_golino_0013.npy,valeria_golino_0021.npy;valeria_golino_0025.npy;valeria_golino_0006.npy,3
valeria_golino,valeria_golino_0015.npy,valeria_golino_0021.npy;valeria_golino_0031.npy;valeria_golino_0025.npy,3
valeria_golino,valeria_golino_0021.npy,valeria_golino_0049.npy;valeria_golino_0025.npy;valeria_golino_0051.npy,3
valeria_golino,valeria_golino_0025.npy,valeria_golino_0051.npy;valeria_golino_0021.npy;valeria_golino_0006.npy,3
valeria_golino,valeria_golino_0031.npy,valeria_golino_0006.npy;valeria_golino_0025.npy;valeria_golino_0013.npy,3
valeria_golino,valeria_golino_0033.npy,valeria_golino_0031.npy;valeria_golino_0006.npy;valeria_golino_0015.npy,3
valeria_golino,valeria_golino_0049.npy,valeria_golino_0021.npy;valeria_golino_0006.npy;valeria_golino_0031.npy,3
valeria_golino,valeria_golino_0051.npy,valeria_golino_0006.npy;valeria_golino_0031.npy;valeria_golino_0033.npy,3
willa_holland,willa_holland_0020.npy,willa_holland_0037.npy;willa_holland_0059.npy;willa_holland_0040.npy,3
willa_holland,willa_holland_0025.npy,willa_holland_0040.npy;willa_holland_0037.npy;willa_holland_0020.npy,3
willa_holland,willa_holland_0037.npy,willa_holland_0052.npy;willa_holland_0056.npy;willa_holland_0058.npy,3
willa_holland,willa_holland_0040.npy,willa_holland_0037.npy;willa_holland_0025.npy;willa_holland_0020.npy,3
willa_holland,willa_holland_0052.npy,willa_holland_0059.npy;willa_holland_0020.npy;willa_holland_0037.npy,3
willa_holland,willa_holland_0056.npy,willa_holland_0037.npy;willa_holland_0040.npy;willa_holland_0052.npy,3
willa_holland,willa_holland_0058.npy,willa_holland_0052.npy;willa_holland_0059.npy;willa_holland_0037.npy,3
willa_holland,willa_holland_0059.npy,willa_holland_0040.npy;willa_holland_0056.npy;willa_holland_0025.npy,3
amir_arison,amir_arison_0002.npy,amir_arison_0019.npy;amir_arison_0017.npy;amir_arison_0014.npy,3
amir_arison,amir_arison_0011.npy,amir_arison_0017.npy;amir_arison_0012.npy;amir_arison_0036.npy,3
amir_arison,amir_arison_0012.npy,amir_arison_0002.npy;amir_arison_0011.npy;amir_arison_0020.npy,3
amir_arison,amir_arison_0014.npy,amir_arison_0012.npy;amir_arison_0011.npy;amir_arison_0019.npy,3
amir_arison,amir_arison_0017.npy,amir_arison_0002.npy;amir_arison_0018.npy;amir_arison_0020.npy,3
amir_arison,amir_arison_0018.npy,amir_arison_0012.npy;amir_arison_0002.npy;amir_arison_0036.npy,3
amir_arison,amir_arison_0019.npy,amir_arison_0002.npy;amir_arison_0014.npy;amir_arison_0018.npy,3
amir_arison,amir_arison_0020.npy,amir_arison_0017.npy;amir_arison_0019.npy;amir_arison_0036.npy,3
amir_arison,amir_arison_0036.npy,amir_arison_0002.npy;amir_arison_0017.npy;amir_arison_0020.npy,3
anthony_hornus,anthony_hornus_0003.npy,anthony_hornus_0079.npy;anthony_hornus_0105.npy;anthony_hornus_0094.npy,3
anthony_hornus,anthony_hornus_0079.npy,anthony_hornus_0003.npy;anthony_hornus_0094.npy;anthony_hornus_0083.npy,3
anthony_hornus,anthony_hornus_0083.npy,anthony_hornus_0094.npy;anthony_hornus_0003.npy;anthony_hornus_0092.npy,3
anthony_hornus,anthony_hornus_0092.npy,anthony_hornus_0083.npy;anthony_hornus_0094.npy;anthony_hornus_0105.npy,3
anthony_hornus,anthony_hornus_0094.npy,anthony_hornus_0079.npy;anthony_hornus_0105.npy;anthony_hornus_0083.npy,3
anthony_hornus,anthony_hornus_0105.npy,anthony_hornus_0003.npy;anthony_hornus_0083.npy;anthony_hornus_0079.npy,3
antonio_sabato_jr,antonio_sabato_jr_0002.npy,antonio_sabato_jr_0044.npy;antonio_sabato_jr_0014.npy;antonio_sabato_jr_0066.npy,3
antonio_sabato_jr,antonio_sabato_jr_0008.npy,antonio_sabato_jr_0034.npy;antonio_sabato_jr_0017.npy;antonio_sabato_jr_0038.npy,3
antonio_sabato_jr,antonio_sabato_jr_0014.npy,antonio_sabato_jr_0038.npy;antonio_sabato_jr_0056.npy;antonio_sabato_jr_0015.npy,3
antonio_sabato_jr,antonio_sabato_jr_0015.npy,antonio_sabato_jr_0029.npy;antonio_sabato_jr_0008.npy;antonio_sabato_jr_0034.npy,3
antonio_sabato_jr,antonio_sabato_jr_0016.npy,antonio_sabato_jr_0056.npy;antonio_sabato_jr_0038.npy;antonio_sabato_jr_0008.npy,3
antonio_sabato_jr,antonio_sabato_jr_0017.npy,antonio_sabato_jr_0016.npy;antonio_sabato_jr_0008.npy;antonio_sabato_jr_0056.npy,3
antonio_sabato_jr,antonio_sabato_jr_0022.npy,antonio_sabato_jr_0031.npy;antonio_sabato_jr_0015.npy;antonio_sabato_jr_0038.npy,3
antonio_sabato_jr,antonio_sabato_jr_0029.npy,antonio_sabato_jr_0015.npy;antonio_sabato_jr_0016.npy;antonio_sabato_jr_0034.npy,3
antonio_sabato_jr,antonio_sabato_jr_0031.npy,antonio_sabato_jr_0015.npy;antonio_sabato_jr_0017.npy;antonio_sabato_jr_0022.npy,3
antonio_sabato_jr,antonio_sabato_jr_0034.npy,antonio_sabato_jr_0016.npy;antonio_sabato_jr_0014.npy;antonio_sabato_jr_0002.npy,3
antonio_sabato_jr,antonio_sabato_jr_0038.npy,antonio_sabato_jr_0031.npy;antonio_sabato_jr_0029.npy;antonio_sabato_jr_0015.npy,3
antonio_sabato_jr,antonio_sabato_jr_0044.npy,antonio_sabato_jr_0056.npy;antonio_sabato_jr_0029.npy;antonio_sabato_jr_0017.npy,3
antonio_sabato_jr,antonio_sabato_jr_0056.npy,antonio_sabato_jr_0015.npy;antonio_sabato_jr_0002.npy;antonio_sabato_jr_0044.npy,3
antonio_sabato_jr,antonio_sabato_jr_0066.npy,antonio_sabato_jr_0038.npy;antonio_sabato_jr_0008.npy;antonio_sabato_jr_0044.npy,3
bernie_matthew,bernie_matthew_0017.npy,bernie_matthew_0055.npy;bernie_matthew_0026.npy;bernie_matthew_0047.npy,3
bernie_matthew,bernie_matthew_0026.npy,bernie_matthew_0017.npy;bernie_matthew_0047.npy;bernie_matthew_0055.npy,3
bernie_matthew,bernie_matthew_0032.npy,bernie_matthew_0047.npy;bernie_matthew_0055.npy;bernie_matthew_0017.npy,3
bernie_matthew,bernie_matthew_0047.npy,bernie_matthew_0055.npy;bernie_matthew_0026.npy;bernie_matthew_0032.npy,3
bernie_matthew,bernie_matthew_0055.npy,bernie_matthew_0047.npy;bernie_matthew_0017.npy;bernie_matthew_0032.npy,3
billy_crudup,billy_crudup_0037.npy,billy_crudup_0115.npy;billy_crudup_0100.npy;billy_crudup_0120.npy,3
billy_crudup,billy_crudup_0100.npy,billy_crudup_0120.npy;billy_crudup_0142.npy;billy_crudup_0128.npy,3
billy_crudup,billy_crudup_0115.npy,billy_crudup_0142.npy;billy_crudup_0037.npy;billy_crudup_0132.npy,3
billy_crudup,billy_crudup_0120.npy,billy_crudup_0037.npy;billy_crudup_0142.npy;billy_crudup_0100.npy,3
billy_crudup,billy_crudup_0128.npy,billy_crudup_0142.npy;billy_crudup_0100.npy;billy_crudup_0115.npy,3
billy_crudup,billy_crudup_0132.npy,billy_crudup_0115.npy;billy_crudup_0120.npy;billy_crudup_0142.npy,3
billy_crudup,billy_crudup_0142.npy,billy_crudup_0132.npy;billy_crudup_0037.npy;billy_crudup_0115.npy,3
chad_rook,chad_rook_0002.npy,chad_rook_0040.npy;chad_rook_0029.npy;chad_rook_0019.npy,3
chad_rook,chad_rook_0019.npy,chad_rook_0051.npy;chad_rook_0062.npy;chad_rook_0029.npy,3
chad_rook,chad_rook_0029.npy,chad_rook_0040.npy;chad_rook_0051.npy;chad_rook_0062.npy,3
chad_rook,chad_rook_0040.npy,chad_rook_0051.npy;chad_rook_0062.npy;chad_rook_0029.npy,3
chad_rook,chad_rook_0051.npy,chad_rook_0019.npy;chad_rook_0002.npy;chad_rook_0040.npy,3
chad_rook,chad_rook_0062.npy,chad_rook_0002.npy;chad_rook_0019.npy;chad_rook_0051.npy,3
chris_colfer,chris_colfer_0038.npy,chris_colfer_0190.npy;chris_colfer_0201.npy;chris_colfer_0203.npy,3
chris_colfer,chris_colfer_0039.npy,chris_colfer_0201.npy;chris_colfer_0114.npy;chris_colfer_0130.npy,3
chris_colfer,chris_colfer_0042.npy,chris_colfer_0190.npy;chris_colfer_0150.npy;chris_colfer_0130.npy,3
chris_colfer,chris_colfer_0114.npy,chris_colfer_0038.npy;chris_colfer_0042.npy;chris_colfer_0125.npy,3
chris_colfer,chris_colfer_0125.npy,chris_colfer_0201.npy;chris_colfer_0039.npy;chris_colfer_0114.npy,3
chris_colfer,chris_colfer_0130.npy,chris_colfer_0201.npy;chris_colfer_0038.npy;chris_colfer_0203.npy,3
chris_colfer,chris_colfer_0150.npy,chris_colfer_0125.npy;chris_colfer_0130.npy;chris_colfer_0038.npy,3
chris_colfer,chris_colfer_0190.npy,chris_colfer_0203.npy;chris_colfer_0114.npy;chris_colfer_0130.npy,3
chris_colfer,chris_colfer_0201.npy,chris_colfer_0130.npy;chris_colfer_0039.npy;chris_colfer_0114.npy,3
chris_colfer,chris_colfer_0203.npy,chris_colfer_0114.npy;chris_colfer_0190.npy;chris_colfer_0042.npy,3
chris_harrison,chris_harrison_0001.npy,chris_harrison_0019.npy;chris_harrison_0008.npy;chris_harrison_0021.npy,3
chris_harrison,chris_harrison_0004.npy,chris_harrison_0021.npy;chris_harrison_0001.npy;chris_harrison_0020.npy,3
chris_harrison,chris_harrison_0006.npy,chris_harrison_0008.npy;chris_harrison_0020.npy;chris_harrison_0019.npy,3
chris_harrison,chris_harrison_0008.npy,chris_harrison_0020.npy;chris_harrison_0006.npy;chris_harrison_0001.npy,3
chris_harrison,chris_harrison_0010.npy,chris_harrison_0020.npy;chris_harrison_0016.npy;chris_harrison_0004.npy,3
chris_harrison,chris_harrison_0011.npy,chris_harrison_0016.npy;chris_harrison_0010.npy;chris_harrison_0001.npy,3
chris_harrison,chris_harrison_0016.npy,chris_harrison_0021.npy;chris_harrison_0008.npy;chris_harrison_0010.npy,3
chris_harrison,chris_harrison_0019.npy,chris_harrison_0016.npy;chris_harrison_0021.npy;chris_harrison_0020.npy,3
chris_harrison,chris_harrison_0020.npy,chris_harrison_0008.npy;chris_harrison_0004.npy;chris_harrison_0021.npy,3
chris_harrison,chris_harrison_0021.npy,chris_harrison_0019.npy;chris_harrison_0020.npy;chris_harrison_0001.npy,3
christopher_stadulis,christopher_stadulis_0014.npy,christopher_stadulis_0044.npy;christopher_stadulis_0063.npy;christopher_stadulis_0030.npy,3
christopher_stadulis,christopher_stadulis_0022.npy,christopher_stadulis_0014.npy;christopher_stadulis_0044.npy;christopher_stadulis_0063.npy,3
christopher_stadulis,christopher_stadulis_0029.npy,christopher_stadulis_0014.npy;christopher_stadulis_0044.npy;christopher_stadulis_0055.npy,3
christopher_stadulis,christopher_stadulis_0030.npy,christopher_stadulis_0014.npy;christopher_stadulis_0055.npy;christopher_stadulis_0063.npy,3
christopher_stadulis,christopher_stadulis_0044.npy,christopher_stadulis_0014.npy;christopher_stadulis_0055.npy;christopher_stadulis_0029.npy,3
christopher_stadulis,christopher_stadulis_0055.npy,christopher_stadulis_0044.npy;christopher_stadulis_0063.npy;christopher_stadulis_0022.npy,3
christopher_stadulis,christopher_stadulis_0063.npy,christopher_stadulis_0055.npy;christopher_stadulis_0030.npy;christopher_stadulis_0029.npy,3
clifton_collins_jr,clifton_collins_jr_0010.npy,clifton_collins_jr_0116.npy;clifton_collins_jr_0055.npy;clifton_collins_jr_0182.npy,3
clifton_collins_jr,clifton_collins_jr_0055.npy,clifton_collins_jr_0182.npy;clifton_collins_jr_0116.npy;clifton_collins_jr_0188.npy,3
clifton_collins_jr,clifton_collins_jr_0093.npy,clifton_collins_jr_0188.npy;clifton_collins_jr_0182.npy;clifton_collins_jr_0116.npy,3
clifton_collins_jr,clifton_collins_jr_0116.npy,clifton_collins_jr_0093.npy;clifton_collins_jr_0182.npy;clifton_collins_jr_0010.npy,3
clifton_collins_jr,clifton_collins_jr_0182.npy,clifton_collins_jr_0010.npy;clifton_collins_jr_0055.npy;clifton_collins_jr_0188.npy,3
clifton_collins_jr,clifton_collins_jr_0188.npy,clifton_collins_jr_0093.npy;clifton_collins_jr_0182.npy;clifton_collins_jr_0116.npy,3
colin_ferguson,colin_ferguson_0001.npy,colin_ferguson_0028.npy;colin_ferguson_0077.npy;colin_ferguson_0094.npy,3
colin_ferguson,colin_ferguson_0017.npy,colin_ferguson_0094.npy;colin_ferguson_0001.npy;colin_ferguson_0077.npy,3
colin_ferguson,colin_ferguson_0020.npy,colin_ferguson_0017.npy;colin_ferguson_0050.npy;colin_ferguson_0094.npy,3
colin_ferguson,colin_ferguson_0028.npy,colin_ferguson_0094.npy;colin_ferguson_0050.npy;colin_ferguson_0001.npy,3
colin_ferguson,colin_ferguson_0050.npy,colin_ferguson_0020.npy;colin_ferguson_0077.npy;colin_ferguson_0017.npy,3
colin_ferguson,colin_ferguson_0077.npy,colin_ferguson_0017.npy;colin_ferguson_0001.npy;colin_ferguson_0028.npy,3
colin_ferguson,colin_ferguson_0094.npy,colin_ferguson_0017.npy;colin_ferguson_0028.npy;colin_ferguson_0077.npy,3
damian_lewis,damian_lewis_0060.npy,damian_lewis_0117.npy;damian_lewis_0067.npy;damian_lewis_0084.npy,3
damian_lewis,damian_lewis_0067.npy,damian_lewis_0060.npy;damian_lewis_0117.npy;damian_lewis_0155.npy,3
damian_lewis,damian_lewis_0084.npy,damian_lewis_0155.npy;damian_lewis_0067.npy;damian_lewis_0060.npy,3
damian_lewis,damian_lewis_0117.npy,damian_lewis_0155.npy;damian_lewis_0060.npy;damian_lewis_0084.npy,3
damian_lewis,damian_lewis_0155.npy,damian_lewis_0117.npy;damian_lewis_0084.npy;damian_lewis_0067.npy,3
danny_devito,danny_devito_0022.npy,danny_devito_0162.npy;danny_devito_0164.npy;danny_devito_0147.npy,3
danny_devito,danny_devito_0147.npy,danny_devito_0162.npy;danny_devito_0022.npy;danny_devito_0245.npy,3
danny_devito,danny_devito_0162.npy,danny_devito_0164.npy;danny_devito_0245.npy;danny_devito_0147.npy,3
danny_devito,danny_devito_0164.npy,danny_devito_0245.npy;danny_devito_0162.npy;danny_devito_0022.npy,3
danny_devito,danny_devito_0245.npy,danny_devito_0162.npy;danny_devito_0147.npy;danny_devito_0164.npy,3
danny_huston,danny_huston_0004.npy,danny_huston_0039.npy;danny_huston_0072.npy;danny_huston_0026.npy,3
danny_huston,danny_huston_0025.npy,danny_huston_0026.npy;danny_huston_0072.npy;danny_huston_0039.npy,3
danny_huston,danny_huston_0026.npy,danny_huston_0088.npy;danny_huston_0076.npy;danny_huston_0039.npy,3
danny_huston,danny_huston_0039.npy,danny_huston_0088.npy;danny_huston_0076.npy;danny_huston_0025.npy,3
danny_huston,danny_huston_0072.npy,danny_huston_0025.npy;danny_huston_0088.npy;danny_huston_0026.npy,3
danny_huston,danny_huston_0076.npy,danny_huston_0088.npy;danny_huston_0026.npy;danny_huston_0025.npy,3
danny_huston,danny_huston_0088.npy,danny_huston_0076.npy;danny_huston_0025.npy;danny_huston_0026.npy,3
david_cronenberg,david_cronenberg_0020.npy,david_cronenberg_0021.npy;david_cronenberg_0026.npy;david_cronenberg_0047.npy,3
david_cronenberg,david_cronenberg_0021.npy,david_cronenberg_0020.npy;david_cronenberg_0026.npy;david_cronenberg_0047.npy,3
david_cronenberg,david_cronenberg_0026.npy,david_cronenberg_0020.npy;david_cronenberg_0021.npy;david_cronenberg_0047.npy,3
david_cronenberg,david_cronenberg_0047.npy,david_cronenberg_0020.npy;david_cronenberg_0021.npy;david_cronenberg_0026.npy,3
david_henrie,david_henrie_0003.npy,david_henrie_0011.npy;david_henrie_0031.npy;david_henrie_0055.npy,3
david_henrie,david_henrie_0010.npy,david_henrie_0051.npy;david_henrie_0074.npy;david_henrie_0034.npy,3
david_henrie,david_henrie_0011.npy,david_henrie_0078.npy;david_henrie_0055.npy;david_henrie_0022.npy,3
david_henrie,david_henrie_0014.npy,david_henrie_0034.npy;david_henrie_0003.npy;david_henrie_0055.npy,3
david_henrie,david_henrie_0018.npy,david_henrie_0010.npy;david_henrie_0003.npy;david_henrie_0034.npy,3
david_henrie,david_henrie_0022.npy,david_henrie_0011.npy;david_henrie_0003.npy;david_henrie_0074.npy,3
david_henrie,david_henrie_0031.npy,david_henrie_0014.npy;david_henrie_0018.npy;david_henrie_0011.npy,3
david_henrie,david_henrie_0034.npy,david_henrie_0018.npy;david_henrie_0078.npy;david_henrie_0011.npy,3
david_henrie,david_henrie_0051.npy,david_henrie_0003.npy;david_henrie_0018.npy;david_henrie_0014.npy,3
david_henrie,david_henrie_0055.npy,david_henrie_0051.npy;david_henrie_0003.npy;david_henrie_0022.npy,3
david_henrie,david_henrie_0074.npy,david_henrie_0034.npy;david_henrie_0010.npy;david_henrie_0051.npy,3
david_henrie,david_henrie_0078.npy,david_henrie_0014.npy;david_henrie_0051.npy;david_henrie_0031.npy,3
david_pryor,david_pryor_0003.npy,david_pryor_0008.npy;david_pryor_0042.npy;david_pryor_0010.npy,3
david_pryor,david_pryor_0006.npy,david_pryor_0060.npy;david_pryor_0079.npy;david_pryor_0003.npy,3
david_pryor,david_pryor_0008.npy,david_pryor_0025.npy;david_pryor_0079.npy;david_pryor_0060.npy,3
david_pryor,david_pryor_0010.npy,david_pryor_0079.npy;david_pryor_0060.npy;david_pryor_0008.npy,3
david_pryor,david_pryor_0025.npy,david_pryor_0042.npy;david_pryor_0003.npy;david_pryor_0060.npy,3
david_pryor,david_pryor_0042.npy,david_pryor_0060.npy;david_pryor_0008.npy;david_pryor_0006.npy,3
david_pryor,david_pryor_0060.npy,david_pryor_0025.npy;david_pryor_0010.npy;david_pryor_0006.npy,3
david_pryor,david_pryor_0079.npy,david_pryor_0042.npy;david_pryor_0060.npy;david_pryor_0008.npy,3
david_strathairn,david_strathairn_0062.npy,david_strathairn_0083.npy;david_strathairn_0102.npy;david_strathairn_0069.npy,3
david_strathairn,david_strathairn_0065.npy,david_strathairn_0102.npy;david_strathairn_0069.npy;david_strathairn_0070.npy,3
david_strathairn,david_strathairn_0069.npy,david_strathairn_0075.npy;david_strathairn_0065.npy;david_strathairn_0062.npy,3
david_strathairn,david_strathairn_0070.npy,david_strathairn_0065.npy;david_strathairn_0102.npy;david_strathairn_0062.npy,3
david_strathairn,david_strathairn_0075.npy,david_strathairn_0070.npy;david_strathairn_0062.npy;david_strathairn_0102.npy,3
david_strathairn,david_strathairn_0083.npy,david_strathairn_0069.npy;david_strathairn_0075.npy;david_strathairn_0102.npy,3
david_strathairn,david_strathairn_0102.npy,david_strathairn_0065.npy;david_strathairn_0083.npy;david_strathairn_0069.npy,3
david_tennant,david_tennant_0006.npy,david_tennant_0020.npy;david_tennant_0048.npy;david_tennant_0071.npy,3
david_tennant,david_tennant_0020.npy,david_tennant_0033.npy;david_tennant_0006.npy;david_tennant_0083.npy,3
david_tennant,david_tennant_0028.npy,david_tennant_0048.npy;david_tennant_0006.npy;david_tennant_0039.npy,3
david_tennant,david_tennant_0033.npy,david_tennant_0071.npy;david_tennant_0076.npy;david_tennant_0048.npy,3
david_tennant,david_tennant_0036.npy,david_tennant_0020.npy;david_tennant_0048.npy;david_tennant_0033.npy,3
david_tennant,david_tennant_0039.npy,david_tennant_0028.npy;david_tennant_0076.npy;david_tennant_0020.npy,3
david_tennant,david_tennant_0048.npy,david_tennant_0076.npy;david_tennant_0028.npy;david_tennant_0065.npy,3
david_tennant,david_tennant_0065.npy,david_tennant_0076.npy;david_tennant_0083.npy;david_tennant_0048.npy,3
david_tennant,david_tennant_0071.npy,david_tennant_0020.npy;david_tennant_0039.npy;david_tennant_0033.npy,3
david_tennant,david_tennant_0076.npy,david_tennant_0033.npy;david_tennant_0039.npy;david_tennant_0071.npy,3
david_tennant,david_tennant_0083.npy,david_tennant_0039.npy;david_tennant_0036.npy;david_tennant_0033.npy,3
dean_cain,dean_cain_0007.npy,dean_cain_0083.npy;dean_cain_0048.npy;dean_cain_0076.npy,3
dean_cain,dean_cain_0025.npy,dean_cain_0046.npy;dean_cain_0048.npy;dean_cain_0007.npy,3
dean_cain,dean_cain_0032.npy,dean_cain_0007.npy;dean_cain_0076.npy;dean_cain_0043.npy,3
dean_cain,dean_cain_0043.npy,dean_cain_0046.npy;dean_cain_0025.npy;dean_cain_0048.npy,3
dean_cain,dean_cain_0046.npy,dean_cain_0048.npy;dean_cain_0025.npy;dean_cain_0007.npy,3
dean_cain,dean_cain_0048.npy,dean_cain_0076.npy;dean_cain_0032.npy;dean_cain_0043.npy,3
dean_cain,dean_cain_0076.npy,dean_cain_0083.npy;dean_cain_0007.npy;dean_cain_0043.npy,3
dean_cain,dean_cain_0083.npy,dean_cain_0032.npy;dean_cain_0046.npy;dean_cain_0076.npy,3
dolph_lundgren,dolph_lundgren_0015.npy,dolph_lundgren_0033.npy;dolph_lundgren_0064.npy;dolph_lundgren_0062.npy,3
dolph_lundgren,dolph_lundgren_0033.npy,dolph_lundgren_0074.npy;dolph_lundgren_0062.npy;dolph_lundgren_0015.npy,3
dolph_lundgren,dolph_lundgren_0062.npy,dolph_lundgren_0064.npy;dolph_lundgren_0074.npy;dolph_lundgren_0015.npy,3
dolph_lundgren,dolph_lundgren_0064.npy,dolph_lundgren_0062.npy;dolph_lundgren_0074.npy;dolph_lundgren_0015.npy,3
dolph_lundgren,dolph_lundgren_0074.npy,dolph_lundgren_0015.npy;dolph_lundgren_0064.npy;dolph_lundgren_0062.npy,3
dominic_cooper,dominic_cooper_0001.npy,dominic_cooper_0028.npy;dominic_cooper_0048.npy;dominic_cooper_0120.npy,3
dominic_cooper,dominic_cooper_0024.npy,dominic_cooper_0088.npy;dominic_cooper_0028.npy;dominic_cooper_0048.npy,3
dominic_cooper,dominic_cooper_0028.npy,dominic_cooper_0120.npy;dominic_cooper_0088.npy;dominic_cooper_0024.npy,3
dominic_cooper,dominic_cooper_0043.npy,dominic_cooper_0028.npy;dominic_cooper_0001.npy;dominic_cooper_0091.npy,3
dominic_cooper,dominic_cooper_0048.npy,dominic_cooper_0062.npy;dominic_cooper_0001.npy;dominic_cooper_0024.npy,3
dominic_cooper,dominic_cooper_0055.npy,dominic_cooper_0024.npy;dominic_cooper_0001.npy;dominic_cooper_0028.npy,3
dominic_cooper,dominic_cooper_0062.npy,dominic_cooper_0048.npy;dominic_cooper_0120.npy;dominic_cooper_0024.npy,3
dominic_cooper,dominic_cooper_0088.npy,dominic_cooper_0130.npy;dominic_cooper_0043.npy;dominic_cooper_0048.npy,3
dominic_cooper,dominic_cooper_0091.npy,dominic_cooper_0062.npy;dominic_cooper_0130.npy;dominic_cooper_0088.npy,3
dominic_cooper,dominic_cooper_0120.npy,dominic_cooper_0062.npy;dominic_cooper_0130.npy;dominic_cooper_0055.npy,3
dominic_cooper,dominic_cooper_0130.npy,dominic_cooper_0001.npy;dominic_cooper_0062.npy;dominic_cooper_0024.npy,3
donal_logue,donal_logue_0001.npy,donal_logue_0023.npy;donal_logue_0028.npy;donal_logue_0062.npy,3
donal_logue,donal_logue_0023.npy,donal_logue_0001.npy;donal_logue_0028.npy;donal_logue_0062.npy,3
donal_logue,donal_logue_0028.npy,donal_logue_0001.npy;donal_logue_0023.npy;donal_logue_0062.npy,3
donal_logue,donal_logue_0062.npy,donal_logue_0001.npy;donal_logue_0023.npy;donal_logue_0028.npy,3
dylan_mcdermott,dylan_mcdermott_0035.npy,dylan_mcdermott_0155.npy;dylan_mcdermott_0055.npy;dylan_mcdermott_0169.npy,3
dylan_mcdermott,dylan_mcdermott_0055.npy,dylan_mcdermott_0169.npy;dylan_mcdermott_0155.npy;dylan_mcdermott_0035.npy,3
dylan_mcdermott,dylan_mcdermott_0083.npy,dylan_mcdermott_0169.npy;dylan_mcdermott_0035.npy;dylan_mcdermott_0111.npy,3
dylan_mcdermott,dylan_mcdermott_0111.npy,dylan_mcdermott_0155.npy;dylan_mcdermott_0035.npy;dylan_mcdermott_0083.npy,3
dylan_mcdermott,dylan_mcdermott_0137.npy,dylan_mcdermott_0169.npy;dylan_mcdermott_0083.npy;dylan_mcdermott_0035.npy,3
dylan_mcdermott,dylan_mcdermott_0155.npy,dylan_mcdermott_0083.npy;dylan_mcdermott_0111.npy;dylan_mcdermott_0137.npy,3
dylan_mcdermott,dylan_mcdermott_0169.npy,dylan_mcdermott_0111.npy;dylan_mcdermott_0035.npy;dylan_mcdermott_0155.npy,3
eddie_cibrian,eddie_cibrian_0001.npy,eddie_cibrian_0007.npy;eddie_cibrian_0028.npy;eddie_cibrian_0053.npy,3
eddie_cibrian,eddie_cibrian_0005.npy,eddie_cibrian_0007.npy;eddie_cibrian_0051.npy;eddie_cibrian_0019.npy,3
eddie_cibrian,eddie_cibrian_0007.npy,eddie_cibrian_0053.npy;eddie_cibrian_0028.npy;eddie_cibrian_0014.npy,3
eddie_cibrian,eddie_cibrian_0014.npy,eddie_cibrian_0051.npy;eddie_cibrian_0005.npy;eddie_cibrian_0007.npy,3
eddie_cibrian,eddie_cibrian_0019.npy,eddie_cibrian_0051.npy;eddie_cibrian_0053.npy;eddie_cibrian_0007.npy,3
eddie_cibrian,eddie_cibrian_0028.npy,eddie_cibrian_0001.npy;eddie_cibrian_0019.npy;eddie_cibrian_0051.npy,3
eddie_cibrian,eddie_cibrian_0051.npy,eddie_cibrian_0005.npy;eddie_cibrian_0001.npy;eddie_cibrian_0028.npy,3
eddie_cibrian,eddie_cibrian_0053.npy,eddie_cibrian_0001.npy;eddie_cibrian_0019.npy;eddie_cibrian_0028.npy,3
edoardo_purgatori,edoardo_purgatori_0007.npy,edoardo_purgatori_0055.npy;edoardo_purgatori_0052.npy;edoardo_purgatori_0013.npy,3
edoardo_purgatori,edoardo_purgatori_0013.npy,edoardo_purgatori_0052.npy;edoardo_purgatori_0007.npy;edoardo_purgatori_0037.npy,3
edoardo_purgatori,edoardo_purgatori_0037.npy,edoardo_purgatori_0013.npy;edoardo_purgatori_0055.npy;edoardo_purgatori_0007.npy,3
edoardo_purgatori,edoardo_purgatori_0052.npy,edoardo_purgatori_0013.npy;edoardo_purgatori_0007.npy;edoardo_purgatori_0037.npy,3
edoardo_purgatori,edoardo_purgatori_0055.npy,edoardo_purgatori_0037.npy;edoardo_purgatori_0007.npy;edoardo_purgatori_0052.npy,3
eric_stonestreet,eric_stonestreet_0025.npy,eric_stonestreet_0128.npy;eric_stonestreet_0183.npy;eric_stonestreet_0223.npy,3
eric_stonestreet,eric_stonestreet_0128.npy,eric_stonestreet_0025.npy;eric_stonestreet_0183.npy;eric_stonestreet_0223.npy,3
eric_stonestreet,eric_stonestreet_0183.npy,eric_stonestreet_0025.npy;eric_stonestreet_0128.npy;eric_stonestreet_0223.npy,3
eric_stonestreet,eric_stonestreet_0223.npy,eric_stonestreet_0025.npy;eric_stonestreet_0128.npy;eric_stonestreet_0183.npy,3
federico_dordei,federico_dordei_0013.npy,federico_dordei_0032.npy;federico_dordei_0081.npy;federico_dordei_0079.npy,3
federico_dordei,federico_dordei_0020.npy,federico_dordei_0013.npy;federico_dordei_0076.npy;federico_dordei_0070.npy,3
federico_dordei,federico_dordei_0030.npy,federico_dordei_0081.npy;federico_dordei_0076.npy;federico_dordei_0020.npy,3
federico_dordei,federico_dordei_0032.npy,federico_dordei_0043.npy;federico_dordei_0081.npy;federico_dordei_0020.npy,3
federico_dordei,federico_dordei_0036.npy,federico_dordei_0043.npy;federico_dordei_0020.npy;federico_dordei_0032.npy,3
federico_dordei,federico_dordei_0043.npy,federico_dordei_0082.npy;federico_dordei_0079.npy;federico_dordei_0070.npy,3
federico_dordei,federico_dordei_0058.npy,federico_dordei_0043.npy;federico_dordei_0082.npy;federico_dordei_0030.npy,3
federico_dordei,federico_dordei_0063.npy,federico_dordei_0081.npy;federico_dordei_0082.npy;federico_dordei_0032.npy,3
federico_dordei,federico_dordei_0070.npy,federico_dordei_0020.npy;federico_dordei_0036.npy;federico_dordei_0079.npy,3
federico_dordei,federico_dordei_0076.npy,federico_dordei_0020.npy;federico_dordei_0032.npy;federico_dordei_0043.npy,3
federico_dordei,federico_dordei_0079.npy,federico_dordei_0063.npy;federico_dordei_0082.npy;federico_dordei_0043.npy,3
federico_dordei,federico_dordei_0081.npy,federico_dordei_0076.npy;federico_dordei_0079.npy;federico_dordei_0036.npy,3
federico_dordei,federico_dordei_0082.npy,federico_dordei_0081.npy;federico_dordei_0076.npy;federico_dordei_0030.npy,3
gulshan_grover,gulshan_grover_0003.npy,gulshan_grover_0054.npy;gulshan_grover_0055.npy;gulshan_grover_0035.npy,3
gulshan_grover,gulshan_grover_0007.npy,gulshan_grover_0035.npy;gulshan_grover_0044.npy;gulshan_grover_0011.npy,3
gulshan_grover,gulshan_grover_0010.npy,gulshan_grover_0003.npy;gulshan_grover_0035.npy;gulshan_grover_0016.npy,3
gulshan_grover,gulshan_grover_0011.npy,gulshan_grover_0016.npy;gulshan_grover_0044.npy;gulshan_grover_0031.npy,3
gulshan_grover,gulshan_grover_0016.npy,gulshan_grover_0035.npy;gulshan_grover_0010.npy;gulshan_grover_0055.npy,3
gulshan_grover,gulshan_grover_0031.npy,gulshan_grover_0048.npy;gulshan_grover_0055.npy;gulshan_grover_0054.npy,3
gulshan_grover,gulshan_grover_0035.npy,gulshan_grover_0031.npy;gulshan_grover_0016.npy;gulshan_grover_0048.npy,3
gulshan_grover,gulshan_grover_0044.npy,gulshan_grover_0053.npy;gulshan_grover_0007.npy;gulshan_grover_0010.npy,3
gulshan_grover,gulshan_grover_0048.npy,gulshan_grover_0055.npy;gulshan_grover_0054.npy;gulshan_grover_0007.npy,3
gulshan_grover,gulshan_grover_0053.npy,gulshan_grover_0016.npy;gulshan_grover_0010.npy;gulshan_grover_0048.npy,3
gulshan_grover,gulshan_grover_0054.npy,gulshan_grover_0011.npy;gulshan_grover_0016.npy;gulshan_grover_0007.npy,3
gulshan_grover,gulshan_grover_0055.npy,gulshan_grover_0007.npy;gulshan_grover_0003.npy;gulshan_grover_0048.npy,3
howie_mandel,howie_mandel_0018.npy,howie_mandel_0074.npy;howie_mandel_0033.npy;howie_mandel_0072.npy,3
howie_mandel,howie_mandel_0033.npy,howie_mandel_0072.npy;howie_mandel_0062.npy;howie_mandel_0079.npy,3
howie_mandel,howie_mandel_0057.npy,howie_mandel_0033.npy;howie_mandel_0018.npy;howie_mandel_0072.npy,3
howie_mandel,howie_mandel_0061.npy,howie_mandel_0057.npy;howie_mandel_0072.npy;howie_mandel_0074.npy,3
howie_mandel,howie_mandel_0062.npy,howie_mandel_0061.npy;howie_mandel_0074.npy;howie_mandel_0033.npy,3
howie_mandel,howie_mandel_0072.npy,howie_mandel_0057.npy;howie_mandel_0061.npy;howie_mandel_0033.npy,3
howie_mandel,howie_mandel_0074.npy,howie_mandel_0079.npy;howie_mandel_0062.npy;howie_mandel_0057.npy,3
howie_mandel,howie_mandel_0079.npy,howie_mandel_0033.npy;howie_mandel_0061.npy;howie_mandel_0062.npy,3
hugo_becker,hugo_becker_0005.npy,hugo_becker_0010.npy;hugo_becker_0017.npy;hugo_becker_0052.npy,3
hugo_becker,hugo_becker_0010.npy,hugo_becker_0005.npy;hugo_becker_0017.npy;hugo_becker_0052.npy,3
hugo_becker,hugo_becker_0017.npy,hugo_becker_0005.npy;hugo_becker_0010.npy;hugo_becker_0052.npy,3
hugo_becker,hugo_becker_0052.npy,hugo_becker_0005.npy;hugo_becker_0010.npy;hugo_becker_0017.npy,3
iain_glen,iain_glen_0018.npy,iain_glen_0029.npy;iain_glen_0035.npy;iain_glen_0053.npy,3
iain_glen,iain_glen_0029.npy,iain_glen_0018.npy;iain_glen_0053.npy;iain_glen_0062.npy,3
iain_glen,iain_glen_0035.npy,iain_glen_0029.npy;iain_glen_0053.npy;iain_glen_0018.npy,3
iain_glen,iain_glen_0053.npy,iain_glen_0062.npy;iain_glen_0018.npy;iain_glen_0035.npy,3
iain_glen,iain_glen_0062.npy,iain_glen_0029.npy;iain_glen_0035.npy;iain_glen_0053.npy,3
james_mcavoy,james_mcavoy_0012.npy,james_mcavoy_0078.npy;james_mcavoy_0022.npy;james_mcavoy_0099.npy,3
james_mcavoy,james_mcavoy_0022.npy,james_mcavoy_0099.npy;james_mcavoy_0054.npy;james_mcavoy_0012.npy,3
james_mcavoy,james_mcavoy_0054.npy,james_mcavoy_0078.npy;james_mcavoy_0128.npy;james_mcavoy_0012.npy,3
james_mcavoy,james_mcavoy_0078.npy,james_mcavoy_0012.npy;james_mcavoy_0022.npy;james_mcavoy_0054.npy,3
james_mcavoy,james_mcavoy_0099.npy,james_mcavoy_0054.npy;james_mcavoy_0078.npy;james_mcavoy_0022.npy,3
james_mcavoy,james_mcavoy_0128.npy,james_mcavoy_0078.npy;james_mcavoy_0012.npy;james_mcavoy_0099.npy,3
james_van_der_beek,james_van_der_beek_0002.npy,james_van_der_beek_0121.npy;james_van_der_beek_0096.npy;james_van_der_beek_0017.npy,3
james_van_der_beek,james_van_der_beek_0017.npy,james_van_der_beek_0121.npy;james_van_der_beek_0117.npy;james_van_der_beek_0096.npy,3
james_van_der_beek,james_van_der_beek_0027.npy,james_van_der_beek_0121.npy;james_van_der_beek_0096.npy;james_van_der_beek_0017.npy,3
james_van_der_beek,james_van_der_beek_0096.npy,james_van_der_beek_0114.npy;james_van_der_beek_0121.npy;james_van_der_beek_0027.npy,3
james_van_der_beek,james_van_der_beek_0114.npy,james_van_der_beek_0117.npy;james_van_der_beek_0002.npy;james_van_der_beek_0027.npy,3
james_van_der_beek,james_van_der_beek_0117.npy,james_van_der_beek_0096.npy;james_van_der_beek_0017.npy;james_van_der_beek_0121.npy,3
james_van_der_beek,james_van_der_beek_0121.npy,james_van_der_beek_0027.npy;james_van_der_beek_0117.npy;james_van_der_beek_0096.npy,3
jason_behr,jason_behr_0009.npy,jason_behr_0050.npy;jason_behr_0032.npy;jason_behr_0011.npy,3
jason_behr,jason_behr_0011.npy,jason_behr_0023.npy;jason_behr_0031.npy;jason_behr_0015.npy,3
jason_behr,jason_behr_0015.npy,jason_behr_0031.npy;jason_behr_0009.npy;jason_behr_0032.npy,3
jason_behr,jason_behr_0023.npy,jason_behr_0032.npy;jason_behr_0011.npy;jason_behr_0049.npy,3
jason_behr,jason_behr_0031.npy,jason_behr_0015.npy;jason_behr_0011.npy;jason_behr_0050.npy,3
jason_behr,jason_behr_0032.npy,jason_behr_0011.npy;jason_behr_0038.npy;jason_behr_0050.npy,3
jason_behr,jason_behr_0038.npy,jason_behr_0049.npy;jason_behr_0050.npy;jason_behr_0015.npy,3
jason_behr,jason_behr_0049.npy,jason_behr_0011.npy;jason_behr_0023.npy;jason_behr_0032.npy,3
jason_behr,jason_behr_0050.npy,jason_behr_0049.npy;jason_behr_0023.npy;jason_behr_0011.npy,3
jason_patric,jason_patric_0009.npy,jason_patric_0029.npy;jason_patric_0040.npy;jason_patric_0070.npy,3
jason_patric,jason_patric_0019.npy,jason_patric_0009.npy;jason_patric_0070.npy;jason_patric_0040.npy,3
jason_patric,jason_patric_0029.npy,jason_patric_0019.npy;jason_patric_0040.npy;jason_patric_0009.npy,3
jason_patric,jason_patric_0040.npy,jason_patric_0019.npy;jason_patric_0029.npy;jason_patric_0009.npy,3
jason_patric,jason_patric_0070.npy,jason_patric_0019.npy;jason_patric_0009.npy;jason_patric_0029.npy,3
jeremy_renner,jeremy_renner_0024.npy,jeremy_renner_0118.npy;jeremy_renner_0101.npy;jeremy_renner_0320.npy,3
jeremy_renner,jeremy_renner_0047.npy,jeremy_renner_0201.npy;jeremy_renner_0332.npy;jeremy_renner_0024.npy,3
jeremy_renner,jeremy_renner_0055.npy,jeremy_renner_0341.npy;jeremy_renner_0118.npy;jeremy_renner_0047.npy,3
jeremy_renner,jeremy_renner_0101.npy,jeremy_renner_0111.npy;jeremy_renner_0319.npy;jeremy_renner_0332.npy,3
jeremy_renner,jeremy_renner_0111.npy,jeremy_renner_0319.npy;jeremy_renner_0055.npy;jeremy_renner_0101.npy,3
jeremy_renner,jeremy_renner_0118.npy,jeremy_renner_0201.npy;jeremy_renner_0332.npy;jeremy_renner_0055.npy,3
jeremy_renner,jeremy_renner_0166.npy,jeremy_renner_0332.npy;jeremy_renner_0055.npy;jeremy_renner_0320.npy,3
jeremy_renner,jeremy_renner_0201.npy,jeremy_renner_0111.npy;jeremy_renner_0055.npy;jeremy_renner_0118.npy,3
jeremy_renner,jeremy_renner_0319.npy,jeremy_renner_0201.npy;jeremy_renner_0332.npy;jeremy_renner_0047.npy,3
jeremy_renner,jeremy_renner_0320.npy,jeremy_renner_0101.npy;jeremy_renner_0166.npy;jeremy_renner_0332.npy,3
jeremy_renner,jeremy_renner_0332.npy,jeremy_renner_0055.npy;jeremy_renner_0047.npy;jeremy_renner_0024.npy,3
jeremy_renner,jeremy_renner_0341.npy,jeremy_renner_0101.npy;jeremy_renner_0319.npy;jeremy_renner_0320.npy,3
john_carroll_lynch,john_carroll_lynch_0005.npy,john_carroll_lynch_0023.npy;john_carroll_lynch_0025.npy;john_carroll_lynch_0037.npy,3
john_carroll_lynch,john_carroll_lynch_0023.npy,john_carroll_lynch_0005.npy;john_carroll_lynch_0025.npy;john_carroll_lynch_0037.npy,3
john_carroll_lynch,john_carroll_lynch_0025.npy,john_carroll_lynch_0005.npy;john_carroll_lynch_0023.npy;john_carroll_lynch_0037.npy,3
john_carroll_lynch,john_carroll_lynch_0037.npy,john_carroll_lynch_0005.npy;john_carroll_lynch_0023.npy;john_carroll_lynch_0025.npy,3
john_francis_daley,john_francis_daley_0011.npy,john_francis_daley_0061.npy;john_francis_daley_0023.npy;john_francis_daley_0041.npy,3
john_francis_daley,john_francis_daley_0013.npy,john_francis_daley_0016.npy;john_francis_daley_0023.npy;john_francis_daley_0030.npy,3
john_francis_daley,john_francis_daley_0016.npy,john_francis_daley_0011.npy;john_francis_daley_0013.npy;john_francis_daley_0065.npy,3
john_francis_daley,john_francis_daley_0023.npy,john_francis_daley_0063.npy;john_francis_daley_0016.npy;john_francis_daley_0041.npy,3
john_francis_daley,john_francis_daley_0030.npy,john_francis_daley_0065.npy;john_francis_daley_0011.npy;john_francis_daley_0061.npy,3
john_francis_daley,john_francis_daley_0041.npy,john_francis_daley_0061.npy;john_francis_daley_0065.npy;john_francis_daley_0016.npy,3
john_francis_daley,john_francis_daley_0059.npy,john_francis_daley_0011.npy;john_francis_daley_0061.npy;john_francis_daley_0013.npy,3
john_francis_daley,john_francis_daley_0061.npy,john_francis_daley_0063.npy;john_francis_daley_0059.npy;john_francis_daley_0016.npy,3
john_francis_daley,john_francis_daley_0063.npy,john_francis_daley_0013.npy;john_francis_daley_0059.npy;john_francis_daley_0065.npy,3
john_francis_daley,john_francis_daley_0065.npy,john_francis_daley_0030.npy;john_francis_daley_0061.npy;john_francis_daley_0059.npy,3
jon_cryer,jon_cryer_0002.npy,jon_cryer_0016.npy;jon_cryer_0007.npy;jon_cryer_0021.npy,3
jon_cryer,jon_cryer_0006.npy,jon_cryer_0196.npy;jon_cryer_0180.npy;jon_cryer_0027.npy,3
jon_cryer,jon_cryer_0007.npy,jon_cryer_0021.npy;jon_cryer_0016.npy;jon_cryer_0002.npy,3
jon_cryer,jon_cryer_0009.npy,jon_cryer_0002.npy;jon_cryer_0180.npy;jon_cryer_0006.npy,3
jon_cryer,jon_cryer_0016.npy,jon_cryer_0180.npy;jon_cryer_0002.npy;jon_cryer_0027.npy,3
jon_cryer,jon_cryer_0021.npy,jon_cryer_0009.npy;jon_cryer_0024.npy;jon_cryer_0027.npy,3
jon_cryer,jon_cryer_0024.npy,jon_cryer_0021.npy;jon_cryer_0006.npy;jon_cryer_0007.npy,3
jon_cryer,jon_cryer_0027.npy,jon_cryer_0024.npy;jon_cryer_0016.npy;jon_cryer_0180.npy,3
jon_cryer,jon_cryer_0063.npy,jon_cryer_0180.npy;jon_cryer_0024.npy;jon_cryer_0021.npy,3
jon_cryer,jon_cryer_0180.npy,jon_cryer_0196.npy;jon_cryer_0016.npy;jon_cryer_0024.npy,3
jon_cryer,jon_cryer_0196.npy,jon_cryer_0009.npy;jon_cryer_0024.npy;jon_cryer_0027.npy,3
joseph_lawrence,joseph_lawrence_0005.npy,joseph_lawrence_0016.npy;joseph_lawrence_0017.npy;joseph_lawrence_0035.npy,3
joseph_lawrence,joseph_lawrence_0010.npy,joseph_lawrence_0035.npy;joseph_lawrence_0021.npy;joseph_lawrence_0017.npy,3
joseph_lawrence,joseph_lawrence_0016.npy,joseph_lawrence_0017.npy;joseph_lawrence_0035.npy;joseph_lawrence_0066.npy,3
joseph_lawrence,joseph_lawrence_0017.npy,joseph_lawrence_0066.npy;joseph_lawrence_0051.npy;joseph_lawrence_0021.npy,3
joseph_lawrence,joseph_lawrence_0021.npy,joseph_lawrence_0051.npy;joseph_lawrence_0010.npy;joseph_lawrence_0005.npy,3
joseph_lawrence,joseph_lawrence_0035.npy,joseph_lawrence_0051.npy;joseph_lawrence_0010.npy;joseph_lawrence_0017.npy,3
joseph_lawrence,joseph_lawrence_0051.npy,joseph_lawrence_0066.npy;joseph_lawrence_0035.npy;joseph_lawrence_0010.npy,3
joseph_lawrence,joseph_lawrence_0066.npy,joseph_lawrence_0005.npy;joseph_lawrence_0010.npy;joseph_lawrence_0021.npy,3
josh_cooke,josh_cooke_0007.npy,josh_cooke_0020.npy;josh_cooke_0019.npy;josh_cooke_0038.npy,3
josh_cooke,josh_cooke_0013.npy,josh_cooke_0038.npy;josh_cooke_0044.npy;josh_cooke_0007.npy,3
josh_cooke,josh_cooke_0016.npy,josh_cooke_0013.npy;josh_cooke_0020.npy;josh_cooke_0007.npy,3
josh_cooke,josh_cooke_0019.npy,josh_cooke_0064.npy;josh_cooke_0007.npy;josh_cooke_0013.npy,3
josh_cooke,josh_cooke_0020.npy,josh_cooke_0019.npy;josh_cooke_0038.npy;josh_cooke_0064.npy,3
josh_cooke,josh_cooke_0038.npy,josh_cooke_0007.npy;josh_cooke_0064.npy;josh_cooke_0016.npy,3
josh_cooke,josh_cooke_0044.npy,josh_cooke_0013.npy;josh_cooke_0016.npy;josh_cooke_0007.npy,3
josh_cooke,josh_cooke_0064.npy,josh_cooke_0020.npy;josh_cooke_0007.npy;josh_cooke_0019.npy,3
josh_hartnett,josh_hartnett_0007.npy,josh_hartnett_0063.npy;josh_hartnett_0084.npy;josh_hartnett_0102.npy,3
josh_hartnett,josh_hartnett_0019.npy,josh_hartnett_0056.npy;josh_hartnett_0102.npy;josh_hartnett_0084.npy,3
josh_hartnett,josh_hartnett_0036.npy,josh_hartnett_0007.npy;josh_hartnett_0019.npy;josh_hartnett_0063.npy,3
josh_hartnett,josh_hartnett_0056.npy,josh_hartnett_0063.npy;josh_hartnett_0007.npy;josh_hartnett_0019.npy,3
josh_hartnett,josh_hartnett_0063.npy,josh_hartnett_0144.npy;josh_hartnett_0102.npy;josh_hartnett_0084.npy,3
josh_hartnett,josh_hartnett_0084.npy,josh_hartnett_0036.npy;josh_hartnett_0019.npy;josh_hartnett_0007.npy,3
josh_hartnett,josh_hartnett_0102.npy,josh_hartnett_0144.npy;josh_hartnett_0063.npy;josh_hartnett_0084.npy,3
josh_hartnett,josh_hartnett_0144.npy,josh_hartnett_0063.npy;josh_hartnett_0084.npy;josh_hartnett_0019.npy,3
josh_holloway,josh_holloway_0007.npy,josh_holloway_0079.npy;josh_holloway_0036.npy;josh_holloway_0011.npy,3
josh_holloway,josh_holloway_0011.npy,josh_holloway_0056.npy;josh_holloway_0036.npy;josh_holloway_0007.npy,3
josh_holloway,josh_holloway_0036.npy,josh_holloway_0011.npy;josh_holloway_0007.npy;josh_holloway_0056.npy,3
josh_holloway,josh_holloway_0056.npy,josh_holloway_0099.npy;josh_holloway_0072.npy;josh_holloway_0036.npy,3
josh_holloway,josh_holloway_0072.npy,josh_holloway_0081.npy;josh_holloway_0056.npy;josh_holloway_0099.npy,3
josh_holloway,josh_holloway_0079.npy,josh_holloway_0072.npy;josh_holloway_0011.npy;josh_holloway_0099.npy,3
josh_holloway,josh_holloway_0081.npy,josh_holloway_0007.npy;josh_holloway_0079.npy;josh_holloway_0099.npy,3
josh_holloway,josh_holloway_0099.npy,josh_holloway_0007.npy;josh_holloway_0072.npy;josh_holloway_0036.npy,3
judge_reinhold,judge_reinhold_0012.npy,judge_reinhold_0058.npy;judge_reinhold_0053.npy;judge_reinhold_0062.npy,3
judge_reinhold,judge_reinhold_0022.npy,judge_reinhold_0053.npy;judge_reinhold_0058.npy;judge_reinhold_0012.npy,3
judge_reinhold,judge_reinhold_0053.npy,judge_reinhold_0062.npy;judge_reinhold_0022.npy;judge_reinhold_0012.npy,3
judge_reinhold,judge_reinhold_0058.npy,judge_reinhold_0053.npy;judge_reinhold_0012.npy;judge_reinhold_0022.npy,3
judge_reinhold,judge_reinhold_0062.npy,judge_reinhold_0012.npy;judge_reinhold_0053.npy;judge_reinhold_0058.npy,3
louis_ck,louis_ck_0001.npy,louis_ck_0006.npy;louis_ck_0038.npy;louis_ck_0047.npy,3
louis_ck,louis_ck_0006.npy,louis_ck_0001.npy;louis_ck_0038.npy;louis_ck_0047.npy,3
louis_ck,louis_ck_0038.npy,louis_ck_0001.npy;louis_ck_0006.npy;louis_ck_0047.npy,3
louis_ck,louis_ck_0047.npy,louis_ck_0001.npy;louis_ck_0006.npy;louis_ck_0038.npy,3
luke_wilson,luke_wilson_0005.npy,luke_wilson_0150.npy;luke_wilson_0099.npy;luke_wilson_0171.npy,3
luke_wilson,luke_wilson_0046.npy,luke_wilson_0005.npy;luke_wilson_0150.npy;luke_wilson_0099.npy,3
luke_wilson,luke_wilson_0056.npy,luke_wilson_0150.npy;luke_wilson_0171.npy;luke_wilson_0099.npy,3
luke_wilson,luke_wilson_0099.npy,luke_wilson_0171.npy;luke_wilson_0107.npy;luke_wilson_0150.npy,3
luke_wilson,luke_wilson_0107.npy,luke_wilson_0150.npy;luke_wilson_0099.npy;luke_wilson_0046.npy,3
luke_wilson,luke_wilson_0150.npy,luke_wilson_0056.npy;luke_wilson_0099.npy;luke_wilson_0107.npy,3
luke_wilson,luke_wilson_0171.npy,luke_wilson_0107.npy;luke_wilson_0005.npy;luke_wilson_0099.npy,3
mads_mikkelsen,mads_mikkelsen_0004.npy,mads_mikkelsen_0007.npy;mads_mikkelsen_0034.npy;mads_mikkelsen_0130.npy,3
mads_mikkelsen,mads_mikkelsen_0007.npy,mads_mikkelsen_0042.npy;mads_mikkelsen_0012.npy;mads_mikkelsen_0034.npy,3
mads_mikkelsen,mads_mikkelsen_0012.npy,mads_mikkelsen_0007.npy;mads_mikkelsen_0034.npy;mads_mikkelsen_0130.npy,3
mads_mikkelsen,mads_mikkelsen_0034.npy,mads_mikkelsen_0012.npy;mads_mikkelsen_0004.npy;mads_mikkelsen_0130.npy,3
mads_mikkelsen,mads_mikkelsen_0042.npy,mads_mikkelsen_0012.npy;mads_mikkelsen_0007.npy;mads_mikkelsen_0034.npy,3
mads_mikkelsen,mads_mikkelsen_0130.npy,mads_mikkelsen_0004.npy;mads_mikkelsen_0034.npy;mads_mikkelsen_0012.npy,3
mark_salling,mark_salling_0005.npy,mark_salling_0081.npy;mark_salling_0025.npy;mark_salling_0040.npy,3
mark_salling,mark_salling_0010.npy,mark_salling_0099.npy;mark_salling_0081.npy;mark_salling_0101.npy,3
mark_salling,mark_salling_0025.npy,mark_salling_0068.npy;mark_salling_0080.npy;mark_salling_0040.npy,3
mark_salling,mark_salling_0040.npy,mark_salling_0068.npy;mark_salling_0099.npy;mark_salling_0110.npy,3
mark_salling,mark_salling_0068.npy,mark_salling_0040.npy;mark_salling_0110.npy;mark_salling_0080.npy,3
mark_salling,mark_salling_0080.npy,mark_salling_0040.npy;mark_salling_0110.npy;mark_salling_0101.npy,3
mark_salling,mark_salling_0081.npy,mark_salling_0040.npy;mark_salling_0080.npy;mark_salling_0025.npy,3
mark_salling,mark_salling_0082.npy,mark_salling_0010.npy;mark_salling_0110.npy;mark_salling_0101.npy,3
mark_salling,mark_salling_0099.npy,mark_salling_0082.npy;mark_salling_0005.npy;mark_salling_0101.npy,3
mark_salling,mark_salling_0101.npy,mark_salling_0082.npy;mark_salling_0080.npy;mark_salling_0099.npy,3
mark_salling,mark_salling_0110.npy,mark_salling_0082.npy;mark_salling_0068.npy;mark_salling_0101.npy,3
mark_strong,mark_strong_0001.npy,mark_strong_0029.npy;mark_strong_0082.npy;mark_strong_0036.npy,3
mark_strong,mark_strong_0005.npy,mark_strong_0036.npy;mark_strong_0035.npy;mark_strong_0015.npy,3
mark_strong,mark_strong_0015.npy,mark_strong_0029.npy;mark_strong_0001.npy;mark_strong_0036.npy,3
mark_strong,mark_strong_0029.npy,mark_strong_0082.npy;mark_strong_0035.npy;mark_strong_0036.npy,3
mark_strong,mark_strong_0035.npy,mark_strong_0001.npy;mark_strong_0036.npy;mark_strong_0015.npy,3
mark_strong,mark_strong_0036.npy,mark_strong_0082.npy;mark_strong_0083.npy;mark_strong_0055.npy,3
mark_strong,mark_strong_0055.npy,mark_strong_0015.npy;mark_strong_0029.npy;mark_strong_0001.npy,3
mark_strong,mark_strong_0082.npy,mark_strong_0083.npy;mark_strong_0015.npy;mark_strong_0036.npy,3
mark_strong,mark_strong_0083.npy,mark_strong_0001.npy;mark_strong_0082.npy;mark_strong_0036.npy,3
mark_taormino,mark_taormino_0004.npy,mark_taormino_0018.npy;mark_taormino_0031.npy;mark_taormino_0043.npy,3
mark_taormino,mark_taormino_0007.npy,mark_taormino_0013.npy;mark_taormino_0024.npy;mark_taormino_0045.npy,3
mark_taormino,mark_taormino_0013.npy,mark_taormino_0043.npy;mark_taormino_0020.npy;mark_taormino_0015.npy,3
mark_taormino,mark_taormino_0015.npy,mark_taormino_0041.npy;mark_taormino_0020.npy;mark_taormino_0018.npy,3
mark_taormino,mark_taormino_0018.npy,mark_taormino_0020.npy;mark_taormino_0040.npy;mark_taormino_0043.npy,3
mark_taormino,mark_taormino_0020.npy,mark_taormino_0024.npy;mark_taormino_0046.npy;mark_taormino_0013.npy,3
mark_taormino,mark_taormino_0024.npy,mark_taormino_0040.npy;mark_taormino_0031.npy;mark_taormino_0015.npy,3
mark_taormino,mark_taormino_0031.npy,mark_taormino_0024.npy;mark_taormino_0020.npy;mark_taormino_0045.npy,3
mark_taormino,mark_taormino_0040.npy,mark_taormino_0024.npy;mark_taormino_0018.npy;mark_taormino_0031.npy,3
mark_taormino,mark_taormino_0041.npy,mark_taormino_0013.npy;mark_taormino_0043.npy;mark_taormino_0046.npy,3
mark_taormino,mark_taormino_0043.npy,mark_taormino_0041.npy;mark_taormino_0045.npy;mark_taormino_0015.npy,3
mark_taormino,mark_taormino_0045.npy,mark_taormino_0007.npy;mark_taormino_0018.npy;mark_taormino_0015.npy,3
mark_taormino,mark_taormino_0046.npy,mark_taormino_0040.npy;mark_taormino_0024.npy;mark_taormino_0043.npy,3
max_greenfield,max_greenfield_0017.npy,max_greenfield_0157.npy;max_greenfield_0087.npy;max_greenfield_0196.npy,3
max_greenfield,max_greenfield_0087.npy,max_greenfield_0203.npy;max_greenfield_0017.npy;max_greenfield_0196.npy,3
max_greenfield,max_greenfield_0157.npy,max_greenfield_0203.npy;max_greenfield_0087.npy;max_greenfield_0017.npy,3
max_greenfield,max_greenfield_0196.npy,max_greenfield_0157.npy;max_greenfield_0087.npy;max_greenfield_0203.npy,3
max_greenfield,max_greenfield_0203.npy,max_greenfield_0157.npy;max_greenfield_0196.npy;max_greenfield_0017.npy,3
maximilian_law,maximilian_law_0001.npy,maximilian_law_0044.npy;maximilian_law_0018.npy;maximilian_law_0022.npy,3
maximilian_law,maximilian_law_0018.npy,maximilian_law_0001.npy;maximilian_law_0022.npy;maximilian_law_0036.npy,3
maximilian_law,maximilian_law_0022.npy,maximilian_law_0044.npy;maximilian_law_0055.npy;maximilian_law_0001.npy,3
maximilian_law,maximilian_law_0036.npy,maximilian_law_0044.npy;maximilian_law_0055.npy;maximilian_law_0022.npy,3
maximilian_law,maximilian_law_0044.npy,maximilian_law_0022.npy;maximilian_law_0063.npy;maximilian_law_0055.npy,3
maximilian_law,maximilian_law_0050.npy,maximilian_law_0044.npy;maximilian_law_0063.npy;maximilian_law_0022.npy,3
maximilian_law,maximilian_law_0055.npy,maximilian_law_0022.npy;maximilian_law_0001.npy;maximilian_law_0036.npy,3
maximilian_law,maximilian_law_0063.npy,maximilian_law_0001.npy;maximilian_law_0022.npy;maximilian_law_0044.npy,3
michael_cera,michael_cera_0028.npy,michael_cera_0083.npy;michael_cera_0099.npy;michael_cera_0059.npy,3
michael_cera,michael_cera_0059.npy,michael_cera_0099.npy;michael_cera_0083.npy;michael_cera_0123.npy,3
michael_cera,michael_cera_0083.npy,michael_cera_0123.npy;michael_cera_0099.npy;michael_cera_0059.npy,3
michael_cera,michael_cera_0099.npy,michael_cera_0028.npy;michael_cera_0059.npy;michael_cera_0083.npy,3
michael_cera,michael_cera_0123.npy,michael_cera_0099.npy;michael_cera_0083.npy;michael_cera_0028.npy,3
michael_sheen,michael_sheen_0007.npy,michael_sheen_0092.npy;michael_sheen_0156.npy;michael_sheen_0164.npy,3
michael_sheen,michael_sheen_0044.npy,michael_sheen_0164.npy;michael_sheen_0156.npy;michael_sheen_0092.npy,3
michael_sheen,michael_sheen_0092.npy,michael_sheen_0007.npy;michael_sheen_0164.npy;michael_sheen_0156.npy,3
michael_sheen,michael_sheen_0156.npy,michael_sheen_0092.npy;michael_sheen_0007.npy;michael_sheen_0044.npy,3
michael_sheen,michael_sheen_0164.npy,michael_sheen_0092.npy;michael_sheen_0156.npy;michael_sheen_0044.npy,3
patrick_dempsey,patrick_dempsey_0001.npy,patrick_dempsey_0305.npy;patrick_dempsey_0133.npy;patrick_dempsey_0287.npy,3
patrick_dempsey,patrick_dempsey_0008.npy,patrick_dempsey_0292.npy;patrick_dempsey_0204.npy;patrick_dempsey_0133.npy,3
patrick_dempsey,patrick_dempsey_0048.npy,patrick_dempsey_0245.npy;patrick_dempsey_0150.npy;patrick_dempsey_0287.npy,3
patrick_dempsey,patrick_dempsey_0072.npy,patrick_dempsey_0253.npy;patrick_dempsey_0245.npy;patrick_dempsey_0204.npy,3
patrick_dempsey,patrick_dempsey_0128.npy,patrick_dempsey_0048.npy;patrick_dempsey_0358.npy;patrick_dempsey_0001.npy,3
patrick_dempsey,patrick_dempsey_0133.npy,patrick_dempsey_0048.npy;patrick_dempsey_0305.npy;patrick_dempsey_0072.npy,3
patrick_dempsey,patrick_dempsey_0150.npy,patrick_dempsey_0292.npy;patrick_dempsey_0128.npy;patrick_dempsey_0008.npy,3
patrick_dempsey,patrick_dempsey_0204.npy,patrick_dempsey_0072.npy;patrick_dempsey_0048.npy;patrick_dempsey_0150.npy,3
patrick_dempsey,patrick_dempsey_0245.npy,patrick_dempsey_0008.npy;patrick_dempsey_0358.npy;patrick_dempsey_0305.npy,3
patrick_dempsey,patrick_dempsey_0253.npy,patrick_dempsey_0204.npy;patrick_dempsey_0245.npy;patrick_dempsey_0001.npy,3
patrick_dempsey,patrick_dempsey_0287.npy,patrick_dempsey_0001.npy;patrick_dempsey_0150.npy;patrick_dempsey_0245.npy,3
patrick_dempsey,patrick_dempsey_0292.npy,patrick_dempsey_0358.npy;patrick_dempsey_0008.npy;patrick_dempsey_0305.npy,3
patrick_dempsey,patrick_dempsey_0305.npy,patrick_dempsey_0128.npy;patrick_dempsey_0253.npy;patrick_dempsey_0048.npy,3
patrick_dempsey,patrick_dempsey_0358.npy,patrick_dempsey_0008.npy;patrick_dempsey_0287.npy;patrick_dempsey_0150.npy,3
peter_facinelli,peter_facinelli_0011.npy,peter_facinelli_0091.npy;peter_facinelli_0027.npy;peter_facinelli_0096.npy,3
peter_facinelli,peter_facinelli_0027.npy,peter_facinelli_0091.npy;peter_facinelli_0061.npy;peter_facinelli_0011.npy,3
peter_facinelli,peter_facinelli_0061.npy,peter_facinelli_0027.npy;peter_facinelli_0091.npy;peter_facinelli_0011.npy,3
peter_facinelli,peter_facinelli_0091.npy,peter_facinelli_0011.npy;peter_facinelli_0096.npy;peter_facinelli_0027.npy,3
peter_facinelli,peter_facinelli_0096.npy,peter_facinelli_0061.npy;peter_facinelli_0027.npy;peter_facinelli_0091.npy,3
phil_keoghan,phil_keoghan_0007.npy,phil_keoghan_0053.npy;phil_keoghan_0027.npy;phil_keoghan_0052.npy,3
phil_keoghan,phil_keoghan_0011.npy,phil_keoghan_0021.npy;phil_keoghan_0053.npy;phil_keoghan_0057.npy,3
phil_keoghan,phil_keoghan_0012.npy,phil_keoghan_0057.npy;phil_keoghan_0052.npy;phil_keoghan_0051.npy,3
phil_keoghan,phil_keoghan_0021.npy,phil_keoghan_0053.npy;phil_keoghan_0057.npy;phil_keoghan_0027.npy,3
phil_keoghan,phil_keoghan_0023.npy,phil_keoghan_0030.npy;phil_keoghan_0052.npy;phil_keoghan_0021.npy,3
phil_keoghan,phil_keoghan_0027.npy,phil_keoghan_0011.npy;phil_keoghan_0052.npy;phil_keoghan_0023.npy,3
phil_keoghan,phil_keoghan_0030.npy,phil_keoghan_0027.npy;phil_keoghan_0051.npy;phil_keoghan_0023.npy,3
phil_keoghan,phil_keoghan_0051.npy,phil_keoghan_0012.npy;phil_keoghan_0023.npy;phil_keoghan_0007.npy,3
phil_keoghan,phil_keoghan_0052.npy,phil_keoghan_0007.npy;phil_keoghan_0053.npy;phil_keoghan_0012.npy,3
phil_keoghan,phil_keoghan_0053.npy,phil_keoghan_0027.npy;phil_keoghan_0023.npy;phil_keoghan_0051.npy,3
phil_keoghan,phil_keoghan_0057.npy,phil_keoghan_0052.npy;phil_keoghan_0007.npy;phil_keoghan_0051.npy,3
rick_gonzalez,rick_gonzalez_0012.npy,rick_gonzalez_0066.npy;rick_gonzalez_0057.npy;rick_gonzalez_0020.npy,3
rick_gonzalez,rick_gonzalez_0020.npy,rick_gonzalez_0065.npy;rick_gonzalez_0057.npy;rick_gonzalez_0050.npy,3
rick_gonzalez,rick_gonzalez_0026.npy,rick_gonzalez_0012.npy;rick_gonzalez_0069.npy;rick_gonzalez_0059.npy,3
rick_gonzalez,rick_gonzalez_0030.npy,rick_gonzalez_0050.npy;rick_gonzalez_0065.npy;rick_gonzalez_0069.npy,3
rick_gonzalez,rick_gonzalez_0050.npy,rick_gonzalez_0065.npy;rick_gonzalez_0072.npy;rick_gonzalez_0030.npy,3
rick_gonzalez,rick_gonzalez_0057.npy,rick_gonzalez_0026.npy;rick_gonzalez_0065.npy;rick_gonzalez_0071.npy,3
rick_gonzalez,rick_gonzalez_0059.npy,rick_gonzalez_0030.npy;rick_gonzalez_0050.npy;rick_gonzalez_0020.npy,3
rick_gonzalez,rick_gonzalez_0065.npy,rick_gonzalez_0059.npy;rick_gonzalez_0030.npy;rick_gonzalez_0069.npy,3
rick_gonzalez,rick_gonzalez_0066.npy,rick_gonzalez_0071.npy;rick_gonzalez_0050.npy;rick_gonzalez_0072.npy,3
rick_gonzalez,rick_gonzalez_0069.npy,rick_gonzalez_0072.npy;rick_gonzalez_0066.npy;rick_gonzalez_0050.npy,3
rick_gonzalez,rick_gonzalez_0071.npy,rick_gonzalez_0059.npy;rick_gonzalez_0030.npy;rick_gonzalez_0020.npy,3
rick_gonzalez,rick_gonzalez_0072.npy,rick_gonzalez_0026.npy;rick_gonzalez_0071.npy;rick_gonzalez_0050.npy,3
ricky_gervais,ricky_gervais_0016.npy,ricky_gervais_0046.npy;ricky_gervais_0143.npy;ricky_gervais_0092.npy,3
ricky_gervais,ricky_gervais_0032.npy,ricky_gervais_0143.npy;ricky_gervais_0092.npy;ricky_gervais_0099.npy,3
ricky_gervais,ricky_gervais_0046.npy,ricky_gervais_0143.npy;ricky_gervais_0069.npy;ricky_gervais_0067.npy,3
ricky_gervais,ricky_gervais_0067.npy,ricky_gervais_0016.npy;ricky_gervais_0046.npy;ricky_gervais_0154.npy,3
ricky_gervais,ricky_gervais_0069.npy,ricky_gervais_0154.npy;ricky_gervais_0016.npy;ricky_gervais_0032.npy,3
ricky_gervais,ricky_gervais_0092.npy,ricky_gervais_0032.npy;ricky_gervais_0069.npy;ricky_gervais_0046.npy,3
ricky_gervais,ricky_gervais_0099.npy,ricky_gervais_0046.npy;ricky_gervais_0143.npy;ricky_gervais_0092.npy,3
ricky_gervais,ricky_gervais_0121.npy,ricky_gervais_0016.npy;ricky_gervais_0067.npy;ricky_gervais_0154.npy,3
ricky_gervais,ricky_gervais_0143.npy,ricky_gervais_0046.npy;ricky_gervais_0016.npy;ricky_gervais_0067.npy,3
ricky_gervais,ricky_gervais_0154.npy,ricky_gervais_0067.npy;ricky_gervais_0092.npy;ricky_gervais_0143.npy,3
robert_zemeckis,robert_zemeckis_0001.npy,robert_zemeckis_0021.npy;robert_zemeckis_0027.npy;robert_zemeckis_0003.npy,3
robert_zemeckis,robert_zemeckis_0002.npy,robert_zemeckis_0027.npy;robert_zemeckis_0001.npy;robert_zemeckis_0003.npy,3
robert_zemeckis,robert_zemeckis_0003.npy,robert_zemeckis_0001.npy;robert_zemeckis_0002.npy;robert_zemeckis_0058.npy,3
robert_zemeckis,robert_zemeckis_0021.npy,robert_zemeckis_0003.npy;robert_zemeckis_0027.npy;robert_zemeckis_0001.npy,3
robert_zemeckis,robert_zemeckis_0027.npy,robert_zemeckis_0058.npy;robert_zemeckis_0021.npy;robert_zemeckis_0001.npy,3
robert_zemeckis,robert_zemeckis_0058.npy,robert_zemeckis_0002.npy;robert_zemeckis_0003.npy;robert_zemeckis_0027.npy,3
roberto_lombardi,roberto_lombardi_0010.npy,roberto_lombardi_0028.npy;roberto_lombardi_0069.npy;roberto_lombardi_0047.npy,3
roberto_lombardi,roberto_lombardi_0028.npy,roberto_lombardi_0034.npy;roberto_lombardi_0061.npy;roberto_lombardi_0069.npy,3
roberto_lombardi,roberto_lombardi_0034.npy,roberto_lombardi_0028.npy;roberto_lombardi_0010.npy;roberto_lombardi_0061.npy,3
roberto_lombardi,roberto_lombardi_0047.npy,roberto_lombardi_0061.npy;roberto_lombardi_0010.npy;roberto_lombardi_0034.npy,3
roberto_lombardi,roberto_lombardi_0061.npy,roberto_lombardi_0028.npy;roberto_lombardi_0047.npy;roberto_lombardi_0069.npy,3
roberto_lombardi,roberto_lombardi_0069.npy,roberto_lombardi_0034.npy;roberto_lombardi_0061.npy;roberto_lombardi_0010.npy,3
roberto_sanz_sanchez,roberto_sanz_sanchez_0035.npy,roberto_sanz_sanchez_0052.npy;roberto_sanz_sanchez_0065.npy;roberto_sanz_sanchez_0068.npy,3
roberto_sanz_sanchez,roberto_sanz_sanchez_0052.npy,roberto_sanz_sanchez_0065.npy;roberto_sanz_sanchez_0063.npy;roberto_sanz_sanchez_0068.npy,3
roberto_sanz_sanchez,roberto_sanz_sanchez_0063.npy,roberto_sanz_sanchez_0052.npy;roberto_sanz_sanchez_0068.npy;roberto_sanz_sanchez_0035.npy,3
roberto_sanz_sanchez,roberto_sanz_sanchez_0065.npy,roberto_sanz_sanchez_0052.npy;roberto_sanz_sanchez_0035.npy;roberto_sanz_sanchez_0063.npy,3
roberto_sanz_sanchez,roberto_sanz_sanchez_0068.npy,roberto_sanz_sanchez_0065.npy;roberto_sanz_sanchez_0052.npy;roberto_sanz_sanchez_0035.npy,3
robin_thicke,robin_thicke_0008.npy,robin_thicke_0024.npy;robin_thicke_0028.npy;robin_thicke_0017.npy,3
robin_thicke,robin_thicke_0017.npy,robin_thicke_0037.npy;robin_thicke_0024.npy;robin_thicke_0008.npy,3
robin_thicke,robin_thicke_0024.npy,robin_thicke_0008.npy;robin_thicke_0049.npy;robin_thicke_0037.npy,3
robin_thicke,robin_thicke_0028.npy,robin_thicke_0054.npy;robin_thicke_0049.npy;robin_thicke_0017.npy,3
robin_thicke,robin_thicke_0037.npy,robin_thicke_0024.npy;robin_thicke_0008.npy;robin_thicke_0017.npy,3
robin_thicke,robin_thicke_0049.npy,robin_thicke_0017.npy;robin_thicke_0028.npy;robin_thicke_0008.npy,3
robin_thicke,robin_thicke_0054.npy,robin_thicke_0049.npy;robin_thicke_0037.npy;robin_thicke_0024.npy,3
rocky_verma,rocky_verma_0001.npy,rocky_verma_0071.npy;rocky_verma_0046.npy;rocky_verma_0010.npy,3
rocky_verma,rocky_verma_0010.npy,rocky_verma_0001.npy;rocky_verma_0025.npy;rocky_verma_0046.npy,3
rocky_verma,rocky_verma_0012.npy,rocky_verma_0016.npy;rocky_verma_0060.npy;rocky_verma_0030.npy,3
rocky_verma,rocky_verma_0016.npy,rocky_verma_0071.npy;rocky_verma_0010.npy;rocky_verma_0012.npy,3
rocky_verma,rocky_verma_0017.npy,rocky_verma_0029.npy;rocky_verma_0016.npy;rocky_verma_0025.npy,3
rocky_verma,rocky_verma_0022.npy,rocky_verma_0030.npy;rocky_verma_0071.npy;rocky_verma_0046.npy,3
rocky_verma,rocky_verma_0025.npy,rocky_verma_0071.npy;rocky_verma_0022.npy;rocky_verma_0029.npy,3
rocky_verma,rocky_verma_0028.npy,rocky_verma_0060.npy;rocky_verma_0016.npy;rocky_verma_0001.npy,3
rocky_verma,rocky_verma_0029.npy,rocky_verma_0060.npy;rocky_verma_0025.npy;rocky_verma_0022.npy,3
rocky_verma,rocky_verma_0030.npy,rocky_verma_0060.npy;rocky_verma_0012.npy;rocky_verma_0017.npy,3
rocky_verma,rocky_verma_0040.npy,rocky_verma_0001.npy;rocky_verma_0028.npy;rocky_verma_0060.npy,3
rocky_verma,rocky_verma_0046.npy,rocky_verma_0028.npy;rocky_verma_0029.npy;rocky_verma_0017.npy,3
rocky_verma,rocky_verma_0060.npy,rocky_verma_0029.npy;rocky_verma_0046.npy;rocky_verma_0028.npy,3
rocky_verma,rocky_verma_0071.npy,rocky_verma_0016.npy;rocky_verma_0030.npy;rocky_verma_0012.npy,3
rocky_verma,rocky_verma_0074.npy,rocky_verma_0029.npy;rocky_verma_0022.npy;rocky_verma_0060.npy,3
ryan_o'neal,ryan_o'neal_0001.npy,ryan_o'neal_0069.npy;ryan_o'neal_0059.npy;ryan_o'neal_0026.npy,3
ryan_o'neal,ryan_o'neal_0003.npy,ryan_o'neal_0063.npy;ryan_o'neal_0069.npy;ryan_o'neal_0025.npy,3
ryan_o'neal,ryan_o'neal_0025.npy,ryan_o'neal_0001.npy;ryan_o'neal_0063.npy;ryan_o'neal_0003.npy,3
ryan_o'neal,ryan_o'neal_0026.npy,ryan_o'neal_0059.npy;ryan_o'neal_0025.npy;ryan_o'neal_0063.npy,3
ryan_o'neal,ryan_o'neal_0059.npy,ryan_o'neal_0063.npy;ryan_o'neal_0025.npy;ryan_o'neal_0026.npy,3
ryan_o'neal,ryan_o'neal_0063.npy,ryan_o'neal_0001.npy;ryan_o'neal_0059.npy;ryan_o'neal_0026.npy,3
ryan_o'neal,ryan_o'neal_0069.npy,ryan_o'neal_0063.npy;ryan_o'neal_0003.npy;ryan_o'neal_0001.npy,3
sam_neill,sam_neill_0006.npy,sam_neill_0092.npy;sam_neill_0121.npy;sam_neill_0038.npy,3
sam_neill,sam_neill_0038.npy,sam_neill_0092.npy;sam_neill_0121.npy;sam_neill_0006.npy,3
sam_neill,sam_neill_0043.npy,sam_neill_0121.npy;sam_neill_0006.npy;sam_neill_0038.npy,3
sam_neill,sam_neill_0092.npy,sam_neill_0038.npy;sam_neill_0043.npy;sam_neill_0121.npy,3
sam_neill,sam_neill_0121.npy,sam_neill_0043.npy;sam_neill_0038.npy;sam_neill_0092.npy,3
scott_a_martin,scott_a_martin_0006.npy,scott_a_martin_0019.npy;scott_a_martin_0021.npy;scott_a_martin_0037.npy,3
scott_a_martin,scott_a_martin_0019.npy,scott_a_martin_0006.npy;scott_a_martin_0021.npy;scott_a_martin_0037.npy,3
scott_a_martin,scott_a_martin_0021.npy,scott_a_martin_0006.npy;scott_a_martin_0019.npy;scott_a_martin_0037.npy,3
scott_a_martin,scott_a_martin_0037.npy,scott_a_martin_0006.npy;scott_a_martin_0019.npy;scott_a_martin_0021.npy,3
scott_bakula,scott_bakula_0004.npy,scott_bakula_0023.npy;scott_bakula_0009.npy;scott_bakula_0039.npy,3
scott_bakula,scott_bakula_0009.npy,scott_bakula_0023.npy;scott_bakula_0004.npy;scott_bakula_0091.npy,3
scott_bakula,scott_bakula_0023.npy,scott_bakula_0037.npy;scott_bakula_0072.npy;scott_bakula_0004.npy,3
scott_bakula,scott_bakula_0037.npy,scott_bakula_0038.npy;scott_bakula_0004.npy;scott_bakula_0091.npy,3
scott_bakula,scott_bakula_0038.npy,scott_bakula_0037.npy;scott_bakula_0004.npy;scott_bakula_0072.npy,3
scott_bakula,scott_bakula_0039.npy,scott_bakula_0072.npy;scott_bakula_0042.npy;scott_bakula_0037.npy,3
scott_bakula,scott_bakula_0042.npy,scott_bakula_0038.npy;scott_bakula_0004.npy;scott_bakula_0023.npy,3
scott_bakula,scott_bakula_0072.npy,scott_bakula_0037.npy;scott_bakula_0038.npy;scott_bakula_0039.npy,3
scott_bakula,scott_bakula_0091.npy,scott_bakula_0009.npy;scott_bakula_0004.npy;scott_bakula_0072.npy,3
scott_caan,scott_caan_0003.npy,scott_caan_0221.npy;scott_caan_0212.npy;scott_caan_0096.npy,3
scott_caan,scott_caan_0096.npy,scott_caan_0212.npy;scott_caan_0003.npy;scott_caan_0210.npy,3
scott_caan,scott_caan_0142.npy,scott_caan_0216.npy;scott_caan_0212.npy;scott_caan_0210.npy,3
scott_caan,scott_caan_0210.npy,scott_caan_0221.npy;scott_caan_0003.npy;scott_caan_0142.npy,3
scott_caan,scott_caan_0212.npy,scott_caan_0216.npy;scott_caan_0003.npy;scott_caan_0221.npy,3
scott_caan,scott_caan_0216.npy,scott_caan_0142.npy;scott_caan_0003.npy;scott_caan_0096.npy,3
scott_caan,scott_caan_0221.npy,scott_caan_0212.npy;scott_caan_0003.npy;scott_caan_0216.npy,3
seann_william_scott,seann_william_scott_0008.npy,seann_william_scott_0101.npy;seann_william_scott_0109.npy;seann_william_scott_0190.npy,3
seann_william_scott,seann_william_scott_0023.npy,seann_william_scott_0101.npy;seann_william_scott_0047.npy;seann_william_scott_0109.npy,3
seann_william_scott,seann_william_scott_0047.npy,seann_william_scott_0101.npy;seann_william_scott_0109.npy;seann_william_scott_0132.npy,3
seann_william_scott,seann_william_scott_0095.npy,seann_william_scott_0047.npy;seann_william_scott_0109.npy;seann_william_scott_0132.npy,3
seann_william_scott,seann_william_scott_0101.npy,seann_william_scott_0172.npy;seann_william_scott_0132.npy;seann_william_scott_0008.npy,3
seann_william_scott,seann_william_scott_0109.npy,seann_william_scott_0132.npy;seann_william_scott_0190.npy;seann_william_scott_0095.npy,3
seann_william_scott,seann_william_scott_0132.npy,seann_william_scott_0172.npy;seann_william_scott_0008.npy;seann_william_scott_0023.npy,3
seann_william_scott,seann_william_scott_0172.npy,seann_william_scott_0047.npy;seann_william_scott_0101.npy;seann_william_scott_0095.npy,3
seann_william_scott,seann_william_scott_0190.npy,seann_william_scott_0109.npy;seann_william_scott_0172.npy;seann_william_scott_0023.npy,3
sendhil_ramamurthy,sendhil_ramamurthy_0008.npy,sendhil_ramamurthy_0073.npy;sendhil_ramamurthy_0031.npy;sendhil_ramamurthy_0072.npy,3
sendhil_ramamurthy,sendhil_ramamurthy_0021.npy,sendhil_ramamurthy_0066.npy;sendhil_ramamurthy_0072.npy;sendhil_ramamurthy_0031.npy,3
sendhil_ramamurthy,sendhil_ramamurthy_0026.npy,sendhil_ramamurthy_0072.npy;sendhil_ramamurthy_0073.npy;sendhil_ramamurthy_0066.npy,3
sendhil_ramamurthy,sendhil_ramamurthy_0031.npy,sendhil_ramamurthy_0072.npy;sendhil_ramamurthy_0073.npy;sendhil_ramamurthy_0066.npy,3
sendhil_ramamurthy,sendhil_ramamurthy_0043.npy,sendhil_ramamurthy_0066.npy;sendhil_ramamurthy_0058.npy;sendhil_ramamurthy_0021.npy,3
sendhil_ramamurthy,sendhil_ramamurthy_0058.npy,sendhil_ramamurthy_0031.npy;sendhil_ramamurthy_0073.npy;sendhil_ramamurthy_0043.npy,3
sendhil_ramamurthy,sendhil_ramamurthy_0066.npy,sendhil_ramamurthy_0043.npy;sendhil_ramamurthy_0026.npy;sendhil_ramamurthy_0031.npy,3
sendhil_ramamurthy,sendhil_ramamurthy_0072.npy,sendhil_ramamurthy_0073.npy;sendhil_ramamurthy_0031.npy;sendhil_ramamurthy_0008.npy,3
sendhil_ramamurthy,sendhil_ramamurthy_0073.npy,sendhil_ramamurthy_0008.npy;sendhil_ramamurthy_0026.npy;sendhil_ramamurthy_0043.npy,3
shane_west,shane_west_0008.npy,shane_west_0031.npy;shane_west_0086.npy;shane_west_0160.npy,3
shane_west,shane_west_0031.npy,shane_west_0008.npy;shane_west_0141.npy;shane_west_0180.npy,3
shane_west,shane_west_0086.npy,shane_west_0031.npy;shane_west_0141.npy;shane_west_0008.npy,3
shane_west,shane_west_0141.npy,shane_west_0086.npy;shane_west_0031.npy;shane_west_0008.npy,3
shane_west,shane_west_0160.npy,shane_west_0008.npy;shane_west_0141.npy;shane_west_0031.npy,3
shane_west,shane_west_0180.npy,shane_west_0031.npy;shane_west_0160.npy;shane_west_0141.npy,3
sting,sting_0081.npy,sting_0134.npy;sting_0153.npy;sting_0111.npy,3
sting,sting_0111.npy,sting_0126.npy;sting_0153.npy;sting_0134.npy,3
sting,sting_0126.npy,sting_0081.npy;sting_0134.npy;sting_0111.npy,3
sting,sting_0134.npy,sting_0111.npy;sting_0126.npy;sting_0081.npy,3
sting,sting_0153.npy,sting_0126.npy;sting_0111.npy;sting_0081.npy,3
thomas_jane,thomas_jane_0027.npy,thomas_jane_0032.npy;thomas_jane_0091.npy;thomas_jane_0111.npy,3
thomas_jane,thomas_jane_0032.npy,thomas_jane_0027.npy;thomas_jane_0091.npy;thomas_jane_0111.npy,3
thomas_jane,thomas_jane_0091.npy,thomas_jane_0027.npy;thomas_jane_0032.npy;thomas_jane_0111.npy,3
thomas_jane,thomas_jane_0111.npy,thomas_jane_0027.npy;thomas_jane_0032.npy;thomas_jane_0091.npy,3
timothy_spall,timothy_spall_0006.npy,timothy_spall_0032.npy;timothy_spall_0047.npy;timothy_spall_0009.npy,3
timothy_spall,timothy_spall_0009.npy,timothy_spall_0047.npy;timothy_spall_0013.npy;timothy_spall_0006.npy,3
timothy_spall,timothy_spall_0011.npy,timothy_spall_0058.npy;timothy_spall_0047.npy;timothy_spall_0032.npy,3
timothy_spall,timothy_spall_0013.npy,timothy_spall_0006.npy;timothy_spall_0058.npy;timothy_spall_0011.npy,3
timothy_spall,timothy_spall_0032.npy,timothy_spall_0011.npy;timothy_spall_0013.npy;timothy_spall_0047.npy,3
timothy_spall,timothy_spall_0047.npy,timothy_spall_0006.npy;timothy_spall_0009.npy;timothy_spall_0058.npy,3
timothy_spall,timothy_spall_0058.npy,timothy_spall_0047.npy;timothy_spall_0013.npy;timothy_spall_0006.npy,3
tom_bergeron,tom_bergeron_0021.npy,tom_bergeron_0055.npy;tom_bergeron_0067.npy;tom_bergeron_0027.npy,3
tom_bergeron,tom_bergeron_0027.npy,tom_bergeron_0055.npy;tom_bergeron_0067.npy;tom_bergeron_0071.npy,3
tom_bergeron,tom_bergeron_0037.npy,tom_bergeron_0027.npy;tom_bergeron_0055.npy;tom_bergeron_0067.npy,3
tom_bergeron,tom_bergeron_0055.npy,tom_bergeron_0071.npy;tom_bergeron_0027.npy;tom_bergeron_0080.npy,3
tom_bergeron,tom_bergeron_0066.npy,tom_bergeron_0021.npy;tom_bergeron_0071.npy;tom_bergeron_0055.npy,3
tom_bergeron,tom_bergeron_0067.npy,tom_bergeron_0055.npy;tom_bergeron_0066.npy;tom_bergeron_0071.npy,3
tom_bergeron,tom_bergeron_0071.npy,tom_bergeron_0066.npy;tom_bergeron_0021.npy;tom_bergeron_0027.npy,3
tom_bergeron,tom_bergeron_0080.npy,tom_bergeron_0055.npy;tom_bergeron_0037.npy;tom_bergeron_0071.npy,3
tom_wilkinson,tom_wilkinson_0012.npy,tom_wilkinson_0035.npy;tom_wilkinson_0065.npy;tom_wilkinson_0078.npy,3
tom_wilkinson,tom_wilkinson_0035.npy,tom_wilkinson_0012.npy;tom_wilkinson_0065.npy;tom_wilkinson_0078.npy,3
tom_wilkinson,tom_wilkinson_0065.npy,tom_wilkinson_0012.npy;tom_wilkinson_0035.npy;tom_wilkinson_0078.npy,3
tom_wilkinson,tom_wilkinson_0078.npy,tom_wilkinson_0012.npy;tom_wilkinson_0035.npy;tom_wilkinson_0065.npy,3
tony_oller,tony_oller_0007.npy,tony_oller_0041.npy;tony_oller_0023.npy;tony_oller_0101.npy,3
tony_oller,tony_oller_0023.npy,tony_oller_0007.npy;tony_oller_0041.npy;tony_oller_0101.npy,3
tony_oller,tony_oller_0041.npy,tony_oller_0101.npy;tony_oller_0023.npy;tony_oller_0007.npy,3
tony_oller,tony_oller_0072.npy,tony_oller_0101.npy;tony_oller_0041.npy;tony_oller_0023.npy,3
tony_oller,tony_oller_0101.npy,tony_oller_0023.npy;tony_oller_0007.npy;tony_oller_0072.npy,3
trevor_donovan,trevor_donovan_0007.npy,trevor_donovan_0081.npy;trevor_donovan_0057.npy;trevor_donovan_0071.npy,3
trevor_donovan,trevor_donovan_0023.npy,trevor_donovan_0071.npy;trevor_donovan_0099.npy;trevor_donovan_0081.npy,3
trevor_donovan,trevor_donovan_0057.npy,trevor_donovan_0023.npy;trevor_donovan_0081.npy;trevor_donovan_0099.npy,3
trevor_donovan,trevor_donovan_0064.npy,trevor_donovan_0099.npy;trevor_donovan_0081.npy;trevor_donovan_0023.npy,3
trevor_donovan,trevor_donovan_0071.npy,trevor_donovan_0023.npy;trevor_donovan_0007.npy;trevor_donovan_0057.npy,3
trevor_donovan,trevor_donovan_0081.npy,trevor_donovan_0104.npy;trevor_donovan_0064.npy;trevor_donovan_0057.npy,3
trevor_donovan,trevor_donovan_0099.npy,trevor_donovan_0081.npy;trevor_donovan_0071.npy;trevor_donovan_0007.npy,3
trevor_donovan,trevor_donovan_0104.npy,trevor_donovan_0007.npy;trevor_donovan_0081.npy;trevor_donovan_0064.npy,3
victor_webster,victor_webster_0024.npy,victor_webster_0050.npy;victor_webster_0038.npy;victor_webster_0052.npy,3
victor_webster,victor_webster_0029.npy,victor_webster_0039.npy;victor_webster_0038.npy;victor_webster_0050.npy,3
victor_webster,victor_webster_0032.npy,victor_webster_0024.npy;victor_webster_0050.npy;victor_webster_0038.npy,3
victor_webster,victor_webster_0038.npy,victor_webster_0032.npy;victor_webster_0052.npy;victor_webster_0040.npy,3
victor_webster,victor_webster_0039.npy,victor_webster_0052.npy;victor_webster_0040.npy;victor_webster_0029.npy,3
victor_webster,victor_webster_0040.npy,victor_webster_0052.npy;victor_webster_0024.npy;victor_webster_0029.npy,3
victor_webster,victor_webster_0047.npy,victor_webster_0038.npy;victor_webster_0040.npy;victor_webster_0032.npy,3
victor_webster,victor_webster_0050.npy,victor_webster_0032.npy;victor_webster_0047.npy;victor_webster_0040.npy,3
victor_webster,victor_webster_0052.npy,victor_webster_0029.npy;victor_webster_0024.npy;victor_webster_0040.npy,3
wilson_cleveland,wilson_cleveland_0005.npy,wilson_cleveland_0009.npy;wilson_cleveland_0017.npy;wilson_cleveland_0018.npy,3
wilson_cleveland,wilson_cleveland_0009.npy,wilson_cleveland_0015.npy;wilson_cleveland_0018.npy;wilson_cleveland_0005.npy,3
wilson_cleveland,wilson_cleveland_0011.npy,wilson_cleveland_0032.npy;wilson_cleveland_0009.npy;wilson_cleveland_0015.npy,3
wilson_cleveland,wilson_cleveland_0015.npy,wilson_cleveland_0054.npy;wilson_cleveland_0059.npy;wilson_cleveland_0005.npy,3
wilson_cleveland,wilson_cleveland_0017.npy,wilson_cleveland_0032.npy;wilson_cleveland_0015.npy;wilson_cleveland_0059.npy,3
wilson_cleveland,wilson_cleveland_0018.npy,wilson_cleveland_0059.npy;wilson_cleveland_0015.npy;wilson_cleveland_0009.npy,3
wilson_cleveland,wilson_cleveland_0032.npy,wilson_cleveland_0059.npy;wilson_cleveland_0017.npy;wilson_cleveland_0054.npy,3
wilson_cleveland,wilson_cleveland_0041.npy,wilson_cleveland_0054.npy;wilson_cleveland_0011.npy;wilson_cleveland_0018.npy,3
wilson_cleveland,wilson_cleveland_0054.npy,wilson_cleveland_0005.npy;wilson_cleveland_0032.npy;wilson_cleveland_0017.npy,3
wilson_cleveland,wilson_cleveland_0059.npy,wilson_cleveland_0054.npy;wilson_cleveland_0005.npy;wilson_cleveland_0011.npy,3
zachary_knighton,zachary_knighton_0001.npy,zachary_knighton_0030.npy;zachary_knighton_0022.npy;zachary_knighton_0095.npy,3
zachary_knighton,zachary_knighton_0022.npy,zachary_knighton_0030.npy;zachary_knighton_0036.npy;zachary_knighton_0095.npy,3
zachary_knighton,zachary_knighton_0030.npy,zachary_knighton_0001.npy;zachary_knighton_0022.npy;zachary_knighton_0095.npy,3
zachary_knighton,zachary_knighton_0036.npy,zachary_knighton_0001.npy;zachary_knighton_0022.npy;zachary_knighton_0030.npy,3
zachary_knighton,zachary_knighton_0095.npy,zachary_knighton_0030.npy;zachary_knighton_0001.npy;zachary_knighton_0036.npy,3
zachary_quinto,zachary_quinto_0004.npy,zachary_quinto_0153.npy;zachary_quinto_0214.npy;zachary_quinto_0177.npy,3
zachary_quinto,zachary_quinto_0073.npy,zachary_quinto_0214.npy;zachary_quinto_0105.npy;zachary_quinto_0137.npy,3
zachary_quinto,zachary_quinto_0105.npy,zachary_quinto_0073.npy;zachary_quinto_0106.npy;zachary_quinto_0137.npy,3
zachary_quinto,zachary_quinto_0106.npy,zachary_quinto_0073.npy;zachary_quinto_0217.npy;zachary_quinto_0214.npy,3
zachary_quinto,zachary_quinto_0137.npy,zachary_quinto_0217.npy;zachary_quinto_0153.npy;zachary_quinto_0177.npy,3
zachary_quinto,zachary_quinto_0153.npy,zachary_quinto_0004.npy;zachary_quinto_0217.npy;zachary_quinto_0073.npy,3
zachary_quinto,zachary_quinto_0177.npy,zachary_quinto_0137.npy;zachary_quinto_0105.npy;zachary_quinto_0106.npy,3
zachary_quinto,zachary_quinto_0214.npy,zachary_quinto_0177.npy;zachary_quinto_0153.npy;zachary_quinto_0073.npy,3
zachary_quinto,zachary_quinto_0217.npy,zachary_quinto_0004.npy;zachary_quinto_0105.npy;zachary_quinto_0153.npy,3
