identity,verify_cache_filename,enroll_cache_filenames,k_actual
able_wanamakok,able_wanamakok_0007.npy,able_wanamakok_0015.npy;able_wanamakok_0012.npy;able_wanamakok_0029.npy;able_wanamakok_0024.npy;able_wanamakok_0056.npy;able_wanamakok_0027.npy;able_wanamakok_0042.npy,7
able_wanamakok,able_wanamakok_0012.npy,able_wanamakok_0015.npy;able_wanamakok_0056.npy;able_wanamakok_0027.npy;able_wanamakok_0025.npy;able_wanamakok_0007.npy;able_wanamakok_0041.npy;able_wanamakok_0029.npy,7
able_wanamakok,able_wanamakok_0015.npy,able_wanamakok_0025.npy;able_wanamakok_0056.npy;able_wanamakok_0027.npy;able_wanamakok_0041.npy;able_wanamakok_0007.npy;able_wanamakok_0012.npy;able_wanamakok_0024.npy,7
able_wanamakok,able_wanamakok_0024.npy,able_wanamakok_0056.npy;able_wanamakok_0041.npy;able_wanamakok_0012.npy;able_wanamakok_0025.npy;able_wanamakok_0027.npy;able_wanamakok_0015.npy;able_wanamakok_0007.npy,7
able_wanamakok,able_wanamakok_0025.npy,able_wanamakok_0015.npy;able_wanamakok_0041.npy;able_wanamakok_0056.npy;able_wanamakok_0042.npy;able_wanamakok_0012.npy;able_wanamakok_0027.npy;able_wanamakok_0024.npy,7
able_wanamakok,able_wanamakok_0027.npy,able_wanamakok_0012.npy;able_wanamakok_0056.npy;able_wanamakok_0024.npy;able_wanamakok_0007.npy;able_wanamakok_0015.npy;able_wanamakok_0025.npy;able_wanamakok_0041.npy,7
able_wanamakok,able_wanamakok_0029.npy,able_wanamakok_0025.npy;able_wanamakok_0007.npy;able_wanamakok_0027.npy;able_wanamakok_0024.npy;able_wanamakok_0056.npy;able_wanamakok_0042.npy;able_wanamakok_0012.npy,7
able_wanamakok,able_wanamakok_0041.npy,able_wanamakok_0012.npy;able_wanamakok_0025.npy;able_wanamakok_0029.npy;able_wanamakok_0027.npy;able_wanamakok_0042.npy;able_wanamakok_0015.npy;able_wanamakok_0024.npy,7
able_wanamakok,able_wanamakok_0042.npy,able_wanamakok_0024.npy;able_wanamakok_0012.npy;able_wanamakok_0007.npy;able_wanamakok_0027.npy;able_wanamakok_0041.npy;able_wanamakok_0015.npy;able_wanamakok_0029.npy,7
able_wanamakok,able_wanamakok_0056.npy,able_wanamakok_0024.npy;able_wanamakok_0012.npy;able_wanamakok_0042.npy;able_wanamakok_0015.npy;able_wanamakok_0029.npy;able_wanamakok_0027.npy;able_wanamakok_0007.npy,7
anna_tsuchiya,anna_tsuchiya_0001.npy,anna_tsuchiya_0031.npy;anna_tsuchiya_0050.npy;anna_tsuchiya_0018.npy;anna_tsuchiya_0044.npy;anna_tsuchiya_0015.npy;anna_tsuchiya_0003.npy;anna_tsuchiya_0005.npy,7
anna_tsuchiya,anna_tsuchiya_0003.npy,anna_tsuchiya_0044.npy;anna_tsuchiya_0018.npy;anna_tsuchiya_0015.npy;anna_tsuchiya_0050.npy;anna_tsuchiya_0042.npy;anna_tsuchiya_0043.npy;anna_tsuchiya_0005.npy,7
anna_tsuchiya,anna_tsuchiya_0005.npy,anna_tsuchiya_0031.npy;anna_tsuchiya_0001.npy;anna_tsuchiya_0018.npy;anna_tsuchiya_0042.npy;anna_tsuchiya_0044.npy;anna_tsuchiya_0015.npy;anna_tsuchiya_0043.npy,7
anna_tsuchiya,anna_tsuchiya_0015.npy,anna_tsuchiya_0019.npy;anna_tsuchiya_0003.npy;anna_tsuchiya_0018.npy;anna_tsuchiya_0050.npy;anna_tsuchiya_0031.npy;anna_tsuchiya_0005.npy;anna_tsuchiya_0044.npy,7
anna_tsuchiya,anna_tsuchiya_0018.npy,anna_tsuchiya_0043.npy;anna_tsuchiya_0042.npy;anna_tsuchiya_0050.npy;anna_tsuchiya_0003.npy;anna_tsuchiya_0005.npy;anna_tsuchiya_0044.npy;anna_tsuchiya_0019.npy,7
anna_tsuchiya,anna_tsuchiya_0019.npy,anna_tsuchiya_0044.npy;anna_tsuchiya_0050.npy;anna_tsuchiya_0018.npy;anna_tsuchiya_0031.npy;anna_tsuchiya_0043.npy;anna_tsuchiya_0015.npy;anna_tsuchiya_0042.npy,7
anna_tsuchiya,anna_tsuchiya_0031.npy,anna_tsuchiya_0019.npy;anna_tsuchiya_0015.npy;anna_tsuchiya_0005.npy;anna_tsuchiya_0018.npy;anna_tsuchiya_0044.npy;anna_tsuchiya_0001.npy;anna_tsuchiya_0042.npy,7
anna_tsuchiya,anna_tsuchiya_0042.npy,anna_tsuchiya_0003.npy;anna_tsuchiya_0005.npy;anna_tsuchiya_0044.npy;anna_tsuchiya_0031.npy;anna_tsuchiya_0019.npy;anna_tsuchiya_0015.npy;anna_tsuchiya_0001.npy,7
anna_tsuchiya,anna_tsuchiya_0043.npy,anna_tsuchiya_0031.npy;anna_tsuchiya_0050.npy;anna_tsuchiya_0042.npy;anna_tsuchiya_0018.npy;anna_tsuchiya_0005.npy;anna_tsuchiya_0044.npy;anna_tsuchiya_0001.npy,7
anna_tsuchiya,anna_tsuchiya_0044.npy,anna_tsuchiya_0003.npy;anna_tsuchiya_0043.npy;anna_tsuchiya_0018.npy;anna_tsuchiya_0031.npy;anna_tsuchiya_0019.npy;anna_tsuchiya_0005.npy;anna_tsuchiya_0001.npy,7
anna_tsuchiya,anna_tsuchiya_0050.npy,anna_tsuchiya_0018.npy;anna_tsuchiya_0031.npy;anna_tsuchiya_0005.npy;anna_tsuchiya_0015.npy;anna_tsuchiya_0001.npy;anna_tsuchiya_0042.npy;anna_tsuchiya_0003.npy,7
fumino_kimura,fumino_kimura_0007.npy,fumino_kimura_0056.npy;fumino_kimura_0021.npy;fumino_kimura_0047.npy;fumino_kimura_0028.npy;fumino_kimura_0061.npy;fumino_kimura_0022.npy;fumino_kimura_0054.npy,7
fumino_kimura,fumino_kimura_0016.npy,fumino_kimura_0056.npy;fumino_kimura_0062.npy;fumino_kimura_0007.npy;fumino_kimura_0049.npy;fumino_kimura_0028.npy;fumino_kimura_0061.npy;fumino_kimura_0055.npy,7
fumino_kimura,fumino_kimura_0021.npy,fumino_kimura_0049.npy;fumino_kimura_0047.npy;fumino_kimura_0028.npy;fumino_kimura_0007.npy;fumino_kimura_0016.npy;fumino_kimura_0061.npy;fumino_kimura_0055.npy,7
fumino_kimura,fumino_kimura_0022.npy,fumino_kimura_0016.npy;fumino_kimura_0055.npy;fumino_kimura_0062.npy;fumino_kimura_0021.npy;fumino_kimura_0056.npy;fumino_kimura_0049.npy;fumino_kimura_0028.npy,7
fumino_kimura,fumino_kimura_0028.npy,fumino_kimura_0056.npy;fumino_kimura_0021.npy;fumino_kimura_0047.npy;fumino_kimura_0054.npy;fumino_kimura_0016.npy;fumino_kimura_0062.npy;fumino_kimura_0055.npy,7
fumino_kimura,fumino_kimura_0047.npy,fumino_kimura_0028.npy;fumino_kimura_0054.npy;fumino_kimura_0049.npy;fumino_kimura_0055.npy;fumino_kimura_0062.npy;fumino_kimura_0022.npy;fumino_kimura_0007.npy,7
fumino_kimura,fumino_kimura_0049.npy,fumino_kimura_0022.npy;fumino_kimura_0062.npy;fumino_kimura_0016.npy;fumino_kimura_0047.npy;fumino_kimura_0007.npy;fumino_kimura_0028.npy;fumino_kimura_0055.npy,7
fumino_kimura,fumino_kimura_0054.npy,fumino_kimura_0022.npy;fumino_kimura_0061.npy;fumino_kimura_0062.npy;fumino_kimura_0007.npy;fumino_kimura_0055.npy;fumino_kimura_0047.npy;fumino_kimura_0049.npy,7
fumino_kimura,fumino_kimura_0055.npy,fumino_kimura_0022.npy;fumino_kimura_0016.npy;fumino_kimura_0007.npy;fumino_kimura_0047.npy;fumino_kimura_0056.npy;fumino_kimura_0028.npy;fumino_kimura_0061.npy,7
fumino_kimura,fumino_kimura_0056.npy,fumino_kimura_0028.npy;fumino_kimura_0054.npy;fumino_kimura_0022.npy;fumino_kimura_0021.npy;fumino_kimura_0047.npy;fumino_kimura_0062.npy;fumino_kimura_0049.npy,7
fumino_kimura,fumino_kimura_0061.npy,fumino_kimura_0054.npy;fumino_kimura_0022.npy;fumino_kimura_0062.npy;fumino_kimura_0049.npy;fumino_kimura_0016.npy;fumino_kimura_0007.npy;fumino_kimura_0047.npy,7
fumino_kimura,fumino_kimura_0062.npy,fumino_kimura_0061.npy;fumino_kimura_0049.npy;fumino_kimura_0047.npy;fumino_kimura_0056.npy;fumino_kimura_0022.npy;fumino_kimura_0054.npy;fumino_kimura_0007.npy,7
gong_hyo_jin,gong_hyo_jin_0000.npy,gong_hyo_jin_0017.npy;gong_hyo_jin_0003.npy;gong_hyo_jin_0023.npy;gong_hyo_jin_0037.npy;gong_hyo_jin_0021.npy;gong_hyo_jin_0008.npy;gong_hyo_jin_0059.npy,7
gong_hyo_jin,gong_hyo_jin_0003.npy,gong_hyo_jin_0023.npy;gong_hyo_jin_0017.npy;gong_hyo_jin_0026.npy;gong_hyo_jin_0025.npy;gong_hyo_jin_0010.npy;gong_hyo_jin_0059.npy;gong_hyo_jin_0037.npy,7
gong_hyo_jin,gong_hyo_jin_0008.npy,gong_hyo_jin_0026.npy;gong_hyo_jin_0025.npy;gong_hyo_jin_0017.npy;gong_hyo_jin_0003.npy;gong_hyo_jin_0057.npy;gong_hyo_jin_0059.npy;gong_hyo_jin_0053.npy,7
gong_hyo_jin,gong_hyo_jin_0010.npy,gong_hyo_jin_0003.npy;gong_hyo_jin_0030.npy;gong_hyo_jin_0026.npy;gong_hyo_jin_0000.npy;gong_hyo_jin_0059.npy;gong_hyo_jin_0017.npy;gong_hyo_jin_0008.npy,7
gong_hyo_jin,gong_hyo_jin_0017.npy,gong_hyo_jin_0056.npy;gong_hyo_jin_0025.npy;gong_hyo_jin_0057.npy;gong_hyo_jin_0010.npy;gong_hyo_jin_0023.npy;gong_hyo_jin_0000.npy;gong_hyo_jin_0008.npy,7
gong_hyo_jin,gong_hyo_jin_0020.npy,gong_hyo_jin_0053.npy;gong_hyo_jin_0000.npy;gong_hyo_jin_0023.npy;gong_hyo_jin_0017.npy;gong_hyo_jin_0025.npy;gong_hyo_jin_0059.npy;gong_hyo_jin_0056.npy,7
gong_hyo_jin,gong_hyo_jin_0021.npy,gong_hyo_jin_0059.npy;gong_hyo_jin_0008.npy;gong_hyo_jin_0010.npy;gong_hyo_jin_0017.npy;gong_hyo_jin_0056.npy;gong_hyo_jin_0000.npy;gong_hyo_jin_0029.npy,7
gong_hyo_jin,gong_hyo_jin_0023.npy,gong_hyo_jin_0003.npy;gong_hyo_jin_0037.npy;gong_hyo_jin_0020.npy;gong_hyo_jin_0000.npy;gong_hyo_jin_0053.npy;gong_hyo_jin_0029.npy;gong_hyo_jin_0025.npy,7
gong_hyo_jin,gong_hyo_jin_0025.npy,gong_hyo_jin_0020.npy;gong_hyo_jin_0000.npy;gong_hyo_jin_0026.npy;gong_hyo_jin_0003.npy;gong_hyo_jin_0008.npy;gong_hyo_jin_0053.npy;gong_hyo_jin_0029.npy,7
gong_hyo_jin,gong_hyo_jin_0026.npy,gong_hyo_jin_0008.npy;gong_hyo_jin_0030.npy;gong_hyo_jin_0056.npy;gong_hyo_jin_0010.npy;gong_hyo_jin_0021.npy;gong_hyo_jin_0003.npy;gong_hyo_jin_0029.npy,7
gong_hyo_jin,gong_hyo_jin_0029.npy,gong_hyo_jin_0023.npy;gong_hyo_jin_0026.npy;gong_hyo_jin_0057.npy;gong_hyo_jin_0000.npy;gong_hyo_jin_0056.npy;gong_hyo_jin_0003.npy;gong_hyo_jin_0021.npy,7
gong_hyo_jin,gong_hyo_jin_0030.npy,gong_hyo_jin_0029.npy;gong_hyo_jin_0057.npy;gong_hyo_jin_0017.npy;gong_hyo_jin_0010.npy;gong_hyo_jin_0059.npy;gong_hyo_jin_0020.npy;gong_hyo_jin_0053.npy,7
gong_hyo_jin,gong_hyo_jin_0037.npy,gong_hyo_jin_0025.npy;gong_hyo_jin_0021.npy;gong_hyo_jin_0008.npy;gong_hyo_jin_0029.npy;gong_hyo_jin_0053.npy;gong_hyo_jin_0017.npy;gong_hyo_jin_0023.npy,7
gong_hyo_jin,gong_hyo_jin_0053.npy,gong_hyo_jin_0029.npy;gong_hyo_jin_0057.npy;gong_hyo_jin_0037.npy;gong_hyo_jin_0003.npy;gong_hyo_jin_0000.npy;gong_hyo_jin_0023.npy;gong_hyo_jin_0026.npy,7
gong_hyo_jin,gong_hyo_jin_0056.npy,gong_hyo_jin_0010.npy;gong_hyo_jin_0003.npy;gong_hyo_jin_0025.npy;gong_hyo_jin_0059.npy;gong_hyo_jin_0053.npy;gong_hyo_jin_0017.npy;gong_hyo_jin_0008.npy,7
gong_hyo_jin,gong_hyo_jin_0057.npy,gong_hyo_jin_0030.npy;gong_hyo_jin_0056.npy;gong_hyo_jin_0003.npy;gong_hyo_jin_0010.npy;gong_hyo_jin_0020.npy;gong_hyo_jin_0017.npy;gong_hyo_jin_0008.npy,7
gong_hyo_jin,gong_hyo_jin_0059.npy,gong_hyo_jin_0056.npy;gong_hyo_jin_0053.npy;gong_hyo_jin_0025.npy;gong_hyo_jin_0030.npy;gong_hyo_jin_0017.npy;gong_hyo_jin_0026.npy;gong_hyo_jin_0057.npy,7
gong_seung_yeon,gong_seung_yeon_0000.npy,gong_seung_yeon_0012.npy;gong_seung_yeon_0049.npy;gong_seung_yeon_0036.npy;gong_seung_yeon_0024.npy;gong_seung_yeon_0057.npy;gong_seung_yeon_0019.npy;gong_seung_yeon_0020.npy,7
gong_seung_yeon,gong_seung_yeon_0012.npy,gong_seung_yeon_0024.npy;gong_seung_yeon_0019.npy;gong_seung_yeon_0057.npy;gong_seung_yeon_0052.npy;gong_seung_yeon_0036.npy;gong_seung_yeon_0020.npy;gong_seung_yeon_0063.npy,7
gong_seung_yeon,gong_seung_yeon_0019.npy,gong_seung_yeon_0024.npy;gong_seung_yeon_0039.npy;gong_seung_yeon_0022.npy;gong_seung_yeon_0052.npy;gong_seung_yeon_0025.npy;gong_seung_yeon_0054.npy;gong_seung_yeon_0063.npy,7
gong_seung_yeon,gong_seung_yeon_0020.npy,gong_seung_yeon_0036.npy;gong_seung_yeon_0032.npy;gong_seung_yeon_0024.npy;gong_seung_yeon_0000.npy;gong_seung_yeon_0012.npy;gong_seung_yeon_0027.npy;gong_seung_yeon_0054.npy,7
gong_seung_yeon,gong_seung_yeon_0022.npy,gong_seung_yeon_0000.npy;gong_seung_yeon_0063.npy;gong_seung_yeon_0025.npy;gong_seung_yeon_0019.npy;gong_seung_yeon_0049.npy;gong_seung_yeon_0024.npy;gong_seung_yeon_0052.npy,7
gong_seung_yeon,gong_seung_yeon_0024.npy,gong_seung_yeon_0052.npy;gong_seung_yeon_0032.npy;gong_seung_yeon_0036.npy;gong_seung_yeon_0063.npy;gong_seung_yeon_0027.npy;gong_seung_yeon_0054.npy;gong_seung_yeon_0000.npy,7
gong_seung_yeon,gong_seung_yeon_0025.npy,gong_seung_yeon_0012.npy;gong_seung_yeon_0063.npy;gong_seung_yeon_0052.npy;gong_seung_yeon_0019.npy;gong_seung_yeon_0036.npy;gong_seung_yeon_0000.npy;gong_seung_yeon_0024.npy,7
gong_seung_yeon,gong_seung_yeon_0027.npy,gong_seung_yeon_0039.npy;gong_seung_yeon_0036.npy;gong_seung_yeon_0019.npy;gong_seung_yeon_0025.npy;gong_seung_yeon_0054.npy;gong_seung_yeon_0000.npy;gong_seung_yeon_0022.npy,7
gong_seung_yeon,gong_seung_yeon_0032.npy,gong_seung_yeon_0024.npy;gong_seung_yeon_0054.npy;gong_seung_yeon_0000.npy;gong_seung_yeon_0063.npy;gong_seung_yeon_0020.npy;gong_seung_yeon_0049.npy;gong_seung_yeon_0012.npy,7
gong_seung_yeon,gong_seung_yeon_0036.npy,gong_seung_yeon_0024.npy;gong_seung_yeon_0054.npy;gong_seung_yeon_0032.npy;gong_seung_yeon_0025.npy;gong_seung_yeon_0039.npy;gong_seung_yeon_0019.npy;gong_seung_yeon_0020.npy,7
gong_seung_yeon,gong_seung_yeon_0039.npy,gong_seung_yeon_0057.npy;gong_seung_yeon_0019.npy;gong_seung_yeon_0054.npy;gong_seung_yeon_0063.npy;gong_seung_yeon_0025.npy;gong_seung_yeon_0000.npy;gong_seung_yeon_0052.npy,7
gong_seung_yeon,gong_seung_yeon_0049.npy,gong_seung_yeon_0052.npy;gong_seung_yeon_0024.npy;gong_seung_yeon_0054.npy;gong_seung_yeon_0025.npy;gong_seung_yeon_0039.npy;gong_seung_yeon_0020.npy;gong_seung_yeon_0022.npy,7
gong_seung_yeon,gong_seung_yeon_0052.npy,gong_seung_yeon_0019.npy;gong_seung_yeon_0054.npy;gong_seung_yeon_0049.npy;gong_seung_yeon_0012.npy;gong_seung_yeon_0025.npy;gong_seung_yeon_0000.npy;gong_seung_yeon_0027.npy,7
gong_seung_yeon,gong_seung_yeon_0054.npy,gong_seung_yeon_0020.npy;gong_seung_yeon_0063.npy;gong_seung_yeon_0027.npy;gong_seung_yeon_0024.npy;gong_seung_yeon_0022.npy;gong_seung_yeon_0057.npy;gong_seung_yeon_0036.npy,7
gong_seung_yeon,gong_seung_yeon_0057.npy,gong_seung_yeon_0000.npy;gong_seung_yeon_0039.npy;gong_seung_yeon_0020.npy;gong_seung_yeon_0025.npy;gong_seung_yeon_0024.npy;gong_seung_yeon_0022.npy;gong_seung_yeon_0012.npy,7
gong_seung_yeon,gong_seung_yeon_0063.npy,gong_seung_yeon_0052.npy;gong_seung_yeon_0022.npy;gong_seung_yeon_0024.npy;gong_seung_yeon_0039.npy;gong_seung_yeon_0032.npy;gong_seung_yeon_0025.npy;gong_seung_yeon_0049.npy,7
jun_hasegawa,jun_hasegawa_0008.npy,jun_hasegawa_0050.npy;jun_hasegawa_0018.npy;jun_hasegawa_0056.npy;jun_hasegawa_0034.npy;jun_hasegawa_0031.npy;jun_hasegawa_0068.npy;jun_hasegawa_0052.npy,7
jun_hasegawa,jun_hasegawa_0018.npy,jun_hasegawa_0031.npy;jun_hasegawa_0052.npy;jun_hasegawa_0034.npy;jun_hasegawa_0050.npy;jun_hasegawa_0056.npy;jun_hasegawa_0039.npy;jun_hasegawa_0049.npy,7
jun_hasegawa,jun_hasegawa_0031.npy,jun_hasegawa_0068.npy;jun_hasegawa_0018.npy;jun_hasegawa_0039.npy;jun_hasegawa_0049.npy;jun_hasegawa_0056.npy;jun_hasegawa_0034.npy;jun_hasegawa_0008.npy,7
jun_hasegawa,jun_hasegawa_0034.npy,jun_hasegawa_0052.npy;jun_hasegawa_0008.npy;jun_hasegawa_0049.npy;jun_hasegawa_0068.npy;jun_hasegawa_0018.npy;jun_hasegawa_0031.npy;jun_hasegawa_0050.npy,7
jun_hasegawa,jun_hasegawa_0039.npy,jun_hasegawa_0018.npy;jun_hasegawa_0050.npy;jun_hasegawa_0049.npy;jun_hasegawa_0031.npy;jun_hasegawa_0008.npy;jun_hasegawa_0056.npy;jun_hasegawa_0034.npy,7
jun_hasegawa,jun_hasegawa_0049.npy,jun_hasegawa_0039.npy;jun_hasegawa_0052.npy;jun_hasegawa_0031.npy;jun_hasegawa_0034.npy;jun_hasegawa_0056.npy;jun_hasegawa_0018.npy;jun_hasegawa_0008.npy,7
jun_hasegawa,jun_hasegawa_0050.npy,jun_hasegawa_0052.npy;jun_hasegawa_0068.npy;jun_hasegawa_0049.npy;jun_hasegawa_0056.npy;jun_hasegawa_0018.npy;jun_hasegawa_0031.npy;jun_hasegawa_0039.npy,7
jun_hasegawa,jun_hasegawa_0052.npy,jun_hasegawa_0068.npy;jun_hasegawa_0008.npy;jun_hasegawa_0031.npy;jun_hasegawa_0050.npy;jun_hasegawa_0018.npy;jun_hasegawa_0034.npy;jun_hasegawa_0049.npy,7
jun_hasegawa,jun_hasegawa_0056.npy,jun_hasegawa_0049.npy;jun_hasegawa_0052.npy;jun_hasegawa_0034.npy;jun_hasegawa_0050.npy;jun_hasegawa_0018.npy;jun_hasegawa_0068.npy;jun_hasegawa_0031.npy,7
jun_hasegawa,jun_hasegawa_0068.npy,jun_hasegawa_0031.npy;jun_hasegawa_0018.npy;jun_hasegawa_0056.npy;jun_hasegawa_0039.npy;jun_hasegawa_0049.npy;jun_hasegawa_0050.npy;jun_hasegawa_0008.npy,7
lee_jung_hyun,lee_jung_hyun_0002.npy,lee_jung_hyun_0024.npy;lee_jung_hyun_0031.npy;lee_jung_hyun_0058.npy;lee_jung_hyun_0037.npy;lee_jung_hyun_0013.npy;lee_jung_hyun_0033.npy;lee_jung_hyun_0010.npy,7
lee_jung_hyun,lee_jung_hyun_0010.npy,lee_jung_hyun_0002.npy;lee_jung_hyun_0024.npy;lee_jung_hyun_0051.npy;lee_jung_hyun_0031.npy;lee_jung_hyun_0058.npy;lee_jung_hyun_0052.npy;lee_jung_hyun_0037.npy,7
lee_jung_hyun,lee_jung_hyun_0013.npy,lee_jung_hyun_0058.npy;lee_jung_hyun_0024.npy;lee_jung_hyun_0037.npy;lee_jung_hyun_0052.npy;lee_jung_hyun_0051.npy;lee_jung_hyun_0010.npy;lee_jung_hyun_0031.npy,7
lee_jung_hyun,lee_jung_hyun_0018.npy,lee_jung_hyun_0002.npy;lee_jung_hyun_0010.npy;lee_jung_hyun_0037.npy;lee_jung_hyun_0052.npy;lee_jung_hyun_0051.npy;lee_jung_hyun_0031.npy;lee_jung_hyun_0024.npy,7
lee_jung_hyun,lee_jung_hyun_0024.npy,lee_jung_hyun_0002.npy;lee_jung_hyun_0052.npy;lee_jung_hyun_0018.npy;lee_jung_hyun_0037.npy;lee_jung_hyun_0058.npy;lee_jung_hyun_0051.npy;lee_jung_hyun_0010.npy,7
lee_jung_hyun,lee_jung_hyun_0031.npy,lee_jung_hyun_0051.npy;lee_jung_hyun_0052.npy;lee_jung_hyun_0033.npy;lee_jung_hyun_0037.npy;lee_jung_hyun_0018.npy;lee_jung_hyun_0024.npy;lee_jung_hyun_0058.npy,7
lee_jung_hyun,lee_jung_hyun_0033.npy,lee_jung_hyun_0052.npy;lee_jung_hyun_0051.npy;lee_jung_hyun_0013.npy;lee_jung_hyun_0031.npy;lee_jung_hyun_0018.npy;lee_jung_hyun_0037.npy;lee_jung_hyun_0058.npy,7
lee_jung_hyun,lee_jung_hyun_0037.npy,lee_jung_hyun_0018.npy;lee_jung_hyun_0024.npy;lee_jung_hyun_0051.npy;lee_jung_hyun_0031.npy;lee_jung_hyun_0010.npy;lee_jung_hyun_0013.npy;lee_jung_hyun_0058.npy,7
lee_jung_hyun,lee_jung_hyun_0051.npy,lee_jung_hyun_0010.npy;lee_jung_hyun_0024.npy;lee_jung_hyun_0018.npy;lee_jung_hyun_0013.npy;lee_jung_hyun_0033.npy;lee_jung_hyun_0031.npy;lee_jung_hyun_0002.npy,7
lee_jung_hyun,lee_jung_hyun_0052.npy,lee_jung_hyun_0013.npy;lee_jung_hyun_0058.npy;lee_jung_hyun_0018.npy;lee_jung_hyun_0037.npy;lee_jung_hyun_0031.npy;lee_jung_hyun_0010.npy;lee_jung_hyun_0024.npy,7
lee_jung_hyun,lee_jung_hyun_0058.npy,lee_jung_hyun_0010.npy;lee_jung_hyun_0033.npy;lee_jung_hyun_0051.npy;lee_jung_hyun_0013.npy;lee_jung_hyun_0024.npy;lee_jung_hyun_0018.npy;lee_jung_hyun_0031.npy,7
lee_young_ae,lee_young_ae_0002.npy,lee_young_ae_0005.npy;lee_young_ae_0014.npy;lee_young_ae_0022.npy;lee_young_ae_0059.npy;lee_young_ae_0045.npy;lee_young_ae_0062.npy;lee_young_ae_0056.npy,7
lee_young_ae,lee_young_ae_0005.npy,lee_young_ae_0025.npy;lee_young_ae_0002.npy;lee_young_ae_0020.npy;lee_young_ae_0015.npy;lee_young_ae_0022.npy;lee_young_ae_0051.npy;lee_young_ae_0027.npy,7
lee_young_ae,lee_young_ae_0009.npy,lee_young_ae_0056.npy;lee_young_ae_0062.npy;lee_young_ae_0027.npy;lee_young_ae_0045.npy;lee_young_ae_0014.npy;lee_young_ae_0025.npy;lee_young_ae_0051.npy,7
lee_young_ae,lee_young_ae_0013.npy,lee_young_ae_0015.npy;lee_young_ae_0022.npy;lee_young_ae_0025.npy;lee_young_ae_0002.npy;lee_young_ae_0060.npy;lee_young_ae_0020.npy;lee_young_ae_0051.npy,7
lee_young_ae,lee_young_ae_0014.npy,lee_young_ae_0056.npy;lee_young_ae_0009.npy;lee_young_ae_0025.npy;lee_young_ae_0060.npy;lee_young_ae_0045.npy;lee_young_ae_0027.npy;lee_young_ae_0002.npy,7
lee_young_ae,lee_young_ae_0015.npy,lee_young_ae_0062.npy;lee_young_ae_0022.npy;lee_young_ae_0045.npy;lee_young_ae_0059.npy;lee_young_ae_0051.npy;lee_young_ae_0002.npy;lee_young_ae_0005.npy,7
lee_young_ae,lee_young_ae_0020.npy,lee_young_ae_0051.npy;lee_young_ae_0022.npy;lee_young_ae_0009.npy;lee_young_ae_0025.npy;lee_young_ae_0059.npy;lee_young_ae_0002.npy;lee_young_ae_0014.npy,7
lee_young_ae,lee_young_ae_0022.npy,lee_young_ae_0020.npy;lee_young_ae_0015.npy;lee_young_ae_0013.npy;lee_young_ae_0025.npy;lee_young_ae_0060.npy;lee_young_ae_0051.npy;lee_young_ae_0062.npy,7
lee_young_ae,lee_young_ae_0025.npy,lee_young_ae_0014.npy;lee_young_ae_0059.npy;lee_young_ae_0020.npy;lee_young_ae_0062.npy;lee_young_ae_0005.npy;lee_young_ae_0022.npy;lee_young_ae_0002.npy,7
lee_young_ae,lee_young_ae_0027.npy,lee_young_ae_0056.npy;lee_young_ae_0025.npy;lee_young_ae_0002.npy;lee_young_ae_0015.npy;lee_young_ae_0013.npy;lee_young_ae_0005.npy;lee_young_ae_0059.npy,7
lee_young_ae,lee_young_ae_0045.npy,lee_young_ae_0059.npy;lee_young_ae_0002.npy;lee_young_ae_0013.npy;lee_young_ae_0062.npy;lee_young_ae_0060.npy;lee_young_ae_0027.npy;lee_young_ae_0009.npy,7
lee_young_ae,lee_young_ae_0051.npy,lee_young_ae_0013.npy;lee_young_ae_0009.npy;lee_young_ae_0022.npy;lee_young_ae_0045.npy;lee_young_ae_0005.npy;lee_young_ae_0027.npy;lee_young_ae_0062.npy,7
lee_young_ae,lee_young_ae_0056.npy,lee_young_ae_0022.npy;lee_young_ae_0051.npy;lee_young_ae_0014.npy;lee_young_ae_0015.npy;lee_young_ae_0009.npy;lee_young_ae_0027.npy;lee_young_ae_0005.npy,7
lee_young_ae,lee_young_ae_0059.npy,lee_young_ae_0056.npy;lee_young_ae_0060.npy;lee_young_ae_0009.npy;lee_young_ae_0014.npy;lee_young_ae_0005.npy;lee_young_ae_0027.npy;lee_young_ae_0002.npy,7
lee_young_ae,lee_young_ae_0060.npy,lee_young_ae_0062.npy;lee_young_ae_0014.npy;lee_young_ae_0027.npy;lee_young_ae_0045.npy;lee_young_ae_0020.npy;lee_young_ae_0051.npy;lee_young_ae_0013.npy,7
lee_young_ae,lee_young_ae_0062.npy,lee_young_ae_0005.npy;lee_young_ae_0027.npy;lee_young_ae_0051.npy;lee_young_ae_0045.npy;lee_young_ae_0013.npy;lee_young_ae_0060.npy;lee_young_ae_0014.npy,7
li_na_tennis,li_na_tennis_0003.npy,li_na_tennis_0053.npy;li_na_tennis_0036.npy;li_na_tennis_0035.npy;li_na_tennis_0008.npy;li_na_tennis_0043.npy;li_na_tennis_0007.npy;li_na_tennis_0022.npy,7
li_na_tennis,li_na_tennis_0007.npy,li_na_tennis_0028.npy;li_na_tennis_0025.npy;li_na_tennis_0036.npy;li_na_tennis_0022.npy;li_na_tennis_0008.npy;li_na_tennis_0056.npy;li_na_tennis_0041.npy,7
li_na_tennis,li_na_tennis_0008.npy,li_na_tennis_0003.npy;li_na_tennis_0053.npy;li_na_tennis_0025.npy;li_na_tennis_0026.npy;li_na_tennis_0007.npy;li_na_tennis_0043.npy;li_na_tennis_0022.npy,7
li_na_tennis,li_na_tennis_0009.npy,li_na_tennis_0036.npy;li_na_tennis_0053.npy;li_na_tennis_0026.npy;li_na_tennis_0041.npy;li_na_tennis_0008.npy;li_na_tennis_0025.npy;li_na_tennis_0056.npy,7
li_na_tennis,li_na_tennis_0010.npy,li_na_tennis_0041.npy;li_na_tennis_0028.npy;li_na_tennis_0036.npy;li_na_tennis_0012.npy;li_na_tennis_0035.npy;li_na_tennis_0053.npy;li_na_tennis_0026.npy,7
li_na_tennis,li_na_tennis_0012.npy,li_na_tennis_0026.npy;li_na_tennis_0025.npy;li_na_tennis_0041.npy;li_na_tennis_0035.npy;li_na_tennis_0010.npy;li_na_tennis_0022.npy;li_na_tennis_0009.npy,7
li_na_tennis,li_na_tennis_0022.npy,li_na_tennis_0053.npy;li_na_tennis_0007.npy;li_na_tennis_0010.npy;li_na_tennis_0026.npy;li_na_tennis_0009.npy;li_na_tennis_0041.npy;li_na_tennis_0025.npy,7
li_na_tennis,li_na_tennis_0025.npy,li_na_tennis_0012.npy;li_na_tennis_0003.npy;li_na_tennis_0026.npy;li_na_tennis_0056.npy;li_na_tennis_0008.npy;li_na_tennis_0043.npy;li_na_tennis_0009.npy,7
li_na_tennis,li_na_tennis_0026.npy,li_na_tennis_0012.npy;li_na_tennis_0043.npy;li_na_tennis_0010.npy;li_na_tennis_0056.npy;li_na_tennis_0053.npy;li_na_tennis_0035.npy;li_na_tennis_0036.npy,7
li_na_tennis,li_na_tennis_0028.npy,li_na_tennis_0026.npy;li_na_tennis_0003.npy;li_na_tennis_0056.npy;li_na_tennis_0009.npy;li_na_tennis_0007.npy;li_na_tennis_0041.npy;li_na_tennis_0022.npy,7
li_na_tennis,li_na_tennis_0035.npy,li_na_tennis_0025.npy;li_na_tennis_0026.npy;li_na_tennis_0043.npy;li_na_tennis_0009.npy;li_na_tennis_0056.npy;li_na_tennis_0036.npy;li_na_tennis_0028.npy,7
li_na_tennis,li_na_tennis_0036.npy,li_na_tennis_0043.npy;li_na_tennis_0003.npy;li_na_tennis_0007.npy;li_na_tennis_0010.npy;li_na_tennis_0009.npy;li_na_tennis_0022.npy;li_na_tennis_0035.npy,7
li_na_tennis,li_na_tennis_0041.npy,li_na_tennis_0010.npy;li_na_tennis_0035.npy;li_na_tennis_0028.npy;li_na_tennis_0012.npy;li_na_tennis_0025.npy;li_na_tennis_0026.npy;li_na_tennis_0043.npy,7
li_na_tennis,li_na_tennis_0043.npy,li_na_tennis_0012.npy;li_na_tennis_0022.npy;li_na_tennis_0036.npy;li_na_tennis_0026.npy;li_na_tennis_0056.npy;li_na_tennis_0035.npy;li_na_tennis_0025.npy,7
li_na_tennis,li_na_tennis_0053.npy,li_na_tennis_0010.npy;li_na_tennis_0056.npy;li_na_tennis_0043.npy;li_na_tennis_0009.npy;li_na_tennis_0007.npy;li_na_tennis_0036.npy;li_na_tennis_0012.npy,7
li_na_tennis,li_na_tennis_0056.npy,li_na_tennis_0007.npy;li_na_tennis_0036.npy;li_na_tennis_0026.npy;li_na_tennis_0043.npy;li_na_tennis_0008.npy;li_na_tennis_0009.npy;li_na_tennis_0028.npy,7
li_yuchun,li_yuchun_0003.npy,li_yuchun_0063.npy;li_yuchun_0048.npy;li_yuchun_0032.npy;li_yuchun_0055.npy;li_yuchun_0052.npy;li_yuchun_0069.npy;li_yuchun_0011.npy,7
li_yuchun,li_yuchun_0006.npy,li_yuchun_0069.npy;li_yuchun_0018.npy;li_yuchun_0032.npy;li_yuchun_0064.npy;li_yuchun_0034.npy;li_yuchun_0014.npy;li_yuchun_0063.npy,7
li_yuchun,li_yuchun_0011.npy,li_yuchun_0003.npy;li_yuchun_0063.npy;li_yuchun_0052.npy;li_yuchun_0014.npy;li_yuchun_0032.npy;li_yuchun_0069.npy;li_yuchun_0064.npy,7
li_yuchun,li_yuchun_0014.npy,li_yuchun_0052.npy;li_yuchun_0032.npy;li_yuchun_0063.npy;li_yuchun_0011.npy;li_yuchun_0048.npy;li_yuchun_0006.npy;li_yuchun_0003.npy,7
li_yuchun,li_yuchun_0018.npy,li_yuchun_0055.npy;li_yuchun_0032.npy;li_yuchun_0048.npy;li_yuchun_0063.npy;li_yuchun_0057.npy;li_yuchun_0034.npy;li_yuchun_0011.npy,7
li_yuchun,li_yuchun_0032.npy,li_yuchun_0003.npy;li_yuchun_0018.npy;li_yuchun_0048.npy;li_yuchun_0006.npy;li_yuchun_0057.npy;li_yuchun_0047.npy;li_yuchun_0063.npy,7
li_yuchun,li_yuchun_0034.npy,li_yuchun_0006.npy;li_yuchun_0055.npy;li_yuchun_0057.npy;li_yuchun_0063.npy;li_yuchun_0003.npy;li_yuchun_0011.npy;li_yuchun_0052.npy,7
li_yuchun,li_yuchun_0047.npy,li_yuchun_0064.npy;li_yuchun_0055.npy;li_yuchun_0018.npy;li_yuchun_0006.npy;li_yuchun_0014.npy;li_yuchun_0057.npy;li_yuchun_0034.npy,7
li_yuchun,li_yuchun_0048.npy,li_yuchun_0055.npy;li_yuchun_0069.npy;li_yuchun_0064.npy;li_yuchun_0014.npy;li_yuchun_0052.npy;li_yuchun_0034.npy;li_yuchun_0047.npy,7
li_yuchun,li_yuchun_0052.npy,li_yuchun_0047.npy;li_yuchun_0018.npy;li_yuchun_0055.npy;li_yuchun_0034.npy;li_yuchun_0064.npy;li_yuchun_0003.npy;li_yuchun_0006.npy,7
li_yuchun,li_yuchun_0055.npy,li_yuchun_0064.npy;li_yuchun_0014.npy;li_yuchun_0057.npy;li_yuchun_0069.npy;li_yuchun_0018.npy;li_yuchun_0006.npy;li_yuchun_0011.npy,7
li_yuchun,li_yuchun_0057.npy,li_yuchun_0014.npy;li_yuchun_0011.npy;li_yuchun_0048.npy;li_yuchun_0006.npy;li_yuchun_0064.npy;li_yuchun_0003.npy;li_yuchun_0034.npy,7
li_yuchun,li_yuchun_0063.npy,li_yuchun_0047.npy;li_yuchun_0057.npy;li_yuchun_0052.npy;li_yuchun_0069.npy;li_yuchun_0018.npy;li_yuchun_0003.npy;li_yuchun_0014.npy,7
li_yuchun,li_yuchun_0064.npy,li_yuchun_0018.npy;li_yuchun_0057.npy;li_yuchun_0069.npy;li_yuchun_0047.npy;li_yuchun_0006.npy;li_yuchun_0014.npy;li_yuchun_0063.npy,7
li_yuchun,li_yuchun_0069.npy,li_yuchun_0063.npy;li_yuchun_0064.npy;li_yuchun_0055.npy;li_yuchun_0052.npy;li_yuchun_0014.npy;li_yuchun_0034.npy;li_yuchun_0006.npy,7
lucy_liu,lucy_liu_0001.npy,lucy_liu_0056.npy;lucy_liu_0038.npy;lucy_liu_0064.npy;lucy_liu_0013.npy;lucy_liu_0039.npy;lucy_liu_0057.npy;lucy_liu_0004.npy,7
lucy_liu,lucy_liu_0004.npy,lucy_liu_0001.npy;lucy_liu_0013.npy;lucy_liu_0039.npy;lucy_liu_0057.npy;lucy_liu_0064.npy;lucy_liu_0054.npy;lucy_liu_0071.npy,7
lucy_liu,lucy_liu_0008.npy,lucy_liu_0054.npy;lucy_liu_0070.npy;lucy_liu_0039.npy;lucy_liu_0048.npy;lucy_liu_0064.npy;lucy_liu_0071.npy;lucy_liu_0038.npy,7
lucy_liu,lucy_liu_0013.npy,lucy_liu_0004.npy;lucy_liu_0057.npy;lucy_liu_0001.npy;lucy_liu_0048.npy;lucy_liu_0044.npy;lucy_liu_0039.npy;lucy_liu_0064.npy,7
lucy_liu,lucy_liu_0038.npy,lucy_liu_0004.npy;lucy_liu_0013.npy;lucy_liu_0064.npy;lucy_liu_0057.npy;lucy_liu_0001.npy;lucy_liu_0039.npy;lucy_liu_0054.npy,7
lucy_liu,lucy_liu_0039.npy,lucy_liu_0001.npy;lucy_liu_0008.npy;lucy_liu_0054.npy;lucy_liu_0056.npy;lucy_liu_0064.npy;lucy_liu_0038.npy;lucy_liu_0004.npy,7
lucy_liu,lucy_liu_0044.npy,lucy_liu_0057.npy;lucy_liu_0048.npy;lucy_liu_0064.npy;lucy_liu_0054.npy;lucy_liu_0004.npy;lucy_liu_0071.npy;lucy_liu_0008.npy,7
lucy_liu,lucy_liu_0048.npy,lucy_liu_0044.npy;lucy_liu_0039.npy;lucy_liu_0070.npy;lucy_liu_0004.npy;lucy_liu_0008.npy;lucy_liu_0064.npy;lucy_liu_0013.npy,7
lucy_liu,lucy_liu_0054.npy,lucy_liu_0070.npy;lucy_liu_0048.npy;lucy_liu_0038.npy;lucy_liu_0044.npy;lucy_liu_0056.npy;lucy_liu_0001.npy;lucy_liu_0013.npy,7
lucy_liu,lucy_liu_0056.npy,lucy_liu_0004.npy;lucy_liu_0039.npy;lucy_liu_0038.npy;lucy_liu_0070.npy;lucy_liu_0071.npy;lucy_liu_0044.npy;lucy_liu_0048.npy,7
lucy_liu,lucy_liu_0057.npy,lucy_liu_0054.npy;lucy_liu_0001.npy;lucy_liu_0064.npy;lucy_liu_0071.npy;lucy_liu_0048.npy;lucy_liu_0044.npy;lucy_liu_0070.npy,7
lucy_liu,lucy_liu_0064.npy,lucy_liu_0013.npy;lucy_liu_0054.npy;lucy_liu_0039.npy;lucy_liu_0056.npy;lucy_liu_0048.npy;lucy_liu_0070.npy;lucy_liu_0044.npy,7
lucy_liu,lucy_liu_0070.npy,lucy_liu_0001.npy;lucy_liu_0013.npy;lucy_liu_0038.npy;lucy_liu_0054.npy;lucy_liu_0008.npy;lucy_liu_0057.npy;lucy_liu_0064.npy,7
lucy_liu,lucy_liu_0071.npy,lucy_liu_0064.npy;lucy_liu_0048.npy;lucy_liu_0004.npy;lucy_liu_0001.npy;lucy_liu_0013.npy;lucy_liu_0008.npy;lucy_liu_0070.npy,7
mika_nakashima,mika_nakashima_0003.npy,mika_nakashima_0053.npy;mika_nakashima_0006.npy;mika_nakashima_0067.npy;mika_nakashima_0037.npy;mika_nakashima_0012.npy;mika_nakashima_0045.npy;mika_nakashima_0066.npy,7
mika_nakashima,mika_nakashima_0006.npy,mika_nakashima_0045.npy;mika_nakashima_0012.npy;mika_nakashima_0016.npy;mika_nakashima_0067.npy;mika_nakashima_0032.npy;mika_nakashima_0053.npy;mika_nakashima_0033.npy,7
mika_nakashima,mika_nakashima_0012.npy,mika_nakashima_0032.npy;mika_nakashima_0037.npy;mika_nakashima_0045.npy;mika_nakashima_0064.npy;mika_nakashima_0021.npy;mika_nakashima_0053.npy;mika_nakashima_0067.npy,7
mika_nakashima,mika_nakashima_0016.npy,mika_nakashima_0012.npy;mika_nakashima_0037.npy;mika_nakashima_0021.npy;mika_nakashima_0053.npy;mika_nakashima_0067.npy;mika_nakashima_0066.npy;mika_nakashima_0003.npy,7
mika_nakashima,mika_nakashima_0021.npy,mika_nakashima_0032.npy;mika_nakashima_0037.npy;mika_nakashima_0033.npy;mika_nakashima_0053.npy;mika_nakashima_0067.npy;mika_nakashima_0066.npy;mika_nakashima_0003.npy,7
mika_nakashima,mika_nakashima_0032.npy,mika_nakashima_0021.npy;mika_nakashima_0067.npy;mika_nakashima_0064.npy;mika_nakashima_0045.npy;mika_nakashima_0012.npy;mika_nakashima_0016.npy;mika_nakashima_0066.npy,7
mika_nakashima,mika_nakashima_0033.npy,mika_nakashima_0045.npy;mika_nakashima_0032.npy;mika_nakashima_0066.npy;mika_nakashima_0053.npy;mika_nakashima_0037.npy;mika_nakashima_0016.npy;mika_nakashima_0012.npy,7
mika_nakashima,mika_nakashima_0037.npy,mika_nakashima_0016.npy;mika_nakashima_0067.npy;mika_nakashima_0064.npy;mika_nakashima_0033.npy;mika_nakashima_0066.npy;mika_nakashima_0053.npy;mika_nakashima_0045.npy,7
mika_nakashima,mika_nakashima_0045.npy,mika_nakashima_0003.npy;mika_nakashima_0032.npy;mika_nakashima_0037.npy;mika_nakashima_0033.npy;mika_nakashima_0053.npy;mika_nakashima_0066.npy;mika_nakashima_0064.npy,7
mika_nakashima,mika_nakashima_0053.npy,mika_nakashima_0012.npy;mika_nakashima_0037.npy;mika_nakashima_0003.npy;mika_nakashima_0067.npy;mika_nakashima_0032.npy;mika_nakashima_0033.npy;mika_nakashima_0064.npy,7
mika_nakashima,mika_nakashima_0064.npy,mika_nakashima_0037.npy;mika_nakashima_0006.npy;mika_nakashima_0045.npy;mika_nakashima_0067.npy;mika_nakashima_0003.npy;mika_nakashima_0032.npy;mika_nakashima_0066.npy,7
mika_nakashima,mika_nakashima_0066.npy,mika_nakashima_0033.npy;mika_nakashima_0064.npy;mika_nakashima_0012.npy;mika_nakashima_0006.npy;mika_nakashima_0037.npy;mika_nakashima_0067.npy;mika_nakashima_0053.npy,7
mika_nakashima,mika_nakashima_0067.npy,mika_nakashima_0032.npy;mika_nakashima_0053.npy;mika_nakashima_0033.npy;mika_nakashima_0006.npy;mika_nakashima_0066.npy;mika_nakashima_0064.npy;mika_nakashima_0037.npy,7
ming_xi,ming_xi_0009.npy,ming_xi_0050.npy;ming_xi_0040.npy;ming_xi_0037.npy;ming_xi_0048.npy;ming_xi_0067.npy;ming_xi_0017.npy;ming_xi_0031.npy,7
ming_xi,ming_xi_0017.npy,ming_xi_0019.npy;ming_xi_0026.npy;ming_xi_0055.npy;ming_xi_0031.npy;ming_xi_0062.npy;ming_xi_0067.npy;ming_xi_0050.npy,7
ming_xi,ming_xi_0019.npy,ming_xi_0017.npy;ming_xi_0055.npy;ming_xi_0067.npy;ming_xi_0048.npy;ming_xi_0024.npy;ming_xi_0031.npy;ming_xi_0009.npy,7
ming_xi,ming_xi_0024.npy,ming_xi_0009.npy;ming_xi_0037.npy;ming_xi_0067.npy;ming_xi_0031.npy;ming_xi_0062.npy;ming_xi_0050.npy;ming_xi_0026.npy,7
ming_xi,ming_xi_0026.npy,ming_xi_0019.npy;ming_xi_0024.npy;ming_xi_0050.npy;ming_xi_0040.npy;ming_xi_0067.npy;ming_xi_0055.npy;ming_xi_0017.npy,7
ming_xi,ming_xi_0031.npy,ming_xi_0017.npy;ming_xi_0052.npy;ming_xi_0040.npy;ming_xi_0062.npy;ming_xi_0024.npy;ming_xi_0048.npy;ming_xi_0026.npy,7
ming_xi,ming_xi_0037.npy,ming_xi_0019.npy;ming_xi_0024.npy;ming_xi_0048.npy;ming_xi_0026.npy;ming_xi_0055.npy;ming_xi_0052.npy;ming_xi_0031.npy,7
ming_xi,ming_xi_0040.npy,ming_xi_0009.npy;ming_xi_0048.npy;ming_xi_0026.npy;ming_xi_0050.npy;ming_xi_0019.npy;ming_xi_0017.npy;ming_xi_0024.npy,7
ming_xi,ming_xi_0048.npy,ming_xi_0031.npy;ming_xi_0052.npy;ming_xi_0026.npy;ming_xi_0037.npy;ming_xi_0055.npy;ming_xi_0040.npy;ming_xi_0062.npy,7
ming_xi,ming_xi_0050.npy,ming_xi_0026.npy;ming_xi_0024.npy;ming_xi_0037.npy;ming_xi_0040.npy;ming_xi_0017.npy;ming_xi_0062.npy;ming_xi_0052.npy,7
ming_xi,ming_xi_0052.npy,ming_xi_0050.npy;ming_xi_0031.npy;ming_xi_0067.npy;ming_xi_0026.npy;ming_xi_0055.npy;ming_xi_0009.npy;ming_xi_0037.npy,7
ming_xi,ming_xi_0055.npy,ming_xi_0052.npy;ming_xi_0037.npy;ming_xi_0026.npy;ming_xi_0009.npy;ming_xi_0050.npy;ming_xi_0040.npy;ming_xi_0062.npy,7
ming_xi,ming_xi_0062.npy,ming_xi_0026.npy;ming_xi_0024.npy;ming_xi_0050.npy;ming_xi_0031.npy;ming_xi_0055.npy;ming_xi_0048.npy;ming_xi_0067.npy,7
ming_xi,ming_xi_0067.npy,ming_xi_0026.npy;ming_xi_0052.npy;ming_xi_0055.npy;ming_xi_0019.npy;ming_xi_0017.npy;ming_xi_0009.npy;ming_xi_0050.npy,7
minori_chihara,minori_chihara_0019.npy,minori_chihara_0052.npy;minori_chihara_0031.npy;minori_chihara_0044.npy;minori_chihara_0039.npy;minori_chihara_0036.npy;minori_chihara_0049.npy;minori_chihara_0043.npy,7
minori_chihara,minori_chihara_0031.npy,minori_chihara_0046.npy;minori_chihara_0052.npy;minori_chihara_0043.npy;minori_chihara_0036.npy;minori_chihara_0044.npy;minori_chihara_0019.npy;minori_chihara_0049.npy,7
minori_chihara,minori_chihara_0036.npy,minori_chihara_0044.npy;minori_chihara_0049.npy;minori_chihara_0031.npy;minori_chihara_0039.npy;minori_chihara_0043.npy;minori_chihara_0046.npy;minori_chihara_0052.npy,7
minori_chihara,minori_chihara_0039.npy,minori_chihara_0031.npy;minori_chihara_0043.npy;minori_chihara_0019.npy;minori_chihara_0052.npy;minori_chihara_0044.npy;minori_chihara_0036.npy;minori_chihara_0049.npy,7
minori_chihara,minori_chihara_0043.npy,minori_chihara_0046.npy;minori_chihara_0019.npy;minori_chihara_0039.npy;minori_chihara_0049.npy;minori_chihara_0036.npy;minori_chihara_0052.npy;minori_chihara_0044.npy,7
minori_chihara,minori_chihara_0044.npy,minori_chihara_0052.npy;minori_chihara_0036.npy;minori_chihara_0046.npy;minori_chihara_0049.npy;minori_chihara_0039.npy;minori_chihara_0043.npy;minori_chihara_0031.npy,7
minori_chihara,minori_chihara_0046.npy,minori_chihara_0031.npy;minori_chihara_0044.npy;minori_chihara_0052.npy;minori_chihara_0039.npy;minori_chihara_0019.npy;minori_chihara_0036.npy;minori_chihara_0049.npy,7
minori_chihara,minori_chihara_0049.npy,minori_chihara_0039.npy;minori_chihara_0044.npy;minori_chihara_0019.npy;minori_chihara_0052.npy;minori_chihara_0036.npy;minori_chihara_0043.npy;minori_chihara_0031.npy,7
minori_chihara,minori_chihara_0052.npy,minori_chihara_0031.npy;minori_chihara_0049.npy;minori_chihara_0019.npy;minori_chihara_0044.npy;minori_chihara_0036.npy;minori_chihara_0046.npy;minori_chihara_0043.npy,7
moametal,moametal_0002.npy,moametal_0031.npy;moametal_0042.npy;moametal_0043.npy;moametal_0056.npy;moametal_0055.npy;moametal_0049.npy;moametal_0045.npy,7
moametal,moametal_0011.npy,moametal_0056.npy;moametal_0049.npy;moametal_0043.npy;moametal_0045.npy;moametal_0031.npy;moametal_0042.npy;moametal_0034.npy,7
moametal,moametal_0031.npy,moametal_0011.npy;moametal_0055.npy;moametal_0043.npy;moametal_0042.npy;moametal_0034.npy;moametal_0002.npy;moametal_0049.npy,7
moametal,moametal_0034.npy,moametal_0045.npy;moametal_0042.npy;moametal_0055.npy;moametal_0049.npy;moametal_0011.npy;moametal_0031.npy;moametal_0002.npy,7
moametal,moametal_0042.npy,moametal_0045.npy;moametal_0056.npy;moametal_0002.npy;moametal_0034.npy;moametal_0031.npy;moametal_0011.npy;moametal_0049.npy,7
moametal,moametal_0043.npy,moametal_0055.npy;moametal_0011.npy;moametal_0045.npy;moametal_0056.npy;moametal_0042.npy;moametal_0002.npy;moametal_0034.npy,7
moametal,moametal_0045.npy,moametal_0043.npy;moametal_0034.npy;moametal_0011.npy;moametal_0042.npy;moametal_0049.npy;moametal_0002.npy;moametal_0031.npy,7
moametal,moametal_0049.npy,moametal_0034.npy;moametal_0056.npy;moametal_0045.npy;moametal_0011.npy;moametal_0031.npy;moametal_0043.npy;moametal_0042.npy,7
moametal,moametal_0055.npy,moametal_0002.npy;moametal_0042.npy;moametal_0045.npy;moametal_0011.npy;moametal_0043.npy;moametal_0031.npy;moametal_0056.npy,7
moametal,moametal_0056.npy,moametal_0011.npy;moametal_0002.npy;moametal_0055.npy;moametal_0049.npy;moametal_0031.npy;moametal_0045.npy;moametal_0042.npy,7
puff_guo,puff_guo_0005.npy,puff_guo_0025.npy;puff_guo_0007.npy;puff_guo_0009.npy;puff_guo_0013.npy;puff_guo_0050.npy;puff_guo_0008.npy;puff_guo_0052.npy,7
puff_guo,puff_guo_0007.npy,puff_guo_0033.npy;puff_guo_0041.npy;puff_guo_0008.npy;puff_guo_0043.npy;puff_guo_0036.npy;puff_guo_0010.npy;puff_guo_0009.npy,7
puff_guo,puff_guo_0008.npy,puff_guo_0041.npy;puff_guo_0043.npy;puff_guo_0007.npy;puff_guo_0036.npy;puff_guo_0010.npy;puff_guo_0013.npy;puff_guo_0005.npy,7
puff_guo,puff_guo_0009.npy,puff_guo_0052.npy;puff_guo_0050.npy;puff_guo_0041.npy;puff_guo_0013.npy;puff_guo_0036.npy;puff_guo_0025.npy;puff_guo_0005.npy,7
puff_guo,puff_guo_0010.npy,puff_guo_0005.npy;puff_guo_0036.npy;puff_guo_0033.npy;puff_guo_0043.npy;puff_guo_0007.npy;puff_guo_0009.npy;puff_guo_0025.npy,7
puff_guo,puff_guo_0013.npy,puff_guo_0036.npy;puff_guo_0007.npy;puff_guo_0050.npy;puff_guo_0025.npy;puff_guo_0008.npy;puff_guo_0005.npy;puff_guo_0043.npy,7
puff_guo,puff_guo_0025.npy,puff_guo_0010.npy;puff_guo_0043.npy;puff_guo_0050.npy;puff_guo_0041.npy;puff_guo_0013.npy;puff_guo_0009.npy;puff_guo_0052.npy,7
puff_guo,puff_guo_0033.npy,puff_guo_0041.npy;puff_guo_0010.npy;puff_guo_0036.npy;puff_guo_0052.npy;puff_guo_0025.npy;puff_guo_0005.npy;puff_guo_0013.npy,7
puff_guo,puff_guo_0036.npy,puff_guo_0007.npy;puff_guo_0050.npy;puff_guo_0041.npy;puff_guo_0009.npy;puff_guo_0025.npy;puff_guo_0043.npy;puff_guo_0052.npy,7
puff_guo,puff_guo_0041.npy,puff_guo_0025.npy;puff_guo_0013.npy;puff_guo_0033.npy;puff_guo_0052.npy;puff_guo_0036.npy;puff_guo_0050.npy;puff_guo_0005.npy,7
puff_guo,puff_guo_0043.npy,puff_guo_0013.npy;puff_guo_0025.npy;puff_guo_0052.npy;puff_guo_0010.npy;puff_guo_0041.npy;puff_guo_0007.npy;puff_guo_0033.npy,7
puff_guo,puff_guo_0050.npy,puff_guo_0033.npy;puff_guo_0007.npy;puff_guo_0043.npy;puff_guo_0041.npy;puff_guo_0036.npy;puff_guo_0009.npy;puff_guo_0005.npy,7
puff_guo,puff_guo_0052.npy,puff_guo_0050.npy;puff_guo_0013.npy;puff_guo_0008.npy;puff_guo_0036.npy;puff_guo_0005.npy;puff_guo_0010.npy;puff_guo_0025.npy,7
shin_min_a,shin_min_a_0007.npy,shin_min_a_0044.npy;shin_min_a_0033.npy;shin_min_a_0056.npy;shin_min_a_0017.npy;shin_min_a_0034.npy;shin_min_a_0061.npy;shin_min_a_0052.npy,7
shin_min_a,shin_min_a_0008.npy,shin_min_a_0062.npy;shin_min_a_0060.npy;shin_min_a_0007.npy;shin_min_a_0032.npy;shin_min_a_0052.npy;shin_min_a_0056.npy;shin_min_a_0033.npy,7
shin_min_a,shin_min_a_0017.npy,shin_min_a_0008.npy;shin_min_a_0052.npy;shin_min_a_0044.npy;shin_min_a_0025.npy;shin_min_a_0022.npy;shin_min_a_0041.npy;shin_min_a_0056.npy,7
shin_min_a,shin_min_a_0022.npy,shin_min_a_0062.npy;shin_min_a_0008.npy;shin_min_a_0033.npy;shin_min_a_0044.npy;shin_min_a_0060.npy;shin_min_a_0061.npy;shin_min_a_0032.npy,7
shin_min_a,shin_min_a_0025.npy,shin_min_a_0052.npy;shin_min_a_0022.npy;shin_min_a_0034.npy;shin_min_a_0044.npy;shin_min_a_0062.npy;shin_min_a_0056.npy;shin_min_a_0007.npy,7
shin_min_a,shin_min_a_0032.npy,shin_min_a_0052.npy;shin_min_a_0056.npy;shin_min_a_0060.npy;shin_min_a_0025.npy;shin_min_a_0007.npy;shin_min_a_0017.npy;shin_min_a_0061.npy,7
shin_min_a,shin_min_a_0033.npy,shin_min_a_0060.npy;shin_min_a_0061.npy;shin_min_a_0025.npy;shin_min_a_0032.npy;shin_min_a_0056.npy;shin_min_a_0007.npy;shin_min_a_0017.npy,7
shin_min_a,shin_min_a_0034.npy,shin_min_a_0062.npy;shin_min_a_0017.npy;shin_min_a_0052.npy;shin_min_a_0056.npy;shin_min_a_0033.npy;shin_min_a_0008.npy;shin_min_a_0061.npy,7
shin_min_a,shin_min_a_0041.npy,shin_min_a_0060.npy;shin_min_a_0056.npy;shin_min_a_0007.npy;shin_min_a_0008.npy;shin_min_a_0044.npy;shin_min_a_0022.npy;shin_min_a_0033.npy,7
shin_min_a,shin_min_a_0044.npy,shin_min_a_0033.npy;shin_min_a_0034.npy;shin_min_a_0032.npy;shin_min_a_0017.npy;shin_min_a_0060.npy;shin_min_a_0025.npy;shin_min_a_0052.npy,7
shin_min_a,shin_min_a_0052.npy,shin_min_a_0061.npy;shin_min_a_0044.npy;shin_min_a_0062.npy;shin_min_a_0008.npy;shin_min_a_0007.npy;shin_min_a_0017.npy;shin_min_a_0041.npy,7
shin_min_a,shin_min_a_0056.npy,shin_min_a_0061.npy;shin_min_a_0044.npy;shin_min_a_0007.npy;shin_min_a_0052.npy;shin_min_a_0008.npy;shin_min_a_0025.npy;shin_min_a_0034.npy,7
shin_min_a,shin_min_a_0060.npy,shin_min_a_0052.npy;shin_min_a_0033.npy;shin_min_a_0034.npy;shin_min_a_0044.npy;shin_min_a_0056.npy;shin_min_a_0061.npy;shin_min_a_0025.npy,7
shin_min_a,shin_min_a_0061.npy,shin_min_a_0022.npy;shin_min_a_0060.npy;shin_min_a_0041.npy;shin_min_a_0008.npy;shin_min_a_0032.npy;shin_min_a_0033.npy;shin_min_a_0052.npy,7
shin_min_a,shin_min_a_0062.npy,shin_min_a_0025.npy;shin_min_a_0052.npy;shin_min_a_0060.npy;shin_min_a_0044.npy;shin_min_a_0034.npy;shin_min_a_0041.npy;shin_min_a_0061.npy,7
sumetal,sumetal_0001.npy,sumetal_0010.npy;sumetal_0016.npy;sumetal_0040.npy;sumetal_0056.npy;sumetal_0051.npy;sumetal_0012.npy;sumetal_0013.npy,7
sumetal,sumetal_0010.npy,sumetal_0016.npy;sumetal_0013.npy;sumetal_0028.npy;sumetal_0054.npy;sumetal_0033.npy;sumetal_0001.npy;sumetal_0040.npy,7
sumetal,sumetal_0012.npy,sumetal_0047.npy;sumetal_0040.npy;sumetal_0013.npy;sumetal_0054.npy;sumetal_0055.npy;sumetal_0028.npy;sumetal_0033.npy,7
sumetal,sumetal_0013.npy,sumetal_0016.npy;sumetal_0051.npy;sumetal_0055.npy;sumetal_0033.npy;sumetal_0010.npy;sumetal_0056.npy;sumetal_0054.npy,7
sumetal,sumetal_0016.npy,sumetal_0001.npy;sumetal_0040.npy;sumetal_0056.npy;sumetal_0047.npy;sumetal_0010.npy;sumetal_0055.npy;sumetal_0012.npy,7
sumetal,sumetal_0028.npy,sumetal_0054.npy;sumetal_0040.npy;sumetal_0056.npy;sumetal_0055.npy;sumetal_0051.npy;sumetal_0012.npy;sumetal_0001.npy,7
sumetal,sumetal_0033.npy,sumetal_0040.npy;sumetal_0001.npy;sumetal_0028.npy;sumetal_0012.npy;sumetal_0047.npy;sumetal_0056.npy;sumetal_0054.npy,7
sumetal,sumetal_0040.npy,sumetal_0028.npy;sumetal_0010.npy;sumetal_0033.npy;sumetal_0055.npy;sumetal_0013.npy;sumetal_0047.npy;sumetal_0016.npy,7
sumetal,sumetal_0047.npy,sumetal_0033.npy;sumetal_0051.npy;sumetal_0010.npy;sumetal_0056.npy;sumetal_0016.npy;sumetal_0028.npy;sumetal_0012.npy,7
sumetal,sumetal_0051.npy,sumetal_0013.npy;sumetal_0028.npy;sumetal_0012.npy;sumetal_0010.npy;sumetal_0047.npy;sumetal_0016.npy;sumetal_0033.npy,7
sumetal,sumetal_0054.npy,sumetal_0013.npy;sumetal_0028.npy;sumetal_0055.npy;sumetal_0012.npy;sumetal_0056.npy;sumetal_0001.npy;sumetal_0010.npy,7
sumetal,sumetal_0055.npy,sumetal_0016.npy;sumetal_0013.npy;sumetal_0012.npy;sumetal_0051.npy;sumetal_0010.npy;sumetal_0040.npy;sumetal_0028.npy,7
sumetal,sumetal_0056.npy,sumetal_0040.npy;sumetal_0055.npy;sumetal_0051.npy;sumetal_0054.npy;sumetal_0028.npy;sumetal_0033.npy;sumetal_0047.npy,7
tila_tequila,tila_tequila_0909.npy,tila_tequila_0932.npy;tila_tequila_0918.npy;tila_tequila_0939.npy;tila_tequila_0915.npy;tila_tequila_0958.npy;tila_tequila_0951.npy;tila_tequila_0926.npy,7
tila_tequila,tila_tequila_0911.npy,tila_tequila_0958.npy;tila_tequila_0926.npy;tila_tequila_0950.npy;tila_tequila_0909.npy;tila_tequila_0932.npy;tila_tequila_0946.npy;tila_tequila_0915.npy,7
tila_tequila,tila_tequila_0915.npy,tila_tequila_0926.npy;tila_tequila_0939.npy;tila_tequila_0959.npy;tila_tequila_0909.npy;tila_tequila_0955.npy;tila_tequila_0932.npy;tila_tequila_0964.npy,7
tila_tequila,tila_tequila_0918.npy,tila_tequila_0911.npy;tila_tequila_0951.npy;tila_tequila_0964.npy;tila_tequila_0950.npy;tila_tequila_0955.npy;tila_tequila_0946.npy;tila_tequila_0935.npy,7
tila_tequila,tila_tequila_0924.npy,tila_tequila_0939.npy;tila_tequila_0950.npy;tila_tequila_0946.npy;tila_tequila_0955.npy;tila_tequila_0909.npy;tila_tequila_0964.npy;tila_tequila_0918.npy,7
tila_tequila,tila_tequila_0926.npy,tila_tequila_0932.npy;tila_tequila_0950.npy;tila_tequila_0939.npy;tila_tequila_0946.npy;tila_tequila_0915.npy;tila_tequila_0909.npy;tila_tequila_0958.npy,7
tila_tequila,tila_tequila_0932.npy,tila_tequila_0911.npy;tila_tequila_0958.npy;tila_tequila_0926.npy;tila_tequila_0955.npy;tila_tequila_0964.npy;tila_tequila_0946.npy;tila_tequila_0915.npy,7
tila_tequila,tila_tequila_0935.npy,tila_tequila_0909.npy;tila_tequila_0918.npy;tila_tequila_0955.npy;tila_tequila_0939.npy;tila_tequila_0958.npy;tila_tequila_0946.npy;tila_tequila_0950.npy,7
tila_tequila,tila_tequila_0939.npy,tila_tequila_0950.npy;tila_tequila_0915.npy;tila_tequila_0926.npy;tila_tequila_0958.npy;tila_tequila_0924.npy;tila_tequila_0932.npy;tila_tequila_0964.npy,7
tila_tequila,tila_tequila_0946.npy,tila_tequila_0958.npy;tila_tequila_0926.npy;tila_tequila_0951.npy;tila_tequila_0950.npy;tila_tequila_0909.npy;tila_tequila_0959.npy;tila_tequila_0911.npy,7
tila_tequila,tila_tequila_0950.npy,tila_tequila_0926.npy;tila_tequila_0911.npy;tila_tequila_0939.npy;tila_tequila_0951.npy;tila_tequila_0932.npy;tila_tequila_0924.npy;tila_tequila_0946.npy,7
tila_tequila,tila_tequila_0951.npy,tila_tequila_0955.npy;tila_tequila_0959.npy;tila_tequila_0950.npy;tila_tequila_0946.npy;tila_tequila_0915.npy;tila_tequila_0926.npy;tila_tequila_0911.npy,7
tila_tequila,tila_tequila_0955.npy,tila_tequila_0946.npy;tila_tequila_0950.npy;tila_tequila_0915.npy;tila_tequila_0926.npy;tila_tequila_0924.npy;tila_tequila_0932.npy;tila_tequila_0958.npy,7
tila_tequila,tila_tequila_0958.npy,tila_tequila_0946.npy;tila_tequila_0951.npy;tila_tequila_0911.npy;tila_tequila_0924.npy;tila_tequila_0939.npy;tila_tequila_0932.npy;tila_tequila_0926.npy,7
tila_tequila,tila_tequila_0959.npy,tila_tequila_0958.npy;tila_tequila_0915.npy;tila_tequila_0950.npy;tila_tequila_0951.npy;tila_tequila_0955.npy;tila_tequila_0939.npy;tila_tequila_0911.npy,7
tila_tequila,tila_tequila_0964.npy,tila_tequila_0950.npy;tila_tequila_0959.npy;tila_tequila_0932.npy;tila_tequila_0939.npy;tila_tequila_0926.npy;tila_tequila_0909.npy;tila_tequila_0958.npy,7
xu_jinglei,xu_jinglei_0001.npy,xu_jinglei_0030.npy;xu_jinglei_0015.npy;xu_jinglei_0016.npy;xu_jinglei_0034.npy;xu_jinglei_0036.npy;xu_jinglei_0041.npy;xu_jinglei_0012.npy,7
xu_jinglei,xu_jinglei_0011.npy,xu_jinglei_0016.npy;xu_jinglei_0015.npy;xu_jinglei_0058.npy;xu_jinglei_0012.npy;xu_jinglei_0041.npy;xu_jinglei_0001.npy;xu_jinglei_0030.npy,7
xu_jinglei,xu_jinglei_0012.npy,xu_jinglei_0041.npy;xu_jinglei_0061.npy;xu_jinglei_0001.npy;xu_jinglei_0034.npy;xu_jinglei_0036.npy;xu_jinglei_0030.npy;xu_jinglei_0011.npy,7
xu_jinglei,xu_jinglei_0015.npy,xu_jinglei_0058.npy;xu_jinglei_0036.npy;xu_jinglei_0012.npy;xu_jinglei_0041.npy;xu_jinglei_0011.npy;xu_jinglei_0034.npy;xu_jinglei_0030.npy,7
xu_jinglei,xu_jinglei_0016.npy,xu_jinglei_0012.npy;xu_jinglei_0037.npy;xu_jinglei_0001.npy;xu_jinglei_0036.npy;xu_jinglei_0061.npy;xu_jinglei_0034.npy;xu_jinglei_0011.npy,7
xu_jinglei,xu_jinglei_0030.npy,xu_jinglei_0037.npy;xu_jinglei_0058.npy;xu_jinglei_0016.npy;xu_jinglei_0061.npy;xu_jinglei_0011.npy;xu_jinglei_0041.npy;xu_jinglei_0036.npy,7
xu_jinglei,xu_jinglei_0034.npy,xu_jinglei_0016.npy;xu_jinglei_0037.npy;xu_jinglei_0015.npy;xu_jinglei_0030.npy;xu_jinglei_0058.npy;xu_jinglei_0061.npy;xu_jinglei_0041.npy,7
xu_jinglei,xu_jinglei_0036.npy,xu_jinglei_0037.npy;xu_jinglei_0016.npy;xu_jinglei_0034.npy;xu_jinglei_0041.npy;xu_jinglei_0011.npy;xu_jinglei_0061.npy;xu_jinglei_0058.npy,7
xu_jinglei,xu_jinglei_0037.npy,xu_jinglei_0012.npy;xu_jinglei_0016.npy;xu_jinglei_0001.npy;xu_jinglei_0036.npy;xu_jinglei_0034.npy;xu_jinglei_0061.npy;xu_jinglei_0058.npy,7
xu_jinglei,xu_jinglei_0041.npy,xu_jinglei_0011.npy;xu_jinglei_0037.npy;xu_jinglei_0061.npy;xu_jinglei_0016.npy;xu_jinglei_0001.npy;xu_jinglei_0058.npy;xu_jinglei_0012.npy,7
xu_jinglei,xu_jinglei_0058.npy,xu_jinglei_0036.npy;xu_jinglei_0037.npy;xu_jinglei_0012.npy;xu_jinglei_0034.npy;xu_jinglei_0001.npy;xu_jinglei_0011.npy;xu_jinglei_0015.npy,7
xu_jinglei,xu_jinglei_0061.npy,xu_jinglei_0030.npy;xu_jinglei_0001.npy;xu_jinglei_0034.npy;xu_jinglei_0041.npy;xu_jinglei_0015.npy;xu_jinglei_0016.npy;xu_jinglei_0012.npy,7
zhou_xun,zhou_xun_0000.npy,zhou_xun_0011.npy;zhou_xun_0022.npy;zhou_xun_0003.npy;zhou_xun_0021.npy;zhou_xun_0057.npy;zhou_xun_0001.npy;zhou_xun_0038.npy,7
zhou_xun,zhou_xun_0001.npy,zhou_xun_0003.npy;zhou_xun_0044.npy;zhou_xun_0038.npy;zhou_xun_0021.npy;zhou_xun_0010.npy;zhou_xun_0036.npy;zhou_xun_0000.npy,7
zhou_xun,zhou_xun_0003.npy,zhou_xun_0013.npy;zhou_xun_0029.npy;zhou_xun_0044.npy;zhou_xun_0010.npy;zhou_xun_0053.npy;zhou_xun_0036.npy;zhou_xun_0000.npy,7
zhou_xun,zhou_xun_0010.npy,zhou_xun_0001.npy;zhou_xun_0000.npy;zhou_xun_0013.npy;zhou_xun_0011.npy;zhou_xun_0003.npy;zhou_xun_0031.npy;zhou_xun_0022.npy,7
zhou_xun,zhou_xun_0011.npy,zhou_xun_0001.npy;zhou_xun_0053.npy;zhou_xun_0013.npy;zhou_xun_0010.npy;zhou_xun_0044.npy;zhou_xun_0057.npy;zhou_xun_0000.npy,7
zhou_xun,zhou_xun_0013.npy,zhou_xun_0010.npy;zhou_xun_0022.npy;zhou_xun_0038.npy;zhou_xun_0036.npy;zhou_xun_0029.npy;zhou_xun_0001.npy;zhou_xun_0031.npy,7
zhou_xun,zhou_xun_0021.npy,zhou_xun_0057.npy;zhou_xun_0029.npy;zhou_xun_0036.npy;zhou_xun_0031.npy;zhou_xun_0000.npy;zhou_xun_0038.npy;zhou_xun_0010.npy,7
zhou_xun,zhou_xun_0022.npy,zhou_xun_0044.npy;zhou_xun_0003.npy;zhou_xun_0011.npy;zhou_xun_0021.npy;zhou_xun_0000.npy;zhou_xun_0013.npy;zhou_xun_0010.npy,7
zhou_xun,zhou_xun_0029.npy,zhou_xun_0036.npy;zhou_xun_0021.npy;zhou_xun_0003.npy;zhou_xun_0038.npy;zhou_xun_0001.npy;zhou_xun_0031.npy;zhou_xun_0013.npy,7
zhou_xun,zhou_xun_0031.npy,zhou_xun_0001.npy;zhou_xun_0029.npy;zhou_xun_0053.npy;zhou_xun_0044.npy;zhou_xun_0038.npy;zhou_xun_0036.npy;zhou_xun_0000.npy,7
zhou_xun,zhou_xun_0036.npy,zhou_xun_0021.npy;zhou_xun_0022.npy;zhou_xun_0000.npy;zhou_xun_0038.npy;zhou_xun_0057.npy;zhou_xun_0013.npy;zhou_xun_0011.npy,7
zhou_xun,zhou_xun_0038.npy,zhou_xun_0044.npy;zhou_xun_0000.npy;zhou_xun_0013.npy;zhou_xun_0001.npy;zhou_xun_0057.npy;zhou_xun_0010.npy;zhou_xun_0036.npy,7
zhou_xun,zhou_xun_0044.npy,zhou_xun_0053.npy;zhou_xun_0031.npy;zhou_xun_0038.npy;zhou_xun_0013.npy;zhou_xun_0003.npy;zhou_xun_0000.npy;zhou_xun_0036.npy,7
zhou_xun,zhou_xun_0053.npy,zhou_xun_0029.npy;zhou_xun_0013.npy;zhou_xun_0036.npy;zhou_xun_0003.npy;zhou_xun_0022.npy;zhou_xun_0031.npy;zhou_xun_0038.npy,7
zhou_xun,zhou_xun_0057.npy,zhou_xun_0044.npy;zhou_xun_0003.npy;zhou_xun_0001.npy;zhou_xun_0022.npy;zhou_xun_0000.npy;zhou_xun_0011.npy;zhou_xun_0010.npy,7
bang_yong_guk,bang_yong_guk_0001.npy,bang_yong_guk_0004.npy;bang_yong_guk_0044.npy;bang_yong_guk_0010.npy;bang_yong_guk_0046.npy;bang_yong_guk_0020.npy;bang_yong_guk_0043.npy;bang_yong_guk_0037.npy,7
bang_yong_guk,bang_yong_guk_0004.npy,bang_yong_guk_0046.npy;bang_yong_guk_0020.npy;bang_yong_guk_0001.npy;bang_yong_guk_0010.npy;bang_yong_guk_0044.npy;bang_yong_guk_0042.npy;bang_yong_guk_0043.npy,7
bang_yong_guk,bang_yong_guk_0010.npy,bang_yong_guk_0043.npy;bang_yong_guk_0020.npy;bang_yong_guk_0001.npy;bang_yong_guk_0044.npy;bang_yong_guk_0037.npy;bang_yong_guk_0004.npy;bang_yong_guk_0042.npy,7
bang_yong_guk,bang_yong_guk_0020.npy,bang_yong_guk_0044.npy;bang_yong_guk_0010.npy;bang_yong_guk_0004.npy;bang_yong_guk_0037.npy;bang_yong_guk_0042.npy;bang_yong_guk_0043.npy;bang_yong_guk_0046.npy,7
bang_yong_guk,bang_yong_guk_0037.npy,bang_yong_guk_0004.npy;bang_yong_guk_0043.npy;bang_yong_guk_0020.npy;bang_yong_guk_0001.npy;bang_yong_guk_0044.npy;bang_yong_guk_0010.npy;bang_yong_guk_0042.npy,7
bang_yong_guk,bang_yong_guk_0042.npy,bang_yong_guk_0037.npy;bang_yong_guk_0010.npy;bang_yong_guk_0001.npy;bang_yong_guk_0043.npy;bang_yong_guk_0044.npy;bang_yong_guk_0020.npy;bang_yong_guk_0004.npy,7
bang_yong_guk,bang_yong_guk_0043.npy,bang_yong_guk_0037.npy;bang_yong_guk_0020.npy;bang_yong_guk_0046.npy;bang_yong_guk_0044.npy;bang_yong_guk_0004.npy;bang_yong_guk_0010.npy;bang_yong_guk_0042.npy,7
bang_yong_guk,bang_yong_guk_0044.npy,bang_yong_guk_0042.npy;bang_yong_guk_0020.npy;bang_yong_guk_0001.npy;bang_yong_guk_0010.npy;bang_yong_guk_0043.npy;bang_yong_guk_0004.npy;bang_yong_guk_0046.npy,7
bang_yong_guk,bang_yong_guk_0046.npy,bang_yong_guk_0004.npy;bang_yong_guk_0042.npy;bang_yong_guk_0043.npy;bang_yong_guk_0020.npy;bang_yong_guk_0010.npy;bang_yong_guk_0037.npy;bang_yong_guk_0001.npy,7
big_bang_g-dragon,big_bang_g-dragon_0001.npy,big_bang_g-dragon_0006.npy;big_bang_g-dragon_0012.npy;big_bang_g-dragon_0048.npy;big_bang_g-dragon_0037.npy;big_bang_g-dragon_0051.npy;big_bang_g-dragon_0050.npy;big_bang_g-dragon_0046.npy,7
big_bang_g-dragon,big_bang_g-dragon_0006.npy,big_bang_g-dragon_0013.npy;big_bang_g-dragon_0049.npy;big_bang_g-dragon_0028.npy;big_bang_g-dragon_0050.npy;big_bang_g-dragon_0035.npy;big_bang_g-dragon_0001.npy;big_bang_g-dragon_0017.npy,7
big_bang_g-dragon,big_bang_g-dragon_0007.npy,big_bang_g-dragon_0012.npy;big_bang_g-dragon_0049.npy;big_bang_g-dragon_0037.npy;big_bang_g-dragon_0028.npy;big_bang_g-dragon_0048.npy;big_bang_g-dragon_0050.npy;big_bang_g-dragon_0035.npy,7
big_bang_g-dragon,big_bang_g-dragon_0012.npy,big_bang_g-dragon_0006.npy;big_bang_g-dragon_0048.npy;big_bang_g-dragon_0007.npy;big_bang_g-dragon_0046.npy;big_bang_g-dragon_0028.npy;big_bang_g-dragon_0035.npy;big_bang_g-dragon_0049.npy,7
big_bang_g-dragon,big_bang_g-dragon_0013.npy,big_bang_g-dragon_0049.npy;big_bang_g-dragon_0017.npy;big_bang_g-dragon_0012.npy;big_bang_g-dragon_0006.npy;big_bang_g-dragon_0001.npy;big_bang_g-dragon_0007.npy;big_bang_g-dragon_0051.npy,7
big_bang_g-dragon,big_bang_g-dragon_0017.npy,big_bang_g-dragon_0046.npy;big_bang_g-dragon_0035.npy;big_bang_g-dragon_0051.npy;big_bang_g-dragon_0006.npy;big_bang_g-dragon_0013.npy;big_bang_g-dragon_0049.npy;big_bang_g-dragon_0028.npy,7
big_bang_g-dragon,big_bang_g-dragon_0028.npy,big_bang_g-dragon_0037.npy;big_bang_g-dragon_0012.npy;big_bang_g-dragon_0048.npy;big_bang_g-dragon_0013.npy;big_bang_g-dragon_0051.npy;big_bang_g-dragon_0050.npy;big_bang_g-dragon_0001.npy,7
big_bang_g-dragon,big_bang_g-dragon_0035.npy,big_bang_g-dragon_0007.npy;big_bang_g-dragon_0006.npy;big_bang_g-dragon_0037.npy;big_bang_g-dragon_0051.npy;big_bang_g-dragon_0049.npy;big_bang_g-dragon_0050.npy;big_bang_g-dragon_0028.npy,7
big_bang_g-dragon,big_bang_g-dragon_0037.npy,big_bang_g-dragon_0049.npy;big_bang_g-dragon_0017.npy;big_bang_g-dragon_0051.npy;big_bang_g-dragon_0050.npy;big_bang_g-dragon_0006.npy;big_bang_g-dragon_0013.npy;big_bang_g-dragon_0007.npy,7
big_bang_g-dragon,big_bang_g-dragon_0046.npy,big_bang_g-dragon_0007.npy;big_bang_g-dragon_0050.npy;big_bang_g-dragon_0049.npy;big_bang_g-dragon_0051.npy;big_bang_g-dragon_0017.npy;big_bang_g-dragon_0012.npy;big_bang_g-dragon_0001.npy,7
big_bang_g-dragon,big_bang_g-dragon_0048.npy,big_bang_g-dragon_0012.npy;big_bang_g-dragon_0007.npy;big_bang_g-dragon_0051.npy;big_bang_g-dragon_0035.npy;big_bang_g-dragon_0001.npy;big_bang_g-dragon_0017.npy;big_bang_g-dragon_0013.npy,7
big_bang_g-dragon,big_bang_g-dragon_0049.npy,big_bang_g-dragon_0046.npy;big_bang_g-dragon_0017.npy;big_bang_g-dragon_0035.npy;big_bang_g-dragon_0037.npy;big_bang_g-dragon_0007.npy;big_bang_g-dragon_0006.npy;big_bang_g-dragon_0001.npy,7
big_bang_g-dragon,big_bang_g-dragon_0050.npy,big_bang_g-dragon_0013.npy;big_bang_g-dragon_0028.npy;big_bang_g-dragon_0035.npy;big_bang_g-dragon_0037.npy;big_bang_g-dragon_0049.npy;big_bang_g-dragon_0046.npy;big_bang_g-dragon_0048.npy,7
big_bang_g-dragon,big_bang_g-dragon_0051.npy,big_bang_g-dragon_0046.npy;big_bang_g-dragon_0006.npy;big_bang_g-dragon_0007.npy;big_bang_g-dragon_0017.npy;big_bang_g-dragon_0049.npy;big_bang_g-dragon_0035.npy;big_bang_g-dragon_0012.npy,7
cha_seung_won,cha_seung_won_0006.npy,cha_seung_won_0052.npy;cha_seung_won_0040.npy;cha_seung_won_0028.npy;cha_seung_won_0019.npy;cha_seung_won_0053.npy;cha_seung_won_0029.npy;cha_seung_won_0013.npy,7
cha_seung_won,cha_seung_won_0008.npy,cha_seung_won_0029.npy;cha_seung_won_0040.npy;cha_seung_won_0006.npy;cha_seung_won_0013.npy;cha_seung_won_0019.npy;cha_seung_won_0033.npy;cha_seung_won_0052.npy,7
cha_seung_won,cha_seung_won_0013.npy,cha_seung_won_0019.npy;cha_seung_won_0028.npy;cha_seung_won_0021.npy;cha_seung_won_0052.npy;cha_seung_won_0023.npy;cha_seung_won_0029.npy;cha_seung_won_0006.npy,7
cha_seung_won,cha_seung_won_0019.npy,cha_seung_won_0023.npy;cha_seung_won_0021.npy;cha_seung_won_0040.npy;cha_seung_won_0053.npy;cha_seung_won_0013.npy;cha_seung_won_0028.npy;cha_seung_won_0033.npy,7
cha_seung_won,cha_seung_won_0021.npy,cha_seung_won_0044.npy;cha_seung_won_0040.npy;cha_seung_won_0008.npy;cha_seung_won_0052.npy;cha_seung_won_0013.npy;cha_seung_won_0023.npy;cha_seung_won_0029.npy,7
cha_seung_won,cha_seung_won_0023.npy,cha_seung_won_0013.npy;cha_seung_won_0053.npy;cha_seung_won_0044.npy;cha_seung_won_0028.npy;cha_seung_won_0006.npy;cha_seung_won_0029.npy;cha_seung_won_0033.npy,7
cha_seung_won,cha_seung_won_0028.npy,cha_seung_won_0008.npy;cha_seung_won_0006.npy;cha_seung_won_0044.npy;cha_seung_won_0021.npy;cha_seung_won_0019.npy;cha_seung_won_0029.npy;cha_seung_won_0040.npy,7
cha_seung_won,cha_seung_won_0029.npy,cha_seung_won_0028.npy;cha_seung_won_0044.npy;cha_seung_won_0006.npy;cha_seung_won_0033.npy;cha_seung_won_0021.npy;cha_seung_won_0023.npy;cha_seung_won_0013.npy,7
cha_seung_won,cha_seung_won_0033.npy,cha_seung_won_0029.npy;cha_seung_won_0019.npy;cha_seung_won_0028.npy;cha_seung_won_0021.npy;cha_seung_won_0053.npy;cha_seung_won_0006.npy;cha_seung_won_0023.npy,7
cha_seung_won,cha_seung_won_0040.npy,cha_seung_won_0006.npy;cha_seung_won_0013.npy;cha_seung_won_0029.npy;cha_seung_won_0028.npy;cha_seung_won_0044.npy;cha_seung_won_0019.npy;cha_seung_won_0008.npy,7
cha_seung_won,cha_seung_won_0044.npy,cha_seung_won_0023.npy;cha_seung_won_0040.npy;cha_seung_won_0013.npy;cha_seung_won_0053.npy;cha_seung_won_0033.npy;cha_seung_won_0029.npy;cha_seung_won_0052.npy,7
cha_seung_won,cha_seung_won_0052.npy,cha_seung_won_0028.npy;cha_seung_won_0013.npy;cha_seung_won_0023.npy;cha_seung_won_0033.npy;cha_seung_won_0008.npy;cha_seung_won_0044.npy;cha_seung_won_0029.npy,7
cha_seung_won,cha_seung_won_0053.npy,cha_seung_won_0029.npy;cha_seung_won_0008.npy;cha_seung_won_0021.npy;cha_seung_won_0052.npy;cha_seung_won_0019.npy;cha_seung_won_0044.npy;cha_seung_won_0006.npy,7
chanyeol,chanyeol_0003.npy,chanyeol_0004.npy;chanyeol_0030.npy;chanyeol_0037.npy;chanyeol_0058.npy;chanyeol_0059.npy;chanyeol_0029.npy;chanyeol_0049.npy,7
chanyeol,chanyeol_0004.npy,chanyeol_0028.npy;chanyeol_0036.npy;chanyeol_0058.npy;chanyeol_0060.npy;chanyeol_0029.npy;chanyeol_0070.npy;chanyeol_0049.npy,7
chanyeol,chanyeol_0015.npy,chanyeol_0049.npy;chanyeol_0038.npy;chanyeol_0060.npy;chanyeol_0030.npy;chanyeol_0059.npy;chanyeol_0003.npy;chanyeol_0070.npy,7
chanyeol,chanyeol_0028.npy,chanyeol_0037.npy;chanyeol_0049.npy;chanyeol_0038.npy;chanyeol_0029.npy;chanyeol_0058.npy;chanyeol_0036.npy;chanyeol_0003.npy,7
chanyeol,chanyeol_0029.npy,chanyeol_0003.npy;chanyeol_0030.npy;chanyeol_0038.npy;chanyeol_0058.npy;chanyeol_0059.npy;chanyeol_0060.npy;chanyeol_0049.npy,7
chanyeol,chanyeol_0030.npy,chanyeol_0003.npy;chanyeol_0004.npy;chanyeol_0037.npy;chanyeol_0015.npy;chanyeol_0029.npy;chanyeol_0036.npy;chanyeol_0059.npy,7
chanyeol,chanyeol_0036.npy,chanyeol_0037.npy;chanyeol_0030.npy;chanyeol_0003.npy;chanyeol_0070.npy;chanyeol_0059.npy;chanyeol_0028.npy;chanyeol_0015.npy,7
chanyeol,chanyeol_0037.npy,chanyeol_0049.npy;chanyeol_0029.npy;chanyeol_0004.npy;chanyeol_0036.npy;chanyeol_0070.npy;chanyeol_0038.npy;chanyeol_0058.npy,7
chanyeol,chanyeol_0038.npy,chanyeol_0049.npy;chanyeol_0029.npy;chanyeol_0058.npy;chanyeol_0059.npy;chanyeol_0004.npy;chanyeol_0015.npy;chanyeol_0003.npy,7
chanyeol,chanyeol_0049.npy,chanyeol_0036.npy;chanyeol_0030.npy;chanyeol_0060.npy;chanyeol_0038.npy;chanyeol_0059.npy;chanyeol_0015.npy;chanyeol_0004.npy,7
chanyeol,chanyeol_0058.npy,chanyeol_0049.npy;chanyeol_0038.npy;chanyeol_0036.npy;chanyeol_0060.npy;chanyeol_0003.npy;chanyeol_0070.npy;chanyeol_0037.npy,7
chanyeol,chanyeol_0059.npy,chanyeol_0015.npy;chanyeol_0060.npy;chanyeol_0030.npy;chanyeol_0037.npy;chanyeol_0038.npy;chanyeol_0049.npy;chanyeol_0004.npy,7
chanyeol,chanyeol_0060.npy,chanyeol_0049.npy;chanyeol_0038.npy;chanyeol_0015.npy;chanyeol_0030.npy;chanyeol_0070.npy;chanyeol_0058.npy;chanyeol_0028.npy,7
chanyeol,chanyeol_0070.npy,chanyeol_0049.npy;chanyeol_0059.npy;chanyeol_0029.npy;chanyeol_0060.npy;chanyeol_0030.npy;chanyeol_0037.npy;chanyeol_0038.npy,7
craig_fong,craig_fong_0007.npy,craig_fong_0058.npy;craig_fong_0042.npy;craig_fong_0019.npy;craig_fong_0031.npy;craig_fong_0078.npy;craig_fong_0075.npy;craig_fong_0060.npy,7
craig_fong,craig_fong_0019.npy,craig_fong_0075.npy;craig_fong_0058.npy;craig_fong_0031.npy;craig_fong_0007.npy;craig_fong_0042.npy;craig_fong_0024.npy;craig_fong_0078.npy,7
craig_fong,craig_fong_0024.npy,craig_fong_0007.npy;craig_fong_0058.npy;craig_fong_0042.npy;craig_fong_0019.npy;craig_fong_0060.npy;craig_fong_0078.npy;craig_fong_0031.npy,7
craig_fong,craig_fong_0031.npy,craig_fong_0007.npy;craig_fong_0058.npy;craig_fong_0060.npy;craig_fong_0078.npy;craig_fong_0019.npy;craig_fong_0075.npy;craig_fong_0042.npy,7
craig_fong,craig_fong_0042.npy,craig_fong_0060.npy;craig_fong_0031.npy;craig_fong_0019.npy;craig_fong_0075.npy;craig_fong_0078.npy;craig_fong_0058.npy;craig_fong_0024.npy,7
craig_fong,craig_fong_0058.npy,craig_fong_0007.npy;craig_fong_0060.npy;craig_fong_0019.npy;craig_fong_0042.npy;craig_fong_0075.npy;craig_fong_0024.npy;craig_fong_0031.npy,7
craig_fong,craig_fong_0060.npy,craig_fong_0078.npy;craig_fong_0042.npy;craig_fong_0031.npy;craig_fong_0024.npy;craig_fong_0019.npy;craig_fong_0058.npy;craig_fong_0075.npy,7
craig_fong,craig_fong_0075.npy,craig_fong_0058.npy;craig_fong_0078.npy;craig_fong_0060.npy;craig_fong_0024.npy;craig_fong_0031.npy;craig_fong_0007.npy;craig_fong_0042.npy,7
craig_fong,craig_fong_0078.npy,craig_fong_0042.npy;craig_fong_0075.npy;craig_fong_0024.npy;craig_fong_0019.npy;craig_fong_0058.npy;craig_fong_0060.npy;craig_fong_0007.npy,7
daniel_henney,daniel_henney_0000.npy,daniel_henney_0056.npy;daniel_henney_0013.npy;daniel_henney_0029.npy;daniel_henney_0055.npy;daniel_henney_0036.npy;daniel_henney_0011.npy;daniel_henney_0042.npy,7
daniel_henney,daniel_henney_0006.npy,daniel_henney_0009.npy;daniel_henney_0037.npy;daniel_henney_0042.npy;daniel_henney_0036.npy;daniel_henney_0015.npy;daniel_henney_0048.npy;daniel_henney_0013.npy,7
daniel_henney,daniel_henney_0007.npy,daniel_henney_0011.npy;daniel_henney_0056.npy;daniel_henney_0000.npy;daniel_henney_0055.npy;daniel_henney_0048.npy;daniel_henney_0006.npy;daniel_henney_0013.npy,7
daniel_henney,daniel_henney_0008.npy,daniel_henney_0055.npy;daniel_henney_0042.npy;daniel_henney_0011.npy;daniel_henney_0048.npy;daniel_henney_0029.npy;daniel_henney_0009.npy;daniel_henney_0056.npy,7
daniel_henney,daniel_henney_0009.npy,daniel_henney_0036.npy;daniel_henney_0055.npy;daniel_henney_0056.npy;daniel_henney_0048.npy;daniel_henney_0011.npy;daniel_henney_0007.npy;daniel_henney_0006.npy,7
daniel_henney,daniel_henney_0011.npy,daniel_henney_0029.npy;daniel_henney_0008.npy;daniel_henney_0000.npy;daniel_henney_0042.npy;daniel_henney_0036.npy;daniel_henney_0055.npy;daniel_henney_0053.npy,7
daniel_henney,daniel_henney_0013.npy,daniel_henney_0006.npy;daniel_henney_0056.npy;daniel_henney_0015.npy;daniel_henney_0011.npy;daniel_henney_0048.npy;daniel_henney_0029.npy;daniel_henney_0055.npy,7
daniel_henney,daniel_henney_0015.npy,daniel_henney_0009.npy;daniel_henney_0000.npy;daniel_henney_0036.npy;daniel_henney_0007.npy;daniel_henney_0013.npy;daniel_henney_0042.npy;daniel_henney_0029.npy,7
daniel_henney,daniel_henney_0029.npy,daniel_henney_0056.npy;daniel_henney_0042.npy;daniel_henney_0008.npy;daniel_henney_0053.npy;daniel_henney_0009.npy;daniel_henney_0011.npy;daniel_henney_0048.npy,7
daniel_henney,daniel_henney_0036.npy,daniel_henney_0006.npy;daniel_henney_0055.npy;daniel_henney_0053.npy;daniel_henney_0056.npy;daniel_henney_0042.npy;daniel_henney_0037.npy;daniel_henney_0008.npy,7
daniel_henney,daniel_henney_0037.npy,daniel_henney_0006.npy;daniel_henney_0055.npy;daniel_henney_0007.npy;daniel_henney_0013.npy;daniel_henney_0054.npy;daniel_henney_0000.npy;daniel_henney_0053.npy,7
daniel_henney,daniel_henney_0042.npy,daniel_henney_0056.npy;daniel_henney_0007.npy;daniel_henney_0048.npy;daniel_henney_0009.npy;daniel_henney_0000.npy;daniel_henney_0054.npy;daniel_henney_0053.npy,7
daniel_henney,daniel_henney_0048.npy,daniel_henney_0008.npy;daniel_henney_0055.npy;daniel_henney_0011.npy;daniel_henney_0009.npy;daniel_henney_0015.npy;daniel_henney_0037.npy;daniel_henney_0029.npy,7
daniel_henney,daniel_henney_0053.npy,daniel_henney_0056.npy;daniel_henney_0055.npy;daniel_henney_0007.npy;daniel_henney_0029.npy;daniel_henney_0015.npy;daniel_henney_0009.npy;daniel_henney_0008.npy,7
daniel_henney,daniel_henney_0054.npy,daniel_henney_0008.npy;daniel_henney_0011.npy;daniel_henney_0007.npy;daniel_henney_0042.npy;daniel_henney_0015.npy;daniel_henney_0037.npy;daniel_henney_0009.npy,7
daniel_henney,daniel_henney_0055.npy,daniel_henney_0011.npy;daniel_henney_0000.npy;daniel_henney_0042.npy;daniel_henney_0056.npy;daniel_henney_0009.npy;daniel_henney_0036.npy;daniel_henney_0008.npy,7
daniel_henney,daniel_henney_0056.npy,daniel_henney_0011.npy;daniel_henney_0036.npy;daniel_henney_0053.npy;daniel_henney_0037.npy;daniel_henney_0013.npy;daniel_henney_0042.npy;daniel_henney_0029.npy,7
godfrey_gao,godfrey_gao_0002.npy,godfrey_gao_0023.npy;godfrey_gao_0007.npy;godfrey_gao_0030.npy;godfrey_gao_0041.npy;godfrey_gao_0010.npy;godfrey_gao_0034.npy;godfrey_gao_0011.npy,7
godfrey_gao,godfrey_gao_0004.npy,godfrey_gao_0023.npy;godfrey_gao_0011.npy;godfrey_gao_0002.npy;godfrey_gao_0012.npy;godfrey_gao_0030.npy;godfrey_gao_0041.npy;godfrey_gao_0033.npy,7
godfrey_gao,godfrey_gao_0007.npy,godfrey_gao_0046.npy;godfrey_gao_0012.npy;godfrey_gao_0023.npy;godfrey_gao_0041.npy;godfrey_gao_0002.npy;godfrey_gao_0038.npy;godfrey_gao_0039.npy,7
godfrey_gao,godfrey_gao_0010.npy,godfrey_gao_0023.npy;godfrey_gao_0041.npy;godfrey_gao_0011.npy;godfrey_gao_0002.npy;godfrey_gao_0004.npy;godfrey_gao_0033.npy;godfrey_gao_0007.npy,7
godfrey_gao,godfrey_gao_0011.npy,godfrey_gao_0007.npy;godfrey_gao_0030.npy;godfrey_gao_0039.npy;godfrey_gao_0034.npy;godfrey_gao_0012.npy;godfrey_gao_0004.npy;godfrey_gao_0023.npy,7
godfrey_gao,godfrey_gao_0012.npy,godfrey_gao_0011.npy;godfrey_gao_0023.npy;godfrey_gao_0038.npy;godfrey_gao_0010.npy;godfrey_gao_0039.npy;godfrey_gao_0007.npy;godfrey_gao_0034.npy,7
godfrey_gao,godfrey_gao_0023.npy,godfrey_gao_0007.npy;godfrey_gao_0033.npy;godfrey_gao_0038.npy;godfrey_gao_0012.npy;godfrey_gao_0030.npy;godfrey_gao_0041.npy;godfrey_gao_0034.npy,7
godfrey_gao,godfrey_gao_0030.npy,godfrey_gao_0034.npy;godfrey_gao_0039.npy;godfrey_gao_0010.npy;godfrey_gao_0041.npy;godfrey_gao_0004.npy;godfrey_gao_0033.npy;godfrey_gao_0011.npy,7
godfrey_gao,godfrey_gao_0033.npy,godfrey_gao_0041.npy;godfrey_gao_0012.npy;godfrey_gao_0004.npy;godfrey_gao_0038.npy;godfrey_gao_0039.npy;godfrey_gao_0002.npy;godfrey_gao_0023.npy,7
godfrey_gao,godfrey_gao_0034.npy,godfrey_gao_0033.npy;godfrey_gao_0046.npy;godfrey_gao_0010.npy;godfrey_gao_0038.npy;godfrey_gao_0041.npy;godfrey_gao_0007.npy;godfrey_gao_0004.npy,7
godfrey_gao,godfrey_gao_0038.npy,godfrey_gao_0012.npy;godfrey_gao_0033.npy;godfrey_gao_0030.npy;godfrey_gao_0004.npy;godfrey_gao_0010.npy;godfrey_gao_0039.npy;godfrey_gao_0002.npy,7
godfrey_gao,godfrey_gao_0039.npy,godfrey_gao_0033.npy;godfrey_gao_0030.npy;godfrey_gao_0002.npy;godfrey_gao_0041.npy;godfrey_gao_0007.npy;godfrey_gao_0023.npy;godfrey_gao_0010.npy,7
godfrey_gao,godfrey_gao_0041.npy,godfrey_gao_0034.npy;godfrey_gao_0002.npy;godfrey_gao_0033.npy;godfrey_gao_0030.npy;godfrey_gao_0011.npy;godfrey_gao_0039.npy;godfrey_gao_0010.npy,7
godfrey_gao,godfrey_gao_0046.npy,godfrey_gao_0011.npy;godfrey_gao_0002.npy;godfrey_gao_0010.npy;godfrey_gao_0034.npy;godfrey_gao_0004.npy;godfrey_gao_0039.npy;godfrey_gao_0038.npy,7
hiroki_narimiya,hiroki_narimiya_0005.npy,hiroki_narimiya_0039.npy;hiroki_narimiya_0076.npy;hiroki_narimiya_0017.npy;hiroki_narimiya_0055.npy;hiroki_narimiya_0009.npy;hiroki_narimiya_0074.npy;hiroki_narimiya_0026.npy,7
hiroki_narimiya,hiroki_narimiya_0009.npy,hiroki_narimiya_0005.npy;hiroki_narimiya_0031.npy;hiroki_narimiya_0051.npy;hiroki_narimiya_0024.npy;hiroki_narimiya_0058.npy;hiroki_narimiya_0074.npy;hiroki_narimiya_0055.npy,7
hiroki_narimiya,hiroki_narimiya_0017.npy,hiroki_narimiya_0051.npy;hiroki_narimiya_0053.npy;hiroki_narimiya_0077.npy;hiroki_narimiya_0074.npy;hiroki_narimiya_0009.npy;hiroki_narimiya_0024.npy;hiroki_narimiya_0039.npy,7
hiroki_narimiya,hiroki_narimiya_0024.npy,hiroki_narimiya_0039.npy;hiroki_narimiya_0009.npy;hiroki_narimiya_0017.npy;hiroki_narimiya_0055.npy;hiroki_narimiya_0051.npy;hiroki_narimiya_0074.npy;hiroki_narimiya_0077.npy,7
hiroki_narimiya,hiroki_narimiya_0026.npy,hiroki_narimiya_0024.npy;hiroki_narimiya_0005.npy;hiroki_narimiya_0076.npy;hiroki_narimiya_0031.npy;hiroki_narimiya_0053.npy;hiroki_narimiya_0051.npy;hiroki_narimiya_0058.npy,7
hiroki_narimiya,hiroki_narimiya_0031.npy,hiroki_narimiya_0051.npy;hiroki_narimiya_0024.npy;hiroki_narimiya_0076.npy;hiroki_narimiya_0053.npy;hiroki_narimiya_0039.npy;hiroki_narimiya_0017.npy;hiroki_narimiya_0058.npy,7
hiroki_narimiya,hiroki_narimiya_0039.npy,hiroki_narimiya_0024.npy;hiroki_narimiya_0076.npy;hiroki_narimiya_0009.npy;hiroki_narimiya_0005.npy;hiroki_narimiya_0051.npy;hiroki_narimiya_0058.npy;hiroki_narimiya_0074.npy,7
hiroki_narimiya,hiroki_narimiya_0051.npy,hiroki_narimiya_0024.npy;hiroki_narimiya_0009.npy;hiroki_narimiya_0076.npy;hiroki_narimiya_0058.npy;hiroki_narimiya_0005.npy;hiroki_narimiya_0053.npy;hiroki_narimiya_0026.npy,7
hiroki_narimiya,hiroki_narimiya_0053.npy,hiroki_narimiya_0074.npy;hiroki_narimiya_0076.npy;hiroki_narimiya_0005.npy;hiroki_narimiya_0024.npy;hiroki_narimiya_0077.npy;hiroki_narimiya_0039.npy;hiroki_narimiya_0058.npy,7
hiroki_narimiya,hiroki_narimiya_0055.npy,hiroki_narimiya_0024.npy;hiroki_narimiya_0053.npy;hiroki_narimiya_0077.npy;hiroki_narimiya_0005.npy;hiroki_narimiya_0017.npy;hiroki_narimiya_0026.npy;hiroki_narimiya_0009.npy,7
hiroki_narimiya,hiroki_narimiya_0058.npy,hiroki_narimiya_0076.npy;hiroki_narimiya_0055.npy;hiroki_narimiya_0031.npy;hiroki_narimiya_0077.npy;hiroki_narimiya_0074.npy;hiroki_narimiya_0024.npy;hiroki_narimiya_0017.npy,7
hiroki_narimiya,hiroki_narimiya_0074.npy,hiroki_narimiya_0017.npy;hiroki_narimiya_0058.npy;hiroki_narimiya_0053.npy;hiroki_narimiya_0024.npy;hiroki_narimiya_0039.npy;hiroki_narimiya_0026.npy;hiroki_narimiya_0077.npy,7
hiroki_narimiya,hiroki_narimiya_0076.npy,hiroki_narimiya_0005.npy;hiroki_narimiya_0053.npy;hiroki_narimiya_0055.npy;hiroki_narimiya_0017.npy;hiroki_narimiya_0039.npy;hiroki_narimiya_0051.npy;hiroki_narimiya_0077.npy,7
hiroki_narimiya,hiroki_narimiya_0077.npy,hiroki_narimiya_0031.npy;hiroki_narimiya_0058.npy;hiroki_narimiya_0074.npy;hiroki_narimiya_0039.npy;hiroki_narimiya_0053.npy;hiroki_narimiya_0076.npy;hiroki_narimiya_0051.npy,7
hua_chenyu,hua_chenyu_0009.npy,hua_chenyu_0034.npy;hua_chenyu_0049.npy;hua_chenyu_0026.npy;hua_chenyu_0030.npy;hua_chenyu_0043.npy;hua_chenyu_0018.npy;hua_chenyu_0040.npy,7
hua_chenyu,hua_chenyu_0010.npy,hua_chenyu_0036.npy;hua_chenyu_0029.npy;hua_chenyu_0043.npy;hua_chenyu_0030.npy;hua_chenyu_0026.npy;hua_chenyu_0034.npy;hua_chenyu_0042.npy,7
hua_chenyu,hua_chenyu_0018.npy,hua_chenyu_0009.npy;hua_chenyu_0040.npy;hua_chenyu_0034.npy;hua_chenyu_0042.npy;hua_chenyu_0026.npy;hua_chenyu_0029.npy;hua_chenyu_0010.npy,7
hua_chenyu,hua_chenyu_0026.npy,hua_chenyu_0030.npy;hua_chenyu_0029.npy;hua_chenyu_0031.npy;hua_chenyu_0010.npy;hua_chenyu_0036.npy;hua_chenyu_0034.npy;hua_chenyu_0018.npy,7
hua_chenyu,hua_chenyu_0029.npy,hua_chenyu_0010.npy;hua_chenyu_0040.npy;hua_chenyu_0026.npy;hua_chenyu_0009.npy;hua_chenyu_0030.npy;hua_chenyu_0042.npy;hua_chenyu_0031.npy,7
hua_chenyu,hua_chenyu_0030.npy,hua_chenyu_0042.npy;hua_chenyu_0049.npy;hua_chenyu_0009.npy;hua_chenyu_0010.npy;hua_chenyu_0026.npy;hua_chenyu_0034.npy;hua_chenyu_0029.npy,7
hua_chenyu,hua_chenyu_0031.npy,hua_chenyu_0049.npy;hua_chenyu_0043.npy;hua_chenyu_0040.npy;hua_chenyu_0026.npy;hua_chenyu_0036.npy;hua_chenyu_0010.npy;hua_chenyu_0018.npy,7
hua_chenyu,hua_chenyu_0034.npy,hua_chenyu_0029.npy;hua_chenyu_0009.npy;hua_chenyu_0026.npy;hua_chenyu_0042.npy;hua_chenyu_0010.npy;hua_chenyu_0030.npy;hua_chenyu_0040.npy,7
hua_chenyu,hua_chenyu_0036.npy,hua_chenyu_0026.npy;hua_chenyu_0042.npy;hua_chenyu_0049.npy;hua_chenyu_0031.npy;hua_chenyu_0043.npy;hua_chenyu_0029.npy;hua_chenyu_0018.npy,7
hua_chenyu,hua_chenyu_0040.npy,hua_chenyu_0029.npy;hua_chenyu_0031.npy;hua_chenyu_0034.npy;hua_chenyu_0036.npy;hua_chenyu_0030.npy;hua_chenyu_0018.npy;hua_chenyu_0043.npy,7
hua_chenyu,hua_chenyu_0042.npy,hua_chenyu_0030.npy;hua_chenyu_0036.npy;hua_chenyu_0034.npy;hua_chenyu_0040.npy;hua_chenyu_0010.npy;hua_chenyu_0031.npy;hua_chenyu_0049.npy,7
hua_chenyu,hua_chenyu_0043.npy,hua_chenyu_0034.npy;hua_chenyu_0030.npy;hua_chenyu_0026.npy;hua_chenyu_0042.npy;hua_chenyu_0036.npy;hua_chenyu_0040.npy;hua_chenyu_0009.npy,7
hua_chenyu,hua_chenyu_0049.npy,hua_chenyu_0040.npy;hua_chenyu_0026.npy;hua_chenyu_0018.npy;hua_chenyu_0009.npy;hua_chenyu_0029.npy;hua_chenyu_0034.npy;hua_chenyu_0031.npy,7
huang_xiaoming,huang_xiaoming_0001.npy,huang_xiaoming_0025.npy;huang_xiaoming_0032.npy;huang_xiaoming_0017.npy;huang_xiaoming_0011.npy;huang_xiaoming_0006.npy;huang_xiaoming_0009.npy;huang_xiaoming_0012.npy,7
huang_xiaoming,huang_xiaoming_0003.npy,huang_xiaoming_0009.npy;huang_xiaoming_0017.npy;huang_xiaoming_0025.npy;huang_xiaoming_0068.npy;huang_xiaoming_0020.npy;huang_xiaoming_0022.npy;huang_xiaoming_0012.npy,7
huang_xiaoming,huang_xiaoming_0004.npy,huang_xiaoming_0011.npy;huang_xiaoming_0037.npy;huang_xiaoming_0020.npy;huang_xiaoming_0026.npy;huang_xiaoming_0032.npy;huang_xiaoming_0025.npy;huang_xiaoming_0006.npy,7
huang_xiaoming,huang_xiaoming_0006.npy,huang_xiaoming_0032.npy;huang_xiaoming_0037.npy;huang_xiaoming_0012.npy;huang_xiaoming_0004.npy;huang_xiaoming_0026.npy;huang_xiaoming_0022.npy;huang_xiaoming_0020.npy,7
huang_xiaoming,huang_xiaoming_0009.npy,huang_xiaoming_0004.npy;huang_xiaoming_0022.npy;huang_xiaoming_0026.npy;huang_xiaoming_0001.npy;huang_xiaoming_0037.npy;huang_xiaoming_0032.npy;huang_xiaoming_0003.npy,7
huang_xiaoming,huang_xiaoming_0011.npy,huang_xiaoming_0068.npy;huang_xiaoming_0026.npy;huang_xiaoming_0001.npy;huang_xiaoming_0032.npy;huang_xiaoming_0017.npy;huang_xiaoming_0004.npy;huang_xiaoming_0006.npy,7
huang_xiaoming,huang_xiaoming_0012.npy,huang_xiaoming_0003.npy;huang_xiaoming_0032.npy;huang_xiaoming_0004.npy;huang_xiaoming_0001.npy;huang_xiaoming_0006.npy;huang_xiaoming_0022.npy;huang_xiaoming_0020.npy,7
huang_xiaoming,huang_xiaoming_0017.npy,huang_xiaoming_0011.npy;huang_xiaoming_0001.npy;huang_xiaoming_0025.npy;huang_xiaoming_0026.npy;huang_xiaoming_0032.npy;huang_xiaoming_0020.npy;huang_xiaoming_0022.npy,7
huang_xiaoming,huang_xiaoming_0020.npy,huang_xiaoming_0001.npy;huang_xiaoming_0068.npy;huang_xiaoming_0022.npy;huang_xiaoming_0032.npy;huang_xiaoming_0012.npy;huang_xiaoming_0037.npy;huang_xiaoming_0026.npy,7
huang_xiaoming,huang_xiaoming_0022.npy,huang_xiaoming_0020.npy;huang_xiaoming_0032.npy;huang_xiaoming_0009.npy;huang_xiaoming_0068.npy;huang_xiaoming_0037.npy;huang_xiaoming_0001.npy;huang_xiaoming_0012.npy,7
huang_xiaoming,huang_xiaoming_0025.npy,huang_xiaoming_0037.npy;huang_xiaoming_0004.npy;huang_xiaoming_0003.npy;huang_xiaoming_0032.npy;huang_xiaoming_0020.npy;huang_xiaoming_0068.npy;huang_xiaoming_0006.npy,7
huang_xiaoming,huang_xiaoming_0026.npy,huang_xiaoming_0006.npy;huang_xiaoming_0022.npy;huang_xiaoming_0020.npy;huang_xiaoming_0009.npy;huang_xiaoming_0011.npy;huang_xiaoming_0025.npy;huang_xiaoming_0012.npy,7
huang_xiaoming,huang_xiaoming_0032.npy,huang_xiaoming_0003.npy;huang_xiaoming_0011.npy;huang_xiaoming_0012.npy;huang_xiaoming_0017.npy;huang_xiaoming_0022.npy;huang_xiaoming_0006.npy;huang_xiaoming_0020.npy,7
huang_xiaoming,huang_xiaoming_0037.npy,huang_xiaoming_0009.npy;huang_xiaoming_0025.npy;huang_xiaoming_0003.npy;huang_xiaoming_0032.npy;huang_xiaoming_0001.npy;huang_xiaoming_0026.npy;huang_xiaoming_0012.npy,7
huang_xiaoming,huang_xiaoming_0068.npy,huang_xiaoming_0012.npy;huang_xiaoming_0037.npy;huang_xiaoming_0020.npy;huang_xiaoming_0017.npy;huang_xiaoming_0001.npy;huang_xiaoming_0022.npy;huang_xiaoming_0004.npy,7
jaejoong,jaejoong_0000.npy,jaejoong_0009.npy;jaejoong_0046.npy;jaejoong_0043.npy;jaejoong_0054.npy;jaejoong_0040.npy;jaejoong_0051.npy;jaejoong_0063.npy,7
jaejoong,jaejoong_0006.npy,jaejoong_0063.npy;jaejoong_0047.npy;jaejoong_0000.npy;jaejoong_0021.npy;jaejoong_0056.npy;jaejoong_0051.npy;jaejoong_0046.npy,7
jaejoong,jaejoong_0009.npy,jaejoong_0032.npy;jaejoong_0000.npy;jaejoong_0006.npy;jaejoong_0054.npy;jaejoong_0063.npy;jaejoong_0047.npy;jaejoong_0061.npy,7
jaejoong,jaejoong_0011.npy,jaejoong_0009.npy;jaejoong_0061.npy;jaejoong_0040.npy;jaejoong_0000.npy;jaejoong_0021.npy;jaejoong_0051.npy;jaejoong_0063.npy,7
jaejoong,jaejoong_0021.npy,jaejoong_0057.npy;jaejoong_0061.npy;jaejoong_0056.npy;jaejoong_0043.npy;jaejoong_0006.npy;jaejoong_0032.npy;jaejoong_0009.npy,7
jaejoong,jaejoong_0032.npy,jaejoong_0051.npy;jaejoong_0011.npy;jaejoong_0063.npy;jaejoong_0043.npy;jaejoong_0054.npy;jaejoong_0047.npy;jaejoong_0040.npy,7
jaejoong,jaejoong_0040.npy,jaejoong_0043.npy;jaejoong_0057.npy;jaejoong_0056.npy;jaejoong_0009.npy;jaejoong_0006.npy;jaejoong_0047.npy;jaejoong_0032.npy,7
jaejoong,jaejoong_0043.npy,jaejoong_0000.npy;jaejoong_0006.npy;jaejoong_0040.npy;jaejoong_0011.npy;jaejoong_0061.npy;jaejoong_0032.npy;jaejoong_0057.npy,7
jaejoong,jaejoong_0046.npy,jaejoong_0057.npy;jaejoong_0032.npy;jaejoong_0000.npy;jaejoong_0054.npy;jaejoong_0021.npy;jaejoong_0043.npy;jaejoong_0051.npy,7
jaejoong,jaejoong_0047.npy,jaejoong_0011.npy;jaejoong_0032.npy;jaejoong_0046.npy;jaejoong_0040.npy;jaejoong_0056.npy;jaejoong_0009.npy;jaejoong_0054.npy,7
jaejoong,jaejoong_0051.npy,jaejoong_0006.npy;jaejoong_0057.npy;jaejoong_0047.npy;jaejoong_0021.npy;jaejoong_0011.npy;jaejoong_0063.npy;jaejoong_0061.npy,7
jaejoong,jaejoong_0054.npy,jaejoong_0021.npy;jaejoong_0009.npy;jaejoong_0040.npy;jaejoong_0056.npy;jaejoong_0051.npy;jaejoong_0061.npy;jaejoong_0057.npy,7
jaejoong,jaejoong_0056.npy,jaejoong_0032.npy;jaejoong_0063.npy;jaejoong_0006.npy;jaejoong_0057.npy;jaejoong_0000.npy;jaejoong_0021.npy;jaejoong_0043.npy,7
jaejoong,jaejoong_0057.npy,jaejoong_0032.npy;jaejoong_0056.npy;jaejoong_0021.npy;jaejoong_0006.npy;jaejoong_0009.npy;jaejoong_0054.npy;jaejoong_0051.npy,7
jaejoong,jaejoong_0061.npy,jaejoong_0040.npy;jaejoong_0043.npy;jaejoong_0046.npy;jaejoong_0056.npy;jaejoong_0054.npy;jaejoong_0063.npy;jaejoong_0006.npy,7
jaejoong,jaejoong_0063.npy,jaejoong_0000.npy;jaejoong_0006.npy;jaejoong_0032.npy;jaejoong_0046.npy;jaejoong_0057.npy;jaejoong_0047.npy;jaejoong_0056.npy,7
jang_keun_suk,jang_keun_suk_0006.npy,jang_keun_suk_0045.npy;jang_keun_suk_0007.npy;jang_keun_suk_0026.npy;jang_keun_suk_0060.npy;jang_keun_suk_0051.npy;jang_keun_suk_0012.npy;jang_keun_suk_0028.npy,7
jang_keun_suk,jang_keun_suk_0007.npy,jang_keun_suk_0049.npy;jang_keun_suk_0015.npy;jang_keun_suk_0051.npy;jang_keun_suk_0060.npy;jang_keun_suk_0013.npy;jang_keun_suk_0045.npy;jang_keun_suk_0012.npy,7
jang_keun_suk,jang_keun_suk_0012.npy,jang_keun_suk_0013.npy;jang_keun_suk_0026.npy;jang_keun_suk_0058.npy;jang_keun_suk_0052.npy;jang_keun_suk_0046.npy;jang_keun_suk_0060.npy;jang_keun_suk_0006.npy,7
jang_keun_suk,jang_keun_suk_0013.npy,jang_keun_suk_0012.npy;jang_keun_suk_0045.npy;jang_keun_suk_0026.npy;jang_keun_suk_0058.npy;jang_keun_suk_0052.npy;jang_keun_suk_0046.npy;jang_keun_suk_0051.npy,7
jang_keun_suk,jang_keun_suk_0015.npy,jang_keun_suk_0007.npy;jang_keun_suk_0028.npy;jang_keun_suk_0026.npy;jang_keun_suk_0013.npy;jang_keun_suk_0046.npy;jang_keun_suk_0051.npy;jang_keun_suk_0049.npy,7
jang_keun_suk,jang_keun_suk_0026.npy,jang_keun_suk_0007.npy;jang_keun_suk_0012.npy;jang_keun_suk_0015.npy;jang_keun_suk_0006.npy;jang_keun_suk_0045.npy;jang_keun_suk_0028.npy;jang_keun_suk_0049.npy,7
jang_keun_suk,jang_keun_suk_0028.npy,jang_keun_suk_0051.npy;jang_keun_suk_0045.npy;jang_keun_suk_0026.npy;jang_keun_suk_0046.npy;jang_keun_suk_0052.npy;jang_keun_suk_0058.npy;jang_keun_suk_0060.npy,7
jang_keun_suk,jang_keun_suk_0045.npy,jang_keun_suk_0052.npy;jang_keun_suk_0051.npy;jang_keun_suk_0012.npy;jang_keun_suk_0015.npy;jang_keun_suk_0026.npy;jang_keun_suk_0013.npy;jang_keun_suk_0046.npy,7
jang_keun_suk,jang_keun_suk_0046.npy,jang_keun_suk_0026.npy;jang_keun_suk_0012.npy;jang_keun_suk_0028.npy;jang_keun_suk_0060.npy;jang_keun_suk_0015.npy;jang_keun_suk_0045.npy;jang_keun_suk_0049.npy,7
jang_keun_suk,jang_keun_suk_0049.npy,jang_keun_suk_0060.npy;jang_keun_suk_0013.npy;jang_keun_suk_0026.npy;jang_keun_suk_0028.npy;jang_keun_suk_0015.npy;jang_keun_suk_0051.npy;jang_keun_suk_0012.npy,7
jang_keun_suk,jang_keun_suk_0051.npy,jang_keun_suk_0007.npy;jang_keun_suk_0049.npy;jang_keun_suk_0013.npy;jang_keun_suk_0058.npy;jang_keun_suk_0046.npy;jang_keun_suk_0012.npy;jang_keun_suk_0026.npy,7
jang_keun_suk,jang_keun_suk_0052.npy,jang_keun_suk_0060.npy;jang_keun_suk_0046.npy;jang_keun_suk_0006.npy;jang_keun_suk_0045.npy;jang_keun_suk_0013.npy;jang_keun_suk_0049.npy;jang_keun_suk_0028.npy,7
jang_keun_suk,jang_keun_suk_0058.npy,jang_keun_suk_0015.npy;jang_keun_suk_0052.npy;jang_keun_suk_0007.npy;jang_keun_suk_0028.npy;jang_keun_suk_0045.npy;jang_keun_suk_0012.npy;jang_keun_suk_0026.npy,7
jang_keun_suk,jang_keun_suk_0060.npy,jang_keun_suk_0015.npy;jang_keun_suk_0013.npy;jang_keun_suk_0058.npy;jang_keun_suk_0012.npy;jang_keun_suk_0028.npy;jang_keun_suk_0046.npy;jang_keun_suk_0006.npy,7
ji_chang_wook,ji_chang_wook_0002.npy,ji_chang_wook_0042.npy;ji_chang_wook_0047.npy;ji_chang_wook_0059.npy;ji_chang_wook_0038.npy;ji_chang_wook_0046.npy;ji_chang_wook_0030.npy;ji_chang_wook_0005.npy,7
ji_chang_wook,ji_chang_wook_0005.npy,ji_chang_wook_0037.npy;ji_chang_wook_0046.npy;ji_chang_wook_0047.npy;ji_chang_wook_0007.npy;ji_chang_wook_0050.npy;ji_chang_wook_0038.npy;ji_chang_wook_0042.npy,7
ji_chang_wook,ji_chang_wook_0007.npy,ji_chang_wook_0050.npy;ji_chang_wook_0059.npy;ji_chang_wook_0037.npy;ji_chang_wook_0016.npy;ji_chang_wook_0002.npy;ji_chang_wook_0030.npy;ji_chang_wook_0047.npy,7
ji_chang_wook,ji_chang_wook_0016.npy,ji_chang_wook_0050.npy;ji_chang_wook_0059.npy;ji_chang_wook_0038.npy;ji_chang_wook_0037.npy;ji_chang_wook_0047.npy;ji_chang_wook_0002.npy;ji_chang_wook_0042.npy,7
ji_chang_wook,ji_chang_wook_0024.npy,ji_chang_wook_0005.npy;ji_chang_wook_0030.npy;ji_chang_wook_0016.npy;ji_chang_wook_0046.npy;ji_chang_wook_0047.npy;ji_chang_wook_0042.npy;ji_chang_wook_0007.npy,7
ji_chang_wook,ji_chang_wook_0030.npy,ji_chang_wook_0038.npy;ji_chang_wook_0042.npy;ji_chang_wook_0047.npy;ji_chang_wook_0046.npy;ji_chang_wook_0007.npy;ji_chang_wook_0050.npy;ji_chang_wook_0002.npy,7
ji_chang_wook,ji_chang_wook_0037.npy,ji_chang_wook_0042.npy;ji_chang_wook_0005.npy;ji_chang_wook_0024.npy;ji_chang_wook_0038.npy;ji_chang_wook_0050.npy;ji_chang_wook_0002.npy;ji_chang_wook_0030.npy,7
ji_chang_wook,ji_chang_wook_0038.npy,ji_chang_wook_0007.npy;ji_chang_wook_0030.npy;ji_chang_wook_0024.npy;ji_chang_wook_0050.npy;ji_chang_wook_0042.npy;ji_chang_wook_0037.npy;ji_chang_wook_0005.npy,7
ji_chang_wook,ji_chang_wook_0042.npy,ji_chang_wook_0046.npy;ji_chang_wook_0038.npy;ji_chang_wook_0030.npy;ji_chang_wook_0050.npy;ji_chang_wook_0005.npy;ji_chang_wook_0016.npy;ji_chang_wook_0047.npy,7
ji_chang_wook,ji_chang_wook_0046.npy,ji_chang_wook_0059.npy;ji_chang_wook_0038.npy;ji_chang_wook_0030.npy;ji_chang_wook_0005.npy;ji_chang_wook_0024.npy;ji_chang_wook_0002.npy;ji_chang_wook_0047.npy,7
ji_chang_wook,ji_chang_wook_0047.npy,ji_chang_wook_0005.npy;ji_chang_wook_0002.npy;ji_chang_wook_0030.npy;ji_chang_wook_0059.npy;ji_chang_wook_0007.npy;ji_chang_wook_0046.npy;ji_chang_wook_0042.npy,7
ji_chang_wook,ji_chang_wook_0050.npy,ji_chang_wook_0042.npy;ji_chang_wook_0007.npy;ji_chang_wook_0059.npy;ji_chang_wook_0047.npy;ji_chang_wook_0030.npy;ji_chang_wook_0024.npy;ji_chang_wook_0016.npy,7
ji_chang_wook,ji_chang_wook_0059.npy,ji_chang_wook_0038.npy;ji_chang_wook_0016.npy;ji_chang_wook_0037.npy;ji_chang_wook_0007.npy;ji_chang_wook_0042.npy;ji_chang_wook_0030.npy;ji_chang_wook_0046.npy,7
jian,jian_0006.npy,jian_0037.npy;jian_0053.npy;jian_0010.npy;jian_0028.npy;jian_0027.npy;jian_0011.npy;jian_0025.npy,7
jian,jian_0010.npy,jian_0037.npy;jian_0053.npy;jian_0006.npy;jian_0028.npy;jian_0011.npy;jian_0027.npy;jian_0025.npy,7
jian,jian_0011.npy,jian_0010.npy;jian_0053.npy;jian_0037.npy;jian_0027.npy;jian_0047.npy;jian_0013.npy;jian_0028.npy,7
jian,jian_0013.npy,jian_0025.npy;jian_0047.npy;jian_0006.npy;jian_0011.npy;jian_0053.npy;jian_0028.npy;jian_0027.npy,7
jian,jian_0025.npy,jian_0037.npy;jian_0053.npy;jian_0027.npy;jian_0006.npy;jian_0011.npy;jian_0047.npy;jian_0010.npy,7
jian,jian_0027.npy,jian_0011.npy;jian_0025.npy;jian_0047.npy;jian_0037.npy;jian_0006.npy;jian_0010.npy;jian_0013.npy,7
jian,jian_0028.npy,jian_0010.npy;jian_0013.npy;jian_0011.npy;jian_0006.npy;jian_0053.npy;jian_0037.npy;jian_0047.npy,7
jian,jian_0037.npy,jian_0011.npy;jian_0028.npy;jian_0013.npy;jian_0025.npy;jian_0010.npy;jian_0047.npy;jian_0027.npy,7
jian,jian_0047.npy,jian_0011.npy;jian_0037.npy;jian_0027.npy;jian_0025.npy;jian_0010.npy;jian_0028.npy;jian_0013.npy,7
jian,jian_0053.npy,jian_0025.npy;jian_0011.npy;jian_0010.npy;jian_0037.npy;jian_0013.npy;jian_0006.npy;jian_0028.npy,7
joo_jin_mo,joo_jin_mo_0000.npy,joo_jin_mo_0008.npy;joo_jin_mo_0036.npy;joo_jin_mo_0020.npy;joo_jin_mo_0024.npy;joo_jin_mo_0032.npy;joo_jin_mo_0038.npy;joo_jin_mo_0039.npy,7
joo_jin_mo,joo_jin_mo_0008.npy,joo_jin_mo_0042.npy;joo_jin_mo_0036.npy;joo_jin_mo_0032.npy;joo_jin_mo_0058.npy;joo_jin_mo_0055.npy;joo_jin_mo_0045.npy;joo_jin_mo_0044.npy,7
joo_jin_mo,joo_jin_mo_0016.npy,joo_jin_mo_0036.npy;joo_jin_mo_0020.npy;joo_jin_mo_0008.npy;joo_jin_mo_0039.npy;joo_jin_mo_0000.npy;joo_jin_mo_0024.npy;joo_jin_mo_0028.npy,7
joo_jin_mo,joo_jin_mo_0020.npy,joo_jin_mo_0000.npy;joo_jin_mo_0028.npy;joo_jin_mo_0024.npy;joo_jin_mo_0038.npy;joo_jin_mo_0055.npy;joo_jin_mo_0016.npy;joo_jin_mo_0036.npy,7
joo_jin_mo,joo_jin_mo_0024.npy,joo_jin_mo_0039.npy;joo_jin_mo_0044.npy;joo_jin_mo_0045.npy;joo_jin_mo_0036.npy;joo_jin_mo_0038.npy;joo_jin_mo_0042.npy;joo_jin_mo_0008.npy,7
joo_jin_mo,joo_jin_mo_0028.npy,joo_jin_mo_0039.npy;joo_jin_mo_0008.npy;joo_jin_mo_0024.npy;joo_jin_mo_0038.npy;joo_jin_mo_0029.npy;joo_jin_mo_0044.npy;joo_jin_mo_0000.npy,7
joo_jin_mo,joo_jin_mo_0029.npy,joo_jin_mo_0045.npy;joo_jin_mo_0044.npy;joo_jin_mo_0036.npy;joo_jin_mo_0038.npy;joo_jin_mo_0020.npy;joo_jin_mo_0032.npy;joo_jin_mo_0008.npy,7
joo_jin_mo,joo_jin_mo_0032.npy,joo_jin_mo_0044.npy;joo_jin_mo_0055.npy;joo_jin_mo_0042.npy;joo_jin_mo_0020.npy;joo_jin_mo_0024.npy;joo_jin_mo_0000.npy;joo_jin_mo_0036.npy,7
joo_jin_mo,joo_jin_mo_0036.npy,joo_jin_mo_0024.npy;joo_jin_mo_0028.npy;joo_jin_mo_0008.npy;joo_jin_mo_0032.npy;joo_jin_mo_0045.npy;joo_jin_mo_0020.npy;joo_jin_mo_0039.npy,7
joo_jin_mo,joo_jin_mo_0038.npy,joo_jin_mo_0045.npy;joo_jin_mo_0044.npy;joo_jin_mo_0039.npy;joo_jin_mo_0055.npy;joo_jin_mo_0028.npy;joo_jin_mo_0058.npy;joo_jin_mo_0029.npy,7
joo_jin_mo,joo_jin_mo_0039.npy,joo_jin_mo_0016.npy;joo_jin_mo_0038.npy;joo_jin_mo_0058.npy;joo_jin_mo_0020.npy;joo_jin_mo_0044.npy;joo_jin_mo_0000.npy;joo_jin_mo_0028.npy,7
joo_jin_mo,joo_jin_mo_0042.npy,joo_jin_mo_0036.npy;joo_jin_mo_0024.npy;joo_jin_mo_0038.npy;joo_jin_mo_0058.npy;joo_jin_mo_0016.npy;joo_jin_mo_0028.npy;joo_jin_mo_0055.npy,7
joo_jin_mo,joo_jin_mo_0044.npy,joo_jin_mo_0024.npy;joo_jin_mo_0038.npy;joo_jin_mo_0058.npy;joo_jin_mo_0036.npy;joo_jin_mo_0039.npy;joo_jin_mo_0008.npy;joo_jin_mo_0016.npy,7
joo_jin_mo,joo_jin_mo_0045.npy,joo_jin_mo_0044.npy;joo_jin_mo_0058.npy;joo_jin_mo_0029.npy;joo_jin_mo_0000.npy;joo_jin_mo_0024.npy;joo_jin_mo_0016.npy;joo_jin_mo_0038.npy,7
joo_jin_mo,joo_jin_mo_0055.npy,joo_jin_mo_0020.npy;joo_jin_mo_0016.npy;joo_jin_mo_0042.npy;joo_jin_mo_0028.npy;joo_jin_mo_0058.npy;joo_jin_mo_0029.npy;joo_jin_mo_0032.npy,7
joo_jin_mo,joo_jin_mo_0058.npy,joo_jin_mo_0016.npy;joo_jin_mo_0038.npy;joo_jin_mo_0039.npy;joo_jin_mo_0024.npy;joo_jin_mo_0044.npy;joo_jin_mo_0029.npy;joo_jin_mo_0045.npy,7
jung_woo_sung,jung_woo_sung_0000.npy,jung_woo_sung_0049.npy;jung_woo_sung_0011.npy;jung_woo_sung_0034.npy;jung_woo_sung_0041.npy;jung_woo_sung_0054.npy;jung_woo_sung_0025.npy;jung_woo_sung_0032.npy,7
jung_woo_sung,jung_woo_sung_0006.npy,jung_woo_sung_0032.npy;jung_woo_sung_0036.npy;jung_woo_sung_0022.npy;jung_woo_sung_0026.npy;jung_woo_sung_0041.npy;jung_woo_sung_0043.npy;jung_woo_sung_0033.npy,7
jung_woo_sung,jung_woo_sung_0011.npy,jung_woo_sung_0000.npy;jung_woo_sung_0043.npy;jung_woo_sung_0041.npy;jung_woo_sung_0036.npy;jung_woo_sung_0006.npy;jung_woo_sung_0026.npy;jung_woo_sung_0022.npy,7
jung_woo_sung,jung_woo_sung_0015.npy,jung_woo_sung_0011.npy;jung_woo_sung_0041.npy;jung_woo_sung_0032.npy;jung_woo_sung_0025.npy;jung_woo_sung_0017.npy;jung_woo_sung_0049.npy;jung_woo_sung_0036.npy,7
jung_woo_sung,jung_woo_sung_0017.npy,jung_woo_sung_0054.npy;jung_woo_sung_0020.npy;jung_woo_sung_0022.npy;jung_woo_sung_0049.npy;jung_woo_sung_0043.npy;jung_woo_sung_0032.npy;jung_woo_sung_0033.npy,7
jung_woo_sung,jung_woo_sung_0020.npy,jung_woo_sung_0017.npy;jung_woo_sung_0033.npy;jung_woo_sung_0043.npy;jung_woo_sung_0026.npy;jung_woo_sung_0022.npy;jung_woo_sung_0034.npy;jung_woo_sung_0000.npy,7
jung_woo_sung,jung_woo_sung_0022.npy,jung_woo_sung_0006.npy;jung_woo_sung_0054.npy;jung_woo_sung_0034.npy;jung_woo_sung_0041.npy;jung_woo_sung_0026.npy;jung_woo_sung_0000.npy;jung_woo_sung_0049.npy,7
jung_woo_sung,jung_woo_sung_0025.npy,jung_woo_sung_0020.npy;jung_woo_sung_0026.npy;jung_woo_sung_0049.npy;jung_woo_sung_0000.npy;jung_woo_sung_0022.npy;jung_woo_sung_0015.npy;jung_woo_sung_0011.npy,7
jung_woo_sung,jung_woo_sung_0026.npy,jung_woo_sung_0033.npy;jung_woo_sung_0011.npy;jung_woo_sung_0043.npy;jung_woo_sung_0017.npy;jung_woo_sung_0006.npy;jung_woo_sung_0034.npy;jung_woo_sung_0020.npy,7
jung_woo_sung,jung_woo_sung_0032.npy,jung_woo_sung_0026.npy;jung_woo_sung_0006.npy;jung_woo_sung_0020.npy;jung_woo_sung_0034.npy;jung_woo_sung_0041.npy;jung_woo_sung_0011.npy;jung_woo_sung_0000.npy,7
jung_woo_sung,jung_woo_sung_0033.npy,jung_woo_sung_0041.npy;jung_woo_sung_0034.npy;jung_woo_sung_0017.npy;jung_woo_sung_0036.npy;jung_woo_sung_0054.npy;jung_woo_sung_0015.npy;jung_woo_sung_0022.npy,7
jung_woo_sung,jung_woo_sung_0034.npy,jung_woo_sung_0011.npy;jung_woo_sung_0036.npy;jung_woo_sung_0006.npy;jung_woo_sung_0000.npy;jung_woo_sung_0015.npy;jung_woo_sung_0025.npy;jung_woo_sung_0043.npy,7
jung_woo_sung,jung_woo_sung_0036.npy,jung_woo_sung_0017.npy;jung_woo_sung_0032.npy;jung_woo_sung_0015.npy;jung_woo_sung_0026.npy;jung_woo_sung_0033.npy;jung_woo_sung_0025.npy;jung_woo_sung_0000.npy,7
jung_woo_sung,jung_woo_sung_0041.npy,jung_woo_sung_0000.npy;jung_woo_sung_0034.npy;jung_woo_sung_0020.npy;jung_woo_sung_0006.npy;jung_woo_sung_0022.npy;jung_woo_sung_0011.npy;jung_woo_sung_0025.npy,7
jung_woo_sung,jung_woo_sung_0043.npy,jung_woo_sung_0011.npy;jung_woo_sung_0015.npy;jung_woo_sung_0022.npy;jung_woo_sung_0006.npy;jung_woo_sung_0034.npy;jung_woo_sung_0036.npy;jung_woo_sung_0033.npy,7
jung_woo_sung,jung_woo_sung_0049.npy,jung_woo_sung_0033.npy;jung_woo_sung_0020.npy;jung_woo_sung_0017.npy;jung_woo_sung_0011.npy;jung_woo_sung_0022.npy;jung_woo_sung_0036.npy;jung_woo_sung_0054.npy,7
jung_woo_sung,jung_woo_sung_0054.npy,jung_woo_sung_0011.npy;jung_woo_sung_0026.npy;jung_woo_sung_0032.npy;jung_woo_sung_0000.npy;jung_woo_sung_0041.npy;jung_woo_sung_0033.npy;jung_woo_sung_0049.npy,7
jung_yong_hwa,jung_yong_hwa_0001.npy,jung_yong_hwa_0037.npy;jung_yong_hwa_0030.npy;jung_yong_hwa_0028.npy;jung_yong_hwa_0027.npy;jung_yong_hwa_0038.npy;jung_yong_hwa_0029.npy;jung_yong_hwa_0033.npy,7
jung_yong_hwa,jung_yong_hwa_0004.npy,jung_yong_hwa_0028.npy;jung_yong_hwa_0013.npy;jung_yong_hwa_0042.npy;jung_yong_hwa_0027.npy;jung_yong_hwa_0033.npy;jung_yong_hwa_0001.npy;jung_yong_hwa_0029.npy,7
jung_yong_hwa,jung_yong_hwa_0013.npy,jung_yong_hwa_0033.npy;jung_yong_hwa_0030.npy;jung_yong_hwa_0045.npy;jung_yong_hwa_0042.npy;jung_yong_hwa_0038.npy;jung_yong_hwa_0004.npy;jung_yong_hwa_0037.npy,7
jung_yong_hwa,jung_yong_hwa_0027.npy,jung_yong_hwa_0029.npy;jung_yong_hwa_0004.npy;jung_yong_hwa_0028.npy;jung_yong_hwa_0045.npy;jung_yong_hwa_0033.npy;jung_yong_hwa_0030.npy;jung_yong_hwa_0001.npy,7
jung_yong_hwa,jung_yong_hwa_0028.npy,jung_yong_hwa_0045.npy;jung_yong_hwa_0029.npy;jung_yong_hwa_0027.npy;jung_yong_hwa_0038.npy;jung_yong_hwa_0030.npy;jung_yong_hwa_0037.npy;jung_yong_hwa_0013.npy,7
jung_yong_hwa,jung_yong_hwa_0029.npy,jung_yong_hwa_0045.npy;jung_yong_hwa_0001.npy;jung_yong_hwa_0027.npy;jung_yong_hwa_0037.npy;jung_yong_hwa_0038.npy;jung_yong_hwa_0042.npy;jung_yong_hwa_0004.npy,7
jung_yong_hwa,jung_yong_hwa_0030.npy,jung_yong_hwa_0037.npy;jung_yong_hwa_0042.npy;jung_yong_hwa_0004.npy;jung_yong_hwa_0001.npy;jung_yong_hwa_0013.npy;jung_yong_hwa_0033.npy;jung_yong_hwa_0038.npy,7
jung_yong_hwa,jung_yong_hwa_0033.npy,jung_yong_hwa_0030.npy;jung_yong_hwa_0042.npy;jung_yong_hwa_0045.npy;jung_yong_hwa_0029.npy;jung_yong_hwa_0028.npy;jung_yong_hwa_0037.npy;jung_yong_hwa_0004.npy,7
jung_yong_hwa,jung_yong_hwa_0037.npy,jung_yong_hwa_0033.npy;jung_yong_hwa_0004.npy;jung_yong_hwa_0001.npy;jung_yong_hwa_0042.npy;jung_yong_hwa_0038.npy;jung_yong_hwa_0013.npy;jung_yong_hwa_0045.npy,7
jung_yong_hwa,jung_yong_hwa_0038.npy,jung_yong_hwa_0001.npy;jung_yong_hwa_0045.npy;jung_yong_hwa_0030.npy;jung_yong_hwa_0028.npy;jung_yong_hwa_0029.npy;jung_yong_hwa_0037.npy;jung_yong_hwa_0033.npy,7
jung_yong_hwa,jung_yong_hwa_0042.npy,jung_yong_hwa_0030.npy;jung_yong_hwa_0045.npy;jung_yong_hwa_0038.npy;jung_yong_hwa_0004.npy;jung_yong_hwa_0029.npy;jung_yong_hwa_0028.npy;jung_yong_hwa_0037.npy,7
jung_yong_hwa,jung_yong_hwa_0045.npy,jung_yong_hwa_0038.npy;jung_yong_hwa_0013.npy;jung_yong_hwa_0028.npy;jung_yong_hwa_0004.npy;jung_yong_hwa_0042.npy;jung_yong_hwa_0001.npy;jung_yong_hwa_0037.npy,7
kanata_hongo,kanata_hongo_0008.npy,kanata_hongo_0028.npy;kanata_hongo_0022.npy;kanata_hongo_0039.npy;kanata_hongo_0053.npy;kanata_hongo_0032.npy;kanata_hongo_0010.npy;kanata_hongo_0049.npy,7
kanata_hongo,kanata_hongo_0010.npy,kanata_hongo_0043.npy;kanata_hongo_0028.npy;kanata_hongo_0008.npy;kanata_hongo_0018.npy;kanata_hongo_0045.npy;kanata_hongo_0049.npy;kanata_hongo_0039.npy,7
kanata_hongo,kanata_hongo_0018.npy,kanata_hongo_0045.npy;kanata_hongo_0008.npy;kanata_hongo_0032.npy;kanata_hongo_0039.npy;kanata_hongo_0043.npy;kanata_hongo_0010.npy;kanata_hongo_0049.npy,7
kanata_hongo,kanata_hongo_0022.npy,kanata_hongo_0008.npy;kanata_hongo_0018.npy;kanata_hongo_0053.npy;kanata_hongo_0010.npy;kanata_hongo_0028.npy;kanata_hongo_0049.npy;kanata_hongo_0032.npy,7
kanata_hongo,kanata_hongo_0028.npy,kanata_hongo_0018.npy;kanata_hongo_0039.npy;kanata_hongo_0053.npy;kanata_hongo_0049.npy;kanata_hongo_0045.npy;kanata_hongo_0008.npy;kanata_hongo_0032.npy,7
kanata_hongo,kanata_hongo_0032.npy,kanata_hongo_0039.npy;kanata_hongo_0043.npy;kanata_hongo_0028.npy;kanata_hongo_0045.npy;kanata_hongo_0008.npy;kanata_hongo_0018.npy;kanata_hongo_0053.npy,7
kanata_hongo,kanata_hongo_0039.npy,kanata_hongo_0045.npy;kanata_hongo_0053.npy;kanata_hongo_0032.npy;kanata_hongo_0008.npy;kanata_hongo_0022.npy;kanata_hongo_0028.npy;kanata_hongo_0010.npy,7
kanata_hongo,kanata_hongo_0043.npy,kanata_hongo_0032.npy;kanata_hongo_0018.npy;kanata_hongo_0028.npy;kanata_hongo_0039.npy;kanata_hongo_0008.npy;kanata_hongo_0045.npy;kanata_hongo_0053.npy,7
kanata_hongo,kanata_hongo_0045.npy,kanata_hongo_0022.npy;kanata_hongo_0049.npy;kanata_hongo_0008.npy;kanata_hongo_0043.npy;kanata_hongo_0039.npy;kanata_hongo_0010.npy;kanata_hongo_0032.npy,7
kanata_hongo,kanata_hongo_0049.npy,kanata_hongo_0043.npy;kanata_hongo_0032.npy;kanata_hongo_0039.npy;kanata_hongo_0010.npy;kanata_hongo_0053.npy;kanata_hongo_0008.npy;kanata_hongo_0022.npy,7
kanata_hongo,kanata_hongo_0053.npy,kanata_hongo_0022.npy;kanata_hongo_0032.npy;kanata_hongo_0049.npy;kanata_hongo_0043.npy;kanata_hongo_0045.npy;kanata_hongo_0018.npy;kanata_hongo_0028.npy,7
kazuya_kamenashi,kazuya_kamenashi_0005.npy,kazuya_kamenashi_0007.npy;kazuya_kamenashi_0052.npy;kazuya_kamenashi_0031.npy;kazuya_kamenashi_0061.npy;kazuya_kamenashi_0006.npy;kazuya_kamenashi_0050.npy;kazuya_kamenashi_0042.npy,7
kazuya_kamenashi,kazuya_kamenashi_0006.npy,kazuya_kamenashi_0050.npy;kazuya_kamenashi_0005.npy;kazuya_kamenashi_0042.npy;kazuya_kamenashi_0007.npy;kazuya_kamenashi_0047.npy;kazuya_kamenashi_0052.npy;kazuya_kamenashi_0009.npy,7
kazuya_kamenashi,kazuya_kamenashi_0007.npy,kazuya_kamenashi_0025.npy;kazuya_kamenashi_0031.npy;kazuya_kamenashi_0006.npy;kazuya_kamenashi_0050.npy;kazuya_kamenashi_0047.npy;kazuya_kamenashi_0005.npy;kazuya_kamenashi_0009.npy,7
kazuya_kamenashi,kazuya_kamenashi_0009.npy,kazuya_kamenashi_0015.npy;kazuya_kamenashi_0025.npy;kazuya_kamenashi_0052.npy;kazuya_kamenashi_0054.npy;kazuya_kamenashi_0061.npy;kazuya_kamenashi_0047.npy;kazuya_kamenashi_0007.npy,7
kazuya_kamenashi,kazuya_kamenashi_0015.npy,kazuya_kamenashi_0052.npy;kazuya_kamenashi_0047.npy;kazuya_kamenashi_0009.npy;kazuya_kamenashi_0050.npy;kazuya_kamenashi_0061.npy;kazuya_kamenashi_0006.npy;kazuya_kamenashi_0005.npy,7
kazuya_kamenashi,kazuya_kamenashi_0025.npy,kazuya_kamenashi_0042.npy;kazuya_kamenashi_0005.npy;kazuya_kamenashi_0009.npy;kazuya_kamenashi_0050.npy;kazuya_kamenashi_0031.npy;kazuya_kamenashi_0047.npy;kazuya_kamenashi_0061.npy,7
kazuya_kamenashi,kazuya_kamenashi_0031.npy,kazuya_kamenashi_0005.npy;kazuya_kamenashi_0025.npy;kazuya_kamenashi_0061.npy;kazuya_kamenashi_0042.npy;kazuya_kamenashi_0015.npy;kazuya_kamenashi_0052.npy;kazuya_kamenashi_0006.npy,7
kazuya_kamenashi,kazuya_kamenashi_0042.npy,kazuya_kamenashi_0050.npy;kazuya_kamenashi_0009.npy;kazuya_kamenashi_0031.npy;kazuya_kamenashi_0047.npy;kazuya_kamenashi_0005.npy;kazuya_kamenashi_0006.npy;kazuya_kamenashi_0025.npy,7
kazuya_kamenashi,kazuya_kamenashi_0047.npy,kazuya_kamenashi_0015.npy;kazuya_kamenashi_0006.npy;kazuya_kamenashi_0005.npy;kazuya_kamenashi_0009.npy;kazuya_kamenashi_0031.npy;kazuya_kamenashi_0025.npy;kazuya_kamenashi_0007.npy,7
kazuya_kamenashi,kazuya_kamenashi_0050.npy,kazuya_kamenashi_0042.npy;kazuya_kamenashi_0006.npy;kazuya_kamenashi_0052.npy;kazuya_kamenashi_0054.npy;kazuya_kamenashi_0007.npy;kazuya_kamenashi_0025.npy;kazuya_kamenashi_0009.npy,7
kazuya_kamenashi,kazuya_kamenashi_0052.npy,kazuya_kamenashi_0006.npy;kazuya_kamenashi_0050.npy;kazuya_kamenashi_0054.npy;kazuya_kamenashi_0005.npy;kazuya_kamenashi_0031.npy;kazuya_kamenashi_0025.npy;kazuya_kamenashi_0061.npy,7
kazuya_kamenashi,kazuya_kamenashi_0054.npy,kazuya_kamenashi_0009.npy;kazuya_kamenashi_0015.npy;kazuya_kamenashi_0052.npy;kazuya_kamenashi_0025.npy;kazuya_kamenashi_0031.npy;kazuya_kamenashi_0047.npy;kazuya_kamenashi_0042.npy,7
kazuya_kamenashi,kazuya_kamenashi_0061.npy,kazuya_kamenashi_0025.npy;kazuya_kamenashi_0054.npy;kazuya_kamenashi_0042.npy;kazuya_kamenashi_0015.npy;kazuya_kamenashi_0009.npy;kazuya_kamenashi_0005.npy;kazuya_kamenashi_0006.npy,7
kris_wu,kris_wu_0007.npy,kris_wu_0023.npy;kris_wu_0054.npy;kris_wu_0022.npy;kris_wu_0056.npy;kris_wu_0055.npy;kris_wu_0048.npy;kris_wu_0028.npy,7
kris_wu,kris_wu_0014.npy,kris_wu_0048.npy;kris_wu_0038.npy;kris_wu_0047.npy;kris_wu_0022.npy;kris_wu_0055.npy;kris_wu_0054.npy;kris_wu_0052.npy,7
kris_wu,kris_wu_0022.npy,kris_wu_0048.npy;kris_wu_0031.npy;kris_wu_0056.npy;kris_wu_0055.npy;kris_wu_0014.npy;kris_wu_0007.npy;kris_wu_0054.npy,7
kris_wu,kris_wu_0023.npy,kris_wu_0055.npy;kris_wu_0031.npy;kris_wu_0054.npy;kris_wu_0007.npy;kris_wu_0028.npy;kris_wu_0047.npy;kris_wu_0022.npy,7
kris_wu,kris_wu_0028.npy,kris_wu_0022.npy;kris_wu_0014.npy;kris_wu_0023.npy;kris_wu_0038.npy;kris_wu_0047.npy;kris_wu_0031.npy;kris_wu_0007.npy,7
kris_wu,kris_wu_0031.npy,kris_wu_0055.npy;kris_wu_0028.npy;kris_wu_0056.npy;kris_wu_0022.npy;kris_wu_0007.npy;kris_wu_0023.npy;kris_wu_0047.npy,7
kris_wu,kris_wu_0038.npy,kris_wu_0052.npy;kris_wu_0056.npy;kris_wu_0023.npy;kris_wu_0014.npy;kris_wu_0048.npy;kris_wu_0007.npy;kris_wu_0055.npy,7
kris_wu,kris_wu_0047.npy,kris_wu_0014.npy;kris_wu_0007.npy;kris_wu_0055.npy;kris_wu_0023.npy;kris_wu_0022.npy;kris_wu_0056.npy;kris_wu_0052.npy,7
kris_wu,kris_wu_0048.npy,kris_wu_0031.npy;kris_wu_0055.npy;kris_wu_0014.npy;kris_wu_0028.npy;kris_wu_0054.npy;kris_wu_0007.npy;kris_wu_0038.npy,7
kris_wu,kris_wu_0052.npy,kris_wu_0023.npy;kris_wu_0055.npy;kris_wu_0047.npy;kris_wu_0022.npy;kris_wu_0014.npy;kris_wu_0038.npy;kris_wu_0048.npy,7
kris_wu,kris_wu_0054.npy,kris_wu_0014.npy;kris_wu_0007.npy;kris_wu_0047.npy;kris_wu_0055.npy;kris_wu_0022.npy;kris_wu_0028.npy;kris_wu_0023.npy,7
kris_wu,kris_wu_0055.npy,kris_wu_0056.npy;kris_wu_0038.npy;kris_wu_0047.npy;kris_wu_0007.npy;kris_wu_0054.npy;kris_wu_0031.npy;kris_wu_0023.npy,7
kris_wu,kris_wu_0056.npy,kris_wu_0022.npy;kris_wu_0031.npy;kris_wu_0023.npy;kris_wu_0055.npy;kris_wu_0028.npy;kris_wu_0048.npy;kris_wu_0052.npy,7
lee_dong_hae,lee_dong_hae_0017.npy,lee_dong_hae_0025.npy;lee_dong_hae_0020.npy;lee_dong_hae_0057.npy;lee_dong_hae_0059.npy;lee_dong_hae_0027.npy;lee_dong_hae_0029.npy;lee_dong_hae_0053.npy,7
lee_dong_hae,lee_dong_hae_0020.npy,lee_dong_hae_0033.npy;lee_dong_hae_0053.npy;lee_dong_hae_0034.npy;lee_dong_hae_0017.npy;lee_dong_hae_0024.npy;lee_dong_hae_0029.npy;lee_dong_hae_0027.npy,7
lee_dong_hae,lee_dong_hae_0024.npy,lee_dong_hae_0025.npy;lee_dong_hae_0033.npy;lee_dong_hae_0027.npy;lee_dong_hae_0053.npy;lee_dong_hae_0059.npy;lee_dong_hae_0017.npy;lee_dong_hae_0057.npy,7
lee_dong_hae,lee_dong_hae_0025.npy,lee_dong_hae_0067.npy;lee_dong_hae_0063.npy;lee_dong_hae_0032.npy;lee_dong_hae_0034.npy;lee_dong_hae_0053.npy;lee_dong_hae_0057.npy;lee_dong_hae_0024.npy,7
lee_dong_hae,lee_dong_hae_0027.npy,lee_dong_hae_0057.npy;lee_dong_hae_0053.npy;lee_dong_hae_0032.npy;lee_dong_hae_0033.npy;lee_dong_hae_0029.npy;lee_dong_hae_0024.npy;lee_dong_hae_0017.npy,7
lee_dong_hae,lee_dong_hae_0029.npy,lee_dong_hae_0032.npy;lee_dong_hae_0057.npy;lee_dong_hae_0025.npy;lee_dong_hae_0017.npy;lee_dong_hae_0027.npy;lee_dong_hae_0063.npy;lee_dong_hae_0033.npy,7
lee_dong_hae,lee_dong_hae_0032.npy,lee_dong_hae_0034.npy;lee_dong_hae_0053.npy;lee_dong_hae_0029.npy;lee_dong_hae_0057.npy;lee_dong_hae_0025.npy;lee_dong_hae_0024.npy;lee_dong_hae_0017.npy,7
lee_dong_hae,lee_dong_hae_0033.npy,lee_dong_hae_0025.npy;lee_dong_hae_0059.npy;lee_dong_hae_0067.npy;lee_dong_hae_0027.npy;lee_dong_hae_0053.npy;lee_dong_hae_0017.npy;lee_dong_hae_0032.npy,7
lee_dong_hae,lee_dong_hae_0034.npy,lee_dong_hae_0025.npy;lee_dong_hae_0057.npy;lee_dong_hae_0032.npy;lee_dong_hae_0029.npy;lee_dong_hae_0024.npy;lee_dong_hae_0053.npy;lee_dong_hae_0020.npy,7
lee_dong_hae,lee_dong_hae_0053.npy,lee_dong_hae_0057.npy;lee_dong_hae_0029.npy;lee_dong_hae_0063.npy;lee_dong_hae_0067.npy;lee_dong_hae_0017.npy;lee_dong_hae_0059.npy;lee_dong_hae_0027.npy,7
lee_dong_hae,lee_dong_hae_0057.npy,lee_dong_hae_0053.npy;lee_dong_hae_0024.npy;lee_dong_hae_0067.npy;lee_dong_hae_0025.npy;lee_dong_hae_0033.npy;lee_dong_hae_0027.npy;lee_dong_hae_0020.npy,7
lee_dong_hae,lee_dong_hae_0059.npy,lee_dong_hae_0033.npy;lee_dong_hae_0017.npy;lee_dong_hae_0020.npy;lee_dong_hae_0063.npy;lee_dong_hae_0025.npy;lee_dong_hae_0034.npy;lee_dong_hae_0053.npy,7
lee_dong_hae,lee_dong_hae_0063.npy,lee_dong_hae_0034.npy;lee_dong_hae_0033.npy;lee_dong_hae_0017.npy;lee_dong_hae_0029.npy;lee_dong_hae_0025.npy;lee_dong_hae_0024.npy;lee_dong_hae_0059.npy,7
lee_dong_hae,lee_dong_hae_0067.npy,lee_dong_hae_0059.npy;lee_dong_hae_0024.npy;lee_dong_hae_0029.npy;lee_dong_hae_0017.npy;lee_dong_hae_0053.npy;lee_dong_hae_0063.npy;lee_dong_hae_0027.npy,7
mark_dacascos,mark_dacascos_0022.npy,mark_dacascos_0915.npy;mark_dacascos_0909.npy;mark_dacascos_0954.npy;mark_dacascos_0928.npy;mark_dacascos_0961.npy;mark_dacascos_0902.npy;mark_dacascos_0960.npy,7
mark_dacascos,mark_dacascos_0902.npy,mark_dacascos_0954.npy;mark_dacascos_0909.npy;mark_dacascos_0915.npy;mark_dacascos_0961.npy;mark_dacascos_0944.npy;mark_dacascos_0960.npy;mark_dacascos_0022.npy,7
mark_dacascos,mark_dacascos_0909.npy,mark_dacascos_0954.npy;mark_dacascos_0960.npy;mark_dacascos_0944.npy;mark_dacascos_0915.npy;mark_dacascos_0902.npy;mark_dacascos_0961.npy;mark_dacascos_0022.npy,7
mark_dacascos,mark_dacascos_0915.npy,mark_dacascos_0909.npy;mark_dacascos_0954.npy;mark_dacascos_0961.npy;mark_dacascos_0944.npy;mark_dacascos_0960.npy;mark_dacascos_0902.npy;mark_dacascos_0022.npy,7
mark_dacascos,mark_dacascos_0920.npy,mark_dacascos_0022.npy;mark_dacascos_0954.npy;mark_dacascos_0960.npy;mark_dacascos_0928.npy;mark_dacascos_0961.npy;mark_dacascos_0902.npy;mark_dacascos_0909.npy,7
mark_dacascos,mark_dacascos_0928.npy,mark_dacascos_0944.npy;mark_dacascos_0915.npy;mark_dacascos_0961.npy;mark_dacascos_0920.npy;mark_dacascos_0022.npy;mark_dacascos_0960.npy;mark_dacascos_0954.npy,7
mark_dacascos,mark_dacascos_0944.npy,mark_dacascos_0928.npy;mark_dacascos_0902.npy;mark_dacascos_0960.npy;mark_dacascos_0909.npy;mark_dacascos_0961.npy;mark_dacascos_0954.npy;mark_dacascos_0920.npy,7
mark_dacascos,mark_dacascos_0954.npy,mark_dacascos_0902.npy;mark_dacascos_0928.npy;mark_dacascos_0915.npy;mark_dacascos_0022.npy;mark_dacascos_0909.npy;mark_dacascos_0961.npy;mark_dacascos_0960.npy,7
mark_dacascos,mark_dacascos_0960.npy,mark_dacascos_0902.npy;mark_dacascos_0928.npy;mark_dacascos_0909.npy;mark_dacascos_0022.npy;mark_dacascos_0954.npy;mark_dacascos_0920.npy;mark_dacascos_0961.npy,7
mark_dacascos,mark_dacascos_0961.npy,mark_dacascos_0954.npy;mark_dacascos_0944.npy;mark_dacascos_0902.npy;mark_dacascos_0915.npy;mark_dacascos_0928.npy;mark_dacascos_0920.npy;mark_dacascos_0960.npy,7
park_ji_sung,park_ji_sung_0005.npy,park_ji_sung_0032.npy;park_ji_sung_0018.npy;park_ji_sung_0009.npy;park_ji_sung_0026.npy;park_ji_sung_0014.npy;park_ji_sung_0011.npy;park_ji_sung_0058.npy,7
park_ji_sung,park_ji_sung_0008.npy,park_ji_sung_0009.npy;park_ji_sung_0005.npy;park_ji_sung_0016.npy;park_ji_sung_0050.npy;park_ji_sung_0017.npy;park_ji_sung_0048.npy;park_ji_sung_0040.npy,7
park_ji_sung,park_ji_sung_0009.npy,park_ji_sung_0008.npy;park_ji_sung_0017.npy;park_ji_sung_0011.npy;park_ji_sung_0018.npy;park_ji_sung_0048.npy;park_ji_sung_0058.npy;park_ji_sung_0016.npy,7
park_ji_sung,park_ji_sung_0011.npy,park_ji_sung_0008.npy;park_ji_sung_0017.npy;park_ji_sung_0040.npy;park_ji_sung_0048.npy;park_ji_sung_0026.npy;park_ji_sung_0005.npy;park_ji_sung_0014.npy,7
park_ji_sung,park_ji_sung_0014.npy,park_ji_sung_0048.npy;park_ji_sung_0009.npy;park_ji_sung_0040.npy;park_ji_sung_0018.npy;park_ji_sung_0050.npy;park_ji_sung_0005.npy;park_ji_sung_0026.npy,7
park_ji_sung,park_ji_sung_0016.npy,park_ji_sung_0017.npy;park_ji_sung_0011.npy;park_ji_sung_0050.npy;park_ji_sung_0018.npy;park_ji_sung_0032.npy;park_ji_sung_0014.npy;park_ji_sung_0058.npy,7
park_ji_sung,park_ji_sung_0017.npy,park_ji_sung_0014.npy;park_ji_sung_0058.npy;park_ji_sung_0011.npy;park_ji_sung_0008.npy;park_ji_sung_0005.npy;park_ji_sung_0018.npy;park_ji_sung_0050.npy,7
park_ji_sung,park_ji_sung_0018.npy,park_ji_sung_0032.npy;park_ji_sung_0026.npy;park_ji_sung_0009.npy;park_ji_sung_0005.npy;park_ji_sung_0016.npy;park_ji_sung_0040.npy;park_ji_sung_0011.npy,7
park_ji_sung,park_ji_sung_0026.npy,park_ji_sung_0008.npy;park_ji_sung_0014.npy;park_ji_sung_0048.npy;park_ji_sung_0040.npy;park_ji_sung_0018.npy;park_ji_sung_0011.npy;park_ji_sung_0005.npy,7
park_ji_sung,park_ji_sung_0032.npy,park_ji_sung_0005.npy;park_ji_sung_0011.npy;park_ji_sung_0009.npy;park_ji_sung_0014.npy;park_ji_sung_0008.npy;park_ji_sung_0018.npy;park_ji_sung_0017.npy,7
park_ji_sung,park_ji_sung_0040.npy,park_ji_sung_0008.npy;park_ji_sung_0014.npy;park_ji_sung_0017.npy;park_ji_sung_0018.npy;park_ji_sung_0032.npy;park_ji_sung_0050.npy;park_ji_sung_0005.npy,7
park_ji_sung,park_ji_sung_0048.npy,park_ji_sung_0040.npy;park_ji_sung_0026.npy;park_ji_sung_0017.npy;park_ji_sung_0009.npy;park_ji_sung_0016.npy;park_ji_sung_0058.npy;park_ji_sung_0032.npy,7
park_ji_sung,park_ji_sung_0050.npy,park_ji_sung_0009.npy;park_ji_sung_0018.npy;park_ji_sung_0005.npy;park_ji_sung_0014.npy;park_ji_sung_0048.npy;park_ji_sung_0026.npy;park_ji_sung_0058.npy,7
park_ji_sung,park_ji_sung_0058.npy,park_ji_sung_0011.npy;park_ji_sung_0014.npy;park_ji_sung_0032.npy;park_ji_sung_0005.npy;park_ji_sung_0009.npy;park_ji_sung_0008.npy;park_ji_sung_0040.npy,7
scott_takeda,scott_takeda_0006.npy,scott_takeda_0923.npy;scott_takeda_0910.npy;scott_takeda_0918.npy;scott_takeda_0915.npy;scott_takeda_0904.npy;scott_takeda_0909.npy;scott_takeda_0011.npy,7
scott_takeda,scott_takeda_0011.npy,scott_takeda_0915.npy;scott_takeda_0918.npy;scott_takeda_0925.npy;scott_takeda_0923.npy;scott_takeda_0916.npy;scott_takeda_0909.npy;scott_takeda_0014.npy,7
scott_takeda,scott_takeda_0014.npy,scott_takeda_0916.npy;scott_takeda_0909.npy;scott_takeda_0011.npy;scott_takeda_0915.npy;scott_takeda_0006.npy;scott_takeda_0923.npy;scott_takeda_0918.npy,7
scott_takeda,scott_takeda_0017.npy,scott_takeda_0918.npy;scott_takeda_0922.npy;scott_takeda_0923.npy;scott_takeda_0014.npy;scott_takeda_0011.npy;scott_takeda_0915.npy;scott_takeda_0904.npy,7
scott_takeda,scott_takeda_0904.npy,scott_takeda_0014.npy;scott_takeda_0925.npy;scott_takeda_0017.npy;scott_takeda_0922.npy;scott_takeda_0923.npy;scott_takeda_0006.npy;scott_takeda_0918.npy,7
scott_takeda,scott_takeda_0909.npy,scott_takeda_0011.npy;scott_takeda_0923.npy;scott_takeda_0915.npy;scott_takeda_0017.npy;scott_takeda_0014.npy;scott_takeda_0922.npy;scott_takeda_0904.npy,7
scott_takeda,scott_takeda_0910.npy,scott_takeda_0904.npy;scott_takeda_0909.npy;scott_takeda_0011.npy;scott_takeda_0922.npy;scott_takeda_0915.npy;scott_takeda_0925.npy;scott_takeda_0017.npy,7
scott_takeda,scott_takeda_0915.npy,scott_takeda_0918.npy;scott_takeda_0909.npy;scott_takeda_0904.npy;scott_takeda_0925.npy;scott_takeda_0916.npy;scott_takeda_0910.npy;scott_takeda_0006.npy,7
scott_takeda,scott_takeda_0916.npy,scott_takeda_0925.npy;scott_takeda_0922.npy;scott_takeda_0923.npy;scott_takeda_0918.npy;scott_takeda_0910.npy;scott_takeda_0006.npy;scott_takeda_0017.npy,7
scott_takeda,scott_takeda_0918.npy,scott_takeda_0014.npy;scott_takeda_0925.npy;scott_takeda_0922.npy;scott_takeda_0011.npy;scott_takeda_0916.npy;scott_takeda_0904.npy;scott_takeda_0006.npy,7
scott_takeda,scott_takeda_0922.npy,scott_takeda_0904.npy;scott_takeda_0916.npy;scott_takeda_0909.npy;scott_takeda_0910.npy;scott_takeda_0925.npy;scott_takeda_0017.npy;scott_takeda_0918.npy,7
scott_takeda,scott_takeda_0923.npy,scott_takeda_0915.npy;scott_takeda_0918.npy;scott_takeda_0922.npy;scott_takeda_0925.npy;scott_takeda_0006.npy;scott_takeda_0011.npy;scott_takeda_0014.npy,7
scott_takeda,scott_takeda_0925.npy,scott_takeda_0910.npy;scott_takeda_0014.npy;scott_takeda_0918.npy;scott_takeda_0923.npy;scott_takeda_0006.npy;scott_takeda_0017.npy;scott_takeda_0922.npy,7
shun_oguri,shun_oguri_0001.npy,shun_oguri_0070.npy;shun_oguri_0012.npy;shun_oguri_0005.npy;shun_oguri_0046.npy;shun_oguri_0033.npy;shun_oguri_0035.npy;shun_oguri_0064.npy,7
shun_oguri,shun_oguri_0005.npy,shun_oguri_0035.npy;shun_oguri_0033.npy;shun_oguri_0070.npy;shun_oguri_0064.npy;shun_oguri_0046.npy;shun_oguri_0006.npy;shun_oguri_0041.npy,7
shun_oguri,shun_oguri_0006.npy,shun_oguri_0012.npy;shun_oguri_0010.npy;shun_oguri_0033.npy;shun_oguri_0046.npy;shun_oguri_0035.npy;shun_oguri_0064.npy;shun_oguri_0051.npy,7
shun_oguri,shun_oguri_0010.npy,shun_oguri_0041.npy;shun_oguri_0059.npy;shun_oguri_0064.npy;shun_oguri_0005.npy;shun_oguri_0012.npy;shun_oguri_0046.npy;shun_oguri_0070.npy,7
shun_oguri,shun_oguri_0012.npy,shun_oguri_0041.npy;shun_oguri_0070.npy;shun_oguri_0046.npy;shun_oguri_0051.npy;shun_oguri_0035.npy;shun_oguri_0001.npy;shun_oguri_0033.npy,7
shun_oguri,shun_oguri_0033.npy,shun_oguri_0079.npy;shun_oguri_0006.npy;shun_oguri_0005.npy;shun_oguri_0012.npy;shun_oguri_0051.npy;shun_oguri_0041.npy;shun_oguri_0064.npy,7
shun_oguri,shun_oguri_0035.npy,shun_oguri_0079.npy;shun_oguri_0051.npy;shun_oguri_0059.npy;shun_oguri_0001.npy;shun_oguri_0006.npy;shun_oguri_0010.npy;shun_oguri_0041.npy,7
shun_oguri,shun_oguri_0041.npy,shun_oguri_0010.npy;shun_oguri_0001.npy;shun_oguri_0079.npy;shun_oguri_0070.npy;shun_oguri_0046.npy;shun_oguri_0059.npy;shun_oguri_0006.npy,7
shun_oguri,shun_oguri_0046.npy,shun_oguri_0070.npy;shun_oguri_0010.npy;shun_oguri_0012.npy;shun_oguri_0033.npy;shun_oguri_0041.npy;shun_oguri_0035.npy;shun_oguri_0059.npy,7
shun_oguri,shun_oguri_0051.npy,shun_oguri_0005.npy;shun_oguri_0064.npy;shun_oguri_0001.npy;shun_oguri_0010.npy;shun_oguri_0033.npy;shun_oguri_0041.npy;shun_oguri_0012.npy,7
shun_oguri,shun_oguri_0059.npy,shun_oguri_0041.npy;shun_oguri_0006.npy;shun_oguri_0079.npy;shun_oguri_0051.npy;shun_oguri_0046.npy;shun_oguri_0033.npy;shun_oguri_0070.npy,7
shun_oguri,shun_oguri_0064.npy,shun_oguri_0006.npy;shun_oguri_0012.npy;shun_oguri_0005.npy;shun_oguri_0070.npy;shun_oguri_0001.npy;shun_oguri_0035.npy;shun_oguri_0046.npy,7
shun_oguri,shun_oguri_0070.npy,shun_oguri_0006.npy;shun_oguri_0051.npy;shun_oguri_0010.npy;shun_oguri_0059.npy;shun_oguri_0064.npy;shun_oguri_0046.npy;shun_oguri_0079.npy,7
shun_oguri,shun_oguri_0079.npy,shun_oguri_0059.npy;shun_oguri_0035.npy;shun_oguri_0046.npy;shun_oguri_0001.npy;shun_oguri_0051.npy;shun_oguri_0041.npy;shun_oguri_0005.npy,7
song_joong_ki,song_joong_ki_0005.npy,song_joong_ki_0039.npy;song_joong_ki_0013.npy;song_joong_ki_0033.npy;song_joong_ki_0008.npy;song_joong_ki_0018.npy;song_joong_ki_0019.npy;song_joong_ki_0042.npy,7
song_joong_ki,song_joong_ki_0008.npy,song_joong_ki_0041.npy;song_joong_ki_0056.npy;song_joong_ki_0039.npy;song_joong_ki_0019.npy;song_joong_ki_0028.npy;song_joong_ki_0042.npy;song_joong_ki_0026.npy,7
song_joong_ki,song_joong_ki_0011.npy,song_joong_ki_0029.npy;song_joong_ki_0019.npy;song_joong_ki_0018.npy;song_joong_ki_0056.npy;song_joong_ki_0052.npy;song_joong_ki_0030.npy;song_joong_ki_0028.npy,7
song_joong_ki,song_joong_ki_0013.npy,song_joong_ki_0033.npy;song_joong_ki_0008.npy;song_joong_ki_0005.npy;song_joong_ki_0030.npy;song_joong_ki_0039.npy;song_joong_ki_0026.npy;song_joong_ki_0041.npy,7
song_joong_ki,song_joong_ki_0018.npy,song_joong_ki_0039.npy;song_joong_ki_0033.npy;song_joong_ki_0052.npy;song_joong_ki_0019.npy;song_joong_ki_0041.npy;song_joong_ki_0008.npy;song_joong_ki_0029.npy,7
song_joong_ki,song_joong_ki_0019.npy,song_joong_ki_0008.npy;song_joong_ki_0026.npy;song_joong_ki_0018.npy;song_joong_ki_0039.npy;song_joong_ki_0052.npy;song_joong_ki_0042.npy;song_joong_ki_0033.npy,7
song_joong_ki,song_joong_ki_0026.npy,song_joong_ki_0039.npy;song_joong_ki_0041.npy;song_joong_ki_0056.npy;song_joong_ki_0018.npy;song_joong_ki_0013.npy;song_joong_ki_0011.npy;song_joong_ki_0030.npy,7
song_joong_ki,song_joong_ki_0028.npy,song_joong_ki_0042.npy;song_joong_ki_0013.npy;song_joong_ki_0005.npy;song_joong_ki_0033.npy;song_joong_ki_0026.npy;song_joong_ki_0019.npy;song_joong_ki_0011.npy,7
song_joong_ki,song_joong_ki_0029.npy,song_joong_ki_0041.npy;song_joong_ki_0005.npy;song_joong_ki_0039.npy;song_joong_ki_0028.npy;song_joong_ki_0018.npy;song_joong_ki_0042.npy;song_joong_ki_0026.npy,7
song_joong_ki,song_joong_ki_0030.npy,song_joong_ki_0026.npy;song_joong_ki_0056.npy;song_joong_ki_0041.npy;song_joong_ki_0005.npy;song_joong_ki_0033.npy;song_joong_ki_0039.npy;song_joong_ki_0013.npy,7
song_joong_ki,song_joong_ki_0033.npy,song_joong_ki_0019.npy;song_joong_ki_0041.npy;song_joong_ki_0052.npy;song_joong_ki_0013.npy;song_joong_ki_0039.npy;song_joong_ki_0029.npy;song_joong_ki_0028.npy,7
song_joong_ki,song_joong_ki_0039.npy,song_joong_ki_0056.npy;song_joong_ki_0033.npy;song_joong_ki_0019.npy;song_joong_ki_0029.npy;song_joong_ki_0018.npy;song_joong_ki_0011.npy;song_joong_ki_0041.npy,7
song_joong_ki,song_joong_ki_0041.npy,song_joong_ki_0011.npy;song_joong_ki_0018.npy;song_joong_ki_0008.npy;song_joong_ki_0028.npy;song_joong_ki_0056.npy;song_joong_ki_0052.npy;song_joong_ki_0029.npy,7
song_joong_ki,song_joong_ki_0042.npy,song_joong_ki_0041.npy;song_joong_ki_0011.npy;song_joong_ki_0033.npy;song_joong_ki_0019.npy;song_joong_ki_0056.npy;song_joong_ki_0008.npy;song_joong_ki_0013.npy,7
song_joong_ki,song_joong_ki_0052.npy,song_joong_ki_0019.npy;song_joong_ki_0013.npy;song_joong_ki_0039.npy;song_joong_ki_0018.npy;song_joong_ki_0026.npy;song_joong_ki_0056.npy;song_joong_ki_0030.npy,7
song_joong_ki,song_joong_ki_0056.npy,song_joong_ki_0018.npy;song_joong_ki_0030.npy;song_joong_ki_0052.npy;song_joong_ki_0028.npy;song_joong_ki_0008.npy;song_joong_ki_0039.npy;song_joong_ki_0005.npy,7
teppei_koike,teppei_koike_0006.npy,teppei_koike_0049.npy;teppei_koike_0048.npy;teppei_koike_0053.npy;teppei_koike_0063.npy;teppei_koike_0016.npy;teppei_koike_0045.npy;teppei_koike_0047.npy,7
teppei_koike,teppei_koike_0007.npy,teppei_koike_0047.npy;teppei_koike_0016.npy;teppei_koike_0049.npy;teppei_koike_0042.npy;teppei_koike_0063.npy;teppei_koike_0030.npy;teppei_koike_0028.npy,7
teppei_koike,teppei_koike_0016.npy,teppei_koike_0006.npy;teppei_koike_0025.npy;teppei_koike_0053.npy;teppei_koike_0028.npy;teppei_koike_0032.npy;teppei_koike_0042.npy;teppei_koike_0030.npy,7
teppei_koike,teppei_koike_0025.npy,teppei_koike_0045.npy;teppei_koike_0016.npy;teppei_koike_0032.npy;teppei_koike_0053.npy;teppei_koike_0007.npy;teppei_koike_0063.npy;teppei_koike_0048.npy,7
teppei_koike,teppei_koike_0028.npy,teppei_koike_0049.npy;teppei_koike_0016.npy;teppei_koike_0032.npy;teppei_koike_0006.npy;teppei_koike_0048.npy;teppei_koike_0045.npy;teppei_koike_0053.npy,7
teppei_koike,teppei_koike_0030.npy,teppei_koike_0025.npy;teppei_koike_0016.npy;teppei_koike_0048.npy;teppei_koike_0053.npy;teppei_koike_0045.npy;teppei_koike_0007.npy;teppei_koike_0047.npy,7
teppei_koike,teppei_koike_0032.npy,teppei_koike_0048.npy;teppei_koike_0042.npy;teppei_koike_0049.npy;teppei_koike_0053.npy;teppei_koike_0063.npy;teppei_koike_0047.npy;teppei_koike_0025.npy,7
teppei_koike,teppei_koike_0042.npy,teppei_koike_0032.npy;teppei_koike_0006.npy;teppei_koike_0053.npy;teppei_koike_0047.npy;teppei_koike_0025.npy;teppei_koike_0030.npy;teppei_koike_0049.npy,7
teppei_koike,teppei_koike_0045.npy,teppei_koike_0030.npy;teppei_koike_0047.npy;teppei_koike_0025.npy;teppei_koike_0006.npy;teppei_koike_0048.npy;teppei_koike_0049.npy;teppei_koike_0007.npy,7
teppei_koike,teppei_koike_0047.npy,teppei_koike_0053.npy;teppei_koike_0030.npy;teppei_koike_0028.npy;teppei_koike_0016.npy;teppei_koike_0007.npy;teppei_koike_0032.npy;teppei_koike_0049.npy,7
teppei_koike,teppei_koike_0048.npy,teppei_koike_0047.npy;teppei_koike_0028.npy;teppei_koike_0016.npy;teppei_koike_0007.npy;teppei_koike_0006.npy;teppei_koike_0053.npy;teppei_koike_0049.npy,7
teppei_koike,teppei_koike_0049.npy,teppei_koike_0042.npy;teppei_koike_0053.npy;teppei_koike_0045.npy;teppei_koike_0047.npy;teppei_koike_0048.npy;teppei_koike_0030.npy;teppei_koike_0025.npy,7
teppei_koike,teppei_koike_0053.npy,teppei_koike_0048.npy;teppei_koike_0016.npy;teppei_koike_0030.npy;teppei_koike_0042.npy;teppei_koike_0063.npy;teppei_koike_0025.npy;teppei_koike_0007.npy,7
teppei_koike,teppei_koike_0063.npy,teppei_koike_0053.npy;teppei_koike_0032.npy;teppei_koike_0006.npy;teppei_koike_0025.npy;teppei_koike_0047.npy;teppei_koike_0016.npy;teppei_koike_0007.npy,7
toma_ikuta,toma_ikuta_0007.npy,toma_ikuta_0010.npy;toma_ikuta_0064.npy;toma_ikuta_0075.npy;toma_ikuta_0022.npy;toma_ikuta_0081.npy;toma_ikuta_0074.npy;toma_ikuta_0048.npy,7
toma_ikuta,toma_ikuta_0010.npy,toma_ikuta_0075.npy;toma_ikuta_0074.npy;toma_ikuta_0039.npy;toma_ikuta_0064.npy;toma_ikuta_0007.npy;toma_ikuta_0081.npy;toma_ikuta_0048.npy,7
toma_ikuta,toma_ikuta_0022.npy,toma_ikuta_0010.npy;toma_ikuta_0074.npy;toma_ikuta_0007.npy;toma_ikuta_0075.npy;toma_ikuta_0064.npy;toma_ikuta_0081.npy;toma_ikuta_0039.npy,7
toma_ikuta,toma_ikuta_0039.npy,toma_ikuta_0075.npy;toma_ikuta_0007.npy;toma_ikuta_0064.npy;toma_ikuta_0022.npy;toma_ikuta_0048.npy;toma_ikuta_0074.npy;toma_ikuta_0081.npy,7
toma_ikuta,toma_ikuta_0048.npy,toma_ikuta_0039.npy;toma_ikuta_0074.npy;toma_ikuta_0075.npy;toma_ikuta_0007.npy;toma_ikuta_0022.npy;toma_ikuta_0010.npy;toma_ikuta_0064.npy,7
toma_ikuta,toma_ikuta_0064.npy,toma_ikuta_0048.npy;toma_ikuta_0081.npy;toma_ikuta_0075.npy;toma_ikuta_0010.npy;toma_ikuta_0039.npy;toma_ikuta_0007.npy;toma_ikuta_0022.npy,7
toma_ikuta,toma_ikuta_0074.npy,toma_ikuta_0048.npy;toma_ikuta_0007.npy;toma_ikuta_0075.npy;toma_ikuta_0039.npy;toma_ikuta_0010.npy;toma_ikuta_0022.npy;toma_ikuta_0064.npy,7
toma_ikuta,toma_ikuta_0075.npy,toma_ikuta_0048.npy;toma_ikuta_0074.npy;toma_ikuta_0081.npy;toma_ikuta_0010.npy;toma_ikuta_0022.npy;toma_ikuta_0039.npy;toma_ikuta_0064.npy,7
toma_ikuta,toma_ikuta_0081.npy,toma_ikuta_0048.npy;toma_ikuta_0010.npy;toma_ikuta_0007.npy;toma_ikuta_0075.npy;toma_ikuta_0039.npy;toma_ikuta_0064.npy;toma_ikuta_0074.npy,7
tony_chiu_wai_leung,tony_chiu_wai_leung_0004.npy,tony_chiu_wai_leung_0021.npy;tony_chiu_wai_leung_0017.npy;tony_chiu_wai_leung_0006.npy;tony_chiu_wai_leung_0023.npy;tony_chiu_wai_leung_0028.npy;tony_chiu_wai_leung_0020.npy;tony_chiu_wai_leung_0012.npy,7
tony_chiu_wai_leung,tony_chiu_wai_leung_0006.npy,tony_chiu_wai_leung_0025.npy;tony_chiu_wai_leung_0012.npy;tony_chiu_wai_leung_0004.npy;tony_chiu_wai_leung_0020.npy;tony_chiu_wai_leung_0023.npy;tony_chiu_wai_leung_0021.npy;tony_chiu_wai_leung_0007.npy,7
tony_chiu_wai_leung,tony_chiu_wai_leung_0007.npy,tony_chiu_wai_leung_0017.npy;tony_chiu_wai_leung_0025.npy;tony_chiu_wai_leung_0012.npy;tony_chiu_wai_leung_0023.npy;tony_chiu_wai_leung_0028.npy;tony_chiu_wai_leung_0004.npy;tony_chiu_wai_leung_0020.npy,7
tony_chiu_wai_leung,tony_chiu_wai_leung_0012.npy,tony_chiu_wai_leung_0007.npy;tony_chiu_wai_leung_0004.npy;tony_chiu_wai_leung_0023.npy;tony_chiu_wai_leung_0028.npy;tony_chiu_wai_leung_0021.npy;tony_chiu_wai_leung_0020.npy;tony_chiu_wai_leung_0006.npy,7
tony_chiu_wai_leung,tony_chiu_wai_leung_0017.npy,tony_chiu_wai_leung_0006.npy;tony_chiu_wai_leung_0028.npy;tony_chiu_wai_leung_0023.npy;tony_chiu_wai_leung_0004.npy;tony_chiu_wai_leung_0021.npy;tony_chiu_wai_leung_0025.npy;tony_chiu_wai_leung_0007.npy,7
tony_chiu_wai_leung,tony_chiu_wai_leung_0020.npy,tony_chiu_wai_leung_0007.npy;tony_chiu_wai_leung_0021.npy;tony_chiu_wai_leung_0028.npy;tony_chiu_wai_leung_0012.npy;tony_chiu_wai_leung_0017.npy;tony_chiu_wai_leung_0023.npy;tony_chiu_wai_leung_0025.npy,7
tony_chiu_wai_leung,tony_chiu_wai_leung_0021.npy,tony_chiu_wai_leung_0006.npy;tony_chiu_wai_leung_0020.npy;tony_chiu_wai_leung_0023.npy;tony_chiu_wai_leung_0007.npy;tony_chiu_wai_leung_0028.npy;tony_chiu_wai_leung_0004.npy;tony_chiu_wai_leung_0017.npy,7
tony_chiu_wai_leung,tony_chiu_wai_leung_0023.npy,tony_chiu_wai_leung_0021.npy;tony_chiu_wai_leung_0025.npy;tony_chiu_wai_leung_0007.npy;tony_chiu_wai_leung_0012.npy;tony_chiu_wai_leung_0020.npy;tony_chiu_wai_leung_0017.npy;tony_chiu_wai_leung_0028.npy,7
tony_chiu_wai_leung,tony_chiu_wai_leung_0025.npy,tony_chiu_wai_leung_0007.npy;tony_chiu_wai_leung_0006.npy;tony_chiu_wai_leung_0023.npy;tony_chiu_wai_leung_0020.npy;tony_chiu_wai_leung_0004.npy;tony_chiu_wai_leung_0021.npy;tony_chiu_wai_leung_0017.npy,7
tony_chiu_wai_leung,tony_chiu_wai_leung_0028.npy,tony_chiu_wai_leung_0021.npy;tony_chiu_wai_leung_0023.npy;tony_chiu_wai_leung_0025.npy;tony_chiu_wai_leung_0017.npy;tony_chiu_wai_leung_0012.npy;tony_chiu_wai_leung_0006.npy;tony_chiu_wai_leung_0007.npy,7
tony_jaa,tony_jaa_0004.npy,tony_jaa_0023.npy;tony_jaa_0022.npy;tony_jaa_0033.npy;tony_jaa_0008.npy;tony_jaa_0012.npy;tony_jaa_0024.npy;tony_jaa_0017.npy,7
tony_jaa,tony_jaa_0008.npy,tony_jaa_0011.npy;tony_jaa_0023.npy;tony_jaa_0024.npy;tony_jaa_0004.npy;tony_jaa_0054.npy;tony_jaa_0020.npy;tony_jaa_0022.npy,7
tony_jaa,tony_jaa_0011.npy,tony_jaa_0022.npy;tony_jaa_0004.npy;tony_jaa_0043.npy;tony_jaa_0031.npy;tony_jaa_0017.npy;tony_jaa_0054.npy;tony_jaa_0020.npy,7
tony_jaa,tony_jaa_0012.npy,tony_jaa_0031.npy;tony_jaa_0045.npy;tony_jaa_0033.npy;tony_jaa_0008.npy;tony_jaa_0023.npy;tony_jaa_0017.npy;tony_jaa_0024.npy,7
tony_jaa,tony_jaa_0017.npy,tony_jaa_0022.npy;tony_jaa_0043.npy;tony_jaa_0045.npy;tony_jaa_0023.npy;tony_jaa_0011.npy;tony_jaa_0004.npy;tony_jaa_0024.npy,7
tony_jaa,tony_jaa_0020.npy,tony_jaa_0043.npy;tony_jaa_0011.npy;tony_jaa_0031.npy;tony_jaa_0024.npy;tony_jaa_0033.npy;tony_jaa_0045.npy;tony_jaa_0004.npy,7
tony_jaa,tony_jaa_0022.npy,tony_jaa_0054.npy;tony_jaa_0024.npy;tony_jaa_0020.npy;tony_jaa_0012.npy;tony_jaa_0043.npy;tony_jaa_0017.npy;tony_jaa_0004.npy,7
tony_jaa,tony_jaa_0023.npy,tony_jaa_0031.npy;tony_jaa_0012.npy;tony_jaa_0054.npy;tony_jaa_0022.npy;tony_jaa_0033.npy;tony_jaa_0045.npy;tony_jaa_0004.npy,7
tony_jaa,tony_jaa_0024.npy,tony_jaa_0023.npy;tony_jaa_0054.npy;tony_jaa_0033.npy;tony_jaa_0045.npy;tony_jaa_0008.npy;tony_jaa_0043.npy;tony_jaa_0012.npy,7
tony_jaa,tony_jaa_0031.npy,tony_jaa_0020.npy;tony_jaa_0008.npy;tony_jaa_0023.npy;tony_jaa_0004.npy;tony_jaa_0045.npy;tony_jaa_0022.npy;tony_jaa_0012.npy,7
tony_jaa,tony_jaa_0033.npy,tony_jaa_0004.npy;tony_jaa_0024.npy;tony_jaa_0045.npy;tony_jaa_0054.npy;tony_jaa_0008.npy;tony_jaa_0017.npy;tony_jaa_0023.npy,7
tony_jaa,tony_jaa_0043.npy,tony_jaa_0024.npy;tony_jaa_0012.npy;tony_jaa_0033.npy;tony_jaa_0023.npy;tony_jaa_0020.npy;tony_jaa_0054.npy;tony_jaa_0022.npy,7
tony_jaa,tony_jaa_0045.npy,tony_jaa_0004.npy;tony_jaa_0012.npy;tony_jaa_0023.npy;tony_jaa_0020.npy;tony_jaa_0024.npy;tony_jaa_0033.npy;tony_jaa_0031.npy,7
tony_jaa,tony_jaa_0054.npy,tony_jaa_0033.npy;tony_jaa_0020.npy;tony_jaa_0023.npy;tony_jaa_0008.npy;tony_jaa_0031.npy;tony_jaa_0012.npy;tony_jaa_0004.npy,7
yao_ming,yao_ming_0001.npy,yao_ming_0011.npy;yao_ming_0038.npy;yao_ming_0023.npy;yao_ming_0009.npy;yao_ming_0019.npy;yao_ming_0022.npy;yao_ming_0036.npy,7
yao_ming,yao_ming_0003.npy,yao_ming_0033.npy;yao_ming_0004.npy;yao_ming_0001.npy;yao_ming_0005.npy;yao_ming_0017.npy;yao_ming_0023.npy;yao_ming_0012.npy,7
yao_ming,yao_ming_0004.npy,yao_ming_0003.npy;yao_ming_0009.npy;yao_ming_0022.npy;yao_ming_0007.npy;yao_ming_0023.npy;yao_ming_0038.npy;yao_ming_0012.npy,7
yao_ming,yao_ming_0005.npy,yao_ming_0007.npy;yao_ming_0017.npy;yao_ming_0038.npy;yao_ming_0011.npy;yao_ming_0003.npy;yao_ming_0012.npy;yao_ming_0001.npy,7
yao_ming,yao_ming_0007.npy,yao_ming_0023.npy;yao_ming_0038.npy;yao_ming_0022.npy;yao_ming_0003.npy;yao_ming_0017.npy;yao_ming_0033.npy;yao_ming_0004.npy,7
yao_ming,yao_ming_0009.npy,yao_ming_0017.npy;yao_ming_0001.npy;yao_ming_0019.npy;yao_ming_0036.npy;yao_ming_0033.npy;yao_ming_0012.npy;yao_ming_0038.npy,7
yao_ming,yao_ming_0011.npy,yao_ming_0019.npy;yao_ming_0036.npy;yao_ming_0004.npy;yao_ming_0022.npy;yao_ming_0033.npy;yao_ming_0023.npy;yao_ming_0003.npy,7
yao_ming,yao_ming_0012.npy,yao_ming_0011.npy;yao_ming_0023.npy;yao_ming_0022.npy;yao_ming_0033.npy;yao_ming_0009.npy;yao_ming_0019.npy;yao_ming_0038.npy,7
yao_ming,yao_ming_0017.npy,yao_ming_0011.npy;yao_ming_0022.npy;yao_ming_0033.npy;yao_ming_0005.npy;yao_ming_0007.npy;yao_ming_0038.npy;yao_ming_0009.npy,7
yao_ming,yao_ming_0019.npy,yao_ming_0007.npy;yao_ming_0012.npy;yao_ming_0004.npy;yao_ming_0033.npy;yao_ming_0011.npy;yao_ming_0017.npy;yao_ming_0038.npy,7
yao_ming,yao_ming_0022.npy,yao_ming_0038.npy;yao_ming_0033.npy;yao_ming_0017.npy;yao_ming_0009.npy;yao_ming_0036.npy;yao_ming_0005.npy;yao_ming_0019.npy,7
yao_ming,yao_ming_0023.npy,yao_ming_0005.npy;yao_ming_0019.npy;yao_ming_0033.npy;yao_ming_0007.npy;yao_ming_0009.npy;yao_ming_0004.npy;yao_ming_0017.npy,7
yao_ming,yao_ming_0033.npy,yao_ming_0017.npy;yao_ming_0038.npy;yao_ming_0023.npy;yao_ming_0022.npy;yao_ming_0009.npy;yao_ming_0003.npy;yao_ming_0019.npy,7
yao_ming,yao_ming_0036.npy,yao_ming_0017.npy;yao_ming_0012.npy;yao_ming_0019.npy;yao_ming_0023.npy;yao_ming_0011.npy;yao_ming_0038.npy;yao_ming_0007.npy,7
yao_ming,yao_ming_0038.npy,yao_ming_0036.npy;yao_ming_0011.npy;yao_ming_0001.npy;yao_ming_0017.npy;yao_ming_0003.npy;yao_ming_0023.npy;yao_ming_0033.npy,7
ye_liu,ye_liu_0001.npy,ye_liu_0002.npy;ye_liu_0006.npy;ye_liu_0007.npy;ye_liu_0012.npy;ye_liu_0018.npy;ye_liu_0024.npy;ye_liu_0029.npy,7
ye_liu,ye_liu_0002.npy,ye_liu_0001.npy;ye_liu_0006.npy;ye_liu_0007.npy;ye_liu_0012.npy;ye_liu_0018.npy;ye_liu_0024.npy;ye_liu_0029.npy,7
ye_liu,ye_liu_0006.npy,ye_liu_0001.npy;ye_liu_0002.npy;ye_liu_0007.npy;ye_liu_0012.npy;ye_liu_0018.npy;ye_liu_0024.npy;ye_liu_0029.npy,7
ye_liu,ye_liu_0007.npy,ye_liu_0001.npy;ye_liu_0002.npy;ye_liu_0006.npy;ye_liu_0012.npy;ye_liu_0018.npy;ye_liu_0024.npy;ye_liu_0029.npy,7
ye_liu,ye_liu_0012.npy,ye_liu_0001.npy;ye_liu_0002.npy;ye_liu_0006.npy;ye_liu_0007.npy;ye_liu_0018.npy;ye_liu_0024.npy;ye_liu_0029.npy,7
ye_liu,ye_liu_0018.npy,ye_liu_0001.npy;ye_liu_0002.npy;ye_liu_0006.npy;ye_liu_0007.npy;ye_liu_0012.npy;ye_liu_0024.npy;ye_liu_0029.npy,7
ye_liu,ye_liu_0024.npy,ye_liu_0001.npy;ye_liu_0002.npy;ye_liu_0006.npy;ye_liu_0007.npy;ye_liu_0012.npy;ye_liu_0018.npy;ye_liu_0029.npy,7
ye_liu,ye_liu_0029.npy,ye_liu_0001.npy;ye_liu_0002.npy;ye_liu_0006.npy;ye_liu_0007.npy;ye_liu_0012.npy;ye_liu_0018.npy;ye_liu_0024.npy,7
yoo_ah_in,yoo_ah_in_0001.npy,yoo_ah_in_0015.npy;yoo_ah_in_0003.npy;yoo_ah_in_0044.npy;yoo_ah_in_0048.npy;yoo_ah_in_0018.npy;yoo_ah_in_0021.npy;yoo_ah_in_0027.npy,7
yoo_ah_in,yoo_ah_in_0003.npy,yoo_ah_in_0050.npy;yoo_ah_in_0015.npy;yoo_ah_in_0021.npy;yoo_ah_in_0044.npy;yoo_ah_in_0048.npy;yoo_ah_in_0001.npy;yoo_ah_in_0022.npy,7
yoo_ah_in,yoo_ah_in_0008.npy,yoo_ah_in_0050.npy;yoo_ah_in_0021.npy;yoo_ah_in_0018.npy;yoo_ah_in_0031.npy;yoo_ah_in_0001.npy;yoo_ah_in_0022.npy;yoo_ah_in_0027.npy,7
yoo_ah_in,yoo_ah_in_0015.npy,yoo_ah_in_0028.npy;yoo_ah_in_0003.npy;yoo_ah_in_0038.npy;yoo_ah_in_0031.npy;yoo_ah_in_0018.npy;yoo_ah_in_0027.npy;yoo_ah_in_0048.npy,7
yoo_ah_in,yoo_ah_in_0018.npy,yoo_ah_in_0031.npy;yoo_ah_in_0048.npy;yoo_ah_in_0021.npy;yoo_ah_in_0001.npy;yoo_ah_in_0027.npy;yoo_ah_in_0050.npy;yoo_ah_in_0015.npy,7
yoo_ah_in,yoo_ah_in_0021.npy,yoo_ah_in_0050.npy;yoo_ah_in_0044.npy;yoo_ah_in_0022.npy;yoo_ah_in_0031.npy;yoo_ah_in_0001.npy;yoo_ah_in_0038.npy;yoo_ah_in_0048.npy,7
yoo_ah_in,yoo_ah_in_0022.npy,yoo_ah_in_0018.npy;yoo_ah_in_0015.npy;yoo_ah_in_0038.npy;yoo_ah_in_0028.npy;yoo_ah_in_0048.npy;yoo_ah_in_0021.npy;yoo_ah_in_0027.npy,7
yoo_ah_in,yoo_ah_in_0027.npy,yoo_ah_in_0038.npy;yoo_ah_in_0031.npy;yoo_ah_in_0050.npy;yoo_ah_in_0015.npy;yoo_ah_in_0044.npy;yoo_ah_in_0018.npy;yoo_ah_in_0048.npy,7
yoo_ah_in,yoo_ah_in_0028.npy,yoo_ah_in_0008.npy;yoo_ah_in_0044.npy;yoo_ah_in_0003.npy;yoo_ah_in_0050.npy;yoo_ah_in_0038.npy;yoo_ah_in_0048.npy;yoo_ah_in_0015.npy,7
yoo_ah_in,yoo_ah_in_0031.npy,yoo_ah_in_0001.npy;yoo_ah_in_0022.npy;yoo_ah_in_0018.npy;yoo_ah_in_0028.npy;yoo_ah_in_0044.npy;yoo_ah_in_0008.npy;yoo_ah_in_0003.npy,7
yoo_ah_in,yoo_ah_in_0038.npy,yoo_ah_in_0031.npy;yoo_ah_in_0018.npy;yoo_ah_in_0001.npy;yoo_ah_in_0021.npy;yoo_ah_in_0027.npy;yoo_ah_in_0008.npy;yoo_ah_in_0044.npy,7
yoo_ah_in,yoo_ah_in_0044.npy,yoo_ah_in_0008.npy;yoo_ah_in_0021.npy;yoo_ah_in_0031.npy;yoo_ah_in_0001.npy;yoo_ah_in_0018.npy;yoo_ah_in_0027.npy;yoo_ah_in_0022.npy,7
yoo_ah_in,yoo_ah_in_0048.npy,yoo_ah_in_0031.npy;yoo_ah_in_0028.npy;yoo_ah_in_0021.npy;yoo_ah_in_0003.npy;yoo_ah_in_0038.npy;yoo_ah_in_0015.npy;yoo_ah_in_0050.npy,7
yoo_ah_in,yoo_ah_in_0050.npy,yoo_ah_in_0028.npy;yoo_ah_in_0003.npy;yoo_ah_in_0048.npy;yoo_ah_in_0008.npy;yoo_ah_in_0022.npy;yoo_ah_in_0038.npy;yoo_ah_in_0001.npy,7
young_man_kang,young_man_kang_0009.npy,young_man_kang_0030.npy;young_man_kang_0024.npy;young_man_kang_0012.npy;young_man_kang_0066.npy;young_man_kang_0022.npy;young_man_kang_0027.npy;young_man_kang_0049.npy,7
young_man_kang,young_man_kang_0010.npy,young_man_kang_0027.npy;young_man_kang_0024.npy;young_man_kang_0049.npy;young_man_kang_0066.npy;young_man_kang_0030.npy;young_man_kang_0055.npy;young_man_kang_0022.npy,7
young_man_kang,young_man_kang_0012.npy,young_man_kang_0009.npy;young_man_kang_0010.npy;young_man_kang_0030.npy;young_man_kang_0022.npy;young_man_kang_0024.npy;young_man_kang_0055.npy;young_man_kang_0049.npy,7
young_man_kang,young_man_kang_0022.npy,young_man_kang_0024.npy;young_man_kang_0009.npy;young_man_kang_0030.npy;young_man_kang_0012.npy;young_man_kang_0066.npy;young_man_kang_0055.npy;young_man_kang_0010.npy,7
young_man_kang,young_man_kang_0024.npy,young_man_kang_0027.npy;young_man_kang_0066.npy;young_man_kang_0009.npy;young_man_kang_0055.npy;young_man_kang_0012.npy;young_man_kang_0022.npy;young_man_kang_0010.npy,7
young_man_kang,young_man_kang_0027.npy,young_man_kang_0009.npy;young_man_kang_0024.npy;young_man_kang_0030.npy;young_man_kang_0010.npy;young_man_kang_0012.npy;young_man_kang_0066.npy;young_man_kang_0022.npy,7
young_man_kang,young_man_kang_0030.npy,young_man_kang_0012.npy;young_man_kang_0009.npy;young_man_kang_0027.npy;young_man_kang_0055.npy;young_man_kang_0010.npy;young_man_kang_0024.npy;young_man_kang_0066.npy,7
young_man_kang,young_man_kang_0049.npy,young_man_kang_0030.npy;young_man_kang_0010.npy;young_man_kang_0055.npy;young_man_kang_0024.npy;young_man_kang_0022.npy;young_man_kang_0009.npy;young_man_kang_0012.npy,7
young_man_kang,young_man_kang_0055.npy,young_man_kang_0012.npy;young_man_kang_0009.npy;young_man_kang_0022.npy;young_man_kang_0027.npy;young_man_kang_0066.npy;young_man_kang_0049.npy;young_man_kang_0030.npy,7
young_man_kang,young_man_kang_0066.npy,young_man_kang_0010.npy;young_man_kang_0009.npy;young_man_kang_0055.npy;young_man_kang_0012.npy;young_man_kang_0024.npy;young_man_kang_0049.npy;young_man_kang_0027.npy,7
aisha_tyler,aisha_tyler_0025.npy,aisha_tyler_0029.npy;aisha_tyler_0044.npy;aisha_tyler_0049.npy;aisha_tyler_0061.npy;aisha_tyler_0092.npy;aisha_tyler_0128.npy;aisha_tyler_0159.npy,7
aisha_tyler,aisha_tyler_0029.npy,aisha_tyler_0025.npy;aisha_tyler_0044.npy;aisha_tyler_0049.npy;aisha_tyler_0061.npy;aisha_tyler_0092.npy;aisha_tyler_0128.npy;aisha_tyler_0159.npy,7
aisha_tyler,aisha_tyler_0044.npy,aisha_tyler_0025.npy;aisha_tyler_0029.npy;aisha_tyler_0049.npy;aisha_tyler_0061.npy;aisha_tyler_0092.npy;aisha_tyler_0128.npy;aisha_tyler_0159.npy,7
aisha_tyler,aisha_tyler_0049.npy,aisha_tyler_0025.npy;aisha_tyler_0029.npy;aisha_tyler_0044.npy;aisha_tyler_0061.npy;aisha_tyler_0092.npy;aisha_tyler_0128.npy;aisha_tyler_0159.npy,7
aisha_tyler,aisha_tyler_0061.npy,aisha_tyler_0025.npy;aisha_tyler_0029.npy;aisha_tyler_0044.npy;aisha_tyler_0049.npy;aisha_tyler_0092.npy;aisha_tyler_0128.npy;aisha_tyler_0159.npy,7
aisha_tyler,aisha_tyler_0092.npy,aisha_tyler_0025.npy;aisha_tyler_0029.npy;aisha_tyler_0044.npy;aisha_tyler_0049.npy;aisha_tyler_0061.npy;aisha_tyler_0128.npy;aisha_tyler_0159.npy,7
aisha_tyler,aisha_tyler_0128.npy,aisha_tyler_0025.npy;aisha_tyler_0029.npy;aisha_tyler_0044.npy;aisha_tyler_0049.npy;aisha_tyler_0061.npy;aisha_tyler_0092.npy;aisha_tyler_0159.npy,7
aisha_tyler,aisha_tyler_0159.npy,aisha_tyler_0025.npy;aisha_tyler_0029.npy;aisha_tyler_0044.npy;aisha_tyler_0049.npy;aisha_tyler_0061.npy;aisha_tyler_0092.npy;aisha_tyler_0128.npy,7
gloria_reuben,gloria_reuben_0002.npy,gloria_reuben_0027.npy;gloria_reuben_0021.npy;gloria_reuben_0057.npy;gloria_reuben_0048.npy;gloria_reuben_0039.npy;gloria_reuben_0053.npy;gloria_reuben_0019.npy,7
gloria_reuben,gloria_reuben_0017.npy,gloria_reuben_0053.npy;gloria_reuben_0021.npy;gloria_reuben_0002.npy;gloria_reuben_0027.npy;gloria_reuben_0048.npy;gloria_reuben_0057.npy;gloria_reuben_0039.npy,7
gloria_reuben,gloria_reuben_0019.npy,gloria_reuben_0017.npy;gloria_reuben_0053.npy;gloria_reuben_0048.npy;gloria_reuben_0039.npy;gloria_reuben_0002.npy;gloria_reuben_0021.npy;gloria_reuben_0027.npy,7
gloria_reuben,gloria_reuben_0021.npy,gloria_reuben_0048.npy;gloria_reuben_0039.npy;gloria_reuben_0002.npy;gloria_reuben_0019.npy;gloria_reuben_0053.npy;gloria_reuben_0027.npy;gloria_reuben_0057.npy,7
gloria_reuben,gloria_reuben_0027.npy,gloria_reuben_0039.npy;gloria_reuben_0053.npy;gloria_reuben_0021.npy;gloria_reuben_0048.npy;gloria_reuben_0057.npy;gloria_reuben_0019.npy;gloria_reuben_0002.npy,7
gloria_reuben,gloria_reuben_0039.npy,gloria_reuben_0057.npy;gloria_reuben_0017.npy;gloria_reuben_0027.npy;gloria_reuben_0053.npy;gloria_reuben_0048.npy;gloria_reuben_0019.npy;gloria_reuben_0021.npy,7
gloria_reuben,gloria_reuben_0048.npy,gloria_reuben_0027.npy;gloria_reuben_0039.npy;gloria_reuben_0017.npy;gloria_reuben_0019.npy;gloria_reuben_0057.npy;gloria_reuben_0002.npy;gloria_reuben_0021.npy,7
gloria_reuben,gloria_reuben_0053.npy,gloria_reuben_0017.npy;gloria_reuben_0002.npy;gloria_reuben_0048.npy;gloria_reuben_0027.npy;gloria_reuben_0021.npy;gloria_reuben_0019.npy;gloria_reuben_0039.npy,7
gloria_reuben,gloria_reuben_0057.npy,gloria_reuben_0027.npy;gloria_reuben_0017.npy;gloria_reuben_0039.npy;gloria_reuben_0019.npy;gloria_reuben_0048.npy;gloria_reuben_0021.npy;gloria_reuben_0002.npy,7
jordin_sparks,jordin_sparks_0008.npy,jordin_sparks_0058.npy;jordin_sparks_0038.npy;jordin_sparks_0131.npy;jordin_sparks_0107.npy;jordin_sparks_0155.npy;jordin_sparks_0027.npy;jordin_sparks_0097.npy,7
jordin_sparks,jordin_sparks_0027.npy,jordin_sparks_0058.npy;jordin_sparks_0120.npy;jordin_sparks_0107.npy;jordin_sparks_0008.npy;jordin_sparks_0097.npy;jordin_sparks_0155.npy;jordin_sparks_0131.npy,7
jordin_sparks,jordin_sparks_0038.npy,jordin_sparks_0107.npy;jordin_sparks_0120.npy;jordin_sparks_0008.npy;jordin_sparks_0058.npy;jordin_sparks_0131.npy;jordin_sparks_0097.npy;jordin_sparks_0027.npy,7
jordin_sparks,jordin_sparks_0058.npy,jordin_sparks_0120.npy;jordin_sparks_0038.npy;jordin_sparks_0027.npy;jordin_sparks_0155.npy;jordin_sparks_0008.npy;jordin_sparks_0107.npy;jordin_sparks_0097.npy,7
jordin_sparks,jordin_sparks_0097.npy,jordin_sparks_0058.npy;jordin_sparks_0038.npy;jordin_sparks_0155.npy;jordin_sparks_0120.npy;jordin_sparks_0131.npy;jordin_sparks_0107.npy;jordin_sparks_0027.npy,7
jordin_sparks,jordin_sparks_0107.npy,jordin_sparks_0038.npy;jordin_sparks_0097.npy;jordin_sparks_0131.npy;jordin_sparks_0155.npy;jordin_sparks_0120.npy;jordin_sparks_0027.npy;jordin_sparks_0008.npy,7
jordin_sparks,jordin_sparks_0120.npy,jordin_sparks_0008.npy;jordin_sparks_0038.npy;jordin_sparks_0027.npy;jordin_sparks_0107.npy;jordin_sparks_0058.npy;jordin_sparks_0097.npy;jordin_sparks_0131.npy,7
jordin_sparks,jordin_sparks_0131.npy,jordin_sparks_0038.npy;jordin_sparks_0107.npy;jordin_sparks_0120.npy;jordin_sparks_0155.npy;jordin_sparks_0058.npy;jordin_sparks_0027.npy;jordin_sparks_0097.npy,7
jordin_sparks,jordin_sparks_0155.npy,jordin_sparks_0107.npy;jordin_sparks_0120.npy;jordin_sparks_0038.npy;jordin_sparks_0058.npy;jordin_sparks_0008.npy;jordin_sparks_0097.npy;jordin_sparks_0131.npy,7
regina_hall,regina_hall_0002.npy,regina_hall_0036.npy;regina_hall_0046.npy;regina_hall_0007.npy;regina_hall_0050.npy;regina_hall_0037.npy;regina_hall_0032.npy;regina_hall_0005.npy,7
regina_hall,regina_hall_0005.npy,regina_hall_0007.npy;regina_hall_0002.npy;regina_hall_0036.npy;regina_hall_0046.npy;regina_hall_0032.npy;regina_hall_0024.npy;regina_hall_0037.npy,7
regina_hall,regina_hall_0007.npy,regina_hall_0002.npy;regina_hall_0036.npy;regina_hall_0024.npy;regina_hall_0046.npy;regina_hall_0032.npy;regina_hall_0037.npy;regina_hall_0050.npy,7
regina_hall,regina_hall_0024.npy,regina_hall_0037.npy;regina_hall_0032.npy;regina_hall_0005.npy;regina_hall_0036.npy;regina_hall_0007.npy;regina_hall_0002.npy;regina_hall_0050.npy,7
regina_hall,regina_hall_0032.npy,regina_hall_0005.npy;regina_hall_0024.npy;regina_hall_0007.npy;regina_hall_0036.npy;regina_hall_0002.npy;regina_hall_0037.npy;regina_hall_0046.npy,7
regina_hall,regina_hall_0036.npy,regina_hall_0007.npy;regina_hall_0046.npy;regina_hall_0032.npy;regina_hall_0005.npy;regina_hall_0024.npy;regina_hall_0002.npy;regina_hall_0050.npy,7
regina_hall,regina_hall_0037.npy,regina_hall_0007.npy;regina_hall_0036.npy;regina_hall_0046.npy;regina_hall_0024.npy;regina_hall_0050.npy;regina_hall_0002.npy;regina_hall_0032.npy,7
regina_hall,regina_hall_0046.npy,regina_hall_0050.npy;regina_hall_0005.npy;regina_hall_0002.npy;regina_hall_0007.npy;regina_hall_0032.npy;regina_hall_0036.npy;regina_hall_0024.npy,7
regina_hall,regina_hall_0050.npy,regina_hall_0024.npy;regina_hall_0032.npy;regina_hall_0007.npy;regina_hall_0046.npy;regina_hall_0037.npy;regina_hall_0005.npy;regina_hall_0002.npy,7
sanaa_lathan,sanaa_lathan_0020.npy,sanaa_lathan_0049.npy;sanaa_lathan_0052.npy;sanaa_lathan_0054.npy;sanaa_lathan_0062.npy;sanaa_lathan_0109.npy;sanaa_lathan_0116.npy;sanaa_lathan_0118.npy,7
sanaa_lathan,sanaa_lathan_0049.npy,sanaa_lathan_0020.npy;sanaa_lathan_0052.npy;sanaa_lathan_0054.npy;sanaa_lathan_0062.npy;sanaa_lathan_0109.npy;sanaa_lathan_0116.npy;sanaa_lathan_0118.npy,7
sanaa_lathan,sanaa_lathan_0052.npy,sanaa_lathan_0020.npy;sanaa_lathan_0049.npy;sanaa_lathan_0054.npy;sanaa_lathan_0062.npy;sanaa_lathan_0109.npy;sanaa_lathan_0116.npy;sanaa_lathan_0118.npy,7
sanaa_lathan,sanaa_lathan_0054.npy,sanaa_lathan_0020.npy;sanaa_lathan_0049.npy;sanaa_lathan_0052.npy;sanaa_lathan_0062.npy;sanaa_lathan_0109.npy;sanaa_lathan_0116.npy;sanaa_lathan_0118.npy,7
sanaa_lathan,sanaa_lathan_0062.npy,sanaa_lathan_0020.npy;sanaa_lathan_0049.npy;sanaa_lathan_0052.npy;sanaa_lathan_0054.npy;sanaa_lathan_0109.npy;sanaa_lathan_0116.npy;sanaa_lathan_0118.npy,7
sanaa_lathan,sanaa_lathan_0109.npy,sanaa_lathan_0020.npy;sanaa_lathan_0049.npy;sanaa_lathan_0052.npy;sanaa_lathan_0054.npy;sanaa_lathan_0062.npy;sanaa_lathan_0116.npy;sanaa_lathan_0118.npy,7
sanaa_lathan,sanaa_lathan_0116.npy,sanaa_lathan_0020.npy;sanaa_lathan_0049.npy;sanaa_lathan_0052.npy;sanaa_lathan_0054.npy;sanaa_lathan_0062.npy;sanaa_lathan_0109.npy;sanaa_lathan_0118.npy,7
sanaa_lathan,sanaa_lathan_0118.npy,sanaa_lathan_0020.npy;sanaa_lathan_0049.npy;sanaa_lathan_0052.npy;sanaa_lathan_0054.npy;sanaa_lathan_0062.npy;sanaa_lathan_0109.npy;sanaa_lathan_0116.npy,7
selita_ebanks,selita_ebanks_0012.npy,selita_ebanks_0014.npy;selita_ebanks_0026.npy;selita_ebanks_0029.npy;selita_ebanks_0051.npy;selita_ebanks_0052.npy;selita_ebanks_0056.npy;selita_ebanks_0062.npy,7
selita_ebanks,selita_ebanks_0014.npy,selita_ebanks_0012.npy;selita_ebanks_0026.npy;selita_ebanks_0029.npy;selita_ebanks_0051.npy;selita_ebanks_0052.npy;selita_ebanks_0056.npy;selita_ebanks_0062.npy,7
selita_ebanks,selita_ebanks_0026.npy,selita_ebanks_0012.npy;selita_ebanks_0014.npy;selita_ebanks_0029.npy;selita_ebanks_0051.npy;selita_ebanks_0052.npy;selita_ebanks_0056.npy;selita_ebanks_0062.npy,7
selita_ebanks,selita_ebanks_0029.npy,selita_ebanks_0012.npy;selita_ebanks_0014.npy;selita_ebanks_0026.npy;selita_ebanks_0051.npy;selita_ebanks_0052.npy;selita_ebanks_0056.npy;selita_ebanks_0062.npy,7
selita_ebanks,selita_ebanks_0051.npy,selita_ebanks_0012.npy;selita_ebanks_0014.npy;selita_ebanks_0026.npy;selita_ebanks_0029.npy;selita_ebanks_0052.npy;selita_ebanks_0056.npy;selita_ebanks_0062.npy,7
selita_ebanks,selita_ebanks_0052.npy,selita_ebanks_0012.npy;selita_ebanks_0014.npy;selita_ebanks_0026.npy;selita_ebanks_0029.npy;selita_ebanks_0051.npy;selita_ebanks_0056.npy;selita_ebanks_0062.npy,7
selita_ebanks,selita_ebanks_0056.npy,selita_ebanks_0012.npy;selita_ebanks_0014.npy;selita_ebanks_0026.npy;selita_ebanks_0029.npy;selita_ebanks_0051.npy;selita_ebanks_0052.npy;selita_ebanks_0062.npy,7
selita_ebanks,selita_ebanks_0062.npy,selita_ebanks_0012.npy;selita_ebanks_0014.npy;selita_ebanks_0026.npy;selita_ebanks_0029.npy;selita_ebanks_0051.npy;selita_ebanks_0052.npy;selita_ebanks_0056.npy,7
tamala_jones,tamala_jones_0014.npy,tamala_jones_0016.npy;tamala_jones_0034.npy;tamala_jones_0043.npy;tamala_jones_0050.npy;tamala_jones_0059.npy;tamala_jones_0060.npy;tamala_jones_0067.npy,7
tamala_jones,tamala_jones_0016.npy,tamala_jones_0014.npy;tamala_jones_0034.npy;tamala_jones_0043.npy;tamala_jones_0050.npy;tamala_jones_0059.npy;tamala_jones_0060.npy;tamala_jones_0067.npy,7
tamala_jones,tamala_jones_0034.npy,tamala_jones_0014.npy;tamala_jones_0016.npy;tamala_jones_0043.npy;tamala_jones_0050.npy;tamala_jones_0059.npy;tamala_jones_0060.npy;tamala_jones_0067.npy,7
tamala_jones,tamala_jones_0043.npy,tamala_jones_0014.npy;tamala_jones_0016.npy;tamala_jones_0034.npy;tamala_jones_0050.npy;tamala_jones_0059.npy;tamala_jones_0060.npy;tamala_jones_0067.npy,7
tamala_jones,tamala_jones_0050.npy,tamala_jones_0014.npy;tamala_jones_0016.npy;tamala_jones_0034.npy;tamala_jones_0043.npy;tamala_jones_0059.npy;tamala_jones_0060.npy;tamala_jones_0067.npy,7
tamala_jones,tamala_jones_0059.npy,tamala_jones_0014.npy;tamala_jones_0016.npy;tamala_jones_0034.npy;tamala_jones_0043.npy;tamala_jones_0050.npy;tamala_jones_0060.npy;tamala_jones_0067.npy,7
tamala_jones,tamala_jones_0060.npy,tamala_jones_0014.npy;tamala_jones_0016.npy;tamala_jones_0034.npy;tamala_jones_0043.npy;tamala_jones_0050.npy;tamala_jones_0059.npy;tamala_jones_0067.npy,7
tamala_jones,tamala_jones_0067.npy,tamala_jones_0014.npy;tamala_jones_0016.npy;tamala_jones_0034.npy;tamala_jones_0043.npy;tamala_jones_0050.npy;tamala_jones_0059.npy;tamala_jones_0060.npy,7
tatyana_ali,tatyana_ali_0013.npy,tatyana_ali_0015.npy;tatyana_ali_0020.npy;tatyana_ali_0021.npy;tatyana_ali_0028.npy;tatyana_ali_0035.npy;tatyana_ali_0041.npy;tatyana_ali_0049.npy,7
tatyana_ali,tatyana_ali_0015.npy,tatyana_ali_0013.npy;tatyana_ali_0020.npy;tatyana_ali_0021.npy;tatyana_ali_0028.npy;tatyana_ali_0035.npy;tatyana_ali_0041.npy;tatyana_ali_0049.npy,7
tatyana_ali,tatyana_ali_0020.npy,tatyana_ali_0013.npy;tatyana_ali_0015.npy;tatyana_ali_0021.npy;tatyana_ali_0028.npy;tatyana_ali_0035.npy;tatyana_ali_0041.npy;tatyana_ali_0049.npy,7
tatyana_ali,tatyana_ali_0021.npy,tatyana_ali_0013.npy;tatyana_ali_0015.npy;tatyana_ali_0020.npy;tatyana_ali_0028.npy;tatyana_ali_0035.npy;tatyana_ali_0041.npy;tatyana_ali_0049.npy,7
tatyana_ali,tatyana_ali_0028.npy,tatyana_ali_0013.npy;tatyana_ali_0015.npy;tatyana_ali_0020.npy;tatyana_ali_0021.npy;tatyana_ali_0035.npy;tatyana_ali_0041.npy;tatyana_ali_0049.npy,7
tatyana_ali,tatyana_ali_0035.npy,tatyana_ali_0013.npy;tatyana_ali_0015.npy;tatyana_ali_0020.npy;tatyana_ali_0021.npy;tatyana_ali_0028.npy;tatyana_ali_0041.npy;tatyana_ali_0049.npy,7
tatyana_ali,tatyana_ali_0041.npy,tatyana_ali_0013.npy;tatyana_ali_0015.npy;tatyana_ali_0020.npy;tatyana_ali_0021.npy;tatyana_ali_0028.npy;tatyana_ali_0035.npy;tatyana_ali_0049.npy,7
tatyana_ali,tatyana_ali_0049.npy,tatyana_ali_0013.npy;tatyana_ali_0015.npy;tatyana_ali_0020.npy;tatyana_ali_0021.npy;tatyana_ali_0028.npy;tatyana_ali_0035.npy;tatyana_ali_0041.npy,7
yvette_nicole_brown,yvette_nicole_brown_0015.npy,yvette_nicole_brown_0020.npy;yvette_nicole_brown_0074.npy;yvette_nicole_brown_0041.npy;yvette_nicole_brown_0055.npy;yvette_nicole_brown_0082.npy;yvette_nicole_brown_0099.npy;yvette_nicole_brown_0044.npy,7
yvette_nicole_brown,yvette_nicole_brown_0020.npy,yvette_nicole_brown_0099.npy;yvette_nicole_brown_0096.npy;yvette_nicole_brown_0044.npy;yvette_nicole_brown_0082.npy;yvette_nicole_brown_0074.npy;yvette_nicole_brown_0045.npy;yvette_nicole_brown_0122.npy,7
yvette_nicole_brown,yvette_nicole_brown_0041.npy,yvette_nicole_brown_0099.npy;yvette_nicole_brown_0020.npy;yvette_nicole_brown_0096.npy;yvette_nicole_brown_0055.npy;yvette_nicole_brown_0045.npy;yvette_nicole_brown_0122.npy;yvette_nicole_brown_0088.npy,7
yvette_nicole_brown,yvette_nicole_brown_0044.npy,yvette_nicole_brown_0082.npy;yvette_nicole_brown_0074.npy;yvette_nicole_brown_0099.npy;yvette_nicole_brown_0088.npy;yvette_nicole_brown_0122.npy;yvette_nicole_brown_0045.npy;yvette_nicole_brown_0055.npy,7
yvette_nicole_brown,yvette_nicole_brown_0045.npy,yvette_nicole_brown_0015.npy;yvette_nicole_brown_0096.npy;yvette_nicole_brown_0041.npy;yvette_nicole_brown_0088.npy;yvette_nicole_brown_0020.npy;yvette_nicole_brown_0082.npy;yvette_nicole_brown_0122.npy,7
yvette_nicole_brown,yvette_nicole_brown_0055.npy,yvette_nicole_brown_0096.npy;yvette_nicole_brown_0045.npy;yvette_nicole_brown_0044.npy;yvette_nicole_brown_0041.npy;yvette_nicole_brown_0020.npy;yvette_nicole_brown_0082.npy;yvette_nicole_brown_0088.npy,7
yvette_nicole_brown,yvette_nicole_brown_0074.npy,yvette_nicole_brown_0099.npy;yvette_nicole_brown_0020.npy;yvette_nicole_brown_0044.npy;yvette_nicole_brown_0082.npy;yvette_nicole_brown_0088.npy;yvette_nicole_brown_0041.npy;yvette_nicole_brown_0015.npy,7
yvette_nicole_brown,yvette_nicole_brown_0082.npy,yvette_nicole_brown_0088.npy;yvette_nicole_brown_0122.npy;yvette_nicole_brown_0099.npy;yvette_nicole_brown_0044.npy;yvette_nicole_brown_0045.npy;yvette_nicole_brown_0020.npy;yvette_nicole_brown_0096.npy,7
yvette_nicole_brown,yvette_nicole_brown_0088.npy,yvette_nicole_brown_0015.npy;yvette_nicole_brown_0044.npy;yvette_nicole_brown_0122.npy;yvette_nicole_brown_0041.npy;yvette_nicole_brown_0045.npy;yvette_nicole_brown_0074.npy;yvette_nicole_brown_0020.npy,7
yvette_nicole_brown,yvette_nicole_brown_0096.npy,yvette_nicole_brown_0041.npy;yvette_nicole_brown_0088.npy;yvette_nicole_brown_0015.npy;yvette_nicole_brown_0122.npy;yvette_nicole_brown_0099.npy;yvette_nicole_brown_0020.npy;yvette_nicole_brown_0082.npy,7
yvette_nicole_brown,yvette_nicole_brown_0099.npy,yvette_nicole_brown_0041.npy;yvette_nicole_brown_0088.npy;yvette_nicole_brown_0074.npy;yvette_nicole_brown_0015.npy;yvette_nicole_brown_0055.npy;yvette_nicole_brown_0096.npy;yvette_nicole_brown_0122.npy,7
yvette_nicole_brown,yvette_nicole_brown_0122.npy,yvette_nicole_brown_0020.npy;yvette_nicole_brown_0044.npy;yvette_nicole_brown_0082.npy;yvette_nicole_brown_0088.npy;yvette_nicole_brown_0074.npy;yvette_nicole_brown_0096.npy;yvette_nicole_brown_0099.npy,7
aldis_hodge,aldis_hodge_0004.npy,aldis_hodge_0025.npy;aldis_hodge_0031.npy;aldis_hodge_0032.npy;aldis_hodge_0026.npy;aldis_hodge_0040.npy;aldis_hodge_0021.npy;aldis_hodge_0016.npy,7
aldis_hodge,aldis_hodge_0016.npy,aldis_hodge_0026.npy;aldis_hodge_0040.npy;aldis_hodge_0028.npy;aldis_hodge_0021.npy;aldis_hodge_0025.npy;aldis_hodge_0032.npy;aldis_hodge_0004.npy,7
aldis_hodge,aldis_hodge_0040.npy,aldis_hodge_0025.npy;aldis_hodge_0032.npy;aldis_hodge_0031.npy;aldis_hodge_0016.npy;aldis_hodge_0004.npy;aldis_hodge_0028.npy;aldis_hodge_0021.npy,7
aldis_hodge,aldis_hodge_0021.npy,aldis_hodge_0031.npy;aldis_hodge_0032.npy;aldis_hodge_0016.npy;aldis_hodge_0026.npy;aldis_hodge_0004.npy;aldis_hodge_0025.npy;aldis_hodge_0028.npy,7
aldis_hodge,aldis_hodge_0025.npy,aldis_hodge_0004.npy;aldis_hodge_0031.npy;aldis_hodge_0026.npy;aldis_hodge_0028.npy;aldis_hodge_0032.npy;aldis_hodge_0021.npy;aldis_hodge_0016.npy,7
aldis_hodge,aldis_hodge_0026.npy,aldis_hodge_0040.npy;aldis_hodge_0025.npy;aldis_hodge_0031.npy;aldis_hodge_0004.npy;aldis_hodge_0021.npy;aldis_hodge_0032.npy;aldis_hodge_0016.npy,7
aldis_hodge,aldis_hodge_0028.npy,aldis_hodge_0026.npy;aldis_hodge_0031.npy;aldis_hodge_0004.npy;aldis_hodge_0025.npy;aldis_hodge_0021.npy;aldis_hodge_0032.npy;aldis_hodge_0016.npy,7
aldis_hodge,aldis_hodge_0031.npy,aldis_hodge_0028.npy;aldis_hodge_0040.npy;aldis_hodge_0025.npy;aldis_hodge_0026.npy;aldis_hodge_0004.npy;aldis_hodge_0016.npy;aldis_hodge_0021.npy,7
aldis_hodge,aldis_hodge_0032.npy,aldis_hodge_0025.npy;aldis_hodge_0021.npy;aldis_hodge_0016.npy;aldis_hodge_0004.npy;aldis_hodge_0040.npy;aldis_hodge_0028.npy;aldis_hodge_0026.npy,7
donald_glover,donald_glover_0008.npy,donald_glover_0106.npy;donald_glover_0080.npy;donald_glover_0010.npy;donald_glover_0114.npy;donald_glover_0122.npy;donald_glover_0095.npy;donald_glover_0102.npy,7
donald_glover,donald_glover_0010.npy,donald_glover_0118.npy;donald_glover_0114.npy;donald_glover_0080.npy;donald_glover_0095.npy;donald_glover_0102.npy;donald_glover_0122.npy;donald_glover_0008.npy,7
donald_glover,donald_glover_0080.npy,donald_glover_0095.npy;donald_glover_0102.npy;donald_glover_0114.npy;donald_glover_0106.npy;donald_glover_0122.npy;donald_glover_0010.npy;donald_glover_0118.npy,7
donald_glover,donald_glover_0095.npy,donald_glover_0114.npy;donald_glover_0106.npy;donald_glover_0080.npy;donald_glover_0102.npy;donald_glover_0010.npy;donald_glover_0118.npy;donald_glover_0122.npy,7
donald_glover,donald_glover_0102.npy,donald_glover_0080.npy;donald_glover_0122.npy;donald_glover_0106.npy;donald_glover_0114.npy;donald_glover_0095.npy;donald_glover_0010.npy;donald_glover_0118.npy,7
donald_glover,donald_glover_0106.npy,donald_glover_0114.npy;donald_glover_0118.npy;donald_glover_0122.npy;donald_glover_0095.npy;donald_glover_0010.npy;donald_glover_0080.npy;donald_glover_0008.npy,7
donald_glover,donald_glover_0114.npy,donald_glover_0095.npy;donald_glover_0122.npy;donald_glover_0106.npy;donald_glover_0010.npy;donald_glover_0008.npy;donald_glover_0118.npy;donald_glover_0102.npy,7
donald_glover,donald_glover_0118.npy,donald_glover_0106.npy;donald_glover_0114.npy;donald_glover_0102.npy;donald_glover_0122.npy;donald_glover_0008.npy;donald_glover_0095.npy;donald_glover_0010.npy,7
donald_glover,donald_glover_0122.npy,donald_glover_0008.npy;donald_glover_0114.npy;donald_glover_0118.npy;donald_glover_0010.npy;donald_glover_0095.npy;donald_glover_0080.npy;donald_glover_0102.npy,7
dwayne_boyd,dwayne_boyd_0025.npy,dwayne_boyd_0028.npy;dwayne_boyd_0027.npy;dwayne_boyd_0030.npy;dwayne_boyd_0060.npy;dwayne_boyd_0055.npy;dwayne_boyd_0059.npy;dwayne_boyd_0032.npy,7
dwayne_boyd,dwayne_boyd_0027.npy,dwayne_boyd_0059.npy;dwayne_boyd_0032.npy;dwayne_boyd_0054.npy;dwayne_boyd_0055.npy;dwayne_boyd_0030.npy;dwayne_boyd_0060.npy;dwayne_boyd_0025.npy,7
dwayne_boyd,dwayne_boyd_0028.npy,dwayne_boyd_0030.npy;dwayne_boyd_0055.npy;dwayne_boyd_0032.npy;dwayne_boyd_0059.npy;dwayne_boyd_0025.npy;dwayne_boyd_0054.npy;dwayne_boyd_0027.npy,7
dwayne_boyd,dwayne_boyd_0030.npy,dwayne_boyd_0032.npy;dwayne_boyd_0025.npy;dwayne_boyd_0054.npy;dwayne_boyd_0055.npy;dwayne_boyd_0027.npy;dwayne_boyd_0028.npy;dwayne_boyd_0059.npy,7
dwayne_boyd,dwayne_boyd_0032.npy,dwayne_boyd_0025.npy;dwayne_boyd_0028.npy;dwayne_boyd_0027.npy;dwayne_boyd_0060.npy;dwayne_boyd_0055.npy;dwayne_boyd_0054.npy;dwayne_boyd_0030.npy,7
dwayne_boyd,dwayne_boyd_0054.npy,dwayne_boyd_0059.npy;dwayne_boyd_0028.npy;dwayne_boyd_0055.npy;dwayne_boyd_0030.npy;dwayne_boyd_0032.npy;dwayne_boyd_0060.npy;dwayne_boyd_0025.npy,7
dwayne_boyd,dwayne_boyd_0055.npy,dwayne_boyd_0025.npy;dwayne_boyd_0054.npy;dwayne_boyd_0059.npy;dwayne_boyd_0060.npy;dwayne_boyd_0032.npy;dwayne_boyd_0028.npy;dwayne_boyd_0027.npy,7
dwayne_boyd,dwayne_boyd_0059.npy,dwayne_boyd_0054.npy;dwayne_boyd_0028.npy;dwayne_boyd_0055.npy;dwayne_boyd_0027.npy;dwayne_boyd_0032.npy;dwayne_boyd_0030.npy;dwayne_boyd_0060.npy,7
dwayne_boyd,dwayne_boyd_0060.npy,dwayne_boyd_0025.npy;dwayne_boyd_0028.npy;dwayne_boyd_0027.npy;dwayne_boyd_0030.npy;dwayne_boyd_0059.npy;dwayne_boyd_0055.npy;dwayne_boyd_0032.npy,7
fabrice_eboue,fabrice_eboue_0901.npy,fabrice_eboue_0930.npy;fabrice_eboue_0906.npy;fabrice_eboue_0913.npy;fabrice_eboue_0903.npy;fabrice_eboue_0960.npy;fabrice_eboue_0957.npy;fabrice_eboue_0941.npy,7
fabrice_eboue,fabrice_eboue_0902.npy,fabrice_eboue_0957.npy;fabrice_eboue_0954.npy;fabrice_eboue_0940.npy;fabrice_eboue_0906.npy;fabrice_eboue_0929.npy;fabrice_eboue_0922.npy;fabrice_eboue_0941.npy,7
fabrice_eboue,fabrice_eboue_0903.npy,fabrice_eboue_0954.npy;fabrice_eboue_0905.npy;fabrice_eboue_0960.npy;fabrice_eboue_0913.npy;fabrice_eboue_0929.npy;fabrice_eboue_0941.npy;fabrice_eboue_0901.npy,7
fabrice_eboue,fabrice_eboue_0904.npy,fabrice_eboue_0929.npy;fabrice_eboue_0902.npy;fabrice_eboue_0906.npy;fabrice_eboue_0957.npy;fabrice_eboue_0922.npy;fabrice_eboue_0905.npy;fabrice_eboue_0940.npy,7
fabrice_eboue,fabrice_eboue_0905.npy,fabrice_eboue_0954.npy;fabrice_eboue_0913.npy;fabrice_eboue_0922.npy;fabrice_eboue_0957.npy;fabrice_eboue_0930.npy;fabrice_eboue_0941.npy;fabrice_eboue_0901.npy,7
fabrice_eboue,fabrice_eboue_0906.npy,fabrice_eboue_0942.npy;fabrice_eboue_0957.npy;fabrice_eboue_0905.npy;fabrice_eboue_0904.npy;fabrice_eboue_0954.npy;fabrice_eboue_0902.npy;fabrice_eboue_0922.npy,7
fabrice_eboue,fabrice_eboue_0913.npy,fabrice_eboue_0941.npy;fabrice_eboue_0942.npy;fabrice_eboue_0906.npy;fabrice_eboue_0902.npy;fabrice_eboue_0930.npy;fabrice_eboue_0903.npy;fabrice_eboue_0929.npy,7
fabrice_eboue,fabrice_eboue_0922.npy,fabrice_eboue_0906.npy;fabrice_eboue_0960.npy;fabrice_eboue_0904.npy;fabrice_eboue_0940.npy;fabrice_eboue_0905.npy;fabrice_eboue_0903.npy;fabrice_eboue_0954.npy,7
fabrice_eboue,fabrice_eboue_0929.npy,fabrice_eboue_0922.npy;fabrice_eboue_0942.npy;fabrice_eboue_0904.npy;fabrice_eboue_0954.npy;fabrice_eboue_0957.npy;fabrice_eboue_0905.npy;fabrice_eboue_0941.npy,7
fabrice_eboue,fabrice_eboue_0930.npy,fabrice_eboue_0904.npy;fabrice_eboue_0960.npy;fabrice_eboue_0957.npy;fabrice_eboue_0940.npy;fabrice_eboue_0906.npy;fabrice_eboue_0903.npy;fabrice_eboue_0902.npy,7
fabrice_eboue,fabrice_eboue_0940.npy,fabrice_eboue_0902.npy;fabrice_eboue_0960.npy;fabrice_eboue_0941.npy;fabrice_eboue_0954.npy;fabrice_eboue_0922.npy;fabrice_eboue_0930.npy;fabrice_eboue_0901.npy,7
fabrice_eboue,fabrice_eboue_0941.npy,fabrice_eboue_0954.npy;fabrice_eboue_0957.npy;fabrice_eboue_0929.npy;fabrice_eboue_0901.npy;fabrice_eboue_0922.npy;fabrice_eboue_0906.npy;fabrice_eboue_0930.npy,7
fabrice_eboue,fabrice_eboue_0942.npy,fabrice_eboue_0922.npy;fabrice_eboue_0930.npy;fabrice_eboue_0905.npy;fabrice_eboue_0960.npy;fabrice_eboue_0903.npy;fabrice_eboue_0929.npy;fabrice_eboue_0954.npy,7
fabrice_eboue,fabrice_eboue_0954.npy,fabrice_eboue_0913.npy;fabrice_eboue_0904.npy;fabrice_eboue_0942.npy;fabrice_eboue_0930.npy;fabrice_eboue_0903.npy;fabrice_eboue_0901.npy;fabrice_eboue_0929.npy,7
fabrice_eboue,fabrice_eboue_0957.npy,fabrice_eboue_0942.npy;fabrice_eboue_0913.npy;fabrice_eboue_0922.npy;fabrice_eboue_0929.npy;fabrice_eboue_0901.npy;fabrice_eboue_0941.npy;fabrice_eboue_0906.npy,7
fabrice_eboue,fabrice_eboue_0960.npy,fabrice_eboue_0913.npy;fabrice_eboue_0954.npy;fabrice_eboue_0940.npy;fabrice_eboue_0903.npy;fabrice_eboue_0922.npy;fabrice_eboue_0902.npy;fabrice_eboue_0929.npy,7
michael_ealy,michael_ealy_0037.npy,michael_ealy_0048.npy;michael_ealy_0086.npy;michael_ealy_0087.npy;michael_ealy_0121.npy;michael_ealy_0155.npy;michael_ealy_0165.npy;michael_ealy_0170.npy,7
michael_ealy,michael_ealy_0048.npy,michael_ealy_0037.npy;michael_ealy_0086.npy;michael_ealy_0087.npy;michael_ealy_0121.npy;michael_ealy_0155.npy;michael_ealy_0165.npy;michael_ealy_0170.npy,7
michael_ealy,michael_ealy_0086.npy,michael_ealy_0037.npy;michael_ealy_0048.npy;michael_ealy_0087.npy;michael_ealy_0121.npy;michael_ealy_0155.npy;michael_ealy_0165.npy;michael_ealy_0170.npy,7
michael_ealy,michael_ealy_0087.npy,michael_ealy_0037.npy;michael_ealy_0048.npy;michael_ealy_0086.npy;michael_ealy_0121.npy;michael_ealy_0155.npy;michael_ealy_0165.npy;michael_ealy_0170.npy,7
michael_ealy,michael_ealy_0121.npy,michael_ealy_0037.npy;michael_ealy_0048.npy;michael_ealy_0086.npy;michael_ealy_0087.npy;michael_ealy_0155.npy;michael_ealy_0165.npy;michael_ealy_0170.npy,7
michael_ealy,michael_ealy_0155.npy,michael_ealy_0037.npy;michael_ealy_0048.npy;michael_ealy_0086.npy;michael_ealy_0087.npy;michael_ealy_0121.npy;michael_ealy_0165.npy;michael_ealy_0170.npy,7
michael_ealy,michael_ealy_0165.npy,michael_ealy_0037.npy;michael_ealy_0048.npy;michael_ealy_0086.npy;michael_ealy_0087.npy;michael_ealy_0121.npy;michael_ealy_0155.npy;michael_ealy_0170.npy,7
michael_ealy,michael_ealy_0170.npy,michael_ealy_0037.npy;michael_ealy_0048.npy;michael_ealy_0086.npy;michael_ealy_0087.npy;michael_ealy_0121.npy;michael_ealy_0155.npy;michael_ealy_0165.npy,7
randy_jackson,randy_jackson_0085.npy,randy_jackson_0168.npy;randy_jackson_0139.npy;randy_jackson_0146.npy;randy_jackson_0116.npy;randy_jackson_0143.npy;randy_jackson_0161.npy;randy_jackson_0142.npy,7
randy_jackson,randy_jackson_0116.npy,randy_jackson_0161.npy;randy_jackson_0143.npy;randy_jackson_0085.npy;randy_jackson_0139.npy;randy_jackson_0168.npy;randy_jackson_0142.npy;randy_jackson_0119.npy,7
randy_jackson,randy_jackson_0119.npy,randy_jackson_0139.npy;randy_jackson_0143.npy;randy_jackson_0168.npy;randy_jackson_0116.npy;randy_jackson_0146.npy;randy_jackson_0161.npy;randy_jackson_0142.npy,7
randy_jackson,randy_jackson_0139.npy,randy_jackson_0146.npy;randy_jackson_0116.npy;randy_jackson_0142.npy;randy_jackson_0168.npy;randy_jackson_0161.npy;randy_jackson_0143.npy;randy_jackson_0119.npy,7
randy_jackson,randy_jackson_0142.npy,randy_jackson_0146.npy;randy_jackson_0161.npy;randy_jackson_0139.npy;randy_jackson_0119.npy;randy_jackson_0168.npy;randy_jackson_0085.npy;randy_jackson_0143.npy,7
randy_jackson,randy_jackson_0143.npy,randy_jackson_0139.npy;randy_jackson_0161.npy;randy_jackson_0085.npy;randy_jackson_0119.npy;randy_jackson_0116.npy;randy_jackson_0142.npy;randy_jackson_0168.npy,7
randy_jackson,randy_jackson_0146.npy,randy_jackson_0161.npy;randy_jackson_0116.npy;randy_jackson_0168.npy;randy_jackson_0143.npy;randy_jackson_0139.npy;randy_jackson_0085.npy;randy_jackson_0119.npy,7
randy_jackson,randy_jackson_0161.npy,randy_jackson_0146.npy;randy_jackson_0139.npy;randy_jackson_0116.npy;randy_jackson_0142.npy;randy_jackson_0119.npy;randy_jackson_0143.npy;randy_jackson_0168.npy,7
randy_jackson,randy_jackson_0168.npy,randy_jackson_0142.npy;randy_jackson_0161.npy;randy_jackson_0146.npy;randy_jackson_0085.npy;randy_jackson_0139.npy;randy_jackson_0143.npy;randy_jackson_0119.npy,7
romany_malco,romany_malco_0006.npy,romany_malco_0016.npy;romany_malco_0055.npy;romany_malco_0077.npy;romany_malco_0046.npy;romany_malco_0079.npy;romany_malco_0084.npy;romany_malco_0020.npy,7
romany_malco,romany_malco_0016.npy,romany_malco_0058.npy;romany_malco_0057.npy;romany_malco_0046.npy;romany_malco_0077.npy;romany_malco_0079.npy;romany_malco_0084.npy;romany_malco_0020.npy,7
romany_malco,romany_malco_0020.npy,romany_malco_0006.npy;romany_malco_0077.npy;romany_malco_0084.npy;romany_malco_0046.npy;romany_malco_0057.npy;romany_malco_0016.npy;romany_malco_0058.npy,7
romany_malco,romany_malco_0046.npy,romany_malco_0084.npy;romany_malco_0020.npy;romany_malco_0077.npy;romany_malco_0079.npy;romany_malco_0058.npy;romany_malco_0057.npy;romany_malco_0055.npy,7
romany_malco,romany_malco_0055.npy,romany_malco_0084.npy;romany_malco_0079.npy;romany_malco_0077.npy;romany_malco_0058.npy;romany_malco_0046.npy;romany_malco_0006.npy;romany_malco_0016.npy,7
romany_malco,romany_malco_0057.npy,romany_malco_0055.npy;romany_malco_0079.npy;romany_malco_0058.npy;romany_malco_0016.npy;romany_malco_0077.npy;romany_malco_0020.npy;romany_malco_0084.npy,7
romany_malco,romany_malco_0058.npy,romany_malco_0077.npy;romany_malco_0016.npy;romany_malco_0006.npy;romany_malco_0079.npy;romany_malco_0020.npy;romany_malco_0057.npy;romany_malco_0046.npy,7
romany_malco,romany_malco_0077.npy,romany_malco_0057.npy;romany_malco_0055.npy;romany_malco_0084.npy;romany_malco_0020.npy;romany_malco_0079.npy;romany_malco_0046.npy;romany_malco_0016.npy,7
romany_malco,romany_malco_0079.npy,romany_malco_0077.npy;romany_malco_0057.npy;romany_malco_0084.npy;romany_malco_0055.npy;romany_malco_0058.npy;romany_malco_0046.npy;romany_malco_0016.npy,7
romany_malco,romany_malco_0084.npy,romany_malco_0020.npy;romany_malco_0079.npy;romany_malco_0058.npy;romany_malco_0006.npy;romany_malco_0016.npy;romany_malco_0055.npy;romany_malco_0077.npy,7
steve_mcqueen,steve_mcqueen_0004.npy,steve_mcqueen_0073.npy;steve_mcqueen_0095.npy;steve_mcqueen_0097.npy;steve_mcqueen_0006.npy;steve_mcqueen_0014.npy;steve_mcqueen_0100.npy;steve_mcqueen_0036.npy,7
steve_mcqueen,steve_mcqueen_0006.npy,steve_mcqueen_0014.npy;steve_mcqueen_0004.npy;steve_mcqueen_0097.npy;steve_mcqueen_0036.npy;steve_mcqueen_0095.npy;steve_mcqueen_0073.npy;steve_mcqueen_0100.npy,7
steve_mcqueen,steve_mcqueen_0014.npy,steve_mcqueen_0006.npy;steve_mcqueen_0004.npy;steve_mcqueen_0016.npy;steve_mcqueen_0073.npy;steve_mcqueen_0100.npy;steve_mcqueen_0097.npy;steve_mcqueen_0036.npy,7
steve_mcqueen,steve_mcqueen_0016.npy,steve_mcqueen_0073.npy;steve_mcqueen_0006.npy;steve_mcqueen_0097.npy;steve_mcqueen_0014.npy;steve_mcqueen_0036.npy;steve_mcqueen_0100.npy;steve_mcqueen_0004.npy,7
steve_mcqueen,steve_mcqueen_0036.npy,steve_mcqueen_0014.npy;steve_mcqueen_0073.npy;steve_mcqueen_0006.npy;steve_mcqueen_0004.npy;steve_mcqueen_0097.npy;steve_mcqueen_0100.npy;steve_mcqueen_0095.npy,7
steve_mcqueen,steve_mcqueen_0073.npy,steve_mcqueen_0095.npy;steve_mcqueen_0097.npy;steve_mcqueen_0016.npy;steve_mcqueen_0100.npy;steve_mcqueen_0014.npy;steve_mcqueen_0036.npy;steve_mcqueen_0006.npy,7
steve_mcqueen,steve_mcqueen_0095.npy,steve_mcqueen_0014.npy;steve_mcqueen_0073.npy;steve_mcqueen_0036.npy;steve_mcqueen_0006.npy;steve_mcqueen_0016.npy;steve_mcqueen_0100.npy;steve_mcqueen_0097.npy,7
steve_mcqueen,steve_mcqueen_0097.npy,steve_mcqueen_0036.npy;steve_mcqueen_0014.npy;steve_mcqueen_0016.npy;steve_mcqueen_0100.npy;steve_mcqueen_0006.npy;steve_mcqueen_0004.npy;steve_mcqueen_0073.npy,7
steve_mcqueen,steve_mcqueen_0100.npy,steve_mcqueen_0036.npy;steve_mcqueen_0014.npy;steve_mcqueen_0016.npy;steve_mcqueen_0095.npy;steve_mcqueen_0006.npy;steve_mcqueen_0073.npy;steve_mcqueen_0004.npy,7
tracy_morgan,tracy_morgan_0011.npy,tracy_morgan_0013.npy;tracy_morgan_0107.npy;tracy_morgan_0029.npy;tracy_morgan_0054.npy;tracy_morgan_0053.npy;tracy_morgan_0030.npy;tracy_morgan_0088.npy,7
tracy_morgan,tracy_morgan_0013.npy,tracy_morgan_0011.npy;tracy_morgan_0088.npy;tracy_morgan_0131.npy;tracy_morgan_0053.npy;tracy_morgan_0190.npy;tracy_morgan_0059.npy;tracy_morgan_0030.npy,7
tracy_morgan,tracy_morgan_0022.npy,tracy_morgan_0053.npy;tracy_morgan_0130.npy;tracy_morgan_0030.npy;tracy_morgan_0011.npy;tracy_morgan_0054.npy;tracy_morgan_0013.npy;tracy_morgan_0131.npy,7
tracy_morgan,tracy_morgan_0029.npy,tracy_morgan_0107.npy;tracy_morgan_0059.npy;tracy_morgan_0131.npy;tracy_morgan_0030.npy;tracy_morgan_0022.npy;tracy_morgan_0054.npy;tracy_morgan_0130.npy,7
tracy_morgan,tracy_morgan_0030.npy,tracy_morgan_0131.npy;tracy_morgan_0059.npy;tracy_morgan_0190.npy;tracy_morgan_0029.npy;tracy_morgan_0053.npy;tracy_morgan_0011.npy;tracy_morgan_0107.npy,7
tracy_morgan,tracy_morgan_0053.npy,tracy_morgan_0131.npy;tracy_morgan_0029.npy;tracy_morgan_0107.npy;tracy_morgan_0030.npy;tracy_morgan_0130.npy;tracy_morgan_0054.npy;tracy_morgan_0059.npy,7
tracy_morgan,tracy_morgan_0054.npy,tracy_morgan_0107.npy;tracy_morgan_0030.npy;tracy_morgan_0059.npy;tracy_morgan_0029.npy;tracy_morgan_0013.npy;tracy_morgan_0088.npy;tracy_morgan_0130.npy,7
tracy_morgan,tracy_morgan_0059.npy,tracy_morgan_0030.npy;tracy_morgan_0013.npy;tracy_morgan_0088.npy;tracy_morgan_0130.npy;tracy_morgan_0190.npy;tracy_morgan_0053.npy;tracy_morgan_0107.npy,7
tracy_morgan,tracy_morgan_0088.npy,tracy_morgan_0059.npy;tracy_morgan_0029.npy;tracy_morgan_0053.npy;tracy_morgan_0011.npy;tracy_morgan_0022.npy;tracy_morgan_0107.npy;tracy_morgan_0030.npy,7
tracy_morgan,tracy_morgan_0107.npy,tracy_morgan_0011.npy;tracy_morgan_0022.npy;tracy_morgan_0013.npy;tracy_morgan_0030.npy;tracy_morgan_0088.npy;tracy_morgan_0130.npy;tracy_morgan_0053.npy,7
tracy_morgan,tracy_morgan_0130.npy,tracy_morgan_0059.npy;tracy_morgan_0011.npy;tracy_morgan_0029.npy;tracy_morgan_0013.npy;tracy_morgan_0022.npy;tracy_morgan_0131.npy;tracy_morgan_0107.npy,7
tracy_morgan,tracy_morgan_0131.npy,tracy_morgan_0029.npy;tracy_morgan_0053.npy;tracy_morgan_0054.npy;tracy_morgan_0030.npy;tracy_morgan_0059.npy;tracy_morgan_0022.npy;tracy_morgan_0190.npy,7
tracy_morgan,tracy_morgan_0190.npy,tracy_morgan_0131.npy;tracy_morgan_0011.npy;tracy_morgan_0053.npy;tracy_morgan_0013.npy;tracy_morgan_0022.npy;tracy_morgan_0130.npy;tracy_morgan_0059.npy,7
alison_brie,alison_brie_0018.npy,alison_brie_0129.npy;alison_brie_0042.npy;alison_brie_0136.npy;alison_brie_0130.npy;alison_brie_0071.npy;alison_brie_0195.npy;alison_brie_0142.npy,7
alison_brie,alison_brie_0039.npy,alison_brie_0129.npy;alison_brie_0018.npy;alison_brie_0042.npy;alison_brie_0072.npy;alison_brie_0198.npy;alison_brie_0130.npy;alison_brie_0136.npy,7
alison_brie,alison_brie_0042.npy,alison_brie_0072.npy;alison_brie_0018.npy;alison_brie_0198.npy;alison_brie_0130.npy;alison_brie_0039.npy;alison_brie_0093.npy;alison_brie_0126.npy,7
alison_brie,alison_brie_0071.npy,alison_brie_0072.npy;alison_brie_0130.npy;alison_brie_0129.npy;alison_brie_0093.npy;alison_brie_0126.npy;alison_brie_0039.npy;alison_brie_0195.npy,7
alison_brie,alison_brie_0072.npy,alison_brie_0198.npy;alison_brie_0018.npy;alison_brie_0136.npy;alison_brie_0142.npy;alison_brie_0039.npy;alison_brie_0042.npy;alison_brie_0071.npy,7
alison_brie,alison_brie_0093.npy,alison_brie_0195.npy;alison_brie_0072.npy;alison_brie_0071.npy;alison_brie_0126.npy;alison_brie_0018.npy;alison_brie_0129.npy;alison_brie_0136.npy,7
alison_brie,alison_brie_0126.npy,alison_brie_0071.npy;alison_brie_0039.npy;alison_brie_0198.npy;alison_brie_0129.npy;alison_brie_0093.npy;alison_brie_0018.npy;alison_brie_0195.npy,7
alison_brie,alison_brie_0129.npy,alison_brie_0072.npy;alison_brie_0142.npy;alison_brie_0039.npy;alison_brie_0126.npy;alison_brie_0071.npy;alison_brie_0018.npy;alison_brie_0136.npy,7
alison_brie,alison_brie_0130.npy,alison_brie_0142.npy;alison_brie_0129.npy;alison_brie_0198.npy;alison_brie_0042.npy;alison_brie_0093.npy;alison_brie_0126.npy;alison_brie_0018.npy,7
alison_brie,alison_brie_0136.npy,alison_brie_0071.npy;alison_brie_0042.npy;alison_brie_0129.npy;alison_brie_0039.npy;alison_brie_0093.npy;alison_brie_0126.npy;alison_brie_0142.npy,7
alison_brie,alison_brie_0142.npy,alison_brie_0018.npy;alison_brie_0198.npy;alison_brie_0093.npy;alison_brie_0042.npy;alison_brie_0039.npy;alison_brie_0129.npy;alison_brie_0071.npy,7
alison_brie,alison_brie_0195.npy,alison_brie_0071.npy;alison_brie_0093.npy;alison_brie_0130.npy;alison_brie_0142.npy;alison_brie_0129.npy;alison_brie_0136.npy;alison_brie_0039.npy,7
alison_brie,alison_brie_0198.npy,alison_brie_0018.npy;alison_brie_0126.npy;alison_brie_0093.npy;alison_brie_0042.npy;alison_brie_0072.npy;alison_brie_0195.npy;alison_brie_0071.npy,7
ariel_winter,ariel_winter_0005.npy,ariel_winter_0167.npy;ariel_winter_0105.npy;ariel_winter_0080.npy;ariel_winter_0142.npy;ariel_winter_0091.npy;ariel_winter_0017.npy;ariel_winter_0108.npy,7
ariel_winter,ariel_winter_0017.npy,ariel_winter_0108.npy;ariel_winter_0080.npy;ariel_winter_0167.npy;ariel_winter_0091.npy;ariel_winter_0142.npy;ariel_winter_0105.npy;ariel_winter_0005.npy,7
ariel_winter,ariel_winter_0026.npy,ariel_winter_0017.npy;ariel_winter_0105.npy;ariel_winter_0167.npy;ariel_winter_0091.npy;ariel_winter_0080.npy;ariel_winter_0108.npy;ariel_winter_0142.npy,7
ariel_winter,ariel_winter_0080.npy,ariel_winter_0167.npy;ariel_winter_0005.npy;ariel_winter_0108.npy;ariel_winter_0105.npy;ariel_winter_0091.npy;ariel_winter_0026.npy;ariel_winter_0142.npy,7
ariel_winter,ariel_winter_0091.npy,ariel_winter_0005.npy;ariel_winter_0105.npy;ariel_winter_0026.npy;ariel_winter_0142.npy;ariel_winter_0017.npy;ariel_winter_0080.npy;ariel_winter_0167.npy,7
ariel_winter,ariel_winter_0105.npy,ariel_winter_0142.npy;ariel_winter_0017.npy;ariel_winter_0091.npy;ariel_winter_0080.npy;ariel_winter_0167.npy;ariel_winter_0026.npy;ariel_winter_0108.npy,7
ariel_winter,ariel_winter_0108.npy,ariel_winter_0105.npy;ariel_winter_0080.npy;ariel_winter_0167.npy;ariel_winter_0026.npy;ariel_winter_0005.npy;ariel_winter_0142.npy;ariel_winter_0091.npy,7
ariel_winter,ariel_winter_0142.npy,ariel_winter_0005.npy;ariel_winter_0108.npy;ariel_winter_0017.npy;ariel_winter_0105.npy;ariel_winter_0167.npy;ariel_winter_0080.npy;ariel_winter_0026.npy,7
ariel_winter,ariel_winter_0167.npy,ariel_winter_0142.npy;ariel_winter_0017.npy;ariel_winter_0005.npy;ariel_winter_0105.npy;ariel_winter_0080.npy;ariel_winter_0026.npy;ariel_winter_0108.npy,7
aubrey_plaza,aubrey_plaza_0002.npy,aubrey_plaza_0074.npy;aubrey_plaza_0006.npy;aubrey_plaza_0025.npy;aubrey_plaza_0007.npy;aubrey_plaza_0093.npy;aubrey_plaza_0031.npy;aubrey_plaza_0079.npy,7
aubrey_plaza,aubrey_plaza_0006.npy,aubrey_plaza_0121.npy;aubrey_plaza_0093.npy;aubrey_plaza_0002.npy;aubrey_plaza_0031.npy;aubrey_plaza_0079.npy;aubrey_plaza_0007.npy;aubrey_plaza_0025.npy,7
aubrey_plaza,aubrey_plaza_0007.npy,aubrey_plaza_0079.npy;aubrey_plaza_0093.npy;aubrey_plaza_0121.npy;aubrey_plaza_0002.npy;aubrey_plaza_0025.npy;aubrey_plaza_0031.npy;aubrey_plaza_0074.npy,7
aubrey_plaza,aubrey_plaza_0025.npy,aubrey_plaza_0006.npy;aubrey_plaza_0093.npy;aubrey_plaza_0007.npy;aubrey_plaza_0002.npy;aubrey_plaza_0121.npy;aubrey_plaza_0079.npy;aubrey_plaza_0074.npy,7
aubrey_plaza,aubrey_plaza_0031.npy,aubrey_plaza_0006.npy;aubrey_plaza_0079.npy;aubrey_plaza_0121.npy;aubrey_plaza_0074.npy;aubrey_plaza_0025.npy;aubrey_plaza_0002.npy;aubrey_plaza_0007.npy,7
aubrey_plaza,aubrey_plaza_0074.npy,aubrey_plaza_0025.npy;aubrey_plaza_0031.npy;aubrey_plaza_0079.npy;aubrey_plaza_0006.npy;aubrey_plaza_0121.npy;aubrey_plaza_0007.npy;aubrey_plaza_0002.npy,7
aubrey_plaza,aubrey_plaza_0079.npy,aubrey_plaza_0074.npy;aubrey_plaza_0121.npy;aubrey_plaza_0025.npy;aubrey_plaza_0093.npy;aubrey_plaza_0002.npy;aubrey_plaza_0031.npy;aubrey_plaza_0007.npy,7
aubrey_plaza,aubrey_plaza_0093.npy,aubrey_plaza_0079.npy;aubrey_plaza_0031.npy;aubrey_plaza_0007.npy;aubrey_plaza_0006.npy;aubrey_plaza_0025.npy;aubrey_plaza_0121.npy;aubrey_plaza_0074.npy,7
aubrey_plaza,aubrey_plaza_0121.npy,aubrey_plaza_0074.npy;aubrey_plaza_0079.npy;aubrey_plaza_0007.npy;aubrey_plaza_0025.npy;aubrey_plaza_0031.npy;aubrey_plaza_0093.npy;aubrey_plaza_0006.npy,7
clare_grant,clare_grant_0009.npy,clare_grant_0014.npy;clare_grant_0015.npy;clare_grant_0024.npy;clare_grant_0037.npy;clare_grant_0041.npy;clare_grant_0045.npy;clare_grant_0051.npy,7
clare_grant,clare_grant_0014.npy,clare_grant_0009.npy;clare_grant_0015.npy;clare_grant_0024.npy;clare_grant_0037.npy;clare_grant_0041.npy;clare_grant_0045.npy;clare_grant_0051.npy,7
clare_grant,clare_grant_0015.npy,clare_grant_0009.npy;clare_grant_0014.npy;clare_grant_0024.npy;clare_grant_0037.npy;clare_grant_0041.npy;clare_grant_0045.npy;clare_grant_0051.npy,7
clare_grant,clare_grant_0024.npy,clare_grant_0009.npy;clare_grant_0014.npy;clare_grant_0015.npy;clare_grant_0037.npy;clare_grant_0041.npy;clare_grant_0045.npy;clare_grant_0051.npy,7
clare_grant,clare_grant_0037.npy,clare_grant_0009.npy;clare_grant_0014.npy;clare_grant_0015.npy;clare_grant_0024.npy;clare_grant_0041.npy;clare_grant_0045.npy;clare_grant_0051.npy,7
clare_grant,clare_grant_0041.npy,clare_grant_0009.npy;clare_grant_0014.npy;clare_grant_0015.npy;clare_grant_0024.npy;clare_grant_0037.npy;clare_grant_0045.npy;clare_grant_0051.npy,7
clare_grant,clare_grant_0045.npy,clare_grant_0009.npy;clare_grant_0014.npy;clare_grant_0015.npy;clare_grant_0024.npy;clare_grant_0037.npy;clare_grant_0041.npy;clare_grant_0051.npy,7
clare_grant,clare_grant_0051.npy,clare_grant_0009.npy;clare_grant_0014.npy;clare_grant_0015.npy;clare_grant_0024.npy;clare_grant_0037.npy;clare_grant_0041.npy;clare_grant_0045.npy,7
deborah_ann_woll,deborah_ann_woll_0001.npy,deborah_ann_woll_0015.npy;deborah_ann_woll_0018.npy;deborah_ann_woll_0043.npy;deborah_ann_woll_0049.npy;deborah_ann_woll_0054.npy;deborah_ann_woll_0071.npy;deborah_ann_woll_0073.npy,7
deborah_ann_woll,deborah_ann_woll_0015.npy,deborah_ann_woll_0001.npy;deborah_ann_woll_0018.npy;deborah_ann_woll_0043.npy;deborah_ann_woll_0049.npy;deborah_ann_woll_0054.npy;deborah_ann_woll_0071.npy;deborah_ann_woll_0073.npy,7
deborah_ann_woll,deborah_ann_woll_0018.npy,deborah_ann_woll_0001.npy;deborah_ann_woll_0015.npy;deborah_ann_woll_0043.npy;deborah_ann_woll_0049.npy;deborah_ann_woll_0054.npy;deborah_ann_woll_0071.npy;deborah_ann_woll_0073.npy,7
deborah_ann_woll,deborah_ann_woll_0043.npy,deborah_ann_woll_0001.npy;deborah_ann_woll_0015.npy;deborah_ann_woll_0018.npy;deborah_ann_woll_0049.npy;deborah_ann_woll_0054.npy;deborah_ann_woll_0071.npy;deborah_ann_woll_0073.npy,7
deborah_ann_woll,deborah_ann_woll_0049.npy,deborah_ann_woll_0001.npy;deborah_ann_woll_0015.npy;deborah_ann_woll_0018.npy;deborah_ann_woll_0043.npy;deborah_ann_woll_0054.npy;deborah_ann_woll_0071.npy;deborah_ann_woll_0073.npy,7
deborah_ann_woll,deborah_ann_woll_0054.npy,deborah_ann_woll_0001.npy;deborah_ann_woll_0015.npy;deborah_ann_woll_0018.npy;deborah_ann_woll_0043.npy;deborah_ann_woll_0049.npy;deborah_ann_woll_0071.npy;deborah_ann_woll_0073.npy,7
deborah_ann_woll,deborah_ann_woll_0071.npy,deborah_ann_woll_0001.npy;deborah_ann_woll_0015.npy;deborah_ann_woll_0018.npy;deborah_ann_woll_0043.npy;deborah_ann_woll_0049.npy;deborah_ann_woll_0054.npy;deborah_ann_woll_0073.npy,7
deborah_ann_woll,deborah_ann_woll_0073.npy,deborah_ann_woll_0001.npy;deborah_ann_woll_0015.npy;deborah_ann_woll_0018.npy;deborah_ann_woll_0043.npy;deborah_ann_woll_0049.npy;deborah_ann_woll_0054.npy;deborah_ann_woll_0071.npy,7
deprise_brescia,deprise_brescia_0001.npy,deprise_brescia_0049.npy;deprise_brescia_0012.npy;deprise_brescia_0045.npy;deprise_brescia_0035.npy;deprise_brescia_0020.npy;deprise_brescia_0011.npy;deprise_brescia_0021.npy,7
deprise_brescia,deprise_brescia_0005.npy,deprise_brescia_0035.npy;deprise_brescia_0049.npy;deprise_brescia_0034.npy;deprise_brescia_0001.npy;deprise_brescia_0021.npy;deprise_brescia_0045.npy;deprise_brescia_0011.npy,7
deprise_brescia,deprise_brescia_0007.npy,deprise_brescia_0049.npy;deprise_brescia_0001.npy;deprise_brescia_0011.npy;deprise_brescia_0035.npy;deprise_brescia_0045.npy;deprise_brescia_0034.npy;deprise_brescia_0005.npy,7
deprise_brescia,deprise_brescia_0011.npy,deprise_brescia_0012.npy;deprise_brescia_0021.npy;deprise_brescia_0001.npy;deprise_brescia_0034.npy;deprise_brescia_0045.npy;deprise_brescia_0007.npy;deprise_brescia_0005.npy,7
deprise_brescia,deprise_brescia_0012.npy,deprise_brescia_0005.npy;deprise_brescia_0001.npy;deprise_brescia_0035.npy;deprise_brescia_0007.npy;deprise_brescia_0049.npy;deprise_brescia_0021.npy;deprise_brescia_0034.npy,7
deprise_brescia,deprise_brescia_0020.npy,deprise_brescia_0021.npy;deprise_brescia_0011.npy;deprise_brescia_0045.npy;deprise_brescia_0007.npy;deprise_brescia_0034.npy;deprise_brescia_0001.npy;deprise_brescia_0035.npy,7
deprise_brescia,deprise_brescia_0021.npy,deprise_brescia_0049.npy;deprise_brescia_0011.npy;deprise_brescia_0005.npy;deprise_brescia_0020.npy;deprise_brescia_0007.npy;deprise_brescia_0045.npy;deprise_brescia_0035.npy,7
deprise_brescia,deprise_brescia_0034.npy,deprise_brescia_0035.npy;deprise_brescia_0005.npy;deprise_brescia_0012.npy;deprise_brescia_0001.npy;deprise_brescia_0020.npy;deprise_brescia_0049.npy;deprise_brescia_0011.npy,7
deprise_brescia,deprise_brescia_0035.npy,deprise_brescia_0005.npy;deprise_brescia_0001.npy;deprise_brescia_0020.npy;deprise_brescia_0007.npy;deprise_brescia_0011.npy;deprise_brescia_0034.npy;deprise_brescia_0045.npy,7
deprise_brescia,deprise_brescia_0045.npy,deprise_brescia_0011.npy;deprise_brescia_0001.npy;deprise_brescia_0021.npy;deprise_brescia_0035.npy;deprise_brescia_0007.npy;deprise_brescia_0012.npy;deprise_brescia_0034.npy,7
deprise_brescia,deprise_brescia_0049.npy,deprise_brescia_0020.npy;deprise_brescia_0035.npy;deprise_brescia_0007.npy;deprise_brescia_0034.npy;deprise_brescia_0012.npy;deprise_brescia_0005.npy;deprise_brescia_0045.npy,7
famke_janssen,famke_janssen_0021.npy,famke_janssen_0042.npy;famke_janssen_0062.npy;famke_janssen_0064.npy;famke_janssen_0069.npy;famke_janssen_0073.npy;famke_janssen_0117.npy;famke_janssen_0123.npy,7
famke_janssen,famke_janssen_0042.npy,famke_janssen_0021.npy;famke_janssen_0062.npy;famke_janssen_0064.npy;famke_janssen_0069.npy;famke_janssen_0073.npy;famke_janssen_0117.npy;famke_janssen_0123.npy,7
famke_janssen,famke_janssen_0062.npy,famke_janssen_0021.npy;famke_janssen_0042.npy;famke_janssen_0064.npy;famke_janssen_0069.npy;famke_janssen_0073.npy;famke_janssen_0117.npy;famke_janssen_0123.npy,7
famke_janssen,famke_janssen_0064.npy,famke_janssen_0021.npy;famke_janssen_0042.npy;famke_janssen_0062.npy;famke_janssen_0069.npy;famke_janssen_0073.npy;famke_janssen_0117.npy;famke_janssen_0123.npy,7
famke_janssen,famke_janssen_0069.npy,famke_janssen_0021.npy;famke_janssen_0042.npy;famke_janssen_0062.npy;famke_janssen_0064.npy;famke_janssen_0073.npy;famke_janssen_0117.npy;famke_janssen_0123.npy,7
famke_janssen,famke_janssen_0073.npy,famke_janssen_0021.npy;famke_janssen_0042.npy;famke_janssen_0062.npy;famke_janssen_0064.npy;famke_janssen_0069.npy;famke_janssen_0117.npy;famke_janssen_0123.npy,7
famke_janssen,famke_janssen_0117.npy,famke_janssen_0021.npy;famke_janssen_0042.npy;famke_janssen_0062.npy;famke_janssen_0064.npy;famke_janssen_0069.npy;famke_janssen_0073.npy;famke_janssen_0123.npy,7
famke_janssen,famke_janssen_0123.npy,famke_janssen_0021.npy;famke_janssen_0042.npy;famke_janssen_0062.npy;famke_janssen_0064.npy;famke_janssen_0069.npy;famke_janssen_0073.npy;famke_janssen_0117.npy,7
gabrielle_anwar,gabrielle_anwar_0003.npy,gabrielle_anwar_0023.npy;gabrielle_anwar_0177.npy;gabrielle_anwar_0090.npy;gabrielle_anwar_0104.npy;gabrielle_anwar_0027.npy;gabrielle_anwar_0173.npy;gabrielle_anwar_0073.npy,7
gabrielle_anwar,gabrielle_anwar_0023.npy,gabrielle_anwar_0078.npy;gabrielle_anwar_0090.npy;gabrielle_anwar_0042.npy;gabrielle_anwar_0175.npy;gabrielle_anwar_0086.npy;gabrielle_anwar_0003.npy;gabrielle_anwar_0073.npy,7
gabrielle_anwar,gabrielle_anwar_0027.npy,gabrielle_anwar_0175.npy;gabrielle_anwar_0003.npy;gabrielle_anwar_0173.npy;gabrielle_anwar_0090.npy;gabrielle_anwar_0078.npy;gabrielle_anwar_0177.npy;gabrielle_anwar_0073.npy,7
gabrielle_anwar,gabrielle_anwar_0042.npy,gabrielle_anwar_0173.npy;gabrielle_anwar_0090.npy;gabrielle_anwar_0027.npy;gabrielle_anwar_0175.npy;gabrielle_anwar_0104.npy;gabrielle_anwar_0078.npy;gabrielle_anwar_0023.npy,7
gabrielle_anwar,gabrielle_anwar_0073.npy,gabrielle_anwar_0104.npy;gabrielle_anwar_0090.npy;gabrielle_anwar_0175.npy;gabrielle_anwar_0042.npy;gabrielle_anwar_0173.npy;gabrielle_anwar_0023.npy;gabrielle_anwar_0003.npy,7
gabrielle_anwar,gabrielle_anwar_0078.npy,gabrielle_anwar_0073.npy;gabrielle_anwar_0090.npy;gabrielle_anwar_0086.npy;gabrielle_anwar_0023.npy;gabrielle_anwar_0173.npy;gabrielle_anwar_0175.npy;gabrielle_anwar_0042.npy,7
gabrielle_anwar,gabrielle_anwar_0086.npy,gabrielle_anwar_0090.npy;gabrielle_anwar_0078.npy;gabrielle_anwar_0177.npy;gabrielle_anwar_0042.npy;gabrielle_anwar_0175.npy;gabrielle_anwar_0027.npy;gabrielle_anwar_0073.npy,7
gabrielle_anwar,gabrielle_anwar_0090.npy,gabrielle_anwar_0177.npy;gabrielle_anwar_0003.npy;gabrielle_anwar_0073.npy;gabrielle_anwar_0027.npy;gabrielle_anwar_0078.npy;gabrielle_anwar_0175.npy;gabrielle_anwar_0042.npy,7
gabrielle_anwar,gabrielle_anwar_0104.npy,gabrielle_anwar_0175.npy;gabrielle_anwar_0027.npy;gabrielle_anwar_0090.npy;gabrielle_anwar_0003.npy;gabrielle_anwar_0042.npy;gabrielle_anwar_0023.npy;gabrielle_anwar_0078.npy,7
gabrielle_anwar,gabrielle_anwar_0173.npy,gabrielle_anwar_0078.npy;gabrielle_anwar_0027.npy;gabrielle_anwar_0023.npy;gabrielle_anwar_0175.npy;gabrielle_anwar_0003.npy;gabrielle_anwar_0104.npy;gabrielle_anwar_0073.npy,7
gabrielle_anwar,gabrielle_anwar_0175.npy,gabrielle_anwar_0027.npy;gabrielle_anwar_0073.npy;gabrielle_anwar_0003.npy;gabrielle_anwar_0078.npy;gabrielle_anwar_0023.npy;gabrielle_anwar_0194.npy;gabrielle_anwar_0042.npy,7
gabrielle_anwar,gabrielle_anwar_0177.npy,gabrielle_anwar_0090.npy;gabrielle_anwar_0003.npy;gabrielle_anwar_0078.npy;gabrielle_anwar_0042.npy;gabrielle_anwar_0104.npy;gabrielle_anwar_0023.npy;gabrielle_anwar_0073.npy,7
gabrielle_anwar,gabrielle_anwar_0194.npy,gabrielle_anwar_0104.npy;gabrielle_anwar_0073.npy;gabrielle_anwar_0177.npy;gabrielle_anwar_0090.npy;gabrielle_anwar_0027.npy;gabrielle_anwar_0078.npy;gabrielle_anwar_0086.npy,7
jill_hennessy,jill_hennessy_0001.npy,jill_hennessy_0006.npy;jill_hennessy_0025.npy;jill_hennessy_0054.npy;jill_hennessy_0059.npy;jill_hennessy_0060.npy;jill_hennessy_0098.npy;jill_hennessy_0116.npy,7
jill_hennessy,jill_hennessy_0006.npy,jill_hennessy_0001.npy;jill_hennessy_0025.npy;jill_hennessy_0054.npy;jill_hennessy_0059.npy;jill_hennessy_0060.npy;jill_hennessy_0098.npy;jill_hennessy_0116.npy,7
jill_hennessy,jill_hennessy_0025.npy,jill_hennessy_0001.npy;jill_hennessy_0006.npy;jill_hennessy_0054.npy;jill_hennessy_0059.npy;jill_hennessy_0060.npy;jill_hennessy_0098.npy;jill_hennessy_0116.npy,7
jill_hennessy,jill_hennessy_0054.npy,jill_hennessy_0001.npy;jill_hennessy_0006.npy;jill_hennessy_0025.npy;jill_hennessy_0059.npy;jill_hennessy_0060.npy;jill_hennessy_0098.npy;jill_hennessy_0116.npy,7
jill_hennessy,jill_hennessy_0059.npy,jill_hennessy_0001.npy;jill_hennessy_0006.npy;jill_hennessy_0025.npy;jill_hennessy_0054.npy;jill_hennessy_0060.npy;jill_hennessy_0098.npy;jill_hennessy_0116.npy,7
jill_hennessy,jill_hennessy_0060.npy,jill_hennessy_0001.npy;jill_hennessy_0006.npy;jill_hennessy_0025.npy;jill_hennessy_0054.npy;jill_hennessy_0059.npy;jill_hennessy_0098.npy;jill_hennessy_0116.npy,7
jill_hennessy,jill_hennessy_0098.npy,jill_hennessy_0001.npy;jill_hennessy_0006.npy;jill_hennessy_0025.npy;jill_hennessy_0054.npy;jill_hennessy_0059.npy;jill_hennessy_0060.npy;jill_hennessy_0116.npy,7
jill_hennessy,jill_hennessy_0116.npy,jill_hennessy_0001.npy;jill_hennessy_0006.npy;jill_hennessy_0025.npy;jill_hennessy_0054.npy;jill_hennessy_0059.npy;jill_hennessy_0060.npy;jill_hennessy_0098.npy,7
karolina_kurkova,karolina_kurkova_0002.npy,karolina_kurkova_0009.npy;karolina_kurkova_0039.npy;karolina_kurkova_0059.npy;karolina_kurkova_0071.npy;karolina_kurkova_0091.npy;karolina_kurkova_0026.npy;karolina_kurkova_0083.npy,7
karolina_kurkova,karolina_kurkova_0009.npy,karolina_kurkova_0002.npy;karolina_kurkova_0036.npy;karolina_kurkova_0026.npy;karolina_kurkova_0059.npy;karolina_kurkova_0083.npy;karolina_kurkova_0091.npy;karolina_kurkova_0071.npy,7
karolina_kurkova,karolina_kurkova_0026.npy,karolina_kurkova_0002.npy;karolina_kurkova_0091.npy;karolina_kurkova_0039.npy;karolina_kurkova_0036.npy;karolina_kurkova_0059.npy;karolina_kurkova_0083.npy;karolina_kurkova_0071.npy,7
karolina_kurkova,karolina_kurkova_0036.npy,karolina_kurkova_0059.npy;karolina_kurkova_0083.npy;karolina_kurkova_0071.npy;karolina_kurkova_0039.npy;karolina_kurkova_0009.npy;karolina_kurkova_0091.npy;karolina_kurkova_0002.npy,7
karolina_kurkova,karolina_kurkova_0039.npy,karolina_kurkova_0071.npy;karolina_kurkova_0036.npy;karolina_kurkova_0059.npy;karolina_kurkova_0091.npy;karolina_kurkova_0002.npy;karolina_kurkova_0083.npy;karolina_kurkova_0026.npy,7
karolina_kurkova,karolina_kurkova_0059.npy,karolina_kurkova_0091.npy;karolina_kurkova_0039.npy;karolina_kurkova_0071.npy;karolina_kurkova_0002.npy;karolina_kurkova_0083.npy;karolina_kurkova_0036.npy;karolina_kurkova_0009.npy,7
karolina_kurkova,karolina_kurkova_0071.npy,karolina_kurkova_0059.npy;karolina_kurkova_0036.npy;karolina_kurkova_0083.npy;karolina_kurkova_0009.npy;karolina_kurkova_0002.npy;karolina_kurkova_0039.npy;karolina_kurkova_0026.npy,7
karolina_kurkova,karolina_kurkova_0083.npy,karolina_kurkova_0059.npy;karolina_kurkova_0091.npy;karolina_kurkova_0026.npy;karolina_kurkova_0009.npy;karolina_kurkova_0071.npy;karolina_kurkova_0002.npy;karolina_kurkova_0039.npy,7
karolina_kurkova,karolina_kurkova_0091.npy,karolina_kurkova_0071.npy;karolina_kurkova_0083.npy;karolina_kurkova_0002.npy;karolina_kurkova_0039.npy;karolina_kurkova_0026.npy;karolina_kurkova_0059.npy;karolina_kurkova_0036.npy,7
laura_vandervoort,laura_vandervoort_0003.npy,laura_vandervoort_0029.npy;laura_vandervoort_0031.npy;laura_vandervoort_0039.npy;laura_vandervoort_0059.npy;laura_vandervoort_0072.npy;laura_vandervoort_0119.npy;laura_vandervoort_0146.npy,7
laura_vandervoort,laura_vandervoort_0029.npy,laura_vandervoort_0003.npy;laura_vandervoort_0031.npy;laura_vandervoort_0039.npy;laura_vandervoort_0059.npy;laura_vandervoort_0072.npy;laura_vandervoort_0119.npy;laura_vandervoort_0146.npy,7
laura_vandervoort,laura_vandervoort_0031.npy,laura_vandervoort_0003.npy;laura_vandervoort_0029.npy;laura_vandervoort_0039.npy;laura_vandervoort_0059.npy;laura_vandervoort_0072.npy;laura_vandervoort_0119.npy;laura_vandervoort_0146.npy,7
laura_vandervoort,laura_vandervoort_0039.npy,laura_vandervoort_0003.npy;laura_vandervoort_0029.npy;laura_vandervoort_0031.npy;laura_vandervoort_0059.npy;laura_vandervoort_0072.npy;laura_vandervoort_0119.npy;laura_vandervoort_0146.npy,7
laura_vandervoort,laura_vandervoort_0059.npy,laura_vandervoort_0003.npy;laura_vandervoort_0029.npy;laura_vandervoort_0031.npy;laura_vandervoort_0039.npy;laura_vandervoort_0072.npy;laura_vandervoort_0119.npy;laura_vandervoort_0146.npy,7
laura_vandervoort,laura_vandervoort_0072.npy,laura_vandervoort_0003.npy;laura_vandervoort_0029.npy;laura_vandervoort_0031.npy;laura_vandervoort_0039.npy;laura_vandervoort_0059.npy;laura_vandervoort_0119.npy;laura_vandervoort_0146.npy,7
laura_vandervoort,laura_vandervoort_0119.npy,laura_vandervoort_0003.npy;laura_vandervoort_0029.npy;laura_vandervoort_0031.npy;laura_vandervoort_0039.npy;laura_vandervoort_0059.npy;laura_vandervoort_0072.npy;laura_vandervoort_0146.npy,7
laura_vandervoort,laura_vandervoort_0146.npy,laura_vandervoort_0003.npy;laura_vandervoort_0029.npy;laura_vandervoort_0031.npy;laura_vandervoort_0039.npy;laura_vandervoort_0059.npy;laura_vandervoort_0072.npy;laura_vandervoort_0119.npy,7
linda_gray,linda_gray_0003.npy,linda_gray_0006.npy;linda_gray_0008.npy;linda_gray_0016.npy;linda_gray_0017.npy;linda_gray_0023.npy;linda_gray_0032.npy;linda_gray_0053.npy,7
linda_gray,linda_gray_0006.npy,linda_gray_0003.npy;linda_gray_0008.npy;linda_gray_0016.npy;linda_gray_0017.npy;linda_gray_0023.npy;linda_gray_0032.npy;linda_gray_0053.npy,7
linda_gray,linda_gray_0008.npy,linda_gray_0003.npy;linda_gray_0006.npy;linda_gray_0016.npy;linda_gray_0017.npy;linda_gray_0023.npy;linda_gray_0032.npy;linda_gray_0053.npy,7
linda_gray,linda_gray_0016.npy,linda_gray_0003.npy;linda_gray_0006.npy;linda_gray_0008.npy;linda_gray_0017.npy;linda_gray_0023.npy;linda_gray_0032.npy;linda_gray_0053.npy,7
linda_gray,linda_gray_0017.npy,linda_gray_0003.npy;linda_gray_0006.npy;linda_gray_0008.npy;linda_gray_0016.npy;linda_gray_0023.npy;linda_gray_0032.npy;linda_gray_0053.npy,7
linda_gray,linda_gray_0023.npy,linda_gray_0003.npy;linda_gray_0006.npy;linda_gray_0008.npy;linda_gray_0016.npy;linda_gray_0017.npy;linda_gray_0032.npy;linda_gray_0053.npy,7
linda_gray,linda_gray_0032.npy,linda_gray_0003.npy;linda_gray_0006.npy;linda_gray_0008.npy;linda_gray_0016.npy;linda_gray_0017.npy;linda_gray_0023.npy;linda_gray_0053.npy,7
linda_gray,linda_gray_0053.npy,linda_gray_0003.npy;linda_gray_0006.npy;linda_gray_0008.npy;linda_gray_0016.npy;linda_gray_0017.npy;linda_gray_0023.npy;linda_gray_0032.npy,7
marcia_gay_harden,marcia_gay_harden_0052.npy,marcia_gay_harden_0063.npy;marcia_gay_harden_0067.npy;marcia_gay_harden_0069.npy;marcia_gay_harden_0189.npy;marcia_gay_harden_0224.npy;marcia_gay_harden_0249.npy;marcia_gay_harden_0250.npy,7
marcia_gay_harden,marcia_gay_harden_0063.npy,marcia_gay_harden_0052.npy;marcia_gay_harden_0067.npy;marcia_gay_harden_0069.npy;marcia_gay_harden_0189.npy;marcia_gay_harden_0224.npy;marcia_gay_harden_0249.npy;marcia_gay_harden_0250.npy,7
marcia_gay_harden,marcia_gay_harden_0067.npy,marcia_gay_harden_0052.npy;marcia_gay_harden_0063.npy;marcia_gay_harden_0069.npy;marcia_gay_harden_0189.npy;marcia_gay_harden_0224.npy;marcia_gay_harden_0249.npy;marcia_gay_harden_0250.npy,7
marcia_gay_harden,marcia_gay_harden_0069.npy,marcia_gay_harden_0052.npy;marcia_gay_harden_0063.npy;marcia_gay_harden_0067.npy;marcia_gay_harden_0189.npy;marcia_gay_harden_0224.npy;marcia_gay_harden_0249.npy;marcia_gay_harden_0250.npy,7
marcia_gay_harden,marcia_gay_harden_0189.npy,marcia_gay_harden_0052.npy;marcia_gay_harden_0063.npy;marcia_gay_harden_0067.npy;marcia_gay_harden_0069.npy;marcia_gay_harden_0224.npy;marcia_gay_harden_0249.npy;marcia_gay_harden_0250.npy,7
marcia_gay_harden,marcia_gay_harden_0224.npy,marcia_gay_harden_0052.npy;marcia_gay_harden_0063.npy;marcia_gay_harden_0067.npy;marcia_gay_harden_0069.npy;marcia_gay_harden_0189.npy;marcia_gay_harden_0249.npy;marcia_gay_harden_0250.npy,7
marcia_gay_harden,marcia_gay_harden_0249.npy,marcia_gay_harden_0052.npy;marcia_gay_harden_0063.npy;marcia_gay_harden_0067.npy;marcia_gay_harden_0069.npy;marcia_gay_harden_0189.npy;marcia_gay_harden_0224.npy;marcia_gay_harden_0250.npy,7
marcia_gay_harden,marcia_gay_harden_0250.npy,marcia_gay_harden_0052.npy;marcia_gay_harden_0063.npy;marcia_gay_harden_0067.npy;marcia_gay_harden_0069.npy;marcia_gay_harden_0189.npy;marcia_gay_harden_0224.npy;marcia_gay_harden_0249.npy,7
megan_marie_wilson,megan_marie_wilson_0004.npy,megan_marie_wilson_0036.npy;megan_marie_wilson_0043.npy;megan_marie_wilson_0016.npy;megan_marie_wilson_0014.npy;megan_marie_wilson_0055.npy;megan_marie_wilson_0018.npy;megan_marie_wilson_0024.npy,7
megan_marie_wilson,megan_marie_wilson_0008.npy,megan_marie_wilson_0055.npy;megan_marie_wilson_0052.npy;megan_marie_wilson_0018.npy;megan_marie_wilson_0043.npy;megan_marie_wilson_0014.npy;megan_marie_wilson_0024.npy;megan_marie_wilson_0048.npy,7
megan_marie_wilson,megan_marie_wilson_0014.npy,megan_marie_wilson_0043.npy;megan_marie_wilson_0024.npy;megan_marie_wilson_0036.npy;megan_marie_wilson_0048.npy;megan_marie_wilson_0052.npy;megan_marie_wilson_0008.npy;megan_marie_wilson_0051.npy,7
megan_marie_wilson,megan_marie_wilson_0016.npy,megan_marie_wilson_0055.npy;megan_marie_wilson_0014.npy;megan_marie_wilson_0051.npy;megan_marie_wilson_0018.npy;megan_marie_wilson_0043.npy;megan_marie_wilson_0008.npy;megan_marie_wilson_0052.npy,7
megan_marie_wilson,megan_marie_wilson_0018.npy,megan_marie_wilson_0051.npy;megan_marie_wilson_0014.npy;megan_marie_wilson_0043.npy;megan_marie_wilson_0052.npy;megan_marie_wilson_0036.npy;megan_marie_wilson_0024.npy;megan_marie_wilson_0008.npy,7
megan_marie_wilson,megan_marie_wilson_0024.npy,megan_marie_wilson_0036.npy;megan_marie_wilson_0008.npy;megan_marie_wilson_0051.npy;megan_marie_wilson_0052.npy;megan_marie_wilson_0048.npy;megan_marie_wilson_0014.npy;megan_marie_wilson_0043.npy,7
megan_marie_wilson,megan_marie_wilson_0036.npy,megan_marie_wilson_0004.npy;megan_marie_wilson_0024.npy;megan_marie_wilson_0043.npy;megan_marie_wilson_0051.npy;megan_marie_wilson_0014.npy;megan_marie_wilson_0016.npy;megan_marie_wilson_0048.npy,7
megan_marie_wilson,megan_marie_wilson_0043.npy,megan_marie_wilson_0014.npy;megan_marie_wilson_0016.npy;megan_marie_wilson_0008.npy;megan_marie_wilson_0055.npy;megan_marie_wilson_0051.npy;megan_marie_wilson_0004.npy;megan_marie_wilson_0018.npy,7
megan_marie_wilson,megan_marie_wilson_0048.npy,megan_marie_wilson_0052.npy;megan_marie_wilson_0018.npy;megan_marie_wilson_0016.npy;megan_marie_wilson_0051.npy;megan_marie_wilson_0008.npy;megan_marie_wilson_0024.npy;megan_marie_wilson_0004.npy,7
megan_marie_wilson,megan_marie_wilson_0051.npy,megan_marie_wilson_0024.npy;megan_marie_wilson_0008.npy;megan_marie_wilson_0043.npy;megan_marie_wilson_0014.npy;megan_marie_wilson_0018.npy;megan_marie_wilson_0036.npy;megan_marie_wilson_0016.npy,7
megan_marie_wilson,megan_marie_wilson_0052.npy,megan_marie_wilson_0055.npy;megan_marie_wilson_0024.npy;megan_marie_wilson_0014.npy;megan_marie_wilson_0036.npy;megan_marie_wilson_0016.npy;megan_marie_wilson_0043.npy;megan_marie_wilson_0008.npy,7
megan_marie_wilson,megan_marie_wilson_0055.npy,megan_marie_wilson_0014.npy;megan_marie_wilson_0016.npy;megan_marie_wilson_0051.npy;megan_marie_wilson_0004.npy;megan_marie_wilson_0048.npy;megan_marie_wilson_0043.npy;megan_marie_wilson_0052.npy,7
melora_walters,melora_walters_0001.npy,melora_walters_0053.npy;melora_walters_0004.npy;melora_walters_0049.npy;melora_walters_0054.npy;melora_walters_0048.npy;melora_walters_0002.npy;melora_walters_0016.npy,7
melora_walters,melora_walters_0002.npy,melora_walters_0054.npy;melora_walters_0053.npy;melora_walters_0048.npy;melora_walters_0024.npy;melora_walters_0016.npy;melora_walters_0004.npy;melora_walters_0001.npy,7
melora_walters,melora_walters_0004.npy,melora_walters_0053.npy;melora_walters_0024.npy;melora_walters_0001.npy;melora_walters_0048.npy;melora_walters_0054.npy;melora_walters_0016.npy;melora_walters_0002.npy,7
melora_walters,melora_walters_0016.npy,melora_walters_0053.npy;melora_walters_0048.npy;melora_walters_0049.npy;melora_walters_0054.npy;melora_walters_0001.npy;melora_walters_0004.npy;melora_walters_0024.npy,7
melora_walters,melora_walters_0024.npy,melora_walters_0054.npy;melora_walters_0016.npy;melora_walters_0001.npy;melora_walters_0002.npy;melora_walters_0053.npy;melora_walters_0004.npy;melora_walters_0049.npy,7
melora_walters,melora_walters_0048.npy,melora_walters_0053.npy;melora_walters_0024.npy;melora_walters_0049.npy;melora_walters_0001.npy;melora_walters_0002.npy;melora_walters_0016.npy;melora_walters_0004.npy,7
melora_walters,melora_walters_0049.npy,melora_walters_0053.npy;melora_walters_0004.npy;melora_walters_0054.npy;melora_walters_0016.npy;melora_walters_0002.npy;melora_walters_0024.npy;melora_walters_0048.npy,7
melora_walters,melora_walters_0053.npy,melora_walters_0001.npy;melora_walters_0048.npy;melora_walters_0024.npy;melora_walters_0002.npy;melora_walters_0016.npy;melora_walters_0004.npy;melora_walters_0049.npy,7
melora_walters,melora_walters_0054.npy,melora_walters_0002.npy;melora_walters_0048.npy;melora_walters_0024.npy;melora_walters_0001.npy;melora_walters_0053.npy;melora_walters_0004.npy;melora_walters_0049.npy,7
mylene_dinh-robic,mylene_dinh-robic_0006.npy,mylene_dinh-robic_0936.npy;mylene_dinh-robic_0917.npy;mylene_dinh-robic_0916.npy;mylene_dinh-robic_0940.npy;mylene_dinh-robic_0904.npy;mylene_dinh-robic_0923.npy;mylene_dinh-robic_0911.npy,7
mylene_dinh-robic,mylene_dinh-robic_0904.npy,mylene_dinh-robic_0917.npy;mylene_dinh-robic_0940.npy;mylene_dinh-robic_0006.npy;mylene_dinh-robic_0916.npy;mylene_dinh-robic_0923.npy;mylene_dinh-robic_0936.npy;mylene_dinh-robic_0931.npy,7
mylene_dinh-robic,mylene_dinh-robic_0911.npy,mylene_dinh-robic_0904.npy;mylene_dinh-robic_0006.npy;mylene_dinh-robic_0936.npy;mylene_dinh-robic_0917.npy;mylene_dinh-robic_0916.npy;mylene_dinh-robic_0931.npy;mylene_dinh-robic_0940.npy,7
mylene_dinh-robic,mylene_dinh-robic_0916.npy,mylene_dinh-robic_0911.npy;mylene_dinh-robic_0917.npy;mylene_dinh-robic_0923.npy;mylene_dinh-robic_0936.npy;mylene_dinh-robic_0006.npy;mylene_dinh-robic_0931.npy;mylene_dinh-robic_0904.npy,7
mylene_dinh-robic,mylene_dinh-robic_0917.npy,mylene_dinh-robic_0911.npy;mylene_dinh-robic_0904.npy;mylene_dinh-robic_0936.npy;mylene_dinh-robic_0931.npy;mylene_dinh-robic_0006.npy;mylene_dinh-robic_0923.npy;mylene_dinh-robic_0940.npy,7
mylene_dinh-robic,mylene_dinh-robic_0923.npy,mylene_dinh-robic_0917.npy;mylene_dinh-robic_0931.npy;mylene_dinh-robic_0916.npy;mylene_dinh-robic_0911.npy;mylene_dinh-robic_0904.npy;mylene_dinh-robic_0006.npy;mylene_dinh-robic_0940.npy,7
mylene_dinh-robic,mylene_dinh-robic_0931.npy,mylene_dinh-robic_0916.npy;mylene_dinh-robic_0006.npy;mylene_dinh-robic_0917.npy;mylene_dinh-robic_0911.npy;mylene_dinh-robic_0936.npy;mylene_dinh-robic_0904.npy;mylene_dinh-robic_0923.npy,7
mylene_dinh-robic,mylene_dinh-robic_0936.npy,mylene_dinh-robic_0940.npy;mylene_dinh-robic_0917.npy;mylene_dinh-robic_0006.npy;mylene_dinh-robic_0931.npy;mylene_dinh-robic_0916.npy;mylene_dinh-robic_0923.npy;mylene_dinh-robic_0911.npy,7
mylene_dinh-robic,mylene_dinh-robic_0940.npy,mylene_dinh-robic_0936.npy;mylene_dinh-robic_0916.npy;mylene_dinh-robic_0931.npy;mylene_dinh-robic_0923.npy;mylene_dinh-robic_0006.npy;mylene_dinh-robic_0911.npy;mylene_dinh-robic_0917.npy,7
rose_byrne,rose_byrne_0039.npy,rose_byrne_0051.npy;rose_byrne_0055.npy;rose_byrne_0078.npy;rose_byrne_0118.npy;rose_byrne_0188.npy;rose_byrne_0205.npy;rose_byrne_0212.npy,7
rose_byrne,rose_byrne_0051.npy,rose_byrne_0039.npy;rose_byrne_0055.npy;rose_byrne_0078.npy;rose_byrne_0118.npy;rose_byrne_0188.npy;rose_byrne_0205.npy;rose_byrne_0212.npy,7
rose_byrne,rose_byrne_0055.npy,rose_byrne_0039.npy;rose_byrne_0051.npy;rose_byrne_0078.npy;rose_byrne_0118.npy;rose_byrne_0188.npy;rose_byrne_0205.npy;rose_byrne_0212.npy,7
rose_byrne,rose_byrne_0078.npy,rose_byrne_0039.npy;rose_byrne_0051.npy;rose_byrne_0055.npy;rose_byrne_0118.npy;rose_byrne_0188.npy;rose_byrne_0205.npy;rose_byrne_0212.npy,7
rose_byrne,rose_byrne_0118.npy,rose_byrne_0039.npy;rose_byrne_0051.npy;rose_byrne_0055.npy;rose_byrne_0078.npy;rose_byrne_0188.npy;rose_byrne_0205.npy;rose_byrne_0212.npy,7
rose_byrne,rose_byrne_0188.npy,rose_byrne_0039.npy;rose_byrne_0051.npy;rose_byrne_0055.npy;rose_byrne_0078.npy;rose_byrne_0118.npy;rose_byrne_0205.npy;rose_byrne_0212.npy,7
rose_byrne,rose_byrne_0205.npy,rose_byrne_0039.npy;rose_byrne_0051.npy;rose_byrne_0055.npy;rose_byrne_0078.npy;rose_byrne_0118.npy;rose_byrne_0188.npy;rose_byrne_0212.npy,7
rose_byrne,rose_byrne_0212.npy,rose_byrne_0039.npy;rose_byrne_0051.npy;rose_byrne_0055.npy;rose_byrne_0078.npy;rose_byrne_0118.npy;rose_byrne_0188.npy;rose_byrne_0205.npy,7
valeria_golino,valeria_golino_0006.npy,valeria_golino_0025.npy;valeria_golino_0031.npy;valeria_golino_0021.npy;valeria_golino_0049.npy;valeria_golino_0015.npy;valeria_golino_0013.npy;valeria_golino_0033.npy,7
valeria_golino,valeria_golino_0013.npy,valeria_golino_0021.npy;valeria_golino_0006.npy;valeria_golino_0033.npy;valeria_golino_0051.npy;valeria_golino_0049.npy;valeria_golino_0025.npy;valeria_golino_0031.npy,7
valeria_golino,valeria_golino_0015.npy,valeria_golino_0031.npy;valeria_golino_0021.npy;valeria_golino_0006.npy;valeria_golino_0033.npy;valeria_golino_0051.npy;valeria_golino_0013.npy;valeria_golino_0025.npy,7
valeria_golino,valeria_golino_0021.npy,valeria_golino_0015.npy;valeria_golino_0033.npy;valeria_golino_0051.npy;valeria_golino_0031.npy;valeria_golino_0013.npy;valeria_golino_0025.npy;valeria_golino_0049.npy,7
valeria_golino,valeria_golino_0025.npy,valeria_golino_0006.npy;valeria_golino_0051.npy;valeria_golino_0015.npy;valeria_golino_0033.npy;valeria_golino_0031.npy;valeria_golino_0013.npy;valeria_golino_0049.npy,7
valeria_golino,valeria_golino_0031.npy,valeria_golino_0049.npy;valeria_golino_0051.npy;valeria_golino_0025.npy;valeria_golino_0006.npy;valeria_golino_0015.npy;valeria_golino_0013.npy;valeria_golino_0033.npy,7
valeria_golino,valeria_golino_0033.npy,valeria_golino_0013.npy;valeria_golino_0031.npy;valeria_golino_0015.npy;valeria_golino_0049.npy;valeria_golino_0021.npy;valeria_golino_0025.npy;valeria_golino_0006.npy,7
valeria_golino,valeria_golino_0049.npy,valeria_golino_0021.npy;valeria_golino_0025.npy;valeria_golino_0006.npy;valeria_golino_0031.npy;valeria_golino_0033.npy;valeria_golino_0013.npy;valeria_golino_0015.npy,7
valeria_golino,valeria_golino_0051.npy,valeria_golino_0033.npy;valeria_golino_0025.npy;valeria_golino_0015.npy;valeria_golino_0031.npy;valeria_golino_0049.npy;valeria_golino_0006.npy;valeria_golino_0013.npy,7
willa_holland,willa_holland_0020.npy,willa_holland_0025.npy;willa_holland_0037.npy;willa_holland_0040.npy;willa_holland_0052.npy;willa_holland_0056.npy;willa_holland_0058.npy;willa_holland_0059.npy,7
willa_holland,willa_holland_0025.npy,willa_holland_0020.npy;willa_holland_0037.npy;willa_holland_0040.npy;willa_holland_0052.npy;willa_holland_0056.npy;willa_holland_0058.npy;willa_holland_0059.npy,7
willa_holland,willa_holland_0037.npy,willa_holland_0020.npy;willa_holland_0025.npy;willa_holland_0040.npy;willa_holland_0052.npy;willa_holland_0056.npy;willa_holland_0058.npy;willa_holland_0059.npy,7
willa_holland,willa_holland_0040.npy,willa_holland_0020.npy;willa_holland_0025.npy;willa_holland_0037.npy;willa_holland_0052.npy;willa_holland_0056.npy;willa_holland_0058.npy;willa_holland_0059.npy,7
willa_holland,willa_holland_0052.npy,willa_holland_0020.npy;willa_holland_0025.npy;willa_holland_0037.npy;willa_holland_0040.npy;willa_holland_0056.npy;willa_holland_0058.npy;willa_holland_0059.npy,7
willa_holland,willa_holland_0056.npy,willa_holland_0020.npy;willa_holland_0025.npy;willa_holland_0037.npy;willa_holland_0040.npy;willa_holland_0052.npy;willa_holland_0058.npy;willa_holland_0059.npy,7
willa_holland,willa_holland_0058.npy,willa_holland_0020.npy;willa_holland_0025.npy;willa_holland_0037.npy;willa_holland_0040.npy;willa_holland_0052.npy;willa_holland_0056.npy;willa_holland_0059.npy,7
willa_holland,willa_holland_0059.npy,willa_holland_0020.npy;willa_holland_0025.npy;willa_holland_0037.npy;willa_holland_0040.npy;willa_holland_0052.npy;willa_holland_0056.npy;willa_holland_0058.npy,7
amir_arison,amir_arison_0002.npy,amir_arison_0036.npy;amir_arison_0017.npy;amir_arison_0012.npy;amir_arison_0018.npy;amir_arison_0019.npy;amir_arison_0014.npy;amir_arison_0020.npy,7
amir_arison,amir_arison_0011.npy,amir_arison_0017.npy;amir_arison_0002.npy;amir_arison_0020.npy;amir_arison_0019.npy;amir_arison_0036.npy;amir_arison_0014.npy;amir_arison_0018.npy,7
amir_arison,amir_arison_0012.npy,amir_arison_0017.npy;amir_arison_0020.npy;amir_arison_0018.npy;amir_arison_0036.npy;amir_arison_0019.npy;amir_arison_0002.npy;amir_arison_0011.npy,7
amir_arison,amir_arison_0014.npy,amir_arison_0019.npy;amir_arison_0018.npy;amir_arison_0036.npy;amir_arison_0011.npy;amir_arison_0002.npy;amir_arison_0012.npy;amir_arison_0017.npy,7
amir_arison,amir_arison_0017.npy,amir_arison_0018.npy;amir_arison_0012.npy;amir_arison_0002.npy;amir_arison_0020.npy;amir_arison_0036.npy;amir_arison_0014.npy;amir_arison_0011.npy,7
amir_arison,amir_arison_0018.npy,amir_arison_0002.npy;amir_arison_0036.npy;amir_arison_0019.npy;amir_arison_0012.npy;amir_arison_0017.npy;amir_arison_0011.npy;amir_arison_0020.npy,7
amir_arison,amir_arison_0019.npy,amir_arison_0012.npy;amir_arison_0011.npy;amir_arison_0036.npy;amir_arison_0018.npy;amir_arison_0014.npy;amir_arison_0020.npy;amir_arison_0002.npy,7
amir_arison,amir_arison_0020.npy,amir_arison_0012.npy;amir_arison_0014.npy;amir_arison_0011.npy;amir_arison_0019.npy;amir_arison_0036.npy;amir_arison_0018.npy;amir_arison_0017.npy,7
amir_arison,amir_arison_0036.npy,amir_arison_0002.npy;amir_arison_0019.npy;amir_arison_0017.npy;amir_arison_0012.npy;amir_arison_0018.npy;amir_arison_0014.npy;amir_arison_0020.npy,7
antonio_sabato_jr,antonio_sabato_jr_0002.npy,antonio_sabato_jr_0016.npy;antonio_sabato_jr_0038.npy;antonio_sabato_jr_0044.npy;antonio_sabato_jr_0022.npy;antonio_sabato_jr_0056.npy;antonio_sabato_jr_0014.npy;antonio_sabato_jr_0031.npy,7
antonio_sabato_jr,antonio_sabato_jr_0008.npy,antonio_sabato_jr_0017.npy;antonio_sabato_jr_0002.npy;antonio_sabato_jr_0022.npy;antonio_sabato_jr_0029.npy;antonio_sabato_jr_0034.npy;antonio_sabato_jr_0015.npy;antonio_sabato_jr_0066.npy,7
antonio_sabato_jr,antonio_sabato_jr_0014.npy,antonio_sabato_jr_0038.npy;antonio_sabato_jr_0029.npy;antonio_sabato_jr_0015.npy;antonio_sabato_jr_0066.npy;antonio_sabato_jr_0008.npy;antonio_sabato_jr_0017.npy;antonio_sabato_jr_0022.npy,7
antonio_sabato_jr,antonio_sabato_jr_0015.npy,antonio_sabato_jr_0022.npy;antonio_sabato_jr_0056.npy;antonio_sabato_jr_0002.npy;antonio_sabato_jr_0017.npy;antonio_sabato_jr_0029.npy;antonio_sabato_jr_0008.npy;antonio_sabato_jr_0016.npy,7
antonio_sabato_jr,antonio_sabato_jr_0016.npy,antonio_sabato_jr_0015.npy;antonio_sabato_jr_0022.npy;antonio_sabato_jr_0031.npy;antonio_sabato_jr_0017.npy;antonio_sabato_jr_0066.npy;antonio_sabato_jr_0038.npy;antonio_sabato_jr_0008.npy,7
antonio_sabato_jr,antonio_sabato_jr_0017.npy,antonio_sabato_jr_0008.npy;antonio_sabato_jr_0022.npy;antonio_sabato_jr_0002.npy;antonio_sabato_jr_0015.npy;antonio_sabato_jr_0066.npy;antonio_sabato_jr_0031.npy;antonio_sabato_jr_0016.npy,7
antonio_sabato_jr,antonio_sabato_jr_0022.npy,antonio_sabato_jr_0002.npy;antonio_sabato_jr_0031.npy;antonio_sabato_jr_0034.npy;antonio_sabato_jr_0014.npy;antonio_sabato_jr_0015.npy;antonio_sabato_jr_0017.npy;antonio_sabato_jr_0044.npy,7
antonio_sabato_jr,antonio_sabato_jr_0029.npy,antonio_sabato_jr_0056.npy;antonio_sabato_jr_0034.npy;antonio_sabato_jr_0016.npy;antonio_sabato_jr_0017.npy;antonio_sabato_jr_0014.npy;antonio_sabato_jr_0008.npy;antonio_sabato_jr_0022.npy,7
antonio_sabato_jr,antonio_sabato_jr_0031.npy,antonio_sabato_jr_0034.npy;antonio_sabato_jr_0044.npy;antonio_sabato_jr_0014.npy;antonio_sabato_jr_0015.npy;antonio_sabato_jr_0002.npy;antonio_sabato_jr_0029.npy;antonio_sabato_jr_0038.npy,7
antonio_sabato_jr,antonio_sabato_jr_0034.npy,antonio_sabato_jr_0056.npy;antonio_sabato_jr_0031.npy;antonio_sabato_jr_0008.npy;antonio_sabato_jr_0002.npy;antonio_sabato_jr_0016.npy;antonio_sabato_jr_0038.npy;antonio_sabato_jr_0017.npy,7
antonio_sabato_jr,antonio_sabato_jr_0038.npy,antonio_sabato_jr_0034.npy;antonio_sabato_jr_0008.npy;antonio_sabato_jr_0017.npy;antonio_sabato_jr_0029.npy;antonio_sabato_jr_0002.npy;antonio_sabato_jr_0056.npy;antonio_sabato_jr_0016.npy,7
antonio_sabato_jr,antonio_sabato_jr_0044.npy,antonio_sabato_jr_0066.npy;antonio_sabato_jr_0038.npy;antonio_sabato_jr_0016.npy;antonio_sabato_jr_0002.npy;antonio_sabato_jr_0056.npy;antonio_sabato_jr_0015.npy;antonio_sabato_jr_0014.npy,7
antonio_sabato_jr,antonio_sabato_jr_0056.npy,antonio_sabato_jr_0015.npy;antonio_sabato_jr_0066.npy;antonio_sabato_jr_0016.npy;antonio_sabato_jr_0038.npy;antonio_sabato_jr_0031.npy;antonio_sabato_jr_0017.npy;antonio_sabato_jr_0022.npy,7
antonio_sabato_jr,antonio_sabato_jr_0066.npy,antonio_sabato_jr_0029.npy;antonio_sabato_jr_0038.npy;antonio_sabato_jr_0008.npy;antonio_sabato_jr_0016.npy;antonio_sabato_jr_0014.npy;antonio_sabato_jr_0031.npy;antonio_sabato_jr_0056.npy,7
chris_colfer,chris_colfer_0038.npy,chris_colfer_0042.npy;chris_colfer_0039.npy;chris_colfer_0130.npy;chris_colfer_0190.npy;chris_colfer_0150.npy;chris_colfer_0201.npy;chris_colfer_0125.npy,7
chris_colfer,chris_colfer_0039.npy,chris_colfer_0203.npy;chris_colfer_0150.npy;chris_colfer_0130.npy;chris_colfer_0114.npy;chris_colfer_0201.npy;chris_colfer_0042.npy;chris_colfer_0190.npy,7
chris_colfer,chris_colfer_0042.npy,chris_colfer_0130.npy;chris_colfer_0125.npy;chris_colfer_0039.npy;chris_colfer_0038.npy;chris_colfer_0114.npy;chris_colfer_0203.npy;chris_colfer_0201.npy,7
chris_colfer,chris_colfer_0114.npy,chris_colfer_0201.npy;chris_colfer_0038.npy;chris_colfer_0039.npy;chris_colfer_0203.npy;chris_colfer_0125.npy;chris_colfer_0150.npy;chris_colfer_0130.npy,7
chris_colfer,chris_colfer_0125.npy,chris_colfer_0190.npy;chris_colfer_0038.npy;chris_colfer_0201.npy;chris_colfer_0114.npy;chris_colfer_0150.npy;chris_colfer_0039.npy;chris_colfer_0042.npy,7
chris_colfer,chris_colfer_0130.npy,chris_colfer_0201.npy;chris_colfer_0150.npy;chris_colfer_0042.npy;chris_colfer_0190.npy;chris_colfer_0039.npy;chris_colfer_0038.npy;chris_colfer_0125.npy,7
chris_colfer,chris_colfer_0150.npy,chris_colfer_0042.npy;chris_colfer_0039.npy;chris_colfer_0190.npy;chris_colfer_0130.npy;chris_colfer_0114.npy;chris_colfer_0038.npy;chris_colfer_0201.npy,7
chris_colfer,chris_colfer_0190.npy,chris_colfer_0125.npy;chris_colfer_0201.npy;chris_colfer_0114.npy;chris_colfer_0039.npy;chris_colfer_0130.npy;chris_colfer_0203.npy;chris_colfer_0042.npy,7
chris_colfer,chris_colfer_0201.npy,chris_colfer_0125.npy;chris_colfer_0130.npy;chris_colfer_0114.npy;chris_colfer_0039.npy;chris_colfer_0042.npy;chris_colfer_0203.npy;chris_colfer_0190.npy,7
chris_colfer,chris_colfer_0203.npy,chris_colfer_0190.npy;chris_colfer_0038.npy;chris_colfer_0201.npy;chris_colfer_0114.npy;chris_colfer_0150.npy;chris_colfer_0042.npy;chris_colfer_0039.npy,7
chris_harrison,chris_harrison_0001.npy,chris_harrison_0020.npy;chris_harrison_0008.npy;chris_harrison_0021.npy;chris_harrison_0019.npy;chris_harrison_0011.npy;chris_harrison_0006.npy;chris_harrison_0016.npy,7
chris_harrison,chris_harrison_0004.npy,chris_harrison_0006.npy;chris_harrison_0019.npy;chris_harrison_0020.npy;chris_harrison_0016.npy;chris_harrison_0001.npy;chris_harrison_0008.npy;chris_harrison_0010.npy,7
chris_harrison,chris_harrison_0006.npy,chris_harrison_0004.npy;chris_harrison_0011.npy;chris_harrison_0020.npy;chris_harrison_0010.npy;chris_harrison_0016.npy;chris_harrison_0019.npy;chris_harrison_0001.npy,7
chris_harrison,chris_harrison_0008.npy,chris_harrison_0010.npy;chris_harrison_0006.npy;chris_harrison_0021.npy;chris_harrison_0019.npy;chris_harrison_0001.npy;chris_harrison_0020.npy;chris_harrison_0011.npy,7
chris_harrison,chris_harrison_0010.npy,chris_harrison_0019.npy;chris_harrison_0021.npy;chris_harrison_0011.npy;chris_harrison_0006.npy;chris_harrison_0020.npy;chris_harrison_0004.npy;chris_harrison_0001.npy,7
chris_harrison,chris_harrison_0011.npy,chris_harrison_0004.npy;chris_harrison_0020.npy;chris_harrison_0001.npy;chris_harrison_0010.npy;chris_harrison_0016.npy;chris_harrison_0008.npy;chris_harrison_0021.npy,7
chris_harrison,chris_harrison_0016.npy,chris_harrison_0021.npy;chris_harrison_0004.npy;chris_harrison_0019.npy;chris_harrison_0008.npy;chris_harrison_0020.npy;chris_harrison_0006.npy;chris_harrison_0010.npy,7
chris_harrison,chris_harrison_0019.npy,chris_harrison_0004.npy;chris_harrison_0021.npy;chris_harrison_0011.npy;chris_harrison_0010.npy;chris_harrison_0008.npy;chris_harrison_0006.npy;chris_harrison_0020.npy,7
chris_harrison,chris_harrison_0020.npy,chris_harrison_0001.npy;chris_harrison_0004.npy;chris_harrison_0019.npy;chris_harrison_0016.npy;chris_harrison_0010.npy;chris_harrison_0021.npy;chris_harrison_0008.npy,7
chris_harrison,chris_harrison_0021.npy,chris_harrison_0006.npy;chris_harrison_0019.npy;chris_harrison_0010.npy;chris_harrison_0020.npy;chris_harrison_0008.npy;chris_harrison_0016.npy;chris_harrison_0001.npy,7
david_henrie,david_henrie_0003.npy,david_henrie_0018.npy;david_henrie_0031.npy;david_henrie_0022.npy;david_henrie_0055.npy;david_henrie_0078.npy;david_henrie_0074.npy;david_henrie_0014.npy,7
david_henrie,david_henrie_0010.npy,david_henrie_0011.npy;david_henrie_0074.npy;david_henrie_0003.npy;david_henrie_0034.npy;david_henrie_0051.npy;david_henrie_0078.npy;david_henrie_0014.npy,7
david_henrie,david_henrie_0011.npy,david_henrie_0003.npy;david_henrie_0031.npy;david_henrie_0055.npy;david_henrie_0078.npy;david_henrie_0051.npy;david_henrie_0074.npy;david_henrie_0022.npy,7
david_henrie,david_henrie_0014.npy,david_henrie_0031.npy;david_henrie_0010.npy;david_henrie_0022.npy;david_henrie_0003.npy;david_henrie_0074.npy;david_henrie_0018.npy;david_henrie_0055.npy,7
david_henrie,david_henrie_0018.npy,david_henrie_0034.npy;david_henrie_0031.npy;david_henrie_0078.npy;david_henrie_0055.npy;david_henrie_0014.npy;david_henrie_0051.npy;david_henrie_0022.npy,7
david_henrie,david_henrie_0022.npy,david_henrie_0014.npy;david_henrie_0011.npy;david_henrie_0051.npy;david_henrie_0074.npy;david_henrie_0010.npy;david_henrie_0018.npy;david_henrie_0078.npy,7
david_henrie,david_henrie_0031.npy,david_henrie_0022.npy;david_henrie_0034.npy;david_henrie_0011.npy;david_henrie_0018.npy;david_henrie_0074.npy;david_henrie_0078.npy;david_henrie_0010.npy,7
david_henrie,david_henrie_0034.npy,david_henrie_0011.npy;david_henrie_0003.npy;david_henrie_0010.npy;david_henrie_0074.npy;david_henrie_0055.npy;david_henrie_0022.npy;david_henrie_0014.npy,7
david_henrie,david_henrie_0051.npy,david_henrie_0078.npy;david_henrie_0031.npy;david_henrie_0011.npy;david_henrie_0010.npy;david_henrie_0034.npy;david_henrie_0022.npy;david_henrie_0014.npy,7
david_henrie,david_henrie_0055.npy,david_henrie_0034.npy;david_henrie_0074.npy;david_henrie_0031.npy;david_henrie_0011.npy;david_henrie_0014.npy;david_henrie_0018.npy;david_henrie_0051.npy,7
david_henrie,david_henrie_0074.npy,david_henrie_0051.npy;david_henrie_0034.npy;david_henrie_0031.npy;david_henrie_0022.npy;david_henrie_0010.npy;david_henrie_0078.npy;david_henrie_0014.npy,7
david_henrie,david_henrie_0078.npy,david_henrie_0055.npy;david_henrie_0003.npy;david_henrie_0034.npy;david_henrie_0014.npy;david_henrie_0022.npy;david_henrie_0018.npy;david_henrie_0011.npy,7
david_pryor,david_pryor_0003.npy,david_pryor_0006.npy;david_pryor_0008.npy;david_pryor_0010.npy;david_pryor_0025.npy;david_pryor_0042.npy;david_pryor_0060.npy;david_pryor_0079.npy,7
david_pryor,david_pryor_0006.npy,david_pryor_0003.npy;david_pryor_0008.npy;david_pryor_0010.npy;david_pryor_0025.npy;david_pryor_0042.npy;david_pryor_0060.npy;david_pryor_0079.npy,7
david_pryor,david_pryor_0008.npy,david_pryor_0003.npy;david_pryor_0006.npy;david_pryor_0010.npy;david_pryor_0025.npy;david_pryor_0042.npy;david_pryor_0060.npy;david_pryor_0079.npy,7
david_pryor,david_pryor_0010.npy,david_pryor_0003.npy;david_pryor_0006.npy;david_pryor_0008.npy;david_pryor_0025.npy;david_pryor_0042.npy;david_pryor_0060.npy;david_pryor_0079.npy,7
david_pryor,david_pryor_0025.npy,david_pryor_0003.npy;david_pryor_0006.npy;david_pryor_0008.npy;david_pryor_0010.npy;david_pryor_0042.npy;david_pryor_0060.npy;david_pryor_0079.npy,7
david_pryor,david_pryor_0042.npy,david_pryor_0003.npy;david_pryor_0006.npy;david_pryor_0008.npy;david_pryor_0010.npy;david_pryor_0025.npy;david_pryor_0060.npy;david_pryor_0079.npy,7
david_pryor,david_pryor_0060.npy,david_pryor_0003.npy;david_pryor_0006.npy;david_pryor_0008.npy;david_pryor_0010.npy;david_pryor_0025.npy;david_pryor_0042.npy;david_pryor_0079.npy,7
david_pryor,david_pryor_0079.npy,david_pryor_0003.npy;david_pryor_0006.npy;david_pryor_0008.npy;david_pryor_0010.npy;david_pryor_0025.npy;david_pryor_0042.npy;david_pryor_0060.npy,7
david_tennant,david_tennant_0006.npy,david_tennant_0065.npy;david_tennant_0076.npy;david_tennant_0048.npy;david_tennant_0020.npy;david_tennant_0083.npy;david_tennant_0039.npy;david_tennant_0036.npy,7
david_tennant,david_tennant_0020.npy,david_tennant_0048.npy;david_tennant_0028.npy;david_tennant_0071.npy;david_tennant_0083.npy;david_tennant_0006.npy;david_tennant_0076.npy;david_tennant_0033.npy,7
david_tennant,david_tennant_0028.npy,david_tennant_0071.npy;david_tennant_0076.npy;david_tennant_0020.npy;david_tennant_0039.npy;david_tennant_0065.npy;david_tennant_0006.npy;david_tennant_0083.npy,7
david_tennant,david_tennant_0033.npy,david_tennant_0071.npy;david_tennant_0020.npy;david_tennant_0039.npy;david_tennant_0083.npy;david_tennant_0006.npy;david_tennant_0028.npy;david_tennant_0048.npy,7
david_tennant,david_tennant_0036.npy,david_tennant_0071.npy;david_tennant_0083.npy;david_tennant_0076.npy;david_tennant_0039.npy;david_tennant_0048.npy;david_tennant_0028.npy;david_tennant_0033.npy,7
david_tennant,david_tennant_0039.npy,david_tennant_0048.npy;david_tennant_0036.npy;david_tennant_0076.npy;david_tennant_0020.npy;david_tennant_0006.npy;david_tennant_0071.npy;david_tennant_0028.npy,7
david_tennant,david_tennant_0048.npy,david_tennant_0083.npy;david_tennant_0036.npy;david_tennant_0006.npy;david_tennant_0039.npy;david_tennant_0033.npy;david_tennant_0076.npy;david_tennant_0020.npy,7
david_tennant,david_tennant_0065.npy,david_tennant_0083.npy;david_tennant_0006.npy;david_tennant_0036.npy;david_tennant_0048.npy;david_tennant_0039.npy;david_tennant_0071.npy;david_tennant_0076.npy,7
david_tennant,david_tennant_0071.npy,david_tennant_0036.npy;david_tennant_0065.npy;david_tennant_0020.npy;david_tennant_0076.npy;david_tennant_0083.npy;david_tennant_0006.npy;david_tennant_0028.npy,7
david_tennant,david_tennant_0076.npy,david_tennant_0036.npy;david_tennant_0028.npy;david_tennant_0083.npy;david_tennant_0071.npy;david_tennant_0048.npy;david_tennant_0006.npy;david_tennant_0065.npy,7
david_tennant,david_tennant_0083.npy,david_tennant_0076.npy;david_tennant_0028.npy;david_tennant_0071.npy;david_tennant_0039.npy;david_tennant_0033.npy;david_tennant_0065.npy;david_tennant_0020.npy,7
dean_cain,dean_cain_0007.npy,dean_cain_0025.npy;dean_cain_0032.npy;dean_cain_0043.npy;dean_cain_0046.npy;dean_cain_0048.npy;dean_cain_0076.npy;dean_cain_0083.npy,7
dean_cain,dean_cain_0025.npy,dean_cain_0007.npy;dean_cain_0032.npy;dean_cain_0043.npy;dean_cain_0046.npy;dean_cain_0048.npy;dean_cain_0076.npy;dean_cain_0083.npy,7
dean_cain,dean_cain_0032.npy,dean_cain_0007.npy;dean_cain_0025.npy;dean_cain_0043.npy;dean_cain_0046.npy;dean_cain_0048.npy;dean_cain_0076.npy;dean_cain_0083.npy,7
dean_cain,dean_cain_0043.npy,dean_cain_0007.npy;dean_cain_0025.npy;dean_cain_0032.npy;dean_cain_0046.npy;dean_cain_0048.npy;dean_cain_0076.npy;dean_cain_0083.npy,7
dean_cain,dean_cain_0046.npy,dean_cain_0007.npy;dean_cain_0025.npy;dean_cain_0032.npy;dean_cain_0043.npy;dean_cain_0048.npy;dean_cain_0076.npy;dean_cain_0083.npy,7
dean_cain,dean_cain_0048.npy,dean_cain_0007.npy;dean_cain_0025.npy;dean_cain_0032.npy;dean_cain_0043.npy;dean_cain_0046.npy;dean_cain_0076.npy;dean_cain_0083.npy,7
dean_cain,dean_cain_0076.npy,dean_cain_0007.npy;dean_cain_0025.npy;dean_cain_0032.npy;dean_cain_0043.npy;dean_cain_0046.npy;dean_cain_0048.npy;dean_cain_0083.npy,7
dean_cain,dean_cain_0083.npy,dean_cain_0007.npy;dean_cain_0025.npy;dean_cain_0032.npy;dean_cain_0043.npy;dean_cain_0046.npy;dean_cain_0048.npy;dean_cain_0076.npy,7
dominic_cooper,dominic_cooper_0001.npy,dominic_cooper_0055.npy;dominic_cooper_0048.npy;dominic_cooper_0091.npy;dominic_cooper_0028.npy;dominic_cooper_0130.npy;dominic_cooper_0024.npy;dominic_cooper_0043.npy,7
dominic_cooper,dominic_cooper_0024.npy,dominic_cooper_0028.npy;dominic_cooper_0043.npy;dominic_cooper_0120.npy;dominic_cooper_0088.npy;dominic_cooper_0048.npy;dominic_cooper_0062.npy;dominic_cooper_0055.npy,7
dominic_cooper,dominic_cooper_0028.npy,dominic_cooper_0048.npy;dominic_cooper_0091.npy;dominic_cooper_0043.npy;dominic_cooper_0024.npy;dominic_cooper_0055.npy;dominic_cooper_0120.npy;dominic_cooper_0001.npy,7
dominic_cooper,dominic_cooper_0043.npy,dominic_cooper_0055.npy;dominic_cooper_0024.npy;dominic_cooper_0001.npy;dominic_cooper_0120.npy;dominic_cooper_0048.npy;dominic_cooper_0062.npy;dominic_cooper_0130.npy,7
dominic_cooper,dominic_cooper_0048.npy,dominic_cooper_0055.npy;dominic_cooper_0091.npy;dominic_cooper_0043.npy;dominic_cooper_0120.npy;dominic_cooper_0062.npy;dominic_cooper_0088.npy;dominic_cooper_0130.npy,7
dominic_cooper,dominic_cooper_0055.npy,dominic_cooper_0048.npy;dominic_cooper_0028.npy;dominic_cooper_0088.npy;dominic_cooper_0001.npy;dominic_cooper_0120.npy;dominic_cooper_0043.npy;dominic_cooper_0130.npy,7
dominic_cooper,dominic_cooper_0062.npy,dominic_cooper_0055.npy;dominic_cooper_0120.npy;dominic_cooper_0001.npy;dominic_cooper_0091.npy;dominic_cooper_0048.npy;dominic_cooper_0028.npy;dominic_cooper_0043.npy,7
dominic_cooper,dominic_cooper_0088.npy,dominic_cooper_0130.npy;dominic_cooper_0048.npy;dominic_cooper_0055.npy;dominic_cooper_0028.npy;dominic_cooper_0062.npy;dominic_cooper_0001.npy;dominic_cooper_0091.npy,7
dominic_cooper,dominic_cooper_0091.npy,dominic_cooper_0130.npy;dominic_cooper_0062.npy;dominic_cooper_0088.npy;dominic_cooper_0120.npy;dominic_cooper_0055.npy;dominic_cooper_0024.npy;dominic_cooper_0048.npy,7
dominic_cooper,dominic_cooper_0120.npy,dominic_cooper_0091.npy;dominic_cooper_0055.npy;dominic_cooper_0028.npy;dominic_cooper_0088.npy;dominic_cooper_0048.npy;dominic_cooper_0001.npy;dominic_cooper_0130.npy,7
dominic_cooper,dominic_cooper_0130.npy,dominic_cooper_0024.npy;dominic_cooper_0001.npy;dominic_cooper_0062.npy;dominic_cooper_0091.npy;dominic_cooper_0048.npy;dominic_cooper_0088.npy;dominic_cooper_0043.npy,7
eddie_cibrian,eddie_cibrian_0001.npy,eddie_cibrian_0005.npy;eddie_cibrian_0007.npy;eddie_cibrian_0014.npy;eddie_cibrian_0019.npy;eddie_cibrian_0028.npy;eddie_cibrian_0051.npy;eddie_cibrian_0053.npy,7
eddie_cibrian,eddie_cibrian_0005.npy,eddie_cibrian_0001.npy;eddie_cibrian_0007.npy;eddie_cibrian_0014.npy;eddie_cibrian_0019.npy;eddie_cibrian_0028.npy;eddie_cibrian_0051.npy;eddie_cibrian_0053.npy,7
eddie_cibrian,eddie_cibrian_0007.npy,eddie_cibrian_0001.npy;eddie_cibrian_0005.npy;eddie_cibrian_0014.npy;eddie_cibrian_0019.npy;eddie_cibrian_0028.npy;eddie_cibrian_0051.npy;eddie_cibrian_0053.npy,7
eddie_cibrian,eddie_cibrian_0014.npy,eddie_cibrian_0001.npy;eddie_cibrian_0005.npy;eddie_cibrian_0007.npy;eddie_cibrian_0019.npy;eddie_cibrian_0028.npy;eddie_cibrian_0051.npy;eddie_cibrian_0053.npy,7
eddie_cibrian,eddie_cibrian_0019.npy,eddie_cibrian_0001.npy;eddie_cibrian_0005.npy;eddie_cibrian_0007.npy;eddie_cibrian_0014.npy;eddie_cibrian_0028.npy;eddie_cibrian_0051.npy;eddie_cibrian_0053.npy,7
eddie_cibrian,eddie_cibrian_0028.npy,eddie_cibrian_0001.npy;eddie_cibrian_0005.npy;eddie_cibrian_0007.npy;eddie_cibrian_0014.npy;eddie_cibrian_0019.npy;eddie_cibrian_0051.npy;eddie_cibrian_0053.npy,7
eddie_cibrian,eddie_cibrian_0051.npy,eddie_cibrian_0001.npy;eddie_cibrian_0005.npy;eddie_cibrian_0007.npy;eddie_cibrian_0014.npy;eddie_cibrian_0019.npy;eddie_cibrian_0028.npy;eddie_cibrian_0053.npy,7
eddie_cibrian,eddie_cibrian_0053.npy,eddie_cibrian_0001.npy;eddie_cibrian_0005.npy;eddie_cibrian_0007.npy;eddie_cibrian_0014.npy;eddie_cibrian_0019.npy;eddie_cibrian_0028.npy;eddie_cibrian_0051.npy,7
federico_dordei,federico_dordei_0013.npy,federico_dordei_0058.npy;federico_dordei_0036.npy;federico_dordei_0043.npy;federico_dordei_0079.npy;federico_dordei_0081.npy;federico_dordei_0020.npy;federico_dordei_0063.npy,7
federico_dordei,federico_dordei_0020.npy,federico_dordei_0079.npy;federico_dordei_0030.npy;federico_dordei_0013.npy;federico_dordei_0036.npy;federico_dordei_0081.npy;federico_dordei_0058.npy;federico_dordei_0082.npy,7
federico_dordei,federico_dordei_0030.npy,federico_dordei_0020.npy;federico_dordei_0079.npy;federico_dordei_0032.npy;federico_dordei_0063.npy;federico_dordei_0081.npy;federico_dordei_0013.npy;federico_dordei_0058.npy,7
federico_dordei,federico_dordei_0032.npy,federico_dordei_0030.npy;federico_dordei_0043.npy;federico_dordei_0081.npy;federico_dordei_0070.npy;federico_dordei_0020.npy;federico_dordei_0058.npy;federico_dordei_0036.npy,7
federico_dordei,federico_dordei_0036.npy,federico_dordei_0043.npy;federico_dordei_0063.npy;federico_dordei_0058.npy;federico_dordei_0082.npy;federico_dordei_0030.npy;federico_dordei_0081.npy;federico_dordei_0013.npy,7
federico_dordei,federico_dordei_0043.npy,federico_dordei_0036.npy;federico_dordei_0013.npy;federico_dordei_0063.npy;federico_dordei_0079.npy;federico_dordei_0058.npy;federico_dordei_0081.npy;federico_dordei_0030.npy,7
federico_dordei,federico_dordei_0058.npy,federico_dordei_0036.npy;federico_dordei_0030.npy;federico_dordei_0070.npy;federico_dordei_0020.npy;federico_dordei_0079.npy;federico_dordei_0076.npy;federico_dordei_0082.npy,7
federico_dordei,federico_dordei_0063.npy,federico_dordei_0058.npy;federico_dordei_0030.npy;federico_dordei_0070.npy;federico_dordei_0020.npy;federico_dordei_0081.npy;federico_dordei_0036.npy;federico_dordei_0032.npy,7
federico_dordei,federico_dordei_0070.npy,federico_dordei_0032.npy;federico_dordei_0079.npy;federico_dordei_0020.npy;federico_dordei_0063.npy;federico_dordei_0036.npy;federico_dordei_0013.npy;federico_dordei_0058.npy,7
federico_dordei,federico_dordei_0076.npy,federico_dordei_0020.npy;federico_dordei_0082.npy;federico_dordei_0079.npy;federico_dordei_0036.npy;federico_dordei_0063.npy;federico_dordei_0013.npy;federico_dordei_0032.npy,7
federico_dordei,federico_dordei_0079.npy,federico_dordei_0030.npy;federico_dordei_0081.npy;federico_dordei_0013.npy;federico_dordei_0076.npy;federico_dordei_0058.npy;federico_dordei_0082.npy;federico_dordei_0020.npy,7
federico_dordei,federico_dordei_0081.npy,federico_dordei_0082.npy;federico_dordei_0043.npy;federico_dordei_0058.npy;federico_dordei_0013.npy;federico_dordei_0063.npy;federico_dordei_0032.npy;federico_dordei_0076.npy,7
federico_dordei,federico_dordei_0082.npy,federico_dordei_0058.npy;federico_dordei_0020.npy;federico_dordei_0070.npy;federico_dordei_0032.npy;federico_dordei_0013.npy;federico_dordei_0076.npy;federico_dordei_0043.npy,7
gulshan_grover,gulshan_grover_0003.npy,gulshan_grover_0048.npy;gulshan_grover_0010.npy;gulshan_grover_0053.npy;gulshan_grover_0035.npy;gulshan_grover_0011.npy;gulshan_grover_0055.npy;gulshan_grover_0044.npy,7
gulshan_grover,gulshan_grover_0007.npy,gulshan_grover_0044.npy;gulshan_grover_0003.npy;gulshan_grover_0010.npy;gulshan_grover_0035.npy;gulshan_grover_0031.npy;gulshan_grover_0011.npy;gulshan_grover_0054.npy,7
gulshan_grover,gulshan_grover_0010.npy,gulshan_grover_0048.npy;gulshan_grover_0031.npy;gulshan_grover_0016.npy;gulshan_grover_0011.npy;gulshan_grover_0054.npy;gulshan_grover_0003.npy;gulshan_grover_0053.npy,7
gulshan_grover,gulshan_grover_0011.npy,gulshan_grover_0055.npy;gulshan_grover_0016.npy;gulshan_grover_0031.npy;gulshan_grover_0044.npy;gulshan_grover_0003.npy;gulshan_grover_0035.npy;gulshan_grover_0010.npy,7
gulshan_grover,gulshan_grover_0016.npy,gulshan_grover_0048.npy;gulshan_grover_0007.npy;gulshan_grover_0055.npy;gulshan_grover_0011.npy;gulshan_grover_0054.npy;gulshan_grover_0003.npy;gulshan_grover_0044.npy,7
gulshan_grover,gulshan_grover_0031.npy,gulshan_grover_0003.npy;gulshan_grover_0054.npy;gulshan_grover_0011.npy;gulshan_grover_0048.npy;gulshan_grover_0053.npy;gulshan_grover_0055.npy;gulshan_grover_0016.npy,7
gulshan_grover,gulshan_grover_0035.npy,gulshan_grover_0055.npy;gulshan_grover_0016.npy;gulshan_grover_0048.npy;gulshan_grover_0053.npy;gulshan_grover_0003.npy;gulshan_grover_0044.npy;gulshan_grover_0010.npy,7
gulshan_grover,gulshan_grover_0044.npy,gulshan_grover_0003.npy;gulshan_grover_0031.npy;gulshan_grover_0055.npy;gulshan_grover_0035.npy;gulshan_grover_0053.npy;gulshan_grover_0007.npy;gulshan_grover_0016.npy,7
gulshan_grover,gulshan_grover_0048.npy,gulshan_grover_0044.npy;gulshan_grover_0053.npy;gulshan_grover_0010.npy;gulshan_grover_0011.npy;gulshan_grover_0003.npy;gulshan_grover_0035.npy;gulshan_grover_0007.npy,7
gulshan_grover,gulshan_grover_0053.npy,gulshan_grover_0044.npy;gulshan_grover_0003.npy;gulshan_grover_0055.npy;gulshan_grover_0054.npy;gulshan_grover_0007.npy;gulshan_grover_0031.npy;gulshan_grover_0035.npy,7
gulshan_grover,gulshan_grover_0054.npy,gulshan_grover_0003.npy;gulshan_grover_0010.npy;gulshan_grover_0055.npy;gulshan_grover_0016.npy;gulshan_grover_0035.npy;gulshan_grover_0048.npy;gulshan_grover_0011.npy,7
gulshan_grover,gulshan_grover_0055.npy,gulshan_grover_0053.npy;gulshan_grover_0010.npy;gulshan_grover_0007.npy;gulshan_grover_0048.npy;gulshan_grover_0003.npy;gulshan_grover_0011.npy;gulshan_grover_0016.npy,7
howie_mandel,howie_mandel_0018.npy,howie_mandel_0033.npy;howie_mandel_0057.npy;howie_mandel_0061.npy;howie_mandel_0062.npy;howie_mandel_0072.npy;howie_mandel_0074.npy;howie_mandel_0079.npy,7
howie_mandel,howie_mandel_0033.npy,howie_mandel_0018.npy;howie_mandel_0057.npy;howie_mandel_0061.npy;howie_mandel_0062.npy;howie_mandel_0072.npy;howie_mandel_0074.npy;howie_mandel_0079.npy,7
howie_mandel,howie_mandel_0057.npy,howie_mandel_0018.npy;howie_mandel_0033.npy;howie_mandel_0061.npy;howie_mandel_0062.npy;howie_mandel_0072.npy;howie_mandel_0074.npy;howie_mandel_0079.npy,7
howie_mandel,howie_mandel_0061.npy,howie_mandel_0018.npy;howie_mandel_0033.npy;howie_mandel_0057.npy;howie_mandel_0062.npy;howie_mandel_0072.npy;howie_mandel_0074.npy;howie_mandel_0079.npy,7
howie_mandel,howie_mandel_0062.npy,howie_mandel_0018.npy;howie_mandel_0033.npy;howie_mandel_0057.npy;howie_mandel_0061.npy;howie_mandel_0072.npy;howie_mandel_0074.npy;howie_mandel_0079.npy,7
howie_mandel,howie_mandel_0072.npy,howie_mandel_0018.npy;howie_mandel_0033.npy;howie_mandel_0057.npy;howie_mandel_0061.npy;howie_mandel_0062.npy;howie_mandel_0074.npy;howie_mandel_0079.npy,7
howie_mandel,howie_mandel_0074.npy,howie_mandel_0018.npy;howie_mandel_0033.npy;howie_mandel_0057.npy;howie_mandel_0061.npy;howie_mandel_0062.npy;howie_mandel_0072.npy;howie_mandel_0079.npy,7
howie_mandel,howie_mandel_0079.npy,howie_mandel_0018.npy;howie_mandel_0033.npy;howie_mandel_0057.npy;howie_mandel_0061.npy;howie_mandel_0062.npy;howie_mandel_0072.npy;howie_mandel_0074.npy,7
jason_behr,jason_behr_0009.npy,jason_behr_0031.npy;jason_behr_0011.npy;jason_behr_0015.npy;jason_behr_0050.npy;jason_behr_0023.npy;jason_behr_0032.npy;jason_behr_0038.npy,7
jason_behr,jason_behr_0011.npy,jason_behr_0038.npy;jason_behr_0009.npy;jason_behr_0050.npy;jason_behr_0032.npy;jason_behr_0015.npy;jason_behr_0031.npy;jason_behr_0049.npy,7
jason_behr,jason_behr_0015.npy,jason_behr_0009.npy;jason_behr_0032.npy;jason_behr_0011.npy;jason_behr_0023.npy;jason_behr_0050.npy;jason_behr_0031.npy;jason_behr_0038.npy,7
jason_behr,jason_behr_0023.npy,jason_behr_0015.npy;jason_behr_0049.npy;jason_behr_0031.npy;jason_behr_0011.npy;jason_behr_0050.npy;jason_behr_0038.npy;jason_behr_0009.npy,7
jason_behr,jason_behr_0031.npy,jason_behr_0050.npy;jason_behr_0011.npy;jason_behr_0032.npy;jason_behr_0009.npy;jason_behr_0049.npy;jason_behr_0038.npy;jason_behr_0023.npy,7
jason_behr,jason_behr_0032.npy,jason_behr_0015.npy;jason_behr_0009.npy;jason_behr_0023.npy;jason_behr_0049.npy;jason_behr_0031.npy;jason_behr_0038.npy;jason_behr_0050.npy,7
jason_behr,jason_behr_0038.npy,jason_behr_0011.npy;jason_behr_0032.npy;jason_behr_0049.npy;jason_behr_0031.npy;jason_behr_0015.npy;jason_behr_0050.npy;jason_behr_0023.npy,7
jason_behr,jason_behr_0049.npy,jason_behr_0015.npy;jason_behr_0011.npy;jason_behr_0038.npy;jason_behr_0050.npy;jason_behr_0023.npy;jason_behr_0032.npy;jason_behr_0009.npy,7
jason_behr,jason_behr_0050.npy,jason_behr_0015.npy;jason_behr_0031.npy;jason_behr_0032.npy;jason_behr_0009.npy;jason_behr_0011.npy;jason_behr_0049.npy;jason_behr_0023.npy,7
jeremy_renner,jeremy_renner_0024.npy,jeremy_renner_0332.npy;jeremy_renner_0055.npy;jeremy_renner_0118.npy;jeremy_renner_0166.npy;jeremy_renner_0111.npy;jeremy_renner_0047.npy;jeremy_renner_0320.npy,7
jeremy_renner,jeremy_renner_0047.npy,jeremy_renner_0111.npy;jeremy_renner_0341.npy;jeremy_renner_0055.npy;jeremy_renner_0320.npy;jeremy_renner_0118.npy;jeremy_renner_0101.npy;jeremy_renner_0201.npy,7
jeremy_renner,jeremy_renner_0055.npy,jeremy_renner_0320.npy;jeremy_renner_0111.npy;jeremy_renner_0319.npy;jeremy_renner_0332.npy;jeremy_renner_0101.npy;jeremy_renner_0024.npy;jeremy_renner_0047.npy,7
jeremy_renner,jeremy_renner_0101.npy,jeremy_renner_0047.npy;jeremy_renner_0055.npy;jeremy_renner_0319.npy;jeremy_renner_0320.npy;jeremy_renner_0341.npy;jeremy_renner_0201.npy;jeremy_renner_0024.npy,7
jeremy_renner,jeremy_renner_0111.npy,jeremy_renner_0024.npy;jeremy_renner_0166.npy;jeremy_renner_0118.npy;jeremy_renner_0101.npy;jeremy_renner_0319.npy;jeremy_renner_0055.npy;jeremy_renner_0332.npy,7
jeremy_renner,jeremy_renner_0118.npy,jeremy_renner_0332.npy;jeremy_renner_0319.npy;jeremy_renner_0024.npy;jeremy_renner_0047.npy;jeremy_renner_0166.npy;jeremy_renner_0320.npy;jeremy_renner_0111.npy,7
jeremy_renner,jeremy_renner_0166.npy,jeremy_renner_0055.npy;jeremy_renner_0341.npy;jeremy_renner_0024.npy;jeremy_renner_0319.npy;jeremy_renner_0111.npy;jeremy_renner_0320.npy;jeremy_renner_0118.npy,7
jeremy_renner,jeremy_renner_0201.npy,jeremy_renner_0101.npy;jeremy_renner_0319.npy;jeremy_renner_0118.npy;jeremy_renner_0166.npy;jeremy_renner_0047.npy;jeremy_renner_0320.npy;jeremy_renner_0055.npy,7
jeremy_renner,jeremy_renner_0319.npy,jeremy_renner_0101.npy;jeremy_renner_0047.npy;jeremy_renner_0118.npy;jeremy_renner_0341.npy;jeremy_renner_0024.npy;jeremy_renner_0332.npy;jeremy_renner_0201.npy,7
jeremy_renner,jeremy_renner_0320.npy,jeremy_renner_0101.npy;jeremy_renner_0166.npy;jeremy_renner_0341.npy;jeremy_renner_0047.npy;jeremy_renner_0319.npy;jeremy_renner_0111.npy;jeremy_renner_0332.npy,7
jeremy_renner,jeremy_renner_0332.npy,jeremy_renner_0024.npy;jeremy_renner_0166.npy;jeremy_renner_0055.npy;jeremy_renner_0101.npy;jeremy_renner_0111.npy;jeremy_renner_0201.npy;jeremy_renner_0047.npy,7
jeremy_renner,jeremy_renner_0341.npy,jeremy_renner_0166.npy;jeremy_renner_0118.npy;jeremy_renner_0055.npy;jeremy_renner_0201.npy;jeremy_renner_0320.npy;jeremy_renner_0047.npy;jeremy_renner_0319.npy,7
john_francis_daley,john_francis_daley_0011.npy,john_francis_daley_0041.npy;john_francis_daley_0030.npy;john_francis_daley_0023.npy;john_francis_daley_0016.npy;john_francis_daley_0013.npy;john_francis_daley_0065.npy;john_francis_daley_0059.npy,7
john_francis_daley,john_francis_daley_0013.npy,john_francis_daley_0023.npy;john_francis_daley_0016.npy;john_francis_daley_0061.npy;john_francis_daley_0030.npy;john_francis_daley_0059.npy;john_francis_daley_0041.npy;john_francis_daley_0011.npy,7
john_francis_daley,john_francis_daley_0016.npy,john_francis_daley_0059.npy;john_francis_daley_0030.npy;john_francis_daley_0023.npy;john_francis_daley_0041.npy;john_francis_daley_0013.npy;john_francis_daley_0065.npy;john_francis_daley_0061.npy,7
john_francis_daley,john_francis_daley_0023.npy,john_francis_daley_0065.npy;john_francis_daley_0030.npy;john_francis_daley_0011.npy;john_francis_daley_0063.npy;john_francis_daley_0041.npy;john_francis_daley_0059.npy;john_francis_daley_0061.npy,7
john_francis_daley,john_francis_daley_0030.npy,john_francis_daley_0063.npy;john_francis_daley_0065.npy;john_francis_daley_0016.npy;john_francis_daley_0011.npy;john_francis_daley_0023.npy;john_francis_daley_0013.npy;john_francis_daley_0059.npy,7
john_francis_daley,john_francis_daley_0041.npy,john_francis_daley_0059.npy;john_francis_daley_0061.npy;john_francis_daley_0030.npy;john_francis_daley_0013.npy;john_francis_daley_0063.npy;john_francis_daley_0065.npy;john_francis_daley_0016.npy,7
john_francis_daley,john_francis_daley_0059.npy,john_francis_daley_0011.npy;john_francis_daley_0061.npy;john_francis_daley_0065.npy;john_francis_daley_0063.npy;john_francis_daley_0023.npy;john_francis_daley_0041.npy;john_francis_daley_0013.npy,7
john_francis_daley,john_francis_daley_0061.npy,john_francis_daley_0065.npy;john_francis_daley_0059.npy;john_francis_daley_0023.npy;john_francis_daley_0041.npy;john_francis_daley_0011.npy;john_francis_daley_0063.npy;john_francis_daley_0013.npy,7
john_francis_daley,john_francis_daley_0063.npy,john_francis_daley_0023.npy;john_francis_daley_0013.npy;john_francis_daley_0030.npy;john_francis_daley_0011.npy;john_francis_daley_0065.npy;john_francis_daley_0061.npy;john_francis_daley_0041.npy,7
john_francis_daley,john_francis_daley_0065.npy,john_francis_daley_0041.npy;john_francis_daley_0030.npy;john_francis_daley_0013.npy;john_francis_daley_0063.npy;john_francis_daley_0011.npy;john_francis_daley_0061.npy;john_francis_daley_0059.npy,7
jon_cryer,jon_cryer_0002.npy,jon_cryer_0021.npy;jon_cryer_0009.npy;jon_cryer_0063.npy;jon_cryer_0027.npy;jon_cryer_0196.npy;jon_cryer_0024.npy;jon_cryer_0006.npy,7
jon_cryer,jon_cryer_0006.npy,jon_cryer_0063.npy;jon_cryer_0196.npy;jon_cryer_0009.npy;jon_cryer_0027.npy;jon_cryer_0024.npy;jon_cryer_0016.npy;jon_cryer_0007.npy,7
jon_cryer,jon_cryer_0007.npy,jon_cryer_0024.npy;jon_cryer_0063.npy;jon_cryer_0002.npy;jon_cryer_0027.npy;jon_cryer_0196.npy;jon_cryer_0180.npy;jon_cryer_0016.npy,7
jon_cryer,jon_cryer_0009.npy,jon_cryer_0024.npy;jon_cryer_0180.npy;jon_cryer_0002.npy;jon_cryer_0007.npy;jon_cryer_0016.npy;jon_cryer_0027.npy;jon_cryer_0006.npy,7
jon_cryer,jon_cryer_0016.npy,jon_cryer_0006.npy;jon_cryer_0024.npy;jon_cryer_0002.npy;jon_cryer_0021.npy;jon_cryer_0180.npy;jon_cryer_0007.npy;jon_cryer_0063.npy,7
jon_cryer,jon_cryer_0021.npy,jon_cryer_0006.npy;jon_cryer_0027.npy;jon_cryer_0024.npy;jon_cryer_0009.npy;jon_cryer_0016.npy;jon_cryer_0002.npy;jon_cryer_0007.npy,7
jon_cryer,jon_cryer_0024.npy,jon_cryer_0021.npy;jon_cryer_0007.npy;jon_cryer_0006.npy;jon_cryer_0016.npy;jon_cryer_0196.npy;jon_cryer_0063.npy;jon_cryer_0027.npy,7
jon_cryer,jon_cryer_0027.npy,jon_cryer_0021.npy;jon_cryer_0009.npy;jon_cryer_0006.npy;jon_cryer_0196.npy;jon_cryer_0180.npy;jon_cryer_0016.npy;jon_cryer_0063.npy,7
jon_cryer,jon_cryer_0063.npy,jon_cryer_0009.npy;jon_cryer_0021.npy;jon_cryer_0180.npy;jon_cryer_0007.npy;jon_cryer_0016.npy;jon_cryer_0196.npy;jon_cryer_0024.npy,7
jon_cryer,jon_cryer_0180.npy,jon_cryer_0002.npy;jon_cryer_0006.npy;jon_cryer_0021.npy;jon_cryer_0007.npy;jon_cryer_0009.npy;jon_cryer_0027.npy;jon_cryer_0196.npy,7
jon_cryer,jon_cryer_0196.npy,jon_cryer_0027.npy;jon_cryer_0063.npy;jon_cryer_0016.npy;jon_cryer_0009.npy;jon_cryer_0180.npy;jon_cryer_0007.npy;jon_cryer_0002.npy,7
joseph_lawrence,joseph_lawrence_0005.npy,joseph_lawrence_0010.npy;joseph_lawrence_0016.npy;joseph_lawrence_0017.npy;joseph_lawrence_0021.npy;joseph_lawrence_0035.npy;joseph_lawrence_0051.npy;joseph_lawrence_0066.npy,7
joseph_lawrence,joseph_lawrence_0010.npy,joseph_lawrence_0005.npy;joseph_lawrence_0016.npy;joseph_lawrence_0017.npy;joseph_lawrence_0021.npy;joseph_lawrence_0035.npy;joseph_lawrence_0051.npy;joseph_lawrence_0066.npy,7
joseph_lawrence,joseph_lawrence_0016.npy,joseph_lawrence_0005.npy;joseph_lawrence_0010.npy;joseph_lawrence_0017.npy;joseph_lawrence_0021.npy;joseph_lawrence_0035.npy;joseph_lawrence_0051.npy;joseph_lawrence_0066.npy,7
joseph_lawrence,joseph_lawrence_0017.npy,joseph_lawrence_0005.npy;joseph_lawrence_0010.npy;joseph_lawrence_0016.npy;joseph_lawrence_0021.npy;joseph_lawrence_0035.npy;joseph_lawrence_0051.npy;joseph_lawrence_0066.npy,7
joseph_lawrence,joseph_lawrence_0021.npy,joseph_lawrence_0005.npy;joseph_lawrence_0010.npy;joseph_lawrence_0016.npy;joseph_lawrence_0017.npy;joseph_lawrence_0035.npy;joseph_lawrence_0051.npy;joseph_lawrence_0066.npy,7
joseph_lawrence,joseph_lawrence_0035.npy,joseph_lawrence_0005.npy;joseph_lawrence_0010.npy;joseph_lawrence_0016.npy;joseph_lawrence_0017.npy;joseph_lawrence_0021.npy;joseph_lawrence_0051.npy;joseph_lawrence_0066.npy,7
joseph_lawrence,joseph_lawrence_0051.npy,joseph_lawrence_0005.npy;joseph_lawrence_0010.npy;joseph_lawrence_0016.npy;joseph_lawrence_0017.npy;joseph_lawrence_0021.npy;joseph_lawrence_0035.npy;joseph_lawrence_0066.npy,7
joseph_lawrence,joseph_lawrence_0066.npy,joseph_lawrence_0005.npy;joseph_lawrence_0010.npy;joseph_lawrence_0016.npy;joseph_lawrence_0017.npy;joseph_lawrence_0021.npy;joseph_lawrence_0035.npy;joseph_lawrence_0051.npy,7
josh_cooke,josh_cooke_0007.npy,josh_cooke_0013.npy;josh_cooke_0016.npy;josh_cooke_0019.npy;josh_cooke_0020.npy;josh_cooke_0038.npy;josh_cooke_0044.npy;josh_cooke_0064.npy,7
josh_cooke,josh_cooke_0013.npy,josh_cooke_0007.npy;josh_cooke_0016.npy;josh_cooke_0019.npy;josh_cooke_0020.npy;josh_cooke_0038.npy;josh_cooke_0044.npy;josh_cooke_0064.npy,7
josh_cooke,josh_cooke_0016.npy,josh_cooke_0007.npy;josh_cooke_0013.npy;josh_cooke_0019.npy;josh_cooke_0020.npy;josh_cooke_0038.npy;josh_cooke_0044.npy;josh_cooke_0064.npy,7
josh_cooke,josh_cooke_0019.npy,josh_cooke_0007.npy;josh_cooke_0013.npy;josh_cooke_0016.npy;josh_cooke_0020.npy;josh_cooke_0038.npy;josh_cooke_0044.npy;josh_cooke_0064.npy,7
josh_cooke,josh_cooke_0020.npy,josh_cooke_0007.npy;josh_cooke_0013.npy;josh_cooke_0016.npy;josh_cooke_0019.npy;josh_cooke_0038.npy;josh_cooke_0044.npy;josh_cooke_0064.npy,7
josh_cooke,josh_cooke_0038.npy,josh_cooke_0007.npy;josh_cooke_0013.npy;josh_cooke_0016.npy;josh_cooke_0019.npy;josh_cooke_0020.npy;josh_cooke_0044.npy;josh_cooke_0064.npy,7
josh_cooke,josh_cooke_0044.npy,josh_cooke_0007.npy;josh_cooke_0013.npy;josh_cooke_0016.npy;josh_cooke_0019.npy;josh_cooke_0020.npy;josh_cooke_0038.npy;josh_cooke_0064.npy,7
josh_cooke,josh_cooke_0064.npy,josh_cooke_0007.npy;josh_cooke_0013.npy;josh_cooke_0016.npy;josh_cooke_0019.npy;josh_cooke_0020.npy;josh_cooke_0038.npy;josh_cooke_0044.npy,7
josh_hartnett,josh_hartnett_0007.npy,josh_hartnett_0019.npy;josh_hartnett_0036.npy;josh_hartnett_0056.npy;josh_hartnett_0063.npy;josh_hartnett_0084.npy;josh_hartnett_0102.npy;josh_hartnett_0144.npy,7
josh_hartnett,josh_hartnett_0019.npy,josh_hartnett_0007.npy;josh_hartnett_0036.npy;josh_hartnett_0056.npy;josh_hartnett_0063.npy;josh_hartnett_0084.npy;josh_hartnett_0102.npy;josh_hartnett_0144.npy,7
josh_hartnett,josh_hartnett_0036.npy,josh_hartnett_0007.npy;josh_hartnett_0019.npy;josh_hartnett_0056.npy;josh_hartnett_0063.npy;josh_hartnett_0084.npy;josh_hartnett_0102.npy;josh_hartnett_0144.npy,7
josh_hartnett,josh_hartnett_0056.npy,josh_hartnett_0007.npy;josh_hartnett_0019.npy;josh_hartnett_0036.npy;josh_hartnett_0063.npy;josh_hartnett_0084.npy;josh_hartnett_0102.npy;josh_hartnett_0144.npy,7
josh_hartnett,josh_hartnett_0063.npy,josh_hartnett_0007.npy;josh_hartnett_0019.npy;josh_hartnett_0036.npy;josh_hartnett_0056.npy;josh_hartnett_0084.npy;josh_hartnett_0102.npy;josh_hartnett_0144.npy,7
josh_hartnett,josh_hartnett_0084.npy,josh_hartnett_0007.npy;josh_hartnett_0019.npy;josh_hartnett_0036.npy;josh_hartnett_0056.npy;josh_hartnett_0063.npy;josh_hartnett_0102.npy;josh_hartnett_0144.npy,7
josh_hartnett,josh_hartnett_0102.npy,josh_hartnett_0007.npy;josh_hartnett_0019.npy;josh_hartnett_0036.npy;josh_hartnett_0056.npy;josh_hartnett_0063.npy;josh_hartnett_0084.npy;josh_hartnett_0144.npy,7
josh_hartnett,josh_hartnett_0144.npy,josh_hartnett_0007.npy;josh_hartnett_0019.npy;josh_hartnett_0036.npy;josh_hartnett_0056.npy;josh_hartnett_0063.npy;josh_hartnett_0084.npy;josh_hartnett_0102.npy,7
josh_holloway,josh_holloway_0007.npy,josh_holloway_0011.npy;josh_holloway_0036.npy;josh_holloway_0056.npy;josh_holloway_0072.npy;josh_holloway_0079.npy;josh_holloway_0081.npy;josh_holloway_0099.npy,7
josh_holloway,josh_holloway_0011.npy,josh_holloway_0007.npy;josh_holloway_0036.npy;josh_holloway_0056.npy;josh_holloway_0072.npy;josh_holloway_0079.npy;josh_holloway_0081.npy;josh_holloway_0099.npy,7
josh_holloway,josh_holloway_0036.npy,josh_holloway_0007.npy;josh_holloway_0011.npy;josh_holloway_0056.npy;josh_holloway_0072.npy;josh_holloway_0079.npy;josh_holloway_0081.npy;josh_holloway_0099.npy,7
josh_holloway,josh_holloway_0056.npy,josh_holloway_0007.npy;josh_holloway_0011.npy;josh_holloway_0036.npy;josh_holloway_0072.npy;josh_holloway_0079.npy;josh_holloway_0081.npy;josh_holloway_0099.npy,7
josh_holloway,josh_holloway_0072.npy,josh_holloway_0007.npy;josh_holloway_0011.npy;josh_holloway_0036.npy;josh_holloway_0056.npy;josh_holloway_0079.npy;josh_holloway_0081.npy;josh_holloway_0099.npy,7
josh_holloway,josh_holloway_0079.npy,josh_holloway_0007.npy;josh_holloway_0011.npy;josh_holloway_0036.npy;josh_holloway_0056.npy;josh_holloway_0072.npy;josh_holloway_0081.npy;josh_holloway_0099.npy,7
josh_holloway,josh_holloway_0081.npy,josh_holloway_0007.npy;josh_holloway_0011.npy;josh_holloway_0036.npy;josh_holloway_0056.npy;josh_holloway_0072.npy;josh_holloway_0079.npy;josh_holloway_0099.npy,7
josh_holloway,josh_holloway_0099.npy,josh_holloway_0007.npy;josh_holloway_0011.npy;josh_holloway_0036.npy;josh_holloway_0056.npy;josh_holloway_0072.npy;josh_holloway_0079.npy;josh_holloway_0081.npy,7
mark_salling,mark_salling_0005.npy,mark_salling_0068.npy;mark_salling_0099.npy;mark_salling_0025.npy;mark_salling_0010.npy;mark_salling_0110.npy;mark_salling_0101.npy;mark_salling_0040.npy,7
mark_salling,mark_salling_0010.npy,mark_salling_0025.npy;mark_salling_0110.npy;mark_salling_0040.npy;mark_salling_0099.npy;mark_salling_0005.npy;mark_salling_0101.npy;mark_salling_0068.npy,7
mark_salling,mark_salling_0025.npy,mark_salling_0040.npy;mark_salling_0068.npy;mark_salling_0005.npy;mark_salling_0110.npy;mark_salling_0101.npy;mark_salling_0080.npy;mark_salling_0010.npy,7
mark_salling,mark_salling_0040.npy,mark_salling_0099.npy;mark_salling_0081.npy;mark_salling_0082.npy;mark_salling_0068.npy;mark_salling_0101.npy;mark_salling_0005.npy;mark_salling_0025.npy,7
mark_salling,mark_salling_0068.npy,mark_salling_0040.npy;mark_salling_0010.npy;mark_salling_0005.npy;mark_salling_0082.npy;mark_salling_0101.npy;mark_salling_0080.npy;mark_salling_0025.npy,7
mark_salling,mark_salling_0080.npy,mark_salling_0082.npy;mark_salling_0081.npy;mark_salling_0101.npy;mark_salling_0040.npy;mark_salling_0068.npy;mark_salling_0099.npy;mark_salling_0110.npy,7
mark_salling,mark_salling_0081.npy,mark_salling_0099.npy;mark_salling_0068.npy;mark_salling_0025.npy;mark_salling_0082.npy;mark_salling_0110.npy;mark_salling_0010.npy;mark_salling_0080.npy,7
mark_salling,mark_salling_0082.npy,mark_salling_0040.npy;mark_salling_0099.npy;mark_salling_0080.npy;mark_salling_0025.npy;mark_salling_0005.npy;mark_salling_0010.npy;mark_salling_0081.npy,7
mark_salling,mark_salling_0099.npy,mark_salling_0068.npy;mark_salling_0082.npy;mark_salling_0025.npy;mark_salling_0110.npy;mark_salling_0010.npy;mark_salling_0081.npy;mark_salling_0101.npy,7
mark_salling,mark_salling_0101.npy,mark_salling_0025.npy;mark_salling_0110.npy;mark_salling_0099.npy;mark_salling_0010.npy;mark_salling_0081.npy;mark_salling_0005.npy;mark_salling_0068.npy,7
mark_salling,mark_salling_0110.npy,mark_salling_0080.npy;mark_salling_0025.npy;mark_salling_0082.npy;mark_salling_0099.npy;mark_salling_0081.npy;mark_salling_0010.npy;mark_salling_0068.npy,7
mark_strong,mark_strong_0001.npy,mark_strong_0005.npy;mark_strong_0055.npy;mark_strong_0029.npy;mark_strong_0082.npy;mark_strong_0015.npy;mark_strong_0035.npy;mark_strong_0036.npy,7
mark_strong,mark_strong_0005.npy,mark_strong_0029.npy;mark_strong_0036.npy;mark_strong_0083.npy;mark_strong_0001.npy;mark_strong_0082.npy;mark_strong_0015.npy;mark_strong_0055.npy,7
mark_strong,mark_strong_0015.npy,mark_strong_0029.npy;mark_strong_0035.npy;mark_strong_0083.npy;mark_strong_0005.npy;mark_strong_0001.npy;mark_strong_0055.npy;mark_strong_0036.npy,7
mark_strong,mark_strong_0029.npy,mark_strong_0036.npy;mark_strong_0035.npy;mark_strong_0015.npy;mark_strong_0083.npy;mark_strong_0005.npy;mark_strong_0055.npy;mark_strong_0082.npy,7
mark_strong,mark_strong_0035.npy,mark_strong_0055.npy;mark_strong_0083.npy;mark_strong_0001.npy;mark_strong_0029.npy;mark_strong_0082.npy;mark_strong_0036.npy;mark_strong_0015.npy,7
mark_strong,mark_strong_0036.npy,mark_strong_0035.npy;mark_strong_0001.npy;mark_strong_0029.npy;mark_strong_0083.npy;mark_strong_0005.npy;mark_strong_0055.npy;mark_strong_0015.npy,7
mark_strong,mark_strong_0055.npy,mark_strong_0005.npy;mark_strong_0015.npy;mark_strong_0001.npy;mark_strong_0035.npy;mark_strong_0083.npy;mark_strong_0082.npy;mark_strong_0036.npy,7
mark_strong,mark_strong_0082.npy,mark_strong_0035.npy;mark_strong_0005.npy;mark_strong_0001.npy;mark_strong_0036.npy;mark_strong_0029.npy;mark_strong_0015.npy;mark_strong_0083.npy,7
mark_strong,mark_strong_0083.npy,mark_strong_0055.npy;mark_strong_0005.npy;mark_strong_0029.npy;mark_strong_0015.npy;mark_strong_0001.npy;mark_strong_0035.npy;mark_strong_0082.npy,7
mark_taormino,mark_taormino_0004.npy,mark_taormino_0031.npy;mark_taormino_0015.npy;mark_taormino_0046.npy;mark_taormino_0024.npy;mark_taormino_0043.npy;mark_taormino_0045.npy;mark_taormino_0007.npy,7
mark_taormino,mark_taormino_0007.npy,mark_taormino_0020.npy;mark_taormino_0024.npy;mark_taormino_0045.npy;mark_taormino_0046.npy;mark_taormino_0040.npy;mark_taormino_0031.npy;mark_taormino_0041.npy,7
mark_taormino,mark_taormino_0013.npy,mark_taormino_0007.npy;mark_taormino_0018.npy;mark_taormino_0040.npy;mark_taormino_0031.npy;mark_taormino_0043.npy;mark_taormino_0015.npy;mark_taormino_0046.npy,7
mark_taormino,mark_taormino_0015.npy,mark_taormino_0046.npy;mark_taormino_0031.npy;mark_taormino_0045.npy;mark_taormino_0013.npy;mark_taormino_0007.npy;mark_taormino_0040.npy;mark_taormino_0043.npy,7
mark_taormino,mark_taormino_0018.npy,mark_taormino_0020.npy;mark_taormino_0040.npy;mark_taormino_0041.npy;mark_taormino_0024.npy;mark_taormino_0007.npy;mark_taormino_0046.npy;mark_taormino_0015.npy,7
mark_taormino,mark_taormino_0020.npy,mark_taormino_0007.npy;mark_taormino_0004.npy;mark_taormino_0031.npy;mark_taormino_0018.npy;mark_taormino_0043.npy;mark_taormino_0046.npy;mark_taormino_0041.npy,7
mark_taormino,mark_taormino_0024.npy,mark_taormino_0040.npy;mark_taormino_0043.npy;mark_taormino_0013.npy;mark_taormino_0015.npy;mark_taormino_0045.npy;mark_taormino_0031.npy;mark_taormino_0041.npy,7
mark_taormino,mark_taormino_0031.npy,mark_taormino_0018.npy;mark_taormino_0041.npy;mark_taormino_0040.npy;mark_taormino_0004.npy;mark_taormino_0046.npy;mark_taormino_0024.npy;mark_taormino_0043.npy,7
mark_taormino,mark_taormino_0040.npy,mark_taormino_0018.npy;mark_taormino_0031.npy;mark_taormino_0041.npy;mark_taormino_0045.npy;mark_taormino_0015.npy;mark_taormino_0004.npy;mark_taormino_0024.npy,7
mark_taormino,mark_taormino_0041.npy,mark_taormino_0013.npy;mark_taormino_0018.npy;mark_taormino_0045.npy;mark_taormino_0031.npy;mark_taormino_0007.npy;mark_taormino_0020.npy;mark_taormino_0024.npy,7
mark_taormino,mark_taormino_0043.npy,mark_taormino_0018.npy;mark_taormino_0024.npy;mark_taormino_0013.npy;mark_taormino_0031.npy;mark_taormino_0015.npy;mark_taormino_0004.npy;mark_taormino_0045.npy,7
mark_taormino,mark_taormino_0045.npy,mark_taormino_0018.npy;mark_taormino_0031.npy;mark_taormino_0007.npy;mark_taormino_0020.npy;mark_taormino_0043.npy;mark_taormino_0046.npy;mark_taormino_0015.npy,7
mark_taormino,mark_taormino_0046.npy,mark_taormino_0018.npy;mark_taormino_0043.npy;mark_taormino_0031.npy;mark_taormino_0007.npy;mark_taormino_0020.npy;mark_taormino_0045.npy;mark_taormino_0041.npy,7
maximilian_law,maximilian_law_0001.npy,maximilian_law_0018.npy;maximilian_law_0022.npy;maximilian_law_0036.npy;maximilian_law_0044.npy;maximilian_law_0050.npy;maximilian_law_0055.npy;maximilian_law_0063.npy,7
maximilian_law,maximilian_law_0018.npy,maximilian_law_0001.npy;maximilian_law_0022.npy;maximilian_law_0036.npy;maximilian_law_0044.npy;maximilian_law_0050.npy;maximilian_law_0055.npy;maximilian_law_0063.npy,7
maximilian_law,maximilian_law_0022.npy,maximilian_law_0001.npy;maximilian_law_0018.npy;maximilian_law_0036.npy;maximilian_law_0044.npy;maximilian_law_0050.npy;maximilian_law_0055.npy;maximilian_law_0063.npy,7
maximilian_law,maximilian_law_0036.npy,maximilian_law_0001.npy;maximilian_law_0018.npy;maximilian_law_0022.npy;maximilian_law_0044.npy;maximilian_law_0050.npy;maximilian_law_0055.npy;maximilian_law_0063.npy,7
maximilian_law,maximilian_law_0044.npy,maximilian_law_0001.npy;maximilian_law_0018.npy;maximilian_law_0022.npy;maximilian_law_0036.npy;maximilian_law_0050.npy;maximilian_law_0055.npy;maximilian_law_0063.npy,7
maximilian_law,maximilian_law_0050.npy,maximilian_law_0001.npy;maximilian_law_0018.npy;maximilian_law_0022.npy;maximilian_law_0036.npy;maximilian_law_0044.npy;maximilian_law_0055.npy;maximilian_law_0063.npy,7
maximilian_law,maximilian_law_0055.npy,maximilian_law_0001.npy;maximilian_law_0018.npy;maximilian_law_0022.npy;maximilian_law_0036.npy;maximilian_law_0044.npy;maximilian_law_0050.npy;maximilian_law_0063.npy,7
maximilian_law,maximilian_law_0063.npy,maximilian_law_0001.npy;maximilian_law_0018.npy;maximilian_law_0022.npy;maximilian_law_0036.npy;maximilian_law_0044.npy;maximilian_law_0050.npy;maximilian_law_0055.npy,7
patrick_dempsey,patrick_dempsey_0001.npy,patrick_dempsey_0287.npy;patrick_dempsey_0008.npy;patrick_dempsey_0133.npy;patrick_dempsey_0072.npy;patrick_dempsey_0305.npy;patrick_dempsey_0358.npy;patrick_dempsey_0245.npy,7
patrick_dempsey,patrick_dempsey_0008.npy,patrick_dempsey_0245.npy;patrick_dempsey_0305.npy;patrick_dempsey_0072.npy;patrick_dempsey_0150.npy;patrick_dempsey_0292.npy;patrick_dempsey_0001.npy;patrick_dempsey_0253.npy,7
patrick_dempsey,patrick_dempsey_0048.npy,patrick_dempsey_0150.npy;patrick_dempsey_0204.npy;patrick_dempsey_0292.npy;patrick_dempsey_0358.npy;patrick_dempsey_0001.npy;patrick_dempsey_0133.npy;patrick_dempsey_0072.npy,7
patrick_dempsey,patrick_dempsey_0072.npy,patrick_dempsey_0253.npy;patrick_dempsey_0292.npy;patrick_dempsey_0008.npy;patrick_dempsey_0358.npy;patrick_dempsey_0128.npy;patrick_dempsey_0048.npy;patrick_dempsey_0204.npy,7
patrick_dempsey,patrick_dempsey_0128.npy,patrick_dempsey_0008.npy;patrick_dempsey_0287.npy;patrick_dempsey_0048.npy;patrick_dempsey_0253.npy;patrick_dempsey_0150.npy;patrick_dempsey_0305.npy;patrick_dempsey_0204.npy,7
patrick_dempsey,patrick_dempsey_0133.npy,patrick_dempsey_0292.npy;patrick_dempsey_0128.npy;patrick_dempsey_0305.npy;patrick_dempsey_0150.npy;patrick_dempsey_0008.npy;patrick_dempsey_0287.npy;patrick_dempsey_0204.npy,7
patrick_dempsey,patrick_dempsey_0150.npy,patrick_dempsey_0048.npy;patrick_dempsey_0001.npy;patrick_dempsey_0358.npy;patrick_dempsey_0253.npy;patrick_dempsey_0128.npy;patrick_dempsey_0133.npy;patrick_dempsey_0204.npy,7
patrick_dempsey,patrick_dempsey_0204.npy,patrick_dempsey_0245.npy;patrick_dempsey_0150.npy;patrick_dempsey_0133.npy;patrick_dempsey_0048.npy;patrick_dempsey_0008.npy;patrick_dempsey_0072.npy;patrick_dempsey_0253.npy,7
patrick_dempsey,patrick_dempsey_0245.npy,patrick_dempsey_0253.npy;patrick_dempsey_0072.npy;patrick_dempsey_0305.npy;patrick_dempsey_0358.npy;patrick_dempsey_0287.npy;patrick_dempsey_0008.npy;patrick_dempsey_0292.npy,7
patrick_dempsey,patrick_dempsey_0253.npy,patrick_dempsey_0204.npy;patrick_dempsey_0008.npy;patrick_dempsey_0305.npy;patrick_dempsey_0048.npy;patrick_dempsey_0001.npy;patrick_dempsey_0358.npy;patrick_dempsey_0287.npy,7
patrick_dempsey,patrick_dempsey_0287.npy,patrick_dempsey_0128.npy;patrick_dempsey_0305.npy;patrick_dempsey_0133.npy;patrick_dempsey_0048.npy;patrick_dempsey_0204.npy;patrick_dempsey_0292.npy;patrick_dempsey_0008.npy,7
patrick_dempsey,patrick_dempsey_0292.npy,patrick_dempsey_0305.npy;patrick_dempsey_0128.npy;patrick_dempsey_0001.npy;patrick_dempsey_0008.npy;patrick_dempsey_0072.npy;patrick_dempsey_0048.npy;patrick_dempsey_0150.npy,7
patrick_dempsey,patrick_dempsey_0305.npy,patrick_dempsey_0292.npy;patrick_dempsey_0048.npy;patrick_dempsey_0072.npy;patrick_dempsey_0128.npy;patrick_dempsey_0358.npy;patrick_dempsey_0287.npy;patrick_dempsey_0008.npy,7
patrick_dempsey,patrick_dempsey_0358.npy,patrick_dempsey_0008.npy;patrick_dempsey_0150.npy;patrick_dempsey_0305.npy;patrick_dempsey_0287.npy;patrick_dempsey_0001.npy;patrick_dempsey_0204.npy;patrick_dempsey_0292.npy,7
phil_keoghan,phil_keoghan_0007.npy,phil_keoghan_0051.npy;phil_keoghan_0011.npy;phil_keoghan_0023.npy;phil_keoghan_0053.npy;phil_keoghan_0057.npy;phil_keoghan_0027.npy;phil_keoghan_0030.npy,7
phil_keoghan,phil_keoghan_0011.npy,phil_keoghan_0052.npy;phil_keoghan_0012.npy;phil_keoghan_0027.npy;phil_keoghan_0007.npy;phil_keoghan_0051.npy;phil_keoghan_0021.npy;phil_keoghan_0030.npy,7
phil_keoghan,phil_keoghan_0012.npy,phil_keoghan_0011.npy;phil_keoghan_0057.npy;phil_keoghan_0023.npy;phil_keoghan_0027.npy;phil_keoghan_0053.npy;phil_keoghan_0030.npy;phil_keoghan_0021.npy,7
phil_keoghan,phil_keoghan_0021.npy,phil_keoghan_0007.npy;phil_keoghan_0011.npy;phil_keoghan_0012.npy;phil_keoghan_0051.npy;phil_keoghan_0030.npy;phil_keoghan_0052.npy;phil_keoghan_0027.npy,7
phil_keoghan,phil_keoghan_0023.npy,phil_keoghan_0030.npy;phil_keoghan_0012.npy;phil_keoghan_0021.npy;phil_keoghan_0027.npy;phil_keoghan_0051.npy;phil_keoghan_0007.npy;phil_keoghan_0057.npy,7
phil_keoghan,phil_keoghan_0027.npy,phil_keoghan_0057.npy;phil_keoghan_0007.npy;phil_keoghan_0021.npy;phil_keoghan_0030.npy;phil_keoghan_0011.npy;phil_keoghan_0012.npy;phil_keoghan_0051.npy,7
phil_keoghan,phil_keoghan_0030.npy,phil_keoghan_0053.npy;phil_keoghan_0007.npy;phil_keoghan_0011.npy;phil_keoghan_0052.npy;phil_keoghan_0023.npy;phil_keoghan_0021.npy;phil_keoghan_0012.npy,7
phil_keoghan,phil_keoghan_0051.npy,phil_keoghan_0057.npy;phil_keoghan_0012.npy;phil_keoghan_0052.npy;phil_keoghan_0027.npy;phil_keoghan_0007.npy;phil_keoghan_0011.npy;phil_keoghan_0053.npy,7
phil_keoghan,phil_keoghan_0052.npy,phil_keoghan_0030.npy;phil_keoghan_0057.npy;phil_keoghan_0021.npy;phil_keoghan_0023.npy;phil_keoghan_0011.npy;phil_keoghan_0051.npy;phil_keoghan_0007.npy,7
phil_keoghan,phil_keoghan_0053.npy,phil_keoghan_0027.npy;phil_keoghan_0011.npy;phil_keoghan_0051.npy;phil_keoghan_0007.npy;phil_keoghan_0023.npy;phil_keoghan_0052.npy;phil_keoghan_0021.npy,7
phil_keoghan,phil_keoghan_0057.npy,phil_keoghan_0027.npy;phil_keoghan_0023.npy;phil_keoghan_0007.npy;phil_keoghan_0051.npy;phil_keoghan_0012.npy;phil_keoghan_0021.npy;phil_keoghan_0030.npy,7
rick_gonzalez,rick_gonzalez_0012.npy,rick_gonzalez_0065.npy;rick_gonzalez_0057.npy;rick_gonzalez_0066.npy;rick_gonzalez_0071.npy;rick_gonzalez_0059.npy;rick_gonzalez_0050.npy;rick_gonzalez_0026.npy,7
rick_gonzalez,rick_gonzalez_0020.npy,rick_gonzalez_0069.npy;rick_gonzalez_0065.npy;rick_gonzalez_0057.npy;rick_gonzalez_0071.npy;rick_gonzalez_0026.npy;rick_gonzalez_0012.npy;rick_gonzalez_0050.npy,7
rick_gonzalez,rick_gonzalez_0026.npy,rick_gonzalez_0072.npy;rick_gonzalez_0059.npy;rick_gonzalez_0030.npy;rick_gonzalez_0012.npy;rick_gonzalez_0071.npy;rick_gonzalez_0050.npy;rick_gonzalez_0066.npy,7
rick_gonzalez,rick_gonzalez_0030.npy,rick_gonzalez_0065.npy;rick_gonzalez_0066.npy;rick_gonzalez_0069.npy;rick_gonzalez_0020.npy;rick_gonzalez_0012.npy;rick_gonzalez_0071.npy;rick_gonzalez_0050.npy,7
rick_gonzalez,rick_gonzalez_0050.npy,rick_gonzalez_0065.npy;rick_gonzalez_0071.npy;rick_gonzalez_0020.npy;rick_gonzalez_0026.npy;rick_gonzalez_0012.npy;rick_gonzalez_0066.npy;rick_gonzalez_0069.npy,7
rick_gonzalez,rick_gonzalez_0057.npy,rick_gonzalez_0059.npy;rick_gonzalez_0030.npy;rick_gonzalez_0065.npy;rick_gonzalez_0020.npy;rick_gonzalez_0066.npy;rick_gonzalez_0071.npy;rick_gonzalez_0072.npy,7
rick_gonzalez,rick_gonzalez_0059.npy,rick_gonzalez_0050.npy;rick_gonzalez_0071.npy;rick_gonzalez_0072.npy;rick_gonzalez_0065.npy;rick_gonzalez_0026.npy;rick_gonzalez_0030.npy;rick_gonzalez_0069.npy,7
rick_gonzalez,rick_gonzalez_0065.npy,rick_gonzalez_0059.npy;rick_gonzalez_0066.npy;rick_gonzalez_0069.npy;rick_gonzalez_0050.npy;rick_gonzalez_0020.npy;rick_gonzalez_0030.npy;rick_gonzalez_0012.npy,7
rick_gonzalez,rick_gonzalez_0066.npy,rick_gonzalez_0020.npy;rick_gonzalez_0050.npy;rick_gonzalez_0065.npy;rick_gonzalez_0069.npy;rick_gonzalez_0072.npy;rick_gonzalez_0057.npy;rick_gonzalez_0059.npy,7
rick_gonzalez,rick_gonzalez_0069.npy,rick_gonzalez_0012.npy;rick_gonzalez_0020.npy;rick_gonzalez_0072.npy;rick_gonzalez_0071.npy;rick_gonzalez_0030.npy;rick_gonzalez_0057.npy;rick_gonzalez_0066.npy,7
rick_gonzalez,rick_gonzalez_0071.npy,rick_gonzalez_0026.npy;rick_gonzalez_0059.npy;rick_gonzalez_0057.npy;rick_gonzalez_0072.npy;rick_gonzalez_0065.npy;rick_gonzalez_0050.npy;rick_gonzalez_0066.npy,7
rick_gonzalez,rick_gonzalez_0072.npy,rick_gonzalez_0020.npy;rick_gonzalez_0071.npy;rick_gonzalez_0066.npy;rick_gonzalez_0065.npy;rick_gonzalez_0059.npy;rick_gonzalez_0030.npy;rick_gonzalez_0069.npy,7
ricky_gervais,ricky_gervais_0016.npy,ricky_gervais_0092.npy;ricky_gervais_0143.npy;ricky_gervais_0069.npy;ricky_gervais_0154.npy;ricky_gervais_0067.npy;ricky_gervais_0099.npy;ricky_gervais_0121.npy,7
ricky_gervais,ricky_gervais_0032.npy,ricky_gervais_0154.npy;ricky_gervais_0016.npy;ricky_gervais_0121.npy;ricky_gervais_0143.npy;ricky_gervais_0069.npy;ricky_gervais_0099.npy;ricky_gervais_0046.npy,7
ricky_gervais,ricky_gervais_0046.npy,ricky_gervais_0143.npy;ricky_gervais_0099.npy;ricky_gervais_0121.npy;ricky_gervais_0069.npy;ricky_gervais_0154.npy;ricky_gervais_0092.npy;ricky_gervais_0016.npy,7
ricky_gervais,ricky_gervais_0067.npy,ricky_gervais_0016.npy;ricky_gervais_0046.npy;ricky_gervais_0092.npy;ricky_gervais_0099.npy;ricky_gervais_0143.npy;ricky_gervais_0032.npy;ricky_gervais_0069.npy,7
ricky_gervais,ricky_gervais_0069.npy,ricky_gervais_0121.npy;ricky_gervais_0046.npy;ricky_gervais_0143.npy;ricky_gervais_0099.npy;ricky_gervais_0067.npy;ricky_gervais_0092.npy;ricky_gervais_0016.npy,7
ricky_gervais,ricky_gervais_0092.npy,ricky_gervais_0143.npy;ricky_gervais_0154.npy;ricky_gervais_0067.npy;ricky_gervais_0069.npy;ricky_gervais_0032.npy;ricky_gervais_0016.npy;ricky_gervais_0099.npy,7
ricky_gervais,ricky_gervais_0099.npy,ricky_gervais_0069.npy;ricky_gervais_0143.npy;ricky_gervais_0154.npy;ricky_gervais_0067.npy;ricky_gervais_0121.npy;ricky_gervais_0046.npy;ricky_gervais_0032.npy,7
ricky_gervais,ricky_gervais_0121.npy,ricky_gervais_0092.npy;ricky_gervais_0016.npy;ricky_gervais_0143.npy;ricky_gervais_0069.npy;ricky_gervais_0099.npy;ricky_gervais_0032.npy;ricky_gervais_0067.npy,7
ricky_gervais,ricky_gervais_0143.npy,ricky_gervais_0092.npy;ricky_gervais_0016.npy;ricky_gervais_0099.npy;ricky_gervais_0154.npy;ricky_gervais_0046.npy;ricky_gervais_0067.npy;ricky_gervais_0121.npy,7
ricky_gervais,ricky_gervais_0154.npy,ricky_gervais_0099.npy;ricky_gervais_0092.npy;ricky_gervais_0046.npy;ricky_gervais_0067.npy;ricky_gervais_0143.npy;ricky_gervais_0016.npy;ricky_gervais_0069.npy,7
rocky_verma,rocky_verma_0001.npy,rocky_verma_0017.npy;rocky_verma_0074.npy;rocky_verma_0071.npy;rocky_verma_0046.npy;rocky_verma_0022.npy;rocky_verma_0012.npy;rocky_verma_0030.npy,7
rocky_verma,rocky_verma_0010.npy,rocky_verma_0074.npy;rocky_verma_0022.npy;rocky_verma_0012.npy;rocky_verma_0025.npy;rocky_verma_0016.npy;rocky_verma_0001.npy;rocky_verma_0046.npy,7
rocky_verma,rocky_verma_0012.npy,rocky_verma_0001.npy;rocky_verma_0029.npy;rocky_verma_0046.npy;rocky_verma_0028.npy;rocky_verma_0040.npy;rocky_verma_0030.npy;rocky_verma_0060.npy,7
rocky_verma,rocky_verma_0016.npy,rocky_verma_0022.npy;rocky_verma_0001.npy;rocky_verma_0060.npy;rocky_verma_0029.npy;rocky_verma_0040.npy;rocky_verma_0071.npy;rocky_verma_0025.npy,7
rocky_verma,rocky_verma_0017.npy,rocky_verma_0028.npy;rocky_verma_0040.npy;rocky_verma_0074.npy;rocky_verma_0025.npy;rocky_verma_0071.npy;rocky_verma_0010.npy;rocky_verma_0029.npy,7
rocky_verma,rocky_verma_0022.npy,rocky_verma_0010.npy;rocky_verma_0060.npy;rocky_verma_0046.npy;rocky_verma_0016.npy;rocky_verma_0025.npy;rocky_verma_0029.npy;rocky_verma_0040.npy,7
rocky_verma,rocky_verma_0025.npy,rocky_verma_0012.npy;rocky_verma_0040.npy;rocky_verma_0017.npy;rocky_verma_0022.npy;rocky_verma_0028.npy;rocky_verma_0016.npy;rocky_verma_0029.npy,7
rocky_verma,rocky_verma_0028.npy,rocky_verma_0046.npy;rocky_verma_0071.npy;rocky_verma_0010.npy;rocky_verma_0030.npy;rocky_verma_0016.npy;rocky_verma_0017.npy;rocky_verma_0074.npy,7
rocky_verma,rocky_verma_0029.npy,rocky_verma_0001.npy;rocky_verma_0017.npy;rocky_verma_0040.npy;rocky_verma_0025.npy;rocky_verma_0016.npy;rocky_verma_0010.npy;rocky_verma_0030.npy,7
rocky_verma,rocky_verma_0030.npy,rocky_verma_0040.npy;rocky_verma_0022.npy;rocky_verma_0017.npy;rocky_verma_0010.npy;rocky_verma_0074.npy;rocky_verma_0029.npy;rocky_verma_0028.npy,7
rocky_verma,rocky_verma_0040.npy,rocky_verma_0025.npy;rocky_verma_0016.npy;rocky_verma_0022.npy;rocky_verma_0010.npy;rocky_verma_0017.npy;rocky_verma_0029.npy;rocky_verma_0030.npy,7
rocky_verma,rocky_verma_0046.npy,rocky_verma_0025.npy;rocky_verma_0040.npy;rocky_verma_0029.npy;rocky_verma_0022.npy;rocky_verma_0016.npy;rocky_verma_0074.npy;rocky_verma_0060.npy,7
rocky_verma,rocky_verma_0060.npy,rocky_verma_0017.npy;rocky_verma_0030.npy;rocky_verma_0029.npy;rocky_verma_0028.npy;rocky_verma_0046.npy;rocky_verma_0012.npy;rocky_verma_0001.npy,7
rocky_verma,rocky_verma_0071.npy,rocky_verma_0040.npy;rocky_verma_0046.npy;rocky_verma_0029.npy;rocky_verma_0012.npy;rocky_verma_0030.npy;rocky_verma_0028.npy;rocky_verma_0016.npy,7
rocky_verma,rocky_verma_0074.npy,rocky_verma_0040.npy;rocky_verma_0046.npy;rocky_verma_0028.npy;rocky_verma_0017.npy;rocky_verma_0029.npy;rocky_verma_0025.npy;rocky_verma_0001.npy,7
scott_bakula,scott_bakula_0004.npy,scott_bakula_0038.npy;scott_bakula_0037.npy;scott_bakula_0091.npy;scott_bakula_0023.npy;scott_bakula_0039.npy;scott_bakula_0009.npy;scott_bakula_0042.npy,7
scott_bakula,scott_bakula_0009.npy,scott_bakula_0072.npy;scott_bakula_0038.npy;scott_bakula_0037.npy;scott_bakula_0004.npy;scott_bakula_0023.npy;scott_bakula_0091.npy;scott_bakula_0042.npy,7
scott_bakula,scott_bakula_0023.npy,scott_bakula_0039.npy;scott_bakula_0042.npy;scott_bakula_0009.npy;scott_bakula_0037.npy;scott_bakula_0072.npy;scott_bakula_0038.npy;scott_bakula_0004.npy,7
scott_bakula,scott_bakula_0037.npy,scott_bakula_0009.npy;scott_bakula_0091.npy;scott_bakula_0072.npy;scott_bakula_0004.npy;scott_bakula_0042.npy;scott_bakula_0038.npy;scott_bakula_0023.npy,7
scott_bakula,scott_bakula_0038.npy,scott_bakula_0091.npy;scott_bakula_0039.npy;scott_bakula_0037.npy;scott_bakula_0042.npy;scott_bakula_0004.npy;scott_bakula_0072.npy;scott_bakula_0023.npy,7
scott_bakula,scott_bakula_0039.npy,scott_bakula_0038.npy;scott_bakula_0009.npy;scott_bakula_0004.npy;scott_bakula_0023.npy;scott_bakula_0091.npy;scott_bakula_0037.npy;scott_bakula_0042.npy,7
scott_bakula,scott_bakula_0042.npy,scott_bakula_0004.npy;scott_bakula_0039.npy;scott_bakula_0037.npy;scott_bakula_0091.npy;scott_bakula_0038.npy;scott_bakula_0072.npy;scott_bakula_0009.npy,7
scott_bakula,scott_bakula_0072.npy,scott_bakula_0038.npy;scott_bakula_0042.npy;scott_bakula_0004.npy;scott_bakula_0037.npy;scott_bakula_0023.npy;scott_bakula_0091.npy;scott_bakula_0039.npy,7
scott_bakula,scott_bakula_0091.npy,scott_bakula_0042.npy;scott_bakula_0072.npy;scott_bakula_0039.npy;scott_bakula_0009.npy;scott_bakula_0038.npy;scott_bakula_0004.npy;scott_bakula_0023.npy,7
seann_william_scott,seann_william_scott_0008.npy,seann_william_scott_0109.npy;seann_william_scott_0101.npy;seann_william_scott_0023.npy;seann_william_scott_0047.npy;seann_william_scott_0132.npy;seann_william_scott_0190.npy;seann_william_scott_0095.npy,7
seann_william_scott,seann_william_scott_0023.npy,seann_william_scott_0172.npy;seann_william_scott_0190.npy;seann_william_scott_0132.npy;seann_william_scott_0047.npy;seann_william_scott_0101.npy;seann_william_scott_0008.npy;seann_william_scott_0095.npy,7
seann_william_scott,seann_william_scott_0047.npy,seann_william_scott_0023.npy;seann_william_scott_0190.npy;seann_william_scott_0172.npy;seann_william_scott_0095.npy;seann_william_scott_0101.npy;seann_william_scott_0132.npy;seann_william_scott_0109.npy,7
seann_william_scott,seann_william_scott_0095.npy,seann_william_scott_0008.npy;seann_william_scott_0101.npy;seann_william_scott_0109.npy;seann_william_scott_0047.npy;seann_william_scott_0190.npy;seann_william_scott_0023.npy;seann_william_scott_0132.npy,7
seann_william_scott,seann_william_scott_0101.npy,seann_william_scott_0190.npy;seann_william_scott_0132.npy;seann_william_scott_0023.npy;seann_william_scott_0047.npy;seann_william_scott_0172.npy;seann_william_scott_0095.npy;seann_william_scott_0109.npy,7
seann_william_scott,seann_william_scott_0109.npy,seann_william_scott_0132.npy;seann_william_scott_0172.npy;seann_william_scott_0047.npy;seann_william_scott_0008.npy;seann_william_scott_0101.npy;seann_william_scott_0190.npy;seann_william_scott_0095.npy,7
seann_william_scott,seann_william_scott_0132.npy,seann_william_scott_0095.npy;seann_william_scott_0047.npy;seann_william_scott_0101.npy;seann_william_scott_0190.npy;seann_william_scott_0172.npy;seann_william_scott_0109.npy;seann_william_scott_0023.npy,7
seann_william_scott,seann_william_scott_0172.npy,seann_william_scott_0023.npy;seann_william_scott_0101.npy;seann_william_scott_0190.npy;seann_william_scott_0095.npy;seann_william_scott_0132.npy;seann_william_scott_0008.npy;seann_william_scott_0109.npy,7
seann_william_scott,seann_william_scott_0190.npy,seann_william_scott_0101.npy;seann_william_scott_0047.npy;seann_william_scott_0008.npy;seann_william_scott_0023.npy;seann_william_scott_0132.npy;seann_william_scott_0109.npy;seann_william_scott_0095.npy,7
sendhil_ramamurthy,sendhil_ramamurthy_0008.npy,sendhil_ramamurthy_0073.npy;sendhil_ramamurthy_0066.npy;sendhil_ramamurthy_0031.npy;sendhil_ramamurthy_0043.npy;sendhil_ramamurthy_0021.npy;sendhil_ramamurthy_0026.npy;sendhil_ramamurthy_0058.npy,7
sendhil_ramamurthy,sendhil_ramamurthy_0021.npy,sendhil_ramamurthy_0073.npy;sendhil_ramamurthy_0043.npy;sendhil_ramamurthy_0066.npy;sendhil_ramamurthy_0072.npy;sendhil_ramamurthy_0031.npy;sendhil_ramamurthy_0058.npy;sendhil_ramamurthy_0026.npy,7
sendhil_ramamurthy,sendhil_ramamurthy_0026.npy,sendhil_ramamurthy_0021.npy;sendhil_ramamurthy_0072.npy;sendhil_ramamurthy_0073.npy;sendhil_ramamurthy_0031.npy;sendhil_ramamurthy_0008.npy;sendhil_ramamurthy_0066.npy;sendhil_ramamurthy_0058.npy,7
sendhil_ramamurthy,sendhil_ramamurthy_0031.npy,sendhil_ramamurthy_0066.npy;sendhil_ramamurthy_0043.npy;sendhil_ramamurthy_0073.npy;sendhil_ramamurthy_0008.npy;sendhil_ramamurthy_0058.npy;sendhil_ramamurthy_0026.npy;sendhil_ramamurthy_0072.npy,7
sendhil_ramamurthy,sendhil_ramamurthy_0043.npy,sendhil_ramamurthy_0073.npy;sendhil_ramamurthy_0072.npy;sendhil_ramamurthy_0066.npy;sendhil_ramamurthy_0021.npy;sendhil_ramamurthy_0008.npy;sendhil_ramamurthy_0058.npy;sendhil_ramamurthy_0031.npy,7
sendhil_ramamurthy,sendhil_ramamurthy_0058.npy,sendhil_ramamurthy_0043.npy;sendhil_ramamurthy_0026.npy;sendhil_ramamurthy_0073.npy;sendhil_ramamurthy_0008.npy;sendhil_ramamurthy_0066.npy;sendhil_ramamurthy_0031.npy;sendhil_ramamurthy_0072.npy,7
sendhil_ramamurthy,sendhil_ramamurthy_0066.npy,sendhil_ramamurthy_0026.npy;sendhil_ramamurthy_0072.npy;sendhil_ramamurthy_0043.npy;sendhil_ramamurthy_0031.npy;sendhil_ramamurthy_0073.npy;sendhil_ramamurthy_0021.npy;sendhil_ramamurthy_0058.npy,7
sendhil_ramamurthy,sendhil_ramamurthy_0072.npy,sendhil_ramamurthy_0026.npy;sendhil_ramamurthy_0073.npy;sendhil_ramamurthy_0021.npy;sendhil_ramamurthy_0043.npy;sendhil_ramamurthy_0066.npy;sendhil_ramamurthy_0058.npy;sendhil_ramamurthy_0008.npy,7
sendhil_ramamurthy,sendhil_ramamurthy_0073.npy,sendhil_ramamurthy_0021.npy;sendhil_ramamurthy_0031.npy;sendhil_ramamurthy_0026.npy;sendhil_ramamurthy_0072.npy;sendhil_ramamurthy_0066.npy;sendhil_ramamurthy_0043.npy;sendhil_ramamurthy_0008.npy,7
tom_bergeron,tom_bergeron_0021.npy,tom_bergeron_0027.npy;tom_bergeron_0037.npy;tom_bergeron_0055.npy;tom_bergeron_0066.npy;tom_bergeron_0067.npy;tom_bergeron_0071.npy;tom_bergeron_0080.npy,7
tom_bergeron,tom_bergeron_0027.npy,tom_bergeron_0021.npy;tom_bergeron_0037.npy;tom_bergeron_0055.npy;tom_bergeron_0066.npy;tom_bergeron_0067.npy;tom_bergeron_0071.npy;tom_bergeron_0080.npy,7
tom_bergeron,tom_bergeron_0037.npy,tom_bergeron_0021.npy;tom_bergeron_0027.npy;tom_bergeron_0055.npy;tom_bergeron_0066.npy;tom_bergeron_0067.npy;tom_bergeron_0071.npy;tom_bergeron_0080.npy,7
tom_bergeron,tom_bergeron_0055.npy,tom_bergeron_0021.npy;tom_bergeron_0027.npy;tom_bergeron_0037.npy;tom_bergeron_0066.npy;tom_bergeron_0067.npy;tom_bergeron_0071.npy;tom_bergeron_0080.npy,7
tom_bergeron,tom_bergeron_0066.npy,tom_bergeron_0021.npy;tom_bergeron_0027.npy;tom_bergeron_0037.npy;tom_bergeron_0055.npy;tom_bergeron_0067.npy;tom_bergeron_0071.npy;tom_bergeron_0080.npy,7
tom_bergeron,tom_bergeron_0067.npy,tom_bergeron_0021.npy;tom_bergeron_0027.npy;tom_bergeron_0037.npy;tom_bergeron_0055.npy;tom_bergeron_0066.npy;tom_bergeron_0071.npy;tom_bergeron_0080.npy,7
tom_bergeron,tom_bergeron_0071.npy,tom_bergeron_0021.npy;tom_bergeron_0027.npy;tom_bergeron_0037.npy;tom_bergeron_0055.npy;tom_bergeron_0066.npy;tom_bergeron_0067.npy;tom_bergeron_0080.npy,7
tom_bergeron,tom_bergeron_0080.npy,tom_bergeron_0021.npy;tom_bergeron_0027.npy;tom_bergeron_0037.npy;tom_bergeron_0055.npy;tom_bergeron_0066.npy;tom_bergeron_0067.npy;tom_bergeron_0071.npy,7
trevor_donovan,trevor_donovan_0007.npy,trevor_donovan_0023.npy;trevor_donovan_0057.npy;trevor_donovan_0064.npy;trevor_donovan_0071.npy;trevor_donovan_0081.npy;trevor_donovan_0099.npy;trevor_donovan_0104.npy,7
trevor_donovan,trevor_donovan_0023.npy,trevor_donovan_0007.npy;trevor_donovan_0057.npy;trevor_donovan_0064.npy;trevor_donovan_0071.npy;trevor_donovan_0081.npy;trevor_donovan_0099.npy;trevor_donovan_0104.npy,7
trevor_donovan,trevor_donovan_0057.npy,trevor_donovan_0007.npy;trevor_donovan_0023.npy;trevor_donovan_0064.npy;trevor_donovan_0071.npy;trevor_donovan_0081.npy;trevor_donovan_0099.npy;trevor_donovan_0104.npy,7
trevor_donovan,trevor_donovan_0064.npy,trevor_donovan_0007.npy;trevor_donovan_0023.npy;trevor_donovan_0057.npy;trevor_donovan_0071.npy;trevor_donovan_0081.npy;trevor_donovan_0099.npy;trevor_donovan_0104.npy,7
trevor_donovan,trevor_donovan_0071.npy,trevor_donovan_0007.npy;trevor_donovan_0023.npy;trevor_donovan_0057.npy;trevor_donovan_0064.npy;trevor_donovan_0081.npy;trevor_donovan_0099.npy;trevor_donovan_0104.npy,7
trevor_donovan,trevor_donovan_0081.npy,trevor_donovan_0007.npy;trevor_donovan_0023.npy;trevor_donovan_0057.npy;trevor_donovan_0064.npy;trevor_donovan_0071.npy;trevor_donovan_0099.npy;trevor_donovan_0104.npy,7
trevor_donovan,trevor_donovan_0099.npy,trevor_donovan_0007.npy;trevor_donovan_0023.npy;trevor_donovan_0057.npy;trevor_donovan_0064.npy;trevor_donovan_0071.npy;trevor_donovan_0081.npy;trevor_donovan_0104.npy,7
trevor_donovan,trevor_donovan_0104.npy,trevor_donovan_0007.npy;trevor_donovan_0023.npy;trevor_donovan_0057.npy;trevor_donovan_0064.npy;trevor_donovan_0071.npy;trevor_donovan_0081.npy;trevor_donovan_0099.npy,7
victor_webster,victor_webster_0024.npy,victor_webster_0029.npy;victor_webster_0052.npy;victor_webster_0040.npy;victor_webster_0047.npy;victor_webster_0032.npy;victor_webster_0050.npy;victor_webster_0039.npy,7
victor_webster,victor_webster_0029.npy,victor_webster_0039.npy;victor_webster_0038.npy;victor_webster_0047.npy;victor_webster_0032.npy;victor_webster_0024.npy;victor_webster_0040.npy;victor_webster_0050.npy,7
victor_webster,victor_webster_0032.npy,victor_webster_0040.npy;victor_webster_0029.npy;victor_webster_0024.npy;victor_webster_0038.npy;victor_webster_0050.npy;victor_webster_0052.npy;victor_webster_0047.npy,7
victor_webster,victor_webster_0038.npy,victor_webster_0024.npy;victor_webster_0047.npy;victor_webster_0040.npy;victor_webster_0039.npy;victor_webster_0050.npy;victor_webster_0032.npy;victor_webster_0029.npy,7
victor_webster,victor_webster_0039.npy,victor_webster_0029.npy;victor_webster_0052.npy;victor_webster_0047.npy;victor_webster_0050.npy;victor_webster_0040.npy;victor_webster_0038.npy;victor_webster_0032.npy,7
victor_webster,victor_webster_0040.npy,victor_webster_0052.npy;victor_webster_0038.npy;victor_webster_0029.npy;victor_webster_0050.npy;victor_webster_0047.npy;victor_webster_0032.npy;victor_webster_0024.npy,7
victor_webster,victor_webster_0047.npy,victor_webster_0039.npy;victor_webster_0040.npy;victor_webster_0050.npy;victor_webster_0029.npy;victor_webster_0038.npy;victor_webster_0024.npy;victor_webster_0052.npy,7
victor_webster,victor_webster_0050.npy,victor_webster_0032.npy;victor_webster_0024.npy;victor_webster_0052.npy;victor_webster_0040.npy;victor_webster_0029.npy;victor_webster_0039.npy;victor_webster_0038.npy,7
victor_webster,victor_webster_0052.npy,victor_webster_0038.npy;victor_webster_0032.npy;victor_webster_0039.npy;victor_webster_0050.npy;victor_webster_0024.npy;victor_webster_0040.npy;victor_webster_0029.npy,7
wilson_cleveland,wilson_cleveland_0005.npy,wilson_cleveland_0015.npy;wilson_cleveland_0032.npy;wilson_cleveland_0054.npy;wilson_cleveland_0017.npy;wilson_cleveland_0011.npy;wilson_cleveland_0041.npy;wilson_cleveland_0059.npy,7
wilson_cleveland,wilson_cleveland_0009.npy,wilson_cleveland_0041.npy;wilson_cleveland_0018.npy;wilson_cleveland_0005.npy;wilson_cleveland_0059.npy;wilson_cleveland_0054.npy;wilson_cleveland_0032.npy;wilson_cleveland_0017.npy,7
wilson_cleveland,wilson_cleveland_0011.npy,wilson_cleveland_0032.npy;wilson_cleveland_0017.npy;wilson_cleveland_0054.npy;wilson_cleveland_0015.npy;wilson_cleveland_0018.npy;wilson_cleveland_0005.npy;wilson_cleveland_0041.npy,7
wilson_cleveland,wilson_cleveland_0015.npy,wilson_cleveland_0018.npy;wilson_cleveland_0041.npy;wilson_cleveland_0011.npy;wilson_cleveland_0017.npy;wilson_cleveland_0054.npy;wilson_cleveland_0009.npy;wilson_cleveland_0059.npy,7
wilson_cleveland,wilson_cleveland_0017.npy,wilson_cleveland_0005.npy;wilson_cleveland_0011.npy;wilson_cleveland_0054.npy;wilson_cleveland_0009.npy;wilson_cleveland_0018.npy;wilson_cleveland_0015.npy;wilson_cleveland_0032.npy,7
wilson_cleveland,wilson_cleveland_0018.npy,wilson_cleveland_0054.npy;wilson_cleveland_0011.npy;wilson_cleveland_0005.npy;wilson_cleveland_0059.npy;wilson_cleveland_0017.npy;wilson_cleveland_0015.npy;wilson_cleveland_0041.npy,7
wilson_cleveland,wilson_cleveland_0032.npy,wilson_cleveland_0017.npy;wilson_cleveland_0009.npy;wilson_cleveland_0011.npy;wilson_cleveland_0005.npy;wilson_cleveland_0054.npy;wilson_cleveland_0015.npy;wilson_cleveland_0059.npy,7
wilson_cleveland,wilson_cleveland_0041.npy,wilson_cleveland_0018.npy;wilson_cleveland_0032.npy;wilson_cleveland_0011.npy;wilson_cleveland_0054.npy;wilson_cleveland_0017.npy;wilson_cleveland_0059.npy;wilson_cleveland_0015.npy,7
wilson_cleveland,wilson_cleveland_0054.npy,wilson_cleveland_0018.npy;wilson_cleveland_0032.npy;wilson_cleveland_0009.npy;wilson_cleveland_0011.npy;wilson_cleveland_0015.npy;wilson_cleveland_0041.npy;wilson_cleveland_0059.npy,7
wilson_cleveland,wilson_cleveland_0059.npy,wilson_cleveland_0041.npy;wilson_cleveland_0005.npy;wilson_cleveland_0009.npy;wilson_cleveland_0032.npy;wilson_cleveland_0054.npy;wilson_cleveland_0018.npy;wilson_cleveland_0017.npy,7
zachary_quinto,zachary_quinto_0004.npy,zachary_quinto_0073.npy;zachary_quinto_0137.npy;zachary_quinto_0106.npy;zachary_quinto_0105.npy;zachary_quinto_0214.npy;zachary_quinto_0153.npy;zachary_quinto_0217.npy,7
zachary_quinto,zachary_quinto_0073.npy,zachary_quinto_0217.npy;zachary_quinto_0004.npy;zachary_quinto_0137.npy;zachary_quinto_0106.npy;zachary_quinto_0177.npy;zachary_quinto_0105.npy;zachary_quinto_0153.npy,7
zachary_quinto,zachary_quinto_0105.npy,zachary_quinto_0073.npy;zachary_quinto_0214.npy;zachary_quinto_0177.npy;zachary_quinto_0217.npy;zachary_quinto_0004.npy;zachary_quinto_0153.npy;zachary_quinto_0137.npy,7
zachary_quinto,zachary_quinto_0106.npy,zachary_quinto_0137.npy;zachary_quinto_0214.npy;zachary_quinto_0105.npy;zachary_quinto_0073.npy;zachary_quinto_0153.npy;zachary_quinto_0177.npy;zachary_quinto_0217.npy,7
zachary_quinto,zachary_quinto_0137.npy,zachary_quinto_0106.npy;zachary_quinto_0153.npy;zachary_quinto_0004.npy;zachary_quinto_0214.npy;zachary_quinto_0073.npy;zachary_quinto_0217.npy;zachary_quinto_0177.npy,7
zachary_quinto,zachary_quinto_0153.npy,zachary_quinto_0106.npy;zachary_quinto_0214.npy;zachary_quinto_0217.npy;zachary_quinto_0004.npy;zachary_quinto_0105.npy;zachary_quinto_0137.npy;zachary_quinto_0073.npy,7
zachary_quinto,zachary_quinto_0177.npy,zachary_quinto_0073.npy;zachary_quinto_0106.npy;zachary_quinto_0105.npy;zachary_quinto_0137.npy;zachary_quinto_0004.npy;zachary_quinto_0217.npy;zachary_quinto_0214.npy,7
zachary_quinto,zachary_quinto_0214.npy,zachary_quinto_0004.npy;zachary_quinto_0217.npy;zachary_quinto_0106.npy;zachary_quinto_0153.npy;zachary_quinto_0137.npy;zachary_quinto_0105.npy;zachary_quinto_0073.npy,7
zachary_quinto,zachary_quinto_0217.npy,zachary_quinto_0004.npy;zachary_quinto_0105.npy;zachary_quinto_0214.npy;zachary_quinto_0137.npy;zachary_quinto_0106.npy;zachary_quinto_0073.npy;zachary_quinto_0153.npy,7
